{
  "development_flags_absent": true,
  "cases": {
    "create-only/repository-maintainer/create/generated/new.md": {
      "executed": true,
      "replay_matches": true,
      "attestation": {
        "attestation_hash": "sha256:57d1e031a263843e4f26008fddc209ad187f81b2f8ff0a172a84cf2c4ec83f86",
        "authority_basis": {
          "authority_evidence_hash": "sha256:77b14624ad0b63b9481d9c6286afc72de6a942c062dce27043c1c28ccdfa4386",
          "compiled_contract_hash": "sha256:a9ec418f20f62d8126f72f3a210841e296e5f0fafe199fd5d1f8870b81bf28f8",
          "contract_id": "repository-create-only",
          "contract_version": "3.0.0",
          "declared_contract_hash": "sha256:be6ced1145454e1c0b0b10efbbbe2610460b5700a63edec0f6b1bbc803172e75",
          "kind": "published_authority",
          "runtime_facts_hash": "sha256:f22f2f0b0b4d855df25c7f2c0d6da429815b35eb7472b6ce2a11031d91b71a74"
        },
        "callback_completed": true,
        "callback_invoked": true,
        "decision": "admissible",
        "decision_outcome_hash": "sha256:36f5a3bccba1fadcfa7d56691661ffa13b2eb9d4201ad6b545fc1fecae2ea697",
        "execution_request": {
          "action": "create",
          "arguments": {},
          "artifacts": [],
          "request_id": "repository_6772749a46a64b2f88b03606d72fdbb6",
          "schema_version": "normalized_execution_request.v1",
          "target": "generated/new.md"
        },
        "execution_request_hash": "sha256:1711287e9a015d5bb5f04e66d089eccf36876e8a4448a5b9215b200ab74d2322",
        "execution_status": "succeeded",
        "guard_receipt_hash": "sha256:8921b80fd2bb43f78a6a1fa809730cfa86ae6dfd4daf108c994e95653d171cb1",
        "mutation_executed": true,
        "mutation_status": "executed",
        "repository_operation": {
          "bytes_written": 7,
          "created": true,
          "error": null,
          "operation": "create",
          "schema_version": "guard_repository_operation.v1",
          "status": "succeeded",
          "target": "generated/new.md"
        },
        "run_id": "guard_run_f8daee5fedae3987abddbe85",
        "schema_version": "guard_execution_attestation.v3",
        "target_binding": {
          "adapter_version": "guard.repository-file.v2",
          "assurance_class": "linux-openat2-descriptor.v1",
          "authority_contract_hash": "sha256:a9ec418f20f62d8126f72f3a210841e296e5f0fafe199fd5d1f8870b81bf28f8",
          "domain_resolver": "guard.target-domain-resolver.v1",
          "schema_version": "guard_target_binding.v1",
          "target_domain": "repository_path",
          "workspace_binding_id": "workspace_884d666d422f482cb3ddb6e404ad5f2b"
        },
        "target_binding_hash": "sha256:86b27de8e3885be50628595f5404c1a8f0cedf915e11a44f6c3f81f659b913fc"
      }
    },
    "create-only/repository-maintainer/modify/README.md": {
      "executed": false,
      "replay_matches": true,
      "attestation": {
        "attestation_hash": "sha256:57e10460e8974c24d279fee1554c2fbe6a9048c36f13c1d54594fdf48da47b0b",
        "authority_basis": {
          "authority_evidence_hash": "sha256:fbf5403ff9399d80a708989731c3fc2f93c9531c16024781f6236a96d54c283c",
          "compiled_contract_hash": "sha256:a9ec418f20f62d8126f72f3a210841e296e5f0fafe199fd5d1f8870b81bf28f8",
          "contract_id": "repository-create-only",
          "contract_version": "3.0.0",
          "declared_contract_hash": "sha256:be6ced1145454e1c0b0b10efbbbe2610460b5700a63edec0f6b1bbc803172e75",
          "kind": "published_authority",
          "runtime_facts_hash": "sha256:6f6580f0df8275374ec1787ba489baf1a7644af5959cf2fbf4894886152a4e1d"
        },
        "callback_completed": false,
        "callback_invoked": false,
        "decision": "blocked",
        "decision_outcome_hash": "sha256:a2aeef84abc339bde50ecc7751134fed7fac08de21a3e87cc283eb10308c2394",
        "execution_request": {
          "action": "modify",
          "arguments": {},
          "artifacts": [],
          "request_id": "repository_2ec8ca75d4b443dda799287c7a6c3df6",
          "schema_version": "normalized_execution_request.v1",
          "target": "README.md"
        },
        "execution_request_hash": "sha256:689066cf317bc27faefe24231458f3ba30ad18a998ea54d5038c66b64341a728",
        "execution_status": "not_run",
        "guard_receipt_hash": "sha256:43b4ce4a38760a19db0fc6a5c1e4f45c014a277cb1bcb99a15e64405f56256c5",
        "mutation_executed": false,
        "mutation_status": "not_performed",
        "run_id": "guard_run_541be3102ad1040d25346b94",
        "schema_version": "guard_execution_attestation.v2",
        "target_binding": {
          "adapter_version": "guard.repository-file.v2",
          "assurance_class": "linux-openat2-descriptor.v1",
          "authority_contract_hash": "sha256:a9ec418f20f62d8126f72f3a210841e296e5f0fafe199fd5d1f8870b81bf28f8",
          "domain_resolver": "guard.target-domain-resolver.v1",
          "schema_version": "guard_target_binding.v1",
          "target_domain": "repository_path",
          "workspace_binding_id": "workspace_884d666d422f482cb3ddb6e404ad5f2b"
        },
        "target_binding_hash": "sha256:86b27de8e3885be50628595f5404c1a8f0cedf915e11a44f6c3f81f659b913fc"
      }
    },
    "create-only/repository-maintainer/create/README.md": {
      "executed": false,
      "replay_matches": true,
      "attestation": {
        "attestation_hash": "sha256:f290ed9dadee58d5b87855fbdb31879b7c0c21fbf2f8c995a07409ad9704e7f0",
        "authority_basis": {
          "authority_evidence_hash": "sha256:21237426ca23bdaedc33021dfac83d0c82b7f1cb7648b7d7064a282d9305402b",
          "compiled_contract_hash": "sha256:a9ec418f20f62d8126f72f3a210841e296e5f0fafe199fd5d1f8870b81bf28f8",
          "contract_id": "repository-create-only",
          "contract_version": "3.0.0",
          "declared_contract_hash": "sha256:be6ced1145454e1c0b0b10efbbbe2610460b5700a63edec0f6b1bbc803172e75",
          "kind": "published_authority",
          "runtime_facts_hash": "sha256:84f6b3e4bd1af9a0699f07a6538cd1c72ee2e2be3ff31119c774dbb9fd1799dd"
        },
        "callback_completed": false,
        "callback_invoked": false,
        "decision": "blocked",
        "decision_outcome_hash": "sha256:201efebe231a7316adcc47484f721e1af0b5c055d347282a055993ad5d710593",
        "execution_request": {
          "action": "create",
          "arguments": {},
          "artifacts": [],
          "request_id": "repository_0d10185f40de429d8bb96da8d49ca2e1",
          "schema_version": "normalized_execution_request.v1",
          "target": "README.md"
        },
        "execution_request_hash": "sha256:7653d21de5ae9bc0ebc5409ce01c13f8b20563bc5ca2dfba17e684bb8c4f7bab",
        "execution_status": "not_run",
        "guard_receipt_hash": "sha256:2c4def1dede55d4b095888a9eff61596589b07f21997075fab476cc9c9e2acdb",
        "mutation_executed": false,
        "mutation_status": "not_performed",
        "run_id": "guard_run_f7c4e378ce30523cdfe0f713",
        "schema_version": "guard_execution_attestation.v2",
        "target_binding": {
          "adapter_version": "guard.repository-file.v2",
          "assurance_class": "linux-openat2-descriptor.v1",
          "authority_contract_hash": "sha256:a9ec418f20f62d8126f72f3a210841e296e5f0fafe199fd5d1f8870b81bf28f8",
          "domain_resolver": "guard.target-domain-resolver.v1",
          "schema_version": "guard_target_binding.v1",
          "target_domain": "repository_path",
          "workspace_binding_id": "workspace_884d666d422f482cb3ddb6e404ad5f2b"
        },
        "target_binding_hash": "sha256:86b27de8e3885be50628595f5404c1a8f0cedf915e11a44f6c3f81f659b913fc"
      }
    },
    "create-only/repository-maintainer/modify/generated/new.md": {
      "executed": false,
      "replay_matches": true,
      "attestation": {
        "attestation_hash": "sha256:735158cc2b7b89873da078b1316cdbf81280914efe48fa82a1bc292e0c735dd2",
        "authority_basis": {
          "authority_evidence_hash": "sha256:f793ba0829b3241511269448dd55d4e1aaa80934f4e7d925f4a6f4804fc3f9ac",
          "compiled_contract_hash": "sha256:a9ec418f20f62d8126f72f3a210841e296e5f0fafe199fd5d1f8870b81bf28f8",
          "contract_id": "repository-create-only",
          "contract_version": "3.0.0",
          "declared_contract_hash": "sha256:be6ced1145454e1c0b0b10efbbbe2610460b5700a63edec0f6b1bbc803172e75",
          "kind": "published_authority",
          "runtime_facts_hash": "sha256:daaebb6870775dba14d8857b98158ef327a93481dd64246a76b3dae81d989c88"
        },
        "callback_completed": false,
        "callback_invoked": false,
        "decision": "blocked",
        "decision_outcome_hash": "sha256:a2aeef84abc339bde50ecc7751134fed7fac08de21a3e87cc283eb10308c2394",
        "execution_request": {
          "action": "modify",
          "arguments": {},
          "artifacts": [],
          "request_id": "repository_02922a57d6f749338db3f5138ca0143c",
          "schema_version": "normalized_execution_request.v1",
          "target": "generated/new.md"
        },
        "execution_request_hash": "sha256:1d8447d8bb0c2b0c4c5028dd3d22c70330f1443cea28c9acdbd51d264dbb6584",
        "execution_status": "not_run",
        "guard_receipt_hash": "sha256:721e27e4cb5c6b4df30daccee8bf1bcc172fba1e50b5a8c524367f551e1af9a1",
        "mutation_executed": false,
        "mutation_status": "not_performed",
        "run_id": "guard_run_33bc22a17aa212345386f565",
        "schema_version": "guard_execution_attestation.v2",
        "target_binding": {
          "adapter_version": "guard.repository-file.v2",
          "assurance_class": "linux-openat2-descriptor.v1",
          "authority_contract_hash": "sha256:a9ec418f20f62d8126f72f3a210841e296e5f0fafe199fd5d1f8870b81bf28f8",
          "domain_resolver": "guard.target-domain-resolver.v1",
          "schema_version": "guard_target_binding.v1",
          "target_domain": "repository_path",
          "workspace_binding_id": "workspace_884d666d422f482cb3ddb6e404ad5f2b"
        },
        "target_binding_hash": "sha256:86b27de8e3885be50628595f5404c1a8f0cedf915e11a44f6c3f81f659b913fc"
      }
    },
    "create-only/repository-maintainer/create/generated/private/secret": {
      "executed": false,
      "replay_matches": true,
      "attestation": {
        "attestation_hash": "sha256:aa3c97d0d7817d42b29c5c91ce49fd0799aa53ae10b4fe801072e9f18d91fa08",
        "authority_basis": {
          "authority_evidence_hash": "sha256:4c0e6c05afa1f03288c6c75d7a2b8830a0c63ccb3d979062610b23c280b83912",
          "compiled_contract_hash": "sha256:a9ec418f20f62d8126f72f3a210841e296e5f0fafe199fd5d1f8870b81bf28f8",
          "contract_id": "repository-create-only",
          "contract_version": "3.0.0",
          "declared_contract_hash": "sha256:be6ced1145454e1c0b0b10efbbbe2610460b5700a63edec0f6b1bbc803172e75",
          "kind": "published_authority",
          "runtime_facts_hash": "sha256:b9aaa55ceba7137322fd2fc07fa52a49554cded809c97daaa5d001432f6db305"
        },
        "callback_completed": false,
        "callback_invoked": false,
        "decision": "blocked",
        "decision_outcome_hash": "sha256:46f13d85877d6c11436dbbb447d29ff4719ce9a85912c9e8aca58105c8fc9da6",
        "execution_request": {
          "action": "create",
          "arguments": {},
          "artifacts": [],
          "request_id": "repository_fc3d89b339ad47c99094ab292dbbb855",
          "schema_version": "normalized_execution_request.v1",
          "target": "generated/private/secret"
        },
        "execution_request_hash": "sha256:f5c674bbe511d31187e12047ee29399670ecc1178f8247ac096c694e16a64b6d",
        "execution_status": "not_run",
        "guard_receipt_hash": "sha256:9ef81bb31de6d4d8b4e45bad49a78464debc0545ee74ef7d7b00cf2e1c78da83",
        "mutation_executed": false,
        "mutation_status": "not_performed",
        "run_id": "guard_run_ec8a3c1af25deae0953dd03c",
        "schema_version": "guard_execution_attestation.v2",
        "target_binding": {
          "adapter_version": "guard.repository-file.v2",
          "assurance_class": "linux-openat2-descriptor.v1",
          "authority_contract_hash": "sha256:a9ec418f20f62d8126f72f3a210841e296e5f0fafe199fd5d1f8870b81bf28f8",
          "domain_resolver": "guard.target-domain-resolver.v1",
          "schema_version": "guard_target_binding.v1",
          "target_domain": "repository_path",
          "workspace_binding_id": "workspace_884d666d422f482cb3ddb6e404ad5f2b"
        },
        "target_binding_hash": "sha256:86b27de8e3885be50628595f5404c1a8f0cedf915e11a44f6c3f81f659b913fc"
      }
    },
    "create-only/repository-maintainer/modify/docs/locked.md": {
      "executed": false,
      "replay_matches": true,
      "attestation": {
        "attestation_hash": "sha256:d0fc8f49fc243c58f0b5828b39f933aea7bcecfae6a04ddfe75b2ca5be0cc7ca",
        "authority_basis": {
          "authority_evidence_hash": "sha256:82167d2de9c71c1a931ee2d9341fe50e4de1fff693ed52b8f0694c20db2e7d4d",
          "compiled_contract_hash": "sha256:a9ec418f20f62d8126f72f3a210841e296e5f0fafe199fd5d1f8870b81bf28f8",
          "contract_id": "repository-create-only",
          "contract_version": "3.0.0",
          "declared_contract_hash": "sha256:be6ced1145454e1c0b0b10efbbbe2610460b5700a63edec0f6b1bbc803172e75",
          "kind": "published_authority",
          "runtime_facts_hash": "sha256:c7e4e2866683ca9a5eb68c1d5eb1e6f02c582fb4331ad57a2972a217ea1277ad"
        },
        "callback_completed": false,
        "callback_invoked": false,
        "decision": "blocked",
        "decision_outcome_hash": "sha256:a2aeef84abc339bde50ecc7751134fed7fac08de21a3e87cc283eb10308c2394",
        "execution_request": {
          "action": "modify",
          "arguments": {},
          "artifacts": [],
          "request_id": "repository_7095f86a70ff4a45a7182bb672066103",
          "schema_version": "normalized_execution_request.v1",
          "target": "docs/locked.md"
        },
        "execution_request_hash": "sha256:a7bcfa121b0ea010f45bb3be6afaadc6ceed80b2f80bc5e0529dea56a8c0aa30",
        "execution_status": "not_run",
        "guard_receipt_hash": "sha256:d0cd603925302d2ef714ab91071c94f531d28ff7e9ee047fd712b37185c8f810",
        "mutation_executed": false,
        "mutation_status": "not_performed",
        "run_id": "guard_run_a152f24ca754dddfe8e03960",
        "schema_version": "guard_execution_attestation.v2",
        "target_binding": {
          "adapter_version": "guard.repository-file.v2",
          "assurance_class": "linux-openat2-descriptor.v1",
          "authority_contract_hash": "sha256:a9ec418f20f62d8126f72f3a210841e296e5f0fafe199fd5d1f8870b81bf28f8",
          "domain_resolver": "guard.target-domain-resolver.v1",
          "schema_version": "guard_target_binding.v1",
          "target_domain": "repository_path",
          "workspace_binding_id": "workspace_884d666d422f482cb3ddb6e404ad5f2b"
        },
        "target_binding_hash": "sha256:86b27de8e3885be50628595f5404c1a8f0cedf915e11a44f6c3f81f659b913fc"
      }
    },
    "create-only/repository-maintainer/collision": "rejected; bytes preserved",
    "create-only/security-reviewer/create/generated/new.md": {
      "executed": false,
      "replay_matches": true,
      "attestation": {
        "attestation_hash": "sha256:b315138f2c3774a33962eacfabf1fb46a4ac3a5739a12329284ca0a0bf6d59e9",
        "authority_basis": {
          "authority_evidence_hash": "sha256:8ee5953c9abdf429b3927462411a9db3de200b85586ea5b371fea2940917bfc0",
          "compiled_contract_hash": "sha256:a9ec418f20f62d8126f72f3a210841e296e5f0fafe199fd5d1f8870b81bf28f8",
          "contract_id": "repository-create-only",
          "contract_version": "3.0.0",
          "declared_contract_hash": "sha256:be6ced1145454e1c0b0b10efbbbe2610460b5700a63edec0f6b1bbc803172e75",
          "kind": "published_authority",
          "runtime_facts_hash": "sha256:12e24cb4d38a5178b86bf5a47043707071698d06271342d102da7addc7cd5610"
        },
        "callback_completed": false,
        "callback_invoked": false,
        "decision": "blocked",
        "decision_outcome_hash": "sha256:faa7c8d1a8d8e151fcbe05a9d031e2f7f41f37da63b4266be2dc03d9e5ea5abc",
        "execution_request": {
          "action": "create",
          "arguments": {},
          "artifacts": [],
          "request_id": "repository_8a2f011c3b614110832f185108addb86",
          "schema_version": "normalized_execution_request.v1",
          "target": "generated/new.md"
        },
        "execution_request_hash": "sha256:1ea3cd34c9d1d17176d8cba7054dceb9802be49ef94c59ab0bbb236d969b7385",
        "execution_status": "not_run",
        "guard_receipt_hash": "sha256:d5728929b0338594de823315fa638f9a7ce65104e68dca9ad1e7eb2be00ce076",
        "mutation_executed": false,
        "mutation_status": "not_performed",
        "run_id": "guard_run_aed5023e1a65ef032dffe6cb",
        "schema_version": "guard_execution_attestation.v2",
        "target_binding": {
          "adapter_version": "guard.repository-file.v2",
          "assurance_class": "linux-openat2-descriptor.v1",
          "authority_contract_hash": "sha256:a9ec418f20f62d8126f72f3a210841e296e5f0fafe199fd5d1f8870b81bf28f8",
          "domain_resolver": "guard.target-domain-resolver.v1",
          "schema_version": "guard_target_binding.v1",
          "target_domain": "repository_path",
          "workspace_binding_id": "workspace_bbecd12e48bf4a40971070d5b17d6c75"
        },
        "target_binding_hash": "sha256:eb6b69b8545577791823cf77bfd01947d0795cd94c960a4e696eeb3d1add17e7"
      }
    },
    "create-only/security-reviewer/modify/README.md": {
      "executed": false,
      "replay_matches": true,
      "attestation": {
        "attestation_hash": "sha256:7157445dc73fd24b41f9a7fae5042f17ff85d2f13de7a0f913a173bf1a49d584",
        "authority_basis": {
          "authority_evidence_hash": "sha256:37230f5b5bb83aa3710d367f8c7709e0f9d3af013642a09c2abf9242f09f5597",
          "compiled_contract_hash": "sha256:a9ec418f20f62d8126f72f3a210841e296e5f0fafe199fd5d1f8870b81bf28f8",
          "contract_id": "repository-create-only",
          "contract_version": "3.0.0",
          "declared_contract_hash": "sha256:be6ced1145454e1c0b0b10efbbbe2610460b5700a63edec0f6b1bbc803172e75",
          "kind": "published_authority",
          "runtime_facts_hash": "sha256:ef1a57ca21e942306cf2fbc89552800a601ddfee7464835db389a1eec061c604"
        },
        "callback_completed": false,
        "callback_invoked": false,
        "decision": "blocked",
        "decision_outcome_hash": "sha256:a2aeef84abc339bde50ecc7751134fed7fac08de21a3e87cc283eb10308c2394",
        "execution_request": {
          "action": "modify",
          "arguments": {},
          "artifacts": [],
          "request_id": "repository_4d7b973d44c246718be9687644fd9062",
          "schema_version": "normalized_execution_request.v1",
          "target": "README.md"
        },
        "execution_request_hash": "sha256:a289152c2c1042180f676f13381ba163edaa604d0d3b63f878332f0086b29ae8",
        "execution_status": "not_run",
        "guard_receipt_hash": "sha256:1bb98672321344107cff464b6d61a90feecd4bdf545d87793f2fba5cfd944196",
        "mutation_executed": false,
        "mutation_status": "not_performed",
        "run_id": "guard_run_1b32c85e41771c9780a1bcb7",
        "schema_version": "guard_execution_attestation.v2",
        "target_binding": {
          "adapter_version": "guard.repository-file.v2",
          "assurance_class": "linux-openat2-descriptor.v1",
          "authority_contract_hash": "sha256:a9ec418f20f62d8126f72f3a210841e296e5f0fafe199fd5d1f8870b81bf28f8",
          "domain_resolver": "guard.target-domain-resolver.v1",
          "schema_version": "guard_target_binding.v1",
          "target_domain": "repository_path",
          "workspace_binding_id": "workspace_bbecd12e48bf4a40971070d5b17d6c75"
        },
        "target_binding_hash": "sha256:eb6b69b8545577791823cf77bfd01947d0795cd94c960a4e696eeb3d1add17e7"
      }
    },
    "create-only/security-reviewer/create/README.md": {
      "executed": false,
      "replay_matches": true,
      "attestation": {
        "attestation_hash": "sha256:4c17d909b5c77b0c8b8d213b3166c3419fbbc8b305ee128b198880a22bea0da6",
        "authority_basis": {
          "authority_evidence_hash": "sha256:d34c0377e4f4567f6e5c973b8521b7447d6ec5c3a4538a950ab6f8f12a6cde74",
          "compiled_contract_hash": "sha256:a9ec418f20f62d8126f72f3a210841e296e5f0fafe199fd5d1f8870b81bf28f8",
          "contract_id": "repository-create-only",
          "contract_version": "3.0.0",
          "declared_contract_hash": "sha256:be6ced1145454e1c0b0b10efbbbe2610460b5700a63edec0f6b1bbc803172e75",
          "kind": "published_authority",
          "runtime_facts_hash": "sha256:5aa085660449062a00f7c2c8f2a1eac8061c718395986a1910569b8f68bb0940"
        },
        "callback_completed": false,
        "callback_invoked": false,
        "decision": "blocked",
        "decision_outcome_hash": "sha256:c4f51b78e9b9dcd2000b60ecd30acd35015731449f0b7559df2b69ce90988b8c",
        "execution_request": {
          "action": "create",
          "arguments": {},
          "artifacts": [],
          "request_id": "repository_d4cf00cd4bed45a4a5fe48aebf3c665e",
          "schema_version": "normalized_execution_request.v1",
          "target": "README.md"
        },
        "execution_request_hash": "sha256:3283ac2481fac02a5a9aaa8acb09bf04b3ebe85dfba0dfb59853f0efaf5a71b1",
        "execution_status": "not_run",
        "guard_receipt_hash": "sha256:a45cf6a14447736bcb908cf65134d94e45207e14f5c05d93f08f0e8fd58066dd",
        "mutation_executed": false,
        "mutation_status": "not_performed",
        "run_id": "guard_run_6bdc6f907eb8560a86396b90",
        "schema_version": "guard_execution_attestation.v2",
        "target_binding": {
          "adapter_version": "guard.repository-file.v2",
          "assurance_class": "linux-openat2-descriptor.v1",
          "authority_contract_hash": "sha256:a9ec418f20f62d8126f72f3a210841e296e5f0fafe199fd5d1f8870b81bf28f8",
          "domain_resolver": "guard.target-domain-resolver.v1",
          "schema_version": "guard_target_binding.v1",
          "target_domain": "repository_path",
          "workspace_binding_id": "workspace_bbecd12e48bf4a40971070d5b17d6c75"
        },
        "target_binding_hash": "sha256:eb6b69b8545577791823cf77bfd01947d0795cd94c960a4e696eeb3d1add17e7"
      }
    },
    "create-only/security-reviewer/modify/generated/new.md": {
      "executed": false,
      "replay_matches": true,
      "attestation": {
        "attestation_hash": "sha256:9391d7509e0876f6e6bfc6dd0437687538c93500e3d4d49c4ef29ecbbdf6847f",
        "authority_basis": {
          "authority_evidence_hash": "sha256:b512caa9737f648a9e96848a41d7fcb607fa98c54656e274e8810113445c18d9",
          "compiled_contract_hash": "sha256:a9ec418f20f62d8126f72f3a210841e296e5f0fafe199fd5d1f8870b81bf28f8",
          "contract_id": "repository-create-only",
          "contract_version": "3.0.0",
          "declared_contract_hash": "sha256:be6ced1145454e1c0b0b10efbbbe2610460b5700a63edec0f6b1bbc803172e75",
          "kind": "published_authority",
          "runtime_facts_hash": "sha256:accf06d4e127335b4412cf757c9531e9a4818fcc674cb31c6275aa57058e632d"
        },
        "callback_completed": false,
        "callback_invoked": false,
        "decision": "blocked",
        "decision_outcome_hash": "sha256:a2aeef84abc339bde50ecc7751134fed7fac08de21a3e87cc283eb10308c2394",
        "execution_request": {
          "action": "modify",
          "arguments": {},
          "artifacts": [],
          "request_id": "repository_d348943c043844138f2c4ec7562433f8",
          "schema_version": "normalized_execution_request.v1",
          "target": "generated/new.md"
        },
        "execution_request_hash": "sha256:e104042760764c331c5d041dd0b7d0618dd5ac5395b9e22f80dd515419b6a5b3",
        "execution_status": "not_run",
        "guard_receipt_hash": "sha256:806d352b91af3de9d18b8653c9037a93d15b8d2bbf5bcccd8c2784cafcc5b13c",
        "mutation_executed": false,
        "mutation_status": "not_performed",
        "run_id": "guard_run_1a3dc3bb2bf2bbdd9c6ebfe2",
        "schema_version": "guard_execution_attestation.v2",
        "target_binding": {
          "adapter_version": "guard.repository-file.v2",
          "assurance_class": "linux-openat2-descriptor.v1",
          "authority_contract_hash": "sha256:a9ec418f20f62d8126f72f3a210841e296e5f0fafe199fd5d1f8870b81bf28f8",
          "domain_resolver": "guard.target-domain-resolver.v1",
          "schema_version": "guard_target_binding.v1",
          "target_domain": "repository_path",
          "workspace_binding_id": "workspace_bbecd12e48bf4a40971070d5b17d6c75"
        },
        "target_binding_hash": "sha256:eb6b69b8545577791823cf77bfd01947d0795cd94c960a4e696eeb3d1add17e7"
      }
    },
    "create-only/security-reviewer/create/generated/private/secret": {
      "executed": false,
      "replay_matches": true,
      "attestation": {
        "attestation_hash": "sha256:0a67d62bfbb207be7f2e14e44fbc00690a998e4c11ac381b91f19e378fa3c78e",
        "authority_basis": {
          "authority_evidence_hash": "sha256:d477fefc2426b6aa368c44ce55c760b0b0ba46f76fff00469011aada4e6820ea",
          "compiled_contract_hash": "sha256:a9ec418f20f62d8126f72f3a210841e296e5f0fafe199fd5d1f8870b81bf28f8",
          "contract_id": "repository-create-only",
          "contract_version": "3.0.0",
          "declared_contract_hash": "sha256:be6ced1145454e1c0b0b10efbbbe2610460b5700a63edec0f6b1bbc803172e75",
          "kind": "published_authority",
          "runtime_facts_hash": "sha256:cfe4314d0d86169607c3320af822b35a09b25661bcac1ec27e8715134bafa1cf"
        },
        "callback_completed": false,
        "callback_invoked": false,
        "decision": "blocked",
        "decision_outcome_hash": "sha256:112d79cf20b522731d6edacc61f2531faa466ee0040bd27ecc273df791c86b85",
        "execution_request": {
          "action": "create",
          "arguments": {},
          "artifacts": [],
          "request_id": "repository_5de2ef6ec70746cabdcb68ff8df6df29",
          "schema_version": "normalized_execution_request.v1",
          "target": "generated/private/secret"
        },
        "execution_request_hash": "sha256:f5328263e7a84aa6325d9ec5b308f92a4a222a1bbbdc45c110ba7e686bcc570e",
        "execution_status": "not_run",
        "guard_receipt_hash": "sha256:c44c73e74bb510ac869cbd695223a9dbe3aa89a74a27896350ab3a9db9e48da0",
        "mutation_executed": false,
        "mutation_status": "not_performed",
        "run_id": "guard_run_d7ae9c61f2529c16ba37235a",
        "schema_version": "guard_execution_attestation.v2",
        "target_binding": {
          "adapter_version": "guard.repository-file.v2",
          "assurance_class": "linux-openat2-descriptor.v1",
          "authority_contract_hash": "sha256:a9ec418f20f62d8126f72f3a210841e296e5f0fafe199fd5d1f8870b81bf28f8",
          "domain_resolver": "guard.target-domain-resolver.v1",
          "schema_version": "guard_target_binding.v1",
          "target_domain": "repository_path",
          "workspace_binding_id": "workspace_bbecd12e48bf4a40971070d5b17d6c75"
        },
        "target_binding_hash": "sha256:eb6b69b8545577791823cf77bfd01947d0795cd94c960a4e696eeb3d1add17e7"
      }
    },
    "create-only/security-reviewer/modify/docs/locked.md": {
      "executed": false,
      "replay_matches": true,
      "attestation": {
        "attestation_hash": "sha256:505278622969934452b3be10c9cf259f22c2a114cc47682da1a1d02c2990581e",
        "authority_basis": {
          "authority_evidence_hash": "sha256:18f40abd9660549081323f9b5713f771fd6fd058d13a882ef91af7320e8b9985",
          "compiled_contract_hash": "sha256:a9ec418f20f62d8126f72f3a210841e296e5f0fafe199fd5d1f8870b81bf28f8",
          "contract_id": "repository-create-only",
          "contract_version": "3.0.0",
          "declared_contract_hash": "sha256:be6ced1145454e1c0b0b10efbbbe2610460b5700a63edec0f6b1bbc803172e75",
          "kind": "published_authority",
          "runtime_facts_hash": "sha256:3ed189655cbe759a5664292fe953b736c8be62cf333cc77cc9e195504fc0f190"
        },
        "callback_completed": false,
        "callback_invoked": false,
        "decision": "blocked",
        "decision_outcome_hash": "sha256:a2aeef84abc339bde50ecc7751134fed7fac08de21a3e87cc283eb10308c2394",
        "execution_request": {
          "action": "modify",
          "arguments": {},
          "artifacts": [],
          "request_id": "repository_fdd615fabb334928a3443755bfb9866c",
          "schema_version": "normalized_execution_request.v1",
          "target": "docs/locked.md"
        },
        "execution_request_hash": "sha256:5db247303faa908acdd3db182910181797ef23665cc08b3e643572565f76f018",
        "execution_status": "not_run",
        "guard_receipt_hash": "sha256:fbff51f839c487fbb80c57cffd13a57cb7b1ce02365b72d3345d8dd9caeeed87",
        "mutation_executed": false,
        "mutation_status": "not_performed",
        "run_id": "guard_run_31e3dc4b1ab5a8b6b1d82815",
        "schema_version": "guard_execution_attestation.v2",
        "target_binding": {
          "adapter_version": "guard.repository-file.v2",
          "assurance_class": "linux-openat2-descriptor.v1",
          "authority_contract_hash": "sha256:a9ec418f20f62d8126f72f3a210841e296e5f0fafe199fd5d1f8870b81bf28f8",
          "domain_resolver": "guard.target-domain-resolver.v1",
          "schema_version": "guard_target_binding.v1",
          "target_domain": "repository_path",
          "workspace_binding_id": "workspace_bbecd12e48bf4a40971070d5b17d6c75"
        },
        "target_binding_hash": "sha256:eb6b69b8545577791823cf77bfd01947d0795cd94c960a4e696eeb3d1add17e7"
      }
    },
    "create-only/repository-reviewer/create/generated/new.md": {
      "executed": false,
      "replay_matches": true,
      "attestation": {
        "attestation_hash": "sha256:3aa6a9a9d038579114a0690ea99a50cc6d79846cf67f0b0232060c1f513c96bc",
        "authority_basis": {
          "authority_evidence_hash": "sha256:55bbb6b6b5a683b0fe878b1ddcdddd396138b28872ab2b7f98e5de3f2f66d825",
          "compiled_contract_hash": "sha256:a9ec418f20f62d8126f72f3a210841e296e5f0fafe199fd5d1f8870b81bf28f8",
          "contract_id": "repository-create-only",
          "contract_version": "3.0.0",
          "declared_contract_hash": "sha256:be6ced1145454e1c0b0b10efbbbe2610460b5700a63edec0f6b1bbc803172e75",
          "kind": "published_authority",
          "runtime_facts_hash": "sha256:73de19707196f23b0c8223a2a7990e751bda18b82a3a7bbc3b7352cd93925e2e"
        },
        "callback_completed": false,
        "callback_invoked": false,
        "decision": "blocked",
        "decision_outcome_hash": "sha256:039f2d0e72997928c55c03dc9708cad6b3e76816b616f76f9ae14457c2b4d769",
        "execution_request": {
          "action": "create",
          "arguments": {},
          "artifacts": [],
          "request_id": "repository_038e7922798349c2b0e5fcbce2212ace",
          "schema_version": "normalized_execution_request.v1",
          "target": "generated/new.md"
        },
        "execution_request_hash": "sha256:58e43f3d7a943f2f68155ae3f5d44aa8a1a085413fc5a0710668401b230bef9c",
        "execution_status": "not_run",
        "guard_receipt_hash": "sha256:64efc931ec925ee7437d941ba5c803c99997e6b77191a7c2059e7c26e57cd4a1",
        "mutation_executed": false,
        "mutation_status": "not_performed",
        "run_id": "guard_run_ac8fc0280117dad9c7134bd4",
        "schema_version": "guard_execution_attestation.v2",
        "target_binding": {
          "adapter_version": "guard.repository-file.v2",
          "assurance_class": "linux-openat2-descriptor.v1",
          "authority_contract_hash": "sha256:a9ec418f20f62d8126f72f3a210841e296e5f0fafe199fd5d1f8870b81bf28f8",
          "domain_resolver": "guard.target-domain-resolver.v1",
          "schema_version": "guard_target_binding.v1",
          "target_domain": "repository_path",
          "workspace_binding_id": "workspace_2f1eae2ee3f544e7bafa2e6dcf124e29"
        },
        "target_binding_hash": "sha256:3623f71a37eaed0f871688ef4b7a07d93262920ec9f854b7d1d8534020089580"
      }
    },
    "create-only/repository-reviewer/modify/README.md": {
      "executed": false,
      "replay_matches": true,
      "attestation": {
        "attestation_hash": "sha256:324cb5bf21fa25ccf9f82bde00543bc614c825ffc8d45d9b92a167a6ce1a10e6",
        "authority_basis": {
          "authority_evidence_hash": "sha256:faaf1c00481b8e0c4328aa9fea66e317064e5dfbe6b48f44fa822c67d432f872",
          "compiled_contract_hash": "sha256:a9ec418f20f62d8126f72f3a210841e296e5f0fafe199fd5d1f8870b81bf28f8",
          "contract_id": "repository-create-only",
          "contract_version": "3.0.0",
          "declared_contract_hash": "sha256:be6ced1145454e1c0b0b10efbbbe2610460b5700a63edec0f6b1bbc803172e75",
          "kind": "published_authority",
          "runtime_facts_hash": "sha256:ffc65ec474f7277ad73a1877f80f42bf65622a9a2fd64843d093778923965cd9"
        },
        "callback_completed": false,
        "callback_invoked": false,
        "decision": "blocked",
        "decision_outcome_hash": "sha256:a2aeef84abc339bde50ecc7751134fed7fac08de21a3e87cc283eb10308c2394",
        "execution_request": {
          "action": "modify",
          "arguments": {},
          "artifacts": [],
          "request_id": "repository_8da9ccde8a7d42c389436121c93cec00",
          "schema_version": "normalized_execution_request.v1",
          "target": "README.md"
        },
        "execution_request_hash": "sha256:b09679b13af5032049bdec56457ee134d763ce73ee8c57e19af6de97f24749be",
        "execution_status": "not_run",
        "guard_receipt_hash": "sha256:6e9e81a3b049cf19dca88bc9621ddb593147ce4b56d82619c417ab8e71b62863",
        "mutation_executed": false,
        "mutation_status": "not_performed",
        "run_id": "guard_run_93b1624831e9d443e3867fd5",
        "schema_version": "guard_execution_attestation.v2",
        "target_binding": {
          "adapter_version": "guard.repository-file.v2",
          "assurance_class": "linux-openat2-descriptor.v1",
          "authority_contract_hash": "sha256:a9ec418f20f62d8126f72f3a210841e296e5f0fafe199fd5d1f8870b81bf28f8",
          "domain_resolver": "guard.target-domain-resolver.v1",
          "schema_version": "guard_target_binding.v1",
          "target_domain": "repository_path",
          "workspace_binding_id": "workspace_2f1eae2ee3f544e7bafa2e6dcf124e29"
        },
        "target_binding_hash": "sha256:3623f71a37eaed0f871688ef4b7a07d93262920ec9f854b7d1d8534020089580"
      }
    },
    "create-only/repository-reviewer/create/README.md": {
      "executed": false,
      "replay_matches": true,
      "attestation": {
        "attestation_hash": "sha256:1bead2444ed97ca3138164bc3c4c122a99fb3f20f76791cf9071b43d6a1f4250",
        "authority_basis": {
          "authority_evidence_hash": "sha256:0dd04101dcf4bdb83ea5f26184beec1c47d10ad34fc8764354382fe01fd2bda6",
          "compiled_contract_hash": "sha256:a9ec418f20f62d8126f72f3a210841e296e5f0fafe199fd5d1f8870b81bf28f8",
          "contract_id": "repository-create-only",
          "contract_version": "3.0.0",
          "declared_contract_hash": "sha256:be6ced1145454e1c0b0b10efbbbe2610460b5700a63edec0f6b1bbc803172e75",
          "kind": "published_authority",
          "runtime_facts_hash": "sha256:33e1a0dd3319062e325d12431d329db02cb9efe43356015d4c4f00f420d9c454"
        },
        "callback_completed": false,
        "callback_invoked": false,
        "decision": "blocked",
        "decision_outcome_hash": "sha256:7d36efa3aafd70d349be3a17314b6bb645ce9e66dc5595c86389dfa882b70d44",
        "execution_request": {
          "action": "create",
          "arguments": {},
          "artifacts": [],
          "request_id": "repository_19fe2652f3c447018241f6ff649ed953",
          "schema_version": "normalized_execution_request.v1",
          "target": "README.md"
        },
        "execution_request_hash": "sha256:1f780eb8dd2204ba9d6dea8886149291aa73e56ea66950fba75de8fe3336d5a0",
        "execution_status": "not_run",
        "guard_receipt_hash": "sha256:926c8eb05f995d0dc83df6c00aa19ee808fd9b4c107a5c43d24bdc871d4d4551",
        "mutation_executed": false,
        "mutation_status": "not_performed",
        "run_id": "guard_run_96bf42dec6c16d2767c20fb7",
        "schema_version": "guard_execution_attestation.v2",
        "target_binding": {
          "adapter_version": "guard.repository-file.v2",
          "assurance_class": "linux-openat2-descriptor.v1",
          "authority_contract_hash": "sha256:a9ec418f20f62d8126f72f3a210841e296e5f0fafe199fd5d1f8870b81bf28f8",
          "domain_resolver": "guard.target-domain-resolver.v1",
          "schema_version": "guard_target_binding.v1",
          "target_domain": "repository_path",
          "workspace_binding_id": "workspace_2f1eae2ee3f544e7bafa2e6dcf124e29"
        },
        "target_binding_hash": "sha256:3623f71a37eaed0f871688ef4b7a07d93262920ec9f854b7d1d8534020089580"
      }
    },
    "create-only/repository-reviewer/modify/generated/new.md": {
      "executed": false,
      "replay_matches": true,
      "attestation": {
        "attestation_hash": "sha256:0d557c3e43740173efd2954d92f08391c05ddc68bc921e00f908ff7fbab098fa",
        "authority_basis": {
          "authority_evidence_hash": "sha256:3710503ab7cd4d8aee63f964224fb1df8abe22a0c2db0c32357328a2efcdde19",
          "compiled_contract_hash": "sha256:a9ec418f20f62d8126f72f3a210841e296e5f0fafe199fd5d1f8870b81bf28f8",
          "contract_id": "repository-create-only",
          "contract_version": "3.0.0",
          "declared_contract_hash": "sha256:be6ced1145454e1c0b0b10efbbbe2610460b5700a63edec0f6b1bbc803172e75",
          "kind": "published_authority",
          "runtime_facts_hash": "sha256:c818f2bfaeb067495622894acb8be0eda4a7f428e6d2bdde533f41d59b7095c1"
        },
        "callback_completed": false,
        "callback_invoked": false,
        "decision": "blocked",
        "decision_outcome_hash": "sha256:a2aeef84abc339bde50ecc7751134fed7fac08de21a3e87cc283eb10308c2394",
        "execution_request": {
          "action": "modify",
          "arguments": {},
          "artifacts": [],
          "request_id": "repository_a32590a0774a498a8713a834bba833ad",
          "schema_version": "normalized_execution_request.v1",
          "target": "generated/new.md"
        },
        "execution_request_hash": "sha256:dfd7ac299cd16fc7c073046bf18e9a2bfb8b461937ba70153f8a7392fbe76088",
        "execution_status": "not_run",
        "guard_receipt_hash": "sha256:c768f4d9ca9fcf63c19d4c5d464a43ff892205c811a3ac68a46a53918b04c418",
        "mutation_executed": false,
        "mutation_status": "not_performed",
        "run_id": "guard_run_fbb2ca5f037e22e66fc449cb",
        "schema_version": "guard_execution_attestation.v2",
        "target_binding": {
          "adapter_version": "guard.repository-file.v2",
          "assurance_class": "linux-openat2-descriptor.v1",
          "authority_contract_hash": "sha256:a9ec418f20f62d8126f72f3a210841e296e5f0fafe199fd5d1f8870b81bf28f8",
          "domain_resolver": "guard.target-domain-resolver.v1",
          "schema_version": "guard_target_binding.v1",
          "target_domain": "repository_path",
          "workspace_binding_id": "workspace_2f1eae2ee3f544e7bafa2e6dcf124e29"
        },
        "target_binding_hash": "sha256:3623f71a37eaed0f871688ef4b7a07d93262920ec9f854b7d1d8534020089580"
      }
    },
    "create-only/repository-reviewer/create/generated/private/secret": {
      "executed": false,
      "replay_matches": true,
      "attestation": {
        "attestation_hash": "sha256:93b26007af1693ed0e069b811aaf8aa0d59f74383acdd6891b00fb9e02deeb69",
        "authority_basis": {
          "authority_evidence_hash": "sha256:b4e1895b9ea0acabdf6f4200805a63e40e495ba38678c2bdf25cdbc3abb61dbe",
          "compiled_contract_hash": "sha256:a9ec418f20f62d8126f72f3a210841e296e5f0fafe199fd5d1f8870b81bf28f8",
          "contract_id": "repository-create-only",
          "contract_version": "3.0.0",
          "declared_contract_hash": "sha256:be6ced1145454e1c0b0b10efbbbe2610460b5700a63edec0f6b1bbc803172e75",
          "kind": "published_authority",
          "runtime_facts_hash": "sha256:41963d4bf71eccc1a0ed53fa1bb8defd3114f5f4fe99f997d538cb422cd347c6"
        },
        "callback_completed": false,
        "callback_invoked": false,
        "decision": "blocked",
        "decision_outcome_hash": "sha256:1705c1ec261e7a159004cae6c36780166c73de6682049981ed216440f2055154",
        "execution_request": {
          "action": "create",
          "arguments": {},
          "artifacts": [],
          "request_id": "repository_62b6ddada035458882f058801cbe0c44",
          "schema_version": "normalized_execution_request.v1",
          "target": "generated/private/secret"
        },
        "execution_request_hash": "sha256:ea8a069965126d25d4c65f5a43b3a095c890a0049a00769dfdda08db386de1cf",
        "execution_status": "not_run",
        "guard_receipt_hash": "sha256:f3b1444b4b29d8a9de40611d770f842a9da6d6e14fddf476526665524d8a6c2c",
        "mutation_executed": false,
        "mutation_status": "not_performed",
        "run_id": "guard_run_611a43dbb562d726f267a2a8",
        "schema_version": "guard_execution_attestation.v2",
        "target_binding": {
          "adapter_version": "guard.repository-file.v2",
          "assurance_class": "linux-openat2-descriptor.v1",
          "authority_contract_hash": "sha256:a9ec418f20f62d8126f72f3a210841e296e5f0fafe199fd5d1f8870b81bf28f8",
          "domain_resolver": "guard.target-domain-resolver.v1",
          "schema_version": "guard_target_binding.v1",
          "target_domain": "repository_path",
          "workspace_binding_id": "workspace_2f1eae2ee3f544e7bafa2e6dcf124e29"
        },
        "target_binding_hash": "sha256:3623f71a37eaed0f871688ef4b7a07d93262920ec9f854b7d1d8534020089580"
      }
    },
    "create-only/repository-reviewer/modify/docs/locked.md": {
      "executed": false,
      "replay_matches": true,
      "attestation": {
        "attestation_hash": "sha256:745499d1abffdbabad458f855b52e5ccbf2585863b738449be0ebb4fa0285e44",
        "authority_basis": {
          "authority_evidence_hash": "sha256:19443046d7ae694d6fc381068fa0dc04a78a62fa2c5ef462d6f1ad1f69a069a1",
          "compiled_contract_hash": "sha256:a9ec418f20f62d8126f72f3a210841e296e5f0fafe199fd5d1f8870b81bf28f8",
          "contract_id": "repository-create-only",
          "contract_version": "3.0.0",
          "declared_contract_hash": "sha256:be6ced1145454e1c0b0b10efbbbe2610460b5700a63edec0f6b1bbc803172e75",
          "kind": "published_authority",
          "runtime_facts_hash": "sha256:a1de6f90b486808f806c2471e892b110b5a4fece9041fad47c16f93dd11d9aa2"
        },
        "callback_completed": false,
        "callback_invoked": false,
        "decision": "blocked",
        "decision_outcome_hash": "sha256:a2aeef84abc339bde50ecc7751134fed7fac08de21a3e87cc283eb10308c2394",
        "execution_request": {
          "action": "modify",
          "arguments": {},
          "artifacts": [],
          "request_id": "repository_889899008c0b4d1b9c8e0b19e033faf8",
          "schema_version": "normalized_execution_request.v1",
          "target": "docs/locked.md"
        },
        "execution_request_hash": "sha256:8f0b88144568b4a8c07f2812b93a403da949c89497edb9c405b1a170d2c86f51",
        "execution_status": "not_run",
        "guard_receipt_hash": "sha256:4eb7f77131a38d1f2a8ce07dc932527778b180f49882518e318e3c203b72425a",
        "mutation_executed": false,
        "mutation_status": "not_performed",
        "run_id": "guard_run_b73d123d733b89e73f77658c",
        "schema_version": "guard_execution_attestation.v2",
        "target_binding": {
          "adapter_version": "guard.repository-file.v2",
          "assurance_class": "linux-openat2-descriptor.v1",
          "authority_contract_hash": "sha256:a9ec418f20f62d8126f72f3a210841e296e5f0fafe199fd5d1f8870b81bf28f8",
          "domain_resolver": "guard.target-domain-resolver.v1",
          "schema_version": "guard_target_binding.v1",
          "target_domain": "repository_path",
          "workspace_binding_id": "workspace_2f1eae2ee3f544e7bafa2e6dcf124e29"
        },
        "target_binding_hash": "sha256:3623f71a37eaed0f871688ef4b7a07d93262920ec9f854b7d1d8534020089580"
      }
    },
    "modify-only/repository-maintainer/create/generated/new.md": {
      "executed": false,
      "replay_matches": true,
      "attestation": {
        "attestation_hash": "sha256:e1a7105b6c25a14fd2eb942ee17dbea5bc12265fe39502f179288ef6f0b4d3fd",
        "authority_basis": {
          "authority_evidence_hash": "sha256:db30aa28250e447e83f32b39d19cf6775a82bb371e271cc946580e4b089bb228",
          "compiled_contract_hash": "sha256:00a5bfb9d22de0de6bc3e9cc36601c1b0374926f4241d41d1a270746d7d03f0f",
          "contract_id": "repository-modify-only",
          "contract_version": "3.0.0",
          "declared_contract_hash": "sha256:708238ca387de13b3507e90a7621fc0cca5632e47524e5b4ba89ef0c04690783",
          "kind": "published_authority",
          "runtime_facts_hash": "sha256:f22f2f0b0b4d855df25c7f2c0d6da429815b35eb7472b6ce2a11031d91b71a74"
        },
        "callback_completed": false,
        "callback_invoked": false,
        "decision": "blocked",
        "decision_outcome_hash": "sha256:c84290794a92d962e1bf507a9911e9ed17158dc1784f4a611e29e738eb39667c",
        "execution_request": {
          "action": "create",
          "arguments": {},
          "artifacts": [],
          "request_id": "repository_8ab08eb154d74c1588b284cc132d5d6b",
          "schema_version": "normalized_execution_request.v1",
          "target": "generated/new.md"
        },
        "execution_request_hash": "sha256:7a69f71926f2392410641c218f9bb88cc97d92f5d0a368a010ace211c2a645fe",
        "execution_status": "not_run",
        "guard_receipt_hash": "sha256:badee2007c5468f8aefa5b5b2f40c9947aa963a86d7321d9cc9af28aeedbcc9a",
        "mutation_executed": false,
        "mutation_status": "not_performed",
        "run_id": "guard_run_18096bdfcda29b59dd3282fe",
        "schema_version": "guard_execution_attestation.v2",
        "target_binding": {
          "adapter_version": "guard.repository-file.v2",
          "assurance_class": "linux-openat2-descriptor.v1",
          "authority_contract_hash": "sha256:00a5bfb9d22de0de6bc3e9cc36601c1b0374926f4241d41d1a270746d7d03f0f",
          "domain_resolver": "guard.target-domain-resolver.v1",
          "schema_version": "guard_target_binding.v1",
          "target_domain": "repository_path",
          "workspace_binding_id": "workspace_949c8f6aaecc4e98a6607035161f1f28"
        },
        "target_binding_hash": "sha256:d916d2083745a34d656a31688c9ec5d2fc21f47487791ec5000d59c1cab6e827"
      }
    },
    "modify-only/repository-maintainer/modify/docs/open.md": {
      "executed": false,
      "replay_matches": true,
      "attestation": {
        "attestation_hash": "sha256:99901940a077929588e32c21d495b1f3227cb7b42c85c0bb4354a44edf78971d",
        "authority_basis": {
          "authority_evidence_hash": "sha256:01228950c2b2281d290d8d37b8f412b121720c67ac9cd68ae96ce0c520aedccf",
          "compiled_contract_hash": "sha256:00a5bfb9d22de0de6bc3e9cc36601c1b0374926f4241d41d1a270746d7d03f0f",
          "contract_id": "repository-modify-only",
          "contract_version": "3.0.0",
          "declared_contract_hash": "sha256:708238ca387de13b3507e90a7621fc0cca5632e47524e5b4ba89ef0c04690783",
          "kind": "published_authority",
          "runtime_facts_hash": "sha256:fdded3fb6abf61f0d12da235abdfc47bde6b7ab274f6a8f0aad2ce7a0c8fa430"
        },
        "callback_completed": false,
        "callback_invoked": false,
        "decision": "blocked",
        "decision_outcome_hash": "sha256:f076aaf819917f69f90df502edea04c3eb79d8ecd524ec632b41ca8707b31458",
        "execution_request": {
          "action": "modify",
          "arguments": {},
          "artifacts": [],
          "request_id": "repository_e6c424696e8d4e37b4c6a8831ea4481b",
          "schema_version": "normalized_execution_request.v1",
          "target": "docs/open.md"
        },
        "execution_request_hash": "sha256:07223c4eba75e2020500bfd5737611c6966e27397098eb255053d1fd559386dc",
        "execution_status": "not_run",
        "guard_receipt_hash": "sha256:95320b99652823d3990f64111b1e7edcddbfd9d2787c467b74048c0658995173",
        "mutation_executed": false,
        "mutation_status": "not_performed",
        "run_id": "guard_run_99cab387e9d120bec938f54d",
        "schema_version": "guard_execution_attestation.v2",
        "target_binding": {
          "adapter_version": "guard.repository-file.v2",
          "assurance_class": "linux-openat2-descriptor.v1",
          "authority_contract_hash": "sha256:00a5bfb9d22de0de6bc3e9cc36601c1b0374926f4241d41d1a270746d7d03f0f",
          "domain_resolver": "guard.target-domain-resolver.v1",
          "schema_version": "guard_target_binding.v1",
          "target_domain": "repository_path",
          "workspace_binding_id": "workspace_949c8f6aaecc4e98a6607035161f1f28"
        },
        "target_binding_hash": "sha256:d916d2083745a34d656a31688c9ec5d2fc21f47487791ec5000d59c1cab6e827"
      }
    },
    "modify-only/repository-maintainer/create/README.md": {
      "executed": false,
      "replay_matches": true,
      "attestation": {
        "attestation_hash": "sha256:c71fbc5a0e9c467e88d108fcca5d316ca28432a08320d017d8c48692be498850",
        "authority_basis": {
          "authority_evidence_hash": "sha256:8a4c7894f269d12edb3d742b8b76b466dd3cb727fbdf9bfc92aab4af91e60616",
          "compiled_contract_hash": "sha256:00a5bfb9d22de0de6bc3e9cc36601c1b0374926f4241d41d1a270746d7d03f0f",
          "contract_id": "repository-modify-only",
          "contract_version": "3.0.0",
          "declared_contract_hash": "sha256:708238ca387de13b3507e90a7621fc0cca5632e47524e5b4ba89ef0c04690783",
          "kind": "published_authority",
          "runtime_facts_hash": "sha256:84f6b3e4bd1af9a0699f07a6538cd1c72ee2e2be3ff31119c774dbb9fd1799dd"
        },
        "callback_completed": false,
        "callback_invoked": false,
        "decision": "blocked",
        "decision_outcome_hash": "sha256:c84290794a92d962e1bf507a9911e9ed17158dc1784f4a611e29e738eb39667c",
        "execution_request": {
          "action": "create",
          "arguments": {},
          "artifacts": [],
          "request_id": "repository_7f170945d623429c8502cf0176e95227",
          "schema_version": "normalized_execution_request.v1",
          "target": "README.md"
        },
        "execution_request_hash": "sha256:efe3c2b35d31481a9e77fe1af671ab1f63245a5abe6cbba20bb8cb5c3df50c0c",
        "execution_status": "not_run",
        "guard_receipt_hash": "sha256:5e9417524be04bf6eca0393aecb9988702fbe520d71f5359ee58cbb866c8fd65",
        "mutation_executed": false,
        "mutation_status": "not_performed",
        "run_id": "guard_run_34909513e4af2a81304f854e",
        "schema_version": "guard_execution_attestation.v2",
        "target_binding": {
          "adapter_version": "guard.repository-file.v2",
          "assurance_class": "linux-openat2-descriptor.v1",
          "authority_contract_hash": "sha256:00a5bfb9d22de0de6bc3e9cc36601c1b0374926f4241d41d1a270746d7d03f0f",
          "domain_resolver": "guard.target-domain-resolver.v1",
          "schema_version": "guard_target_binding.v1",
          "target_domain": "repository_path",
          "workspace_binding_id": "workspace_949c8f6aaecc4e98a6607035161f1f28"
        },
        "target_binding_hash": "sha256:d916d2083745a34d656a31688c9ec5d2fc21f47487791ec5000d59c1cab6e827"
      }
    },
    "modify-only/repository-maintainer/modify/generated/new.md": {
      "executed": false,
      "replay_matches": true,
      "attestation": {
        "attestation_hash": "sha256:de88b0371eb3812d2a072506ec206d31b8fc522e2de378dd78e2a3a9e820bf30",
        "authority_basis": {
          "authority_evidence_hash": "sha256:730dcab4720701ec6086d38b624d293f64ccd03e63a368f2b5b83ab35c7b3379",
          "compiled_contract_hash": "sha256:00a5bfb9d22de0de6bc3e9cc36601c1b0374926f4241d41d1a270746d7d03f0f",
          "contract_id": "repository-modify-only",
          "contract_version": "3.0.0",
          "declared_contract_hash": "sha256:708238ca387de13b3507e90a7621fc0cca5632e47524e5b4ba89ef0c04690783",
          "kind": "published_authority",
          "runtime_facts_hash": "sha256:daaebb6870775dba14d8857b98158ef327a93481dd64246a76b3dae81d989c88"
        },
        "callback_completed": false,
        "callback_invoked": false,
        "decision": "blocked",
        "decision_outcome_hash": "sha256:a0bcf64b1cb6601919b9c6fe5b07fdd66175c6675cbaa8258c5409be21ac228d",
        "execution_request": {
          "action": "modify",
          "arguments": {},
          "artifacts": [],
          "request_id": "repository_64e5b25fa1d94566af71d7a214200a18",
          "schema_version": "normalized_execution_request.v1",
          "target": "generated/new.md"
        },
        "execution_request_hash": "sha256:58af5be8cf5ba8ac8c1272cb3ff878464bcbdd48758eb0bc81342aa7a0a9d78d",
        "execution_status": "not_run",
        "guard_receipt_hash": "sha256:eeb53914e865863dc7049954d12f93f7b15589dd710040e38d81dce92658d98b",
        "mutation_executed": false,
        "mutation_status": "not_performed",
        "run_id": "guard_run_8c09162063c31ab9e44c8592",
        "schema_version": "guard_execution_attestation.v2",
        "target_binding": {
          "adapter_version": "guard.repository-file.v2",
          "assurance_class": "linux-openat2-descriptor.v1",
          "authority_contract_hash": "sha256:00a5bfb9d22de0de6bc3e9cc36601c1b0374926f4241d41d1a270746d7d03f0f",
          "domain_resolver": "guard.target-domain-resolver.v1",
          "schema_version": "guard_target_binding.v1",
          "target_domain": "repository_path",
          "workspace_binding_id": "workspace_949c8f6aaecc4e98a6607035161f1f28"
        },
        "target_binding_hash": "sha256:d916d2083745a34d656a31688c9ec5d2fc21f47487791ec5000d59c1cab6e827"
      }
    },
    "modify-only/repository-maintainer/create/generated/private/secret": {
      "executed": false,
      "replay_matches": true,
      "attestation": {
        "attestation_hash": "sha256:c33de503347024910bb28a53498e6ef1c69ff0e54f3ec47dcf1372d6723a78d7",
        "authority_basis": {
          "authority_evidence_hash": "sha256:92dc1c4bb2ebc2f38cb1c9622f022c6809f79b4e8840960f5e95bd3ab915bc72",
          "compiled_contract_hash": "sha256:00a5bfb9d22de0de6bc3e9cc36601c1b0374926f4241d41d1a270746d7d03f0f",
          "contract_id": "repository-modify-only",
          "contract_version": "3.0.0",
          "declared_contract_hash": "sha256:708238ca387de13b3507e90a7621fc0cca5632e47524e5b4ba89ef0c04690783",
          "kind": "published_authority",
          "runtime_facts_hash": "sha256:b9aaa55ceba7137322fd2fc07fa52a49554cded809c97daaa5d001432f6db305"
        },
        "callback_completed": false,
        "callback_invoked": false,
        "decision": "blocked",
        "decision_outcome_hash": "sha256:c84290794a92d962e1bf507a9911e9ed17158dc1784f4a611e29e738eb39667c",
        "execution_request": {
          "action": "create",
          "arguments": {},
          "artifacts": [],
          "request_id": "repository_ea11bffa461540fc8df4e5beabce48f4",
          "schema_version": "normalized_execution_request.v1",
          "target": "generated/private/secret"
        },
        "execution_request_hash": "sha256:e89fd177c8b46f9c8ce8de2b4b8e2818d8690826be2c8a1881eed145ed0ee3ca",
        "execution_status": "not_run",
        "guard_receipt_hash": "sha256:1091ee20ebac995671c6c973394021382460a0e5f85004e2c1cf25e511fe3277",
        "mutation_executed": false,
        "mutation_status": "not_performed",
        "run_id": "guard_run_75ccd874af647b68c975134b",
        "schema_version": "guard_execution_attestation.v2",
        "target_binding": {
          "adapter_version": "guard.repository-file.v2",
          "assurance_class": "linux-openat2-descriptor.v1",
          "authority_contract_hash": "sha256:00a5bfb9d22de0de6bc3e9cc36601c1b0374926f4241d41d1a270746d7d03f0f",
          "domain_resolver": "guard.target-domain-resolver.v1",
          "schema_version": "guard_target_binding.v1",
          "target_domain": "repository_path",
          "workspace_binding_id": "workspace_949c8f6aaecc4e98a6607035161f1f28"
        },
        "target_binding_hash": "sha256:d916d2083745a34d656a31688c9ec5d2fc21f47487791ec5000d59c1cab6e827"
      }
    },
    "modify-only/repository-maintainer/modify/docs/locked.md": {
      "executed": false,
      "replay_matches": true,
      "attestation": {
        "attestation_hash": "sha256:e25d94e8898f29c3b753c8d7fe552b401b4b5e3f9dd7b0e20bb7462bff36f7ab",
        "authority_basis": {
          "authority_evidence_hash": "sha256:1fcdfb817394358b630f5704f46d3e5ef87cd4c64e5adada487b0b11f0766cfb",
          "compiled_contract_hash": "sha256:00a5bfb9d22de0de6bc3e9cc36601c1b0374926f4241d41d1a270746d7d03f0f",
          "contract_id": "repository-modify-only",
          "contract_version": "3.0.0",
          "declared_contract_hash": "sha256:708238ca387de13b3507e90a7621fc0cca5632e47524e5b4ba89ef0c04690783",
          "kind": "published_authority",
          "runtime_facts_hash": "sha256:c7e4e2866683ca9a5eb68c1d5eb1e6f02c582fb4331ad57a2972a217ea1277ad"
        },
        "callback_completed": false,
        "callback_invoked": false,
        "decision": "blocked",
        "decision_outcome_hash": "sha256:a98f5be2459940f6c503801c48e50e31f9c43fc73df2865fe7d0bc89cc92f06b",
        "execution_request": {
          "action": "modify",
          "arguments": {},
          "artifacts": [],
          "request_id": "repository_7be79b4bb5764066b4522f47b6ca6e8b",
          "schema_version": "normalized_execution_request.v1",
          "target": "docs/locked.md"
        },
        "execution_request_hash": "sha256:20a244cdd5e787c58591c00bee17f021189cfd441268c21c117ffc8df5247c77",
        "execution_status": "not_run",
        "guard_receipt_hash": "sha256:9bcdd9b5763364ef1fb5b4d9f66e17f24e6b67796cc7407067285a35bff66aeb",
        "mutation_executed": false,
        "mutation_status": "not_performed",
        "run_id": "guard_run_c61d1f72e3220ecaa8142970",
        "schema_version": "guard_execution_attestation.v2",
        "target_binding": {
          "adapter_version": "guard.repository-file.v2",
          "assurance_class": "linux-openat2-descriptor.v1",
          "authority_contract_hash": "sha256:00a5bfb9d22de0de6bc3e9cc36601c1b0374926f4241d41d1a270746d7d03f0f",
          "domain_resolver": "guard.target-domain-resolver.v1",
          "schema_version": "guard_target_binding.v1",
          "target_domain": "repository_path",
          "workspace_binding_id": "workspace_949c8f6aaecc4e98a6607035161f1f28"
        },
        "target_binding_hash": "sha256:d916d2083745a34d656a31688c9ec5d2fc21f47487791ec5000d59c1cab6e827"
      }
    },
    "modify-only/security-reviewer/create/generated/new.md": {
      "executed": false,
      "replay_matches": true,
      "attestation": {
        "attestation_hash": "sha256:c6ae2ecb27b478b4abb6dbdf41c7974b3d11d237e8ac68aceaa60e6c5deab778",
        "authority_basis": {
          "authority_evidence_hash": "sha256:095549141c4c0bdf1353d4aa1a85feb364d003f1f63e6be8c5c9c080b0a2c523",
          "compiled_contract_hash": "sha256:00a5bfb9d22de0de6bc3e9cc36601c1b0374926f4241d41d1a270746d7d03f0f",
          "contract_id": "repository-modify-only",
          "contract_version": "3.0.0",
          "declared_contract_hash": "sha256:708238ca387de13b3507e90a7621fc0cca5632e47524e5b4ba89ef0c04690783",
          "kind": "published_authority",
          "runtime_facts_hash": "sha256:12e24cb4d38a5178b86bf5a47043707071698d06271342d102da7addc7cd5610"
        },
        "callback_completed": false,
        "callback_invoked": false,
        "decision": "blocked",
        "decision_outcome_hash": "sha256:c84290794a92d962e1bf507a9911e9ed17158dc1784f4a611e29e738eb39667c",
        "execution_request": {
          "action": "create",
          "arguments": {},
          "artifacts": [],
          "request_id": "repository_dc11307a97d649b28e80490b40e4bed6",
          "schema_version": "normalized_execution_request.v1",
          "target": "generated/new.md"
        },
        "execution_request_hash": "sha256:05ccf556c5239c3d1604ff333bc65daff31713a1613bfb6d655580be9ef25c1e",
        "execution_status": "not_run",
        "guard_receipt_hash": "sha256:4350a2bbdaf2c22c4c83a87ce06c54d6bd708a21b1e5d2130d9ffb43cd362cd0",
        "mutation_executed": false,
        "mutation_status": "not_performed",
        "run_id": "guard_run_c211020b905299abb66498a3",
        "schema_version": "guard_execution_attestation.v2",
        "target_binding": {
          "adapter_version": "guard.repository-file.v2",
          "assurance_class": "linux-openat2-descriptor.v1",
          "authority_contract_hash": "sha256:00a5bfb9d22de0de6bc3e9cc36601c1b0374926f4241d41d1a270746d7d03f0f",
          "domain_resolver": "guard.target-domain-resolver.v1",
          "schema_version": "guard_target_binding.v1",
          "target_domain": "repository_path",
          "workspace_binding_id": "workspace_24cbf85ee9c04fc4b9acfe2719724613"
        },
        "target_binding_hash": "sha256:bcf5cb754adc5a139baac0f39f386a8ecc7c78f3f304a2f73e112492b269780c"
      }
    },
    "modify-only/security-reviewer/modify/docs/open.md": {
      "executed": false,
      "replay_matches": true,
      "attestation": {
        "attestation_hash": "sha256:b64e66b5a49501df797b7434ea9a86706f857df12568a8941966495947ba4cc6",
        "authority_basis": {
          "authority_evidence_hash": "sha256:1170f05c4ff4729c0f73331d8cf423d2da2d8529689e5fac04fd48a2df645054",
          "compiled_contract_hash": "sha256:00a5bfb9d22de0de6bc3e9cc36601c1b0374926f4241d41d1a270746d7d03f0f",
          "contract_id": "repository-modify-only",
          "contract_version": "3.0.0",
          "declared_contract_hash": "sha256:708238ca387de13b3507e90a7621fc0cca5632e47524e5b4ba89ef0c04690783",
          "kind": "published_authority",
          "runtime_facts_hash": "sha256:c4628ceaefe31f8105b91df0abdec47c20724d9044e9caeb83679ade2fa46db2"
        },
        "callback_completed": false,
        "callback_invoked": false,
        "decision": "blocked",
        "decision_outcome_hash": "sha256:674343c8b78dd316cb2f575e7008c1b25c5949f2b66d7d193fc78542ea8cf0b4",
        "execution_request": {
          "action": "modify",
          "arguments": {},
          "artifacts": [],
          "request_id": "repository_afdaa45b83b24b87b50006924e11b433",
          "schema_version": "normalized_execution_request.v1",
          "target": "docs/open.md"
        },
        "execution_request_hash": "sha256:2cbd83be31571199a2acf9a41a6b0a29d94c582ebe4e8cf3db2dcc888380be67",
        "execution_status": "not_run",
        "guard_receipt_hash": "sha256:a1585a3eedcb1707ea9e0712afea21cba18a855eb3a285b34bd27233d708847c",
        "mutation_executed": false,
        "mutation_status": "not_performed",
        "run_id": "guard_run_12a6daef4f93df884dca60f3",
        "schema_version": "guard_execution_attestation.v2",
        "target_binding": {
          "adapter_version": "guard.repository-file.v2",
          "assurance_class": "linux-openat2-descriptor.v1",
          "authority_contract_hash": "sha256:00a5bfb9d22de0de6bc3e9cc36601c1b0374926f4241d41d1a270746d7d03f0f",
          "domain_resolver": "guard.target-domain-resolver.v1",
          "schema_version": "guard_target_binding.v1",
          "target_domain": "repository_path",
          "workspace_binding_id": "workspace_24cbf85ee9c04fc4b9acfe2719724613"
        },
        "target_binding_hash": "sha256:bcf5cb754adc5a139baac0f39f386a8ecc7c78f3f304a2f73e112492b269780c"
      }
    },
    "modify-only/security-reviewer/create/README.md": {
      "executed": false,
      "replay_matches": true,
      "attestation": {
        "attestation_hash": "sha256:086cf156b431e4424af79b4550d95e43caf7a0f85ec6a5c76ae5a085ae3c793a",
        "authority_basis": {
          "authority_evidence_hash": "sha256:4d8d99690864056aeca97b5db3e3ba6384972788fd5877c2712927d99aa4e4b7",
          "compiled_contract_hash": "sha256:00a5bfb9d22de0de6bc3e9cc36601c1b0374926f4241d41d1a270746d7d03f0f",
          "contract_id": "repository-modify-only",
          "contract_version": "3.0.0",
          "declared_contract_hash": "sha256:708238ca387de13b3507e90a7621fc0cca5632e47524e5b4ba89ef0c04690783",
          "kind": "published_authority",
          "runtime_facts_hash": "sha256:5aa085660449062a00f7c2c8f2a1eac8061c718395986a1910569b8f68bb0940"
        },
        "callback_completed": false,
        "callback_invoked": false,
        "decision": "blocked",
        "decision_outcome_hash": "sha256:c84290794a92d962e1bf507a9911e9ed17158dc1784f4a611e29e738eb39667c",
        "execution_request": {
          "action": "create",
          "arguments": {},
          "artifacts": [],
          "request_id": "repository_a33d7a3875884e0c9c7f62b9071f8a7b",
          "schema_version": "normalized_execution_request.v1",
          "target": "README.md"
        },
        "execution_request_hash": "sha256:581d38c59e5d575088669349110df9f4dfeadf09adaeb800ef0be1267dd3d40b",
        "execution_status": "not_run",
        "guard_receipt_hash": "sha256:98c62559d575863bed1bf8efa00f3a8ca85bf181d16400644ab4776e6f27432e",
        "mutation_executed": false,
        "mutation_status": "not_performed",
        "run_id": "guard_run_eaff3f57b999ab024b209abb",
        "schema_version": "guard_execution_attestation.v2",
        "target_binding": {
          "adapter_version": "guard.repository-file.v2",
          "assurance_class": "linux-openat2-descriptor.v1",
          "authority_contract_hash": "sha256:00a5bfb9d22de0de6bc3e9cc36601c1b0374926f4241d41d1a270746d7d03f0f",
          "domain_resolver": "guard.target-domain-resolver.v1",
          "schema_version": "guard_target_binding.v1",
          "target_domain": "repository_path",
          "workspace_binding_id": "workspace_24cbf85ee9c04fc4b9acfe2719724613"
        },
        "target_binding_hash": "sha256:bcf5cb754adc5a139baac0f39f386a8ecc7c78f3f304a2f73e112492b269780c"
      }
    },
    "modify-only/security-reviewer/modify/generated/new.md": {
      "executed": false,
      "replay_matches": true,
      "attestation": {
        "attestation_hash": "sha256:ec009935e6077c05b512ce50a9a6fafc2ce71ccf60f4e2f6a04c105280269258",
        "authority_basis": {
          "authority_evidence_hash": "sha256:07db6f2500c76a5f1061b4f7e3f040cbbbad38549c18bb38ebd6a052c8209df5",
          "compiled_contract_hash": "sha256:00a5bfb9d22de0de6bc3e9cc36601c1b0374926f4241d41d1a270746d7d03f0f",
          "contract_id": "repository-modify-only",
          "contract_version": "3.0.0",
          "declared_contract_hash": "sha256:708238ca387de13b3507e90a7621fc0cca5632e47524e5b4ba89ef0c04690783",
          "kind": "published_authority",
          "runtime_facts_hash": "sha256:accf06d4e127335b4412cf757c9531e9a4818fcc674cb31c6275aa57058e632d"
        },
        "callback_completed": false,
        "callback_invoked": false,
        "decision": "blocked",
        "decision_outcome_hash": "sha256:ae4d01567d319ccc67540eaae2ec831d93da1bce17a7929cb10e843a824ce137",
        "execution_request": {
          "action": "modify",
          "arguments": {},
          "artifacts": [],
          "request_id": "repository_daab7d4707dd4e9babf350b2b5d66d20",
          "schema_version": "normalized_execution_request.v1",
          "target": "generated/new.md"
        },
        "execution_request_hash": "sha256:cdca579e9e952c8d2df27e3970375ab7700682373d10793020d21ff94996564a",
        "execution_status": "not_run",
        "guard_receipt_hash": "sha256:e0547acd73330cef81c703e637500f82b910b41a4052d52f1c2c7c2369c03d74",
        "mutation_executed": false,
        "mutation_status": "not_performed",
        "run_id": "guard_run_c51f8389b551ad6abe924472",
        "schema_version": "guard_execution_attestation.v2",
        "target_binding": {
          "adapter_version": "guard.repository-file.v2",
          "assurance_class": "linux-openat2-descriptor.v1",
          "authority_contract_hash": "sha256:00a5bfb9d22de0de6bc3e9cc36601c1b0374926f4241d41d1a270746d7d03f0f",
          "domain_resolver": "guard.target-domain-resolver.v1",
          "schema_version": "guard_target_binding.v1",
          "target_domain": "repository_path",
          "workspace_binding_id": "workspace_24cbf85ee9c04fc4b9acfe2719724613"
        },
        "target_binding_hash": "sha256:bcf5cb754adc5a139baac0f39f386a8ecc7c78f3f304a2f73e112492b269780c"
      }
    },
    "modify-only/security-reviewer/create/generated/private/secret": {
      "executed": false,
      "replay_matches": true,
      "attestation": {
        "attestation_hash": "sha256:07849339156b485d96479ffa99e58bc1957373f28efd996878eddd5d4dd06a7a",
        "authority_basis": {
          "authority_evidence_hash": "sha256:47735e29874103690c28548d9498cb2fe2adeeebec77790e5303ad4d989cbf43",
          "compiled_contract_hash": "sha256:00a5bfb9d22de0de6bc3e9cc36601c1b0374926f4241d41d1a270746d7d03f0f",
          "contract_id": "repository-modify-only",
          "contract_version": "3.0.0",
          "declared_contract_hash": "sha256:708238ca387de13b3507e90a7621fc0cca5632e47524e5b4ba89ef0c04690783",
          "kind": "published_authority",
          "runtime_facts_hash": "sha256:cfe4314d0d86169607c3320af822b35a09b25661bcac1ec27e8715134bafa1cf"
        },
        "callback_completed": false,
        "callback_invoked": false,
        "decision": "blocked",
        "decision_outcome_hash": "sha256:c84290794a92d962e1bf507a9911e9ed17158dc1784f4a611e29e738eb39667c",
        "execution_request": {
          "action": "create",
          "arguments": {},
          "artifacts": [],
          "request_id": "repository_2070564a179e458e98fcfd1f0d8ab569",
          "schema_version": "normalized_execution_request.v1",
          "target": "generated/private/secret"
        },
        "execution_request_hash": "sha256:48144446f5ca9659a97a422d9c972cdac7e41d1d188fd4aa160110667d195ded",
        "execution_status": "not_run",
        "guard_receipt_hash": "sha256:dd9e7adcb59f9a9a12a70f2b07da8f4923dee28becde9888dae50fc083c1ee00",
        "mutation_executed": false,
        "mutation_status": "not_performed",
        "run_id": "guard_run_b4164723fec35cf98d8c4af8",
        "schema_version": "guard_execution_attestation.v2",
        "target_binding": {
          "adapter_version": "guard.repository-file.v2",
          "assurance_class": "linux-openat2-descriptor.v1",
          "authority_contract_hash": "sha256:00a5bfb9d22de0de6bc3e9cc36601c1b0374926f4241d41d1a270746d7d03f0f",
          "domain_resolver": "guard.target-domain-resolver.v1",
          "schema_version": "guard_target_binding.v1",
          "target_domain": "repository_path",
          "workspace_binding_id": "workspace_24cbf85ee9c04fc4b9acfe2719724613"
        },
        "target_binding_hash": "sha256:bcf5cb754adc5a139baac0f39f386a8ecc7c78f3f304a2f73e112492b269780c"
      }
    },
    "modify-only/security-reviewer/modify/docs/locked.md": {
      "executed": false,
      "replay_matches": true,
      "attestation": {
        "attestation_hash": "sha256:014369e9d8644144076209c15ccd9564e03a8eab2f12be04b33d8ef6e86d20b9",
        "authority_basis": {
          "authority_evidence_hash": "sha256:e1aacca6dcbd4567987f0a5f8bb1e2490aff9de75e5f1d3c5870722d7908e006",
          "compiled_contract_hash": "sha256:00a5bfb9d22de0de6bc3e9cc36601c1b0374926f4241d41d1a270746d7d03f0f",
          "contract_id": "repository-modify-only",
          "contract_version": "3.0.0",
          "declared_contract_hash": "sha256:708238ca387de13b3507e90a7621fc0cca5632e47524e5b4ba89ef0c04690783",
          "kind": "published_authority",
          "runtime_facts_hash": "sha256:3ed189655cbe759a5664292fe953b736c8be62cf333cc77cc9e195504fc0f190"
        },
        "callback_completed": false,
        "callback_invoked": false,
        "decision": "blocked",
        "decision_outcome_hash": "sha256:702b4c1c92912eccd1dd3c18cfd2d1c74c2a95a451def68c358279c4dff16564",
        "execution_request": {
          "action": "modify",
          "arguments": {},
          "artifacts": [],
          "request_id": "repository_a5ee0ca8bb134ecdabc247a1d0a62240",
          "schema_version": "normalized_execution_request.v1",
          "target": "docs/locked.md"
        },
        "execution_request_hash": "sha256:a54f82765a1fcfbf06206c4408bf4f9a37d348f7a733ab5a4c1a9b31f31c2e61",
        "execution_status": "not_run",
        "guard_receipt_hash": "sha256:80edef2bc5d20fe636ad7419566bee1fe435c9a4a9e5bdeca3f5bcc810acd8a2",
        "mutation_executed": false,
        "mutation_status": "not_performed",
        "run_id": "guard_run_af92af4f9a821f0fad28120f",
        "schema_version": "guard_execution_attestation.v2",
        "target_binding": {
          "adapter_version": "guard.repository-file.v2",
          "assurance_class": "linux-openat2-descriptor.v1",
          "authority_contract_hash": "sha256:00a5bfb9d22de0de6bc3e9cc36601c1b0374926f4241d41d1a270746d7d03f0f",
          "domain_resolver": "guard.target-domain-resolver.v1",
          "schema_version": "guard_target_binding.v1",
          "target_domain": "repository_path",
          "workspace_binding_id": "workspace_24cbf85ee9c04fc4b9acfe2719724613"
        },
        "target_binding_hash": "sha256:bcf5cb754adc5a139baac0f39f386a8ecc7c78f3f304a2f73e112492b269780c"
      }
    },
    "modify-only/repository-reviewer/create/generated/new.md": {
      "executed": false,
      "replay_matches": true,
      "attestation": {
        "attestation_hash": "sha256:d6b56067f1944a8f563acd8b82ed2e1af9c36217e41664e006743f69dc4e3d3d",
        "authority_basis": {
          "authority_evidence_hash": "sha256:97d59e10569ba8a37f2af8340e3cb54cf6e36134acab4893829173a8a0b20d1f",
          "compiled_contract_hash": "sha256:00a5bfb9d22de0de6bc3e9cc36601c1b0374926f4241d41d1a270746d7d03f0f",
          "contract_id": "repository-modify-only",
          "contract_version": "3.0.0",
          "declared_contract_hash": "sha256:708238ca387de13b3507e90a7621fc0cca5632e47524e5b4ba89ef0c04690783",
          "kind": "published_authority",
          "runtime_facts_hash": "sha256:73de19707196f23b0c8223a2a7990e751bda18b82a3a7bbc3b7352cd93925e2e"
        },
        "callback_completed": false,
        "callback_invoked": false,
        "decision": "blocked",
        "decision_outcome_hash": "sha256:c84290794a92d962e1bf507a9911e9ed17158dc1784f4a611e29e738eb39667c",
        "execution_request": {
          "action": "create",
          "arguments": {},
          "artifacts": [],
          "request_id": "repository_e6f142c74a4b46df96f407d5ee14f464",
          "schema_version": "normalized_execution_request.v1",
          "target": "generated/new.md"
        },
        "execution_request_hash": "sha256:146a2fce42cbdd7fe300aa8297b8fecc64da252782acb5bb372a659ddb37cc91",
        "execution_status": "not_run",
        "guard_receipt_hash": "sha256:c3be7d07ef2570c4852274f3d621eb31d92d83a98bc45486eefdab275df02fa9",
        "mutation_executed": false,
        "mutation_status": "not_performed",
        "run_id": "guard_run_938ccf8899921bbeeead61a0",
        "schema_version": "guard_execution_attestation.v2",
        "target_binding": {
          "adapter_version": "guard.repository-file.v2",
          "assurance_class": "linux-openat2-descriptor.v1",
          "authority_contract_hash": "sha256:00a5bfb9d22de0de6bc3e9cc36601c1b0374926f4241d41d1a270746d7d03f0f",
          "domain_resolver": "guard.target-domain-resolver.v1",
          "schema_version": "guard_target_binding.v1",
          "target_domain": "repository_path",
          "workspace_binding_id": "workspace_9203023dab764a598e4ae1dca01a529d"
        },
        "target_binding_hash": "sha256:b3eb3402f154ba39866882e029cf027d2d2d515fdaacc52f70ccb364fa59380a"
      }
    },
    "modify-only/repository-reviewer/modify/docs/open.md": {
      "executed": true,
      "replay_matches": true,
      "attestation": {
        "attestation_hash": "sha256:774a75d0ec9ef6f44b8ebe7ae9b4eab03ca6bbbec91c723382c08bfa43a913aa",
        "authority_basis": {
          "authority_evidence_hash": "sha256:8e2447f2b90ce9cadd8a2adb194b9ffeae0c9b3e8f2de02171795e44a32b01b6",
          "compiled_contract_hash": "sha256:00a5bfb9d22de0de6bc3e9cc36601c1b0374926f4241d41d1a270746d7d03f0f",
          "contract_id": "repository-modify-only",
          "contract_version": "3.0.0",
          "declared_contract_hash": "sha256:708238ca387de13b3507e90a7621fc0cca5632e47524e5b4ba89ef0c04690783",
          "kind": "published_authority",
          "runtime_facts_hash": "sha256:6893a091ded73e78a4b4d89d94f5390f412253dc5419c3417e1eb6eb902fb31d"
        },
        "callback_completed": true,
        "callback_invoked": true,
        "decision": "admissible",
        "decision_outcome_hash": "sha256:017cbbd6bea3f59d6195a5108397c1ab07e5b534eddb5720d8ddccc1022f3c35",
        "execution_request": {
          "action": "modify",
          "arguments": {},
          "artifacts": [],
          "request_id": "repository_688a4bac93084b8b802fb837a5400dc5",
          "schema_version": "normalized_execution_request.v1",
          "target": "docs/open.md"
        },
        "execution_request_hash": "sha256:f3403e34653e8bb50b079d2a939a16e5bfb13b273d77c66683f6a07ed685cc92",
        "execution_status": "succeeded",
        "guard_receipt_hash": "sha256:53ca2825064daf9f3a548ea7d9178c36a52f5e29f4d5da212e5682bf1cf6a89d",
        "mutation_executed": true,
        "mutation_status": "executed",
        "run_id": "guard_run_aea3eb68d99098445f3a7abe",
        "schema_version": "guard_execution_attestation.v2",
        "target_binding": {
          "adapter_version": "guard.repository-file.v2",
          "assurance_class": "linux-openat2-descriptor.v1",
          "authority_contract_hash": "sha256:00a5bfb9d22de0de6bc3e9cc36601c1b0374926f4241d41d1a270746d7d03f0f",
          "domain_resolver": "guard.target-domain-resolver.v1",
          "schema_version": "guard_target_binding.v1",
          "target_domain": "repository_path",
          "workspace_binding_id": "workspace_9203023dab764a598e4ae1dca01a529d"
        },
        "target_binding_hash": "sha256:b3eb3402f154ba39866882e029cf027d2d2d515fdaacc52f70ccb364fa59380a"
      }
    },
    "modify-only/repository-reviewer/create/README.md": {
      "executed": false,
      "replay_matches": true,
      "attestation": {
        "attestation_hash": "sha256:642812c6d1a5079af4d07103db6068c8d87d24094c2ed60faf9f64dbabac8418",
        "authority_basis": {
          "authority_evidence_hash": "sha256:9fdba0527c708869b12c9d7a0349c68ee460a9ff272f7630d2ca13fece081067",
          "compiled_contract_hash": "sha256:00a5bfb9d22de0de6bc3e9cc36601c1b0374926f4241d41d1a270746d7d03f0f",
          "contract_id": "repository-modify-only",
          "contract_version": "3.0.0",
          "declared_contract_hash": "sha256:708238ca387de13b3507e90a7621fc0cca5632e47524e5b4ba89ef0c04690783",
          "kind": "published_authority",
          "runtime_facts_hash": "sha256:33e1a0dd3319062e325d12431d329db02cb9efe43356015d4c4f00f420d9c454"
        },
        "callback_completed": false,
        "callback_invoked": false,
        "decision": "blocked",
        "decision_outcome_hash": "sha256:c84290794a92d962e1bf507a9911e9ed17158dc1784f4a611e29e738eb39667c",
        "execution_request": {
          "action": "create",
          "arguments": {},
          "artifacts": [],
          "request_id": "repository_6734de6adab54a6a882f7ca345ab27c6",
          "schema_version": "normalized_execution_request.v1",
          "target": "README.md"
        },
        "execution_request_hash": "sha256:762d7c34868ef27e4095574d5f3691a70560938ad9295a8ca68f007d7d485ab6",
        "execution_status": "not_run",
        "guard_receipt_hash": "sha256:1a93f51cafe3b23726db5d7e362fd0ca483a1debcd72a51683e2840cd5a0bc10",
        "mutation_executed": false,
        "mutation_status": "not_performed",
        "run_id": "guard_run_07ad854e069db9e7a7f6d502",
        "schema_version": "guard_execution_attestation.v2",
        "target_binding": {
          "adapter_version": "guard.repository-file.v2",
          "assurance_class": "linux-openat2-descriptor.v1",
          "authority_contract_hash": "sha256:00a5bfb9d22de0de6bc3e9cc36601c1b0374926f4241d41d1a270746d7d03f0f",
          "domain_resolver": "guard.target-domain-resolver.v1",
          "schema_version": "guard_target_binding.v1",
          "target_domain": "repository_path",
          "workspace_binding_id": "workspace_9203023dab764a598e4ae1dca01a529d"
        },
        "target_binding_hash": "sha256:b3eb3402f154ba39866882e029cf027d2d2d515fdaacc52f70ccb364fa59380a"
      }
    },
    "modify-only/repository-reviewer/modify/generated/new.md": {
      "executed": false,
      "replay_matches": true,
      "attestation": {
        "attestation_hash": "sha256:6982f45b4e33ebae2ac80c2da272c80cf049d75a5e9dfb3435a3b3b60bc0402d",
        "authority_basis": {
          "authority_evidence_hash": "sha256:5d3ca911b5140587e9d15c2074ba8989b5b2cdcf2acb1e7257477d5327746209",
          "compiled_contract_hash": "sha256:00a5bfb9d22de0de6bc3e9cc36601c1b0374926f4241d41d1a270746d7d03f0f",
          "contract_id": "repository-modify-only",
          "contract_version": "3.0.0",
          "declared_contract_hash": "sha256:708238ca387de13b3507e90a7621fc0cca5632e47524e5b4ba89ef0c04690783",
          "kind": "published_authority",
          "runtime_facts_hash": "sha256:c818f2bfaeb067495622894acb8be0eda4a7f428e6d2bdde533f41d59b7095c1"
        },
        "callback_completed": false,
        "callback_invoked": false,
        "decision": "blocked",
        "decision_outcome_hash": "sha256:001ceaa73cc971e236ecfe4448fd02c364a4e45e5049cd1effa651d15d1dcb07",
        "execution_request": {
          "action": "modify",
          "arguments": {},
          "artifacts": [],
          "request_id": "repository_c3267592a17f485ca3f7a535fabe5031",
          "schema_version": "normalized_execution_request.v1",
          "target": "generated/new.md"
        },
        "execution_request_hash": "sha256:0fbcd0460ea2e1556546eeedd0101fad8c490e6cd3b7d160947b2c5bfc0562b0",
        "execution_status": "not_run",
        "guard_receipt_hash": "sha256:9e901add181aa43a704652007915b4166feee85aeae0eb28f36ddef856b83ed6",
        "mutation_executed": false,
        "mutation_status": "not_performed",
        "run_id": "guard_run_3f845c5b3b2e80aa0fb2e31a",
        "schema_version": "guard_execution_attestation.v2",
        "target_binding": {
          "adapter_version": "guard.repository-file.v2",
          "assurance_class": "linux-openat2-descriptor.v1",
          "authority_contract_hash": "sha256:00a5bfb9d22de0de6bc3e9cc36601c1b0374926f4241d41d1a270746d7d03f0f",
          "domain_resolver": "guard.target-domain-resolver.v1",
          "schema_version": "guard_target_binding.v1",
          "target_domain": "repository_path",
          "workspace_binding_id": "workspace_9203023dab764a598e4ae1dca01a529d"
        },
        "target_binding_hash": "sha256:b3eb3402f154ba39866882e029cf027d2d2d515fdaacc52f70ccb364fa59380a"
      }
    },
    "modify-only/repository-reviewer/create/generated/private/secret": {
      "executed": false,
      "replay_matches": true,
      "attestation": {
        "attestation_hash": "sha256:8adb3fb9e1183b1353dbc02bb6226e75d4eda028246438b7f68fbf7de887f2a1",
        "authority_basis": {
          "authority_evidence_hash": "sha256:c4c42534feae1f92b346272f2c928ac66cf8d0ab58a84317fddc1e533eff3892",
          "compiled_contract_hash": "sha256:00a5bfb9d22de0de6bc3e9cc36601c1b0374926f4241d41d1a270746d7d03f0f",
          "contract_id": "repository-modify-only",
          "contract_version": "3.0.0",
          "declared_contract_hash": "sha256:708238ca387de13b3507e90a7621fc0cca5632e47524e5b4ba89ef0c04690783",
          "kind": "published_authority",
          "runtime_facts_hash": "sha256:41963d4bf71eccc1a0ed53fa1bb8defd3114f5f4fe99f997d538cb422cd347c6"
        },
        "callback_completed": false,
        "callback_invoked": false,
        "decision": "blocked",
        "decision_outcome_hash": "sha256:c84290794a92d962e1bf507a9911e9ed17158dc1784f4a611e29e738eb39667c",
        "execution_request": {
          "action": "create",
          "arguments": {},
          "artifacts": [],
          "request_id": "repository_f1807f1bdc804c00828cfbe8b94b49fd",
          "schema_version": "normalized_execution_request.v1",
          "target": "generated/private/secret"
        },
        "execution_request_hash": "sha256:a8259ef00f7733dd77bd38861eaf715df4da47902e280fdcf4e21e1fe6163f2a",
        "execution_status": "not_run",
        "guard_receipt_hash": "sha256:24abee296c29a76c1d1236f81330c92f893cdc85da70712da0149124a4c19d63",
        "mutation_executed": false,
        "mutation_status": "not_performed",
        "run_id": "guard_run_19b331d961842eea056e0ce7",
        "schema_version": "guard_execution_attestation.v2",
        "target_binding": {
          "adapter_version": "guard.repository-file.v2",
          "assurance_class": "linux-openat2-descriptor.v1",
          "authority_contract_hash": "sha256:00a5bfb9d22de0de6bc3e9cc36601c1b0374926f4241d41d1a270746d7d03f0f",
          "domain_resolver": "guard.target-domain-resolver.v1",
          "schema_version": "guard_target_binding.v1",
          "target_domain": "repository_path",
          "workspace_binding_id": "workspace_9203023dab764a598e4ae1dca01a529d"
        },
        "target_binding_hash": "sha256:b3eb3402f154ba39866882e029cf027d2d2d515fdaacc52f70ccb364fa59380a"
      }
    },
    "modify-only/repository-reviewer/modify/docs/locked.md": {
      "executed": false,
      "replay_matches": true,
      "attestation": {
        "attestation_hash": "sha256:29681fbee76141fed0006ba5bc8cdff148ae12f1c7ddbb702abdd140cc247911",
        "authority_basis": {
          "authority_evidence_hash": "sha256:d0d773efb5e9c34a18d75739865c57a29cb4af8445c0354ff72cd9a6f11bc798",
          "compiled_contract_hash": "sha256:00a5bfb9d22de0de6bc3e9cc36601c1b0374926f4241d41d1a270746d7d03f0f",
          "contract_id": "repository-modify-only",
          "contract_version": "3.0.0",
          "declared_contract_hash": "sha256:708238ca387de13b3507e90a7621fc0cca5632e47524e5b4ba89ef0c04690783",
          "kind": "published_authority",
          "runtime_facts_hash": "sha256:a1de6f90b486808f806c2471e892b110b5a4fece9041fad47c16f93dd11d9aa2"
        },
        "callback_completed": false,
        "callback_invoked": false,
        "decision": "blocked",
        "decision_outcome_hash": "sha256:0e6e3b9e6c5fdaf153d93c6436d51c54bf14065ce23a4d36d93ce9cb9f7d4f55",
        "execution_request": {
          "action": "modify",
          "arguments": {},
          "artifacts": [],
          "request_id": "repository_b6bce9c09c0f4de7be26bacfd48200bb",
          "schema_version": "normalized_execution_request.v1",
          "target": "docs/locked.md"
        },
        "execution_request_hash": "sha256:df577fa18ae79f529e8380197dd1ffec5ade8889ff285e493ddb6bf0b5e04f2b",
        "execution_status": "not_run",
        "guard_receipt_hash": "sha256:bd392e0c2cfae4df46b309f09d70cf9d6feffbbc618aaca13b4524a38131103c",
        "mutation_executed": false,
        "mutation_status": "not_performed",
        "run_id": "guard_run_86e1d3f6d2231d6528865c60",
        "schema_version": "guard_execution_attestation.v2",
        "target_binding": {
          "adapter_version": "guard.repository-file.v2",
          "assurance_class": "linux-openat2-descriptor.v1",
          "authority_contract_hash": "sha256:00a5bfb9d22de0de6bc3e9cc36601c1b0374926f4241d41d1a270746d7d03f0f",
          "domain_resolver": "guard.target-domain-resolver.v1",
          "schema_version": "guard_target_binding.v1",
          "target_domain": "repository_path",
          "workspace_binding_id": "workspace_9203023dab764a598e4ae1dca01a529d"
        },
        "target_binding_hash": "sha256:b3eb3402f154ba39866882e029cf027d2d2d515fdaacc52f70ccb364fa59380a"
      }
    },
    "mixed/repository-maintainer/create/generated/new.md": {
      "executed": true,
      "replay_matches": true,
      "attestation": {
        "attestation_hash": "sha256:f1ab3c7099cbc6cb472a6426cf0e69ad4f4e907c3a039dd96b5c86605e7a36e6",
        "authority_basis": {
          "authority_evidence_hash": "sha256:243bb1a586e45a2f60af6b4054312603849a3bcba2e7fa56f6d2a080e1ab6301",
          "compiled_contract_hash": "sha256:c242fa7f22f680d26988a0d1d09659c06a7f54cbaf8ae0077d6952f224a88e07",
          "contract_id": "repository-mixed",
          "contract_version": "3.0.0",
          "declared_contract_hash": "sha256:00df2385728e0e48c415e5df40d5c7a7ccaa1285d0452848578b2a544b254432",
          "kind": "published_authority",
          "runtime_facts_hash": "sha256:f22f2f0b0b4d855df25c7f2c0d6da429815b35eb7472b6ce2a11031d91b71a74"
        },
        "callback_completed": true,
        "callback_invoked": true,
        "decision": "admissible",
        "decision_outcome_hash": "sha256:71cc3ab0616b8f768afd0a77b243c33e55b8f49fd7acf248569ba19b06d9a4c0",
        "execution_request": {
          "action": "create",
          "arguments": {},
          "artifacts": [],
          "request_id": "repository_54f4e2d17c6c4128b31740a7c636b26d",
          "schema_version": "normalized_execution_request.v1",
          "target": "generated/new.md"
        },
        "execution_request_hash": "sha256:f59769fdea53ccda24512ed05b6650afd94985eb7bdd7922b46dc50eaf7fe728",
        "execution_status": "succeeded",
        "guard_receipt_hash": "sha256:4b2d63cb8a523127d0887576fb816d5430656f0a36fb76def863a30a35414268",
        "mutation_executed": true,
        "mutation_status": "executed",
        "repository_operation": {
          "bytes_written": 7,
          "created": true,
          "error": null,
          "operation": "create",
          "schema_version": "guard_repository_operation.v1",
          "status": "succeeded",
          "target": "generated/new.md"
        },
        "run_id": "guard_run_99e1017ef1bc1b5bb8222b5a",
        "schema_version": "guard_execution_attestation.v3",
        "target_binding": {
          "adapter_version": "guard.repository-file.v2",
          "assurance_class": "linux-openat2-descriptor.v1",
          "authority_contract_hash": "sha256:c242fa7f22f680d26988a0d1d09659c06a7f54cbaf8ae0077d6952f224a88e07",
          "domain_resolver": "guard.target-domain-resolver.v1",
          "schema_version": "guard_target_binding.v1",
          "target_domain": "repository_path",
          "workspace_binding_id": "workspace_939c98ab00874c61bd4989125d964460"
        },
        "target_binding_hash": "sha256:2f2c957eb50336b84bdcac564287b0273b4bee4ba172e0057bb368c1aef40c39"
      }
    },
    "mixed/repository-maintainer/modify/README.md": {
      "executed": false,
      "replay_matches": true,
      "attestation": {
        "attestation_hash": "sha256:fde3f2665730f185bda97fd99469860ae19bb73a4cb7cd64eca587b87dca665e",
        "authority_basis": {
          "authority_evidence_hash": "sha256:344e790fe1ccc37861d6e86e4c112b313bb3622119e077b352e45878a9643053",
          "compiled_contract_hash": "sha256:c242fa7f22f680d26988a0d1d09659c06a7f54cbaf8ae0077d6952f224a88e07",
          "contract_id": "repository-mixed",
          "contract_version": "3.0.0",
          "declared_contract_hash": "sha256:00df2385728e0e48c415e5df40d5c7a7ccaa1285d0452848578b2a544b254432",
          "kind": "published_authority",
          "runtime_facts_hash": "sha256:6f6580f0df8275374ec1787ba489baf1a7644af5959cf2fbf4894886152a4e1d"
        },
        "callback_completed": false,
        "callback_invoked": false,
        "decision": "blocked",
        "decision_outcome_hash": "sha256:ef227afb85d276222285d9992c2d8d45eac95a96c0e893abb3fea1dcd68906d2",
        "execution_request": {
          "action": "modify",
          "arguments": {},
          "artifacts": [],
          "request_id": "repository_9eda60d7d1154eb4ac0d39169b88c42d",
          "schema_version": "normalized_execution_request.v1",
          "target": "README.md"
        },
        "execution_request_hash": "sha256:e3fcda9428982c5aac28ff202847f613ccc1e6bd514a62412c15168712862123",
        "execution_status": "not_run",
        "guard_receipt_hash": "sha256:a72f2a7c4b26f14e25b38a86ea70768d4ca83c443bed0dc974d7f0d8867b7bcc",
        "mutation_executed": false,
        "mutation_status": "not_performed",
        "run_id": "guard_run_9607ee9d32148f0a764277ed",
        "schema_version": "guard_execution_attestation.v2",
        "target_binding": {
          "adapter_version": "guard.repository-file.v2",
          "assurance_class": "linux-openat2-descriptor.v1",
          "authority_contract_hash": "sha256:c242fa7f22f680d26988a0d1d09659c06a7f54cbaf8ae0077d6952f224a88e07",
          "domain_resolver": "guard.target-domain-resolver.v1",
          "schema_version": "guard_target_binding.v1",
          "target_domain": "repository_path",
          "workspace_binding_id": "workspace_939c98ab00874c61bd4989125d964460"
        },
        "target_binding_hash": "sha256:2f2c957eb50336b84bdcac564287b0273b4bee4ba172e0057bb368c1aef40c39"
      }
    },
    "mixed/repository-maintainer/create/README.md": {
      "executed": false,
      "replay_matches": true,
      "attestation": {
        "attestation_hash": "sha256:3114df3affd84f36aa89dcaf79b1db6128979f7fda81f7e20e8b293c16c0b73c",
        "authority_basis": {
          "authority_evidence_hash": "sha256:9ea88476cf7d075e8fd72030c4c85ce0f2180a9973a22561d1488fdea22aca22",
          "compiled_contract_hash": "sha256:c242fa7f22f680d26988a0d1d09659c06a7f54cbaf8ae0077d6952f224a88e07",
          "contract_id": "repository-mixed",
          "contract_version": "3.0.0",
          "declared_contract_hash": "sha256:00df2385728e0e48c415e5df40d5c7a7ccaa1285d0452848578b2a544b254432",
          "kind": "published_authority",
          "runtime_facts_hash": "sha256:84f6b3e4bd1af9a0699f07a6538cd1c72ee2e2be3ff31119c774dbb9fd1799dd"
        },
        "callback_completed": false,
        "callback_invoked": false,
        "decision": "blocked",
        "decision_outcome_hash": "sha256:d4669ec3184d701048512b1a37dd6d60117a19b04ddb9091d5d4fb07a38913e1",
        "execution_request": {
          "action": "create",
          "arguments": {},
          "artifacts": [],
          "request_id": "repository_17633f1a9d93479a82a64c0d167d5a99",
          "schema_version": "normalized_execution_request.v1",
          "target": "README.md"
        },
        "execution_request_hash": "sha256:782c0a81cd241f8076f8f8e09b6fd439ff4753b39c39e39375375b8fcbed8fe3",
        "execution_status": "not_run",
        "guard_receipt_hash": "sha256:c72af640a98415bb291846fc2d6f0d0d3670085aed77dc42c95714a85f082097",
        "mutation_executed": false,
        "mutation_status": "not_performed",
        "run_id": "guard_run_5af27a2ed8a3524e29e348cf",
        "schema_version": "guard_execution_attestation.v2",
        "target_binding": {
          "adapter_version": "guard.repository-file.v2",
          "assurance_class": "linux-openat2-descriptor.v1",
          "authority_contract_hash": "sha256:c242fa7f22f680d26988a0d1d09659c06a7f54cbaf8ae0077d6952f224a88e07",
          "domain_resolver": "guard.target-domain-resolver.v1",
          "schema_version": "guard_target_binding.v1",
          "target_domain": "repository_path",
          "workspace_binding_id": "workspace_939c98ab00874c61bd4989125d964460"
        },
        "target_binding_hash": "sha256:2f2c957eb50336b84bdcac564287b0273b4bee4ba172e0057bb368c1aef40c39"
      }
    },
    "mixed/repository-maintainer/modify/generated/new.md": {
      "executed": false,
      "replay_matches": true,
      "attestation": {
        "attestation_hash": "sha256:5b4e28dcb051ab487f430cb8b6283878a54b24f757d5454ca732fe14baf7e975",
        "authority_basis": {
          "authority_evidence_hash": "sha256:3feb6ec51943b8c2f7925e4537602671462cf96ac01e62dfe9755c657be4535b",
          "compiled_contract_hash": "sha256:c242fa7f22f680d26988a0d1d09659c06a7f54cbaf8ae0077d6952f224a88e07",
          "contract_id": "repository-mixed",
          "contract_version": "3.0.0",
          "declared_contract_hash": "sha256:00df2385728e0e48c415e5df40d5c7a7ccaa1285d0452848578b2a544b254432",
          "kind": "published_authority",
          "runtime_facts_hash": "sha256:daaebb6870775dba14d8857b98158ef327a93481dd64246a76b3dae81d989c88"
        },
        "callback_completed": false,
        "callback_invoked": false,
        "decision": "blocked",
        "decision_outcome_hash": "sha256:eebce5f71a79370522fcb8ba331623965d79eb2ee86e5d327452defb29c71cc6",
        "execution_request": {
          "action": "modify",
          "arguments": {},
          "artifacts": [],
          "request_id": "repository_2c07f281a8b147d5ad9845fcd1c7a7e3",
          "schema_version": "normalized_execution_request.v1",
          "target": "generated/new.md"
        },
        "execution_request_hash": "sha256:5edf171d4c5d309ae49cfbcd23b3d56fec34a9d9bf39a69ab891b078cce26749",
        "execution_status": "not_run",
        "guard_receipt_hash": "sha256:f72f193ed99335ee9314eff7093b2d970f8d3e54b2d7cbeeab19cd001da7c9ec",
        "mutation_executed": false,
        "mutation_status": "not_performed",
        "run_id": "guard_run_f2e3d2ce9486afc411cc1b0b",
        "schema_version": "guard_execution_attestation.v2",
        "target_binding": {
          "adapter_version": "guard.repository-file.v2",
          "assurance_class": "linux-openat2-descriptor.v1",
          "authority_contract_hash": "sha256:c242fa7f22f680d26988a0d1d09659c06a7f54cbaf8ae0077d6952f224a88e07",
          "domain_resolver": "guard.target-domain-resolver.v1",
          "schema_version": "guard_target_binding.v1",
          "target_domain": "repository_path",
          "workspace_binding_id": "workspace_939c98ab00874c61bd4989125d964460"
        },
        "target_binding_hash": "sha256:2f2c957eb50336b84bdcac564287b0273b4bee4ba172e0057bb368c1aef40c39"
      }
    },
    "mixed/repository-maintainer/create/generated/private/secret": {
      "executed": false,
      "replay_matches": true,
      "attestation": {
        "attestation_hash": "sha256:40ca56f5c174cf3934fe914a5b7bccd205cc8da1309bf8edd494f82ae684b6c5",
        "authority_basis": {
          "authority_evidence_hash": "sha256:2b307f0f21bc837cbe7da6dfb759d7193fa3c8157b11d5d9d643ab48a03fd8d9",
          "compiled_contract_hash": "sha256:c242fa7f22f680d26988a0d1d09659c06a7f54cbaf8ae0077d6952f224a88e07",
          "contract_id": "repository-mixed",
          "contract_version": "3.0.0",
          "declared_contract_hash": "sha256:00df2385728e0e48c415e5df40d5c7a7ccaa1285d0452848578b2a544b254432",
          "kind": "published_authority",
          "runtime_facts_hash": "sha256:b9aaa55ceba7137322fd2fc07fa52a49554cded809c97daaa5d001432f6db305"
        },
        "callback_completed": false,
        "callback_invoked": false,
        "decision": "blocked",
        "decision_outcome_hash": "sha256:8d006c6138d7203299ebd75e1dcc563f416d65eb0c5e73030b5d5edae0e393ca",
        "execution_request": {
          "action": "create",
          "arguments": {},
          "artifacts": [],
          "request_id": "repository_4f3a1a4dece94ab096bf0cab06a5e13a",
          "schema_version": "normalized_execution_request.v1",
          "target": "generated/private/secret"
        },
        "execution_request_hash": "sha256:2a7b3869762157139498a59398428d9615b5559e8e2b38c0882eab23d026ba75",
        "execution_status": "not_run",
        "guard_receipt_hash": "sha256:5a084acfed5716bb784226e4e6191ee16517ac87b3b318401de96cefc299f18b",
        "mutation_executed": false,
        "mutation_status": "not_performed",
        "run_id": "guard_run_5fbdc0951b9bc419f04f513e",
        "schema_version": "guard_execution_attestation.v2",
        "target_binding": {
          "adapter_version": "guard.repository-file.v2",
          "assurance_class": "linux-openat2-descriptor.v1",
          "authority_contract_hash": "sha256:c242fa7f22f680d26988a0d1d09659c06a7f54cbaf8ae0077d6952f224a88e07",
          "domain_resolver": "guard.target-domain-resolver.v1",
          "schema_version": "guard_target_binding.v1",
          "target_domain": "repository_path",
          "workspace_binding_id": "workspace_939c98ab00874c61bd4989125d964460"
        },
        "target_binding_hash": "sha256:2f2c957eb50336b84bdcac564287b0273b4bee4ba172e0057bb368c1aef40c39"
      }
    },
    "mixed/repository-maintainer/modify/docs/locked.md": {
      "executed": false,
      "replay_matches": true,
      "attestation": {
        "attestation_hash": "sha256:a262c320012e9d0f5f78a6963eae8fb23bc03bea6553268a2199a7fa98e68c2d",
        "authority_basis": {
          "authority_evidence_hash": "sha256:a92318c1f8b4663c5d1c9e636f5a8a81ec6153a10a7b85799069ec35253e69ef",
          "compiled_contract_hash": "sha256:c242fa7f22f680d26988a0d1d09659c06a7f54cbaf8ae0077d6952f224a88e07",
          "contract_id": "repository-mixed",
          "contract_version": "3.0.0",
          "declared_contract_hash": "sha256:00df2385728e0e48c415e5df40d5c7a7ccaa1285d0452848578b2a544b254432",
          "kind": "published_authority",
          "runtime_facts_hash": "sha256:c7e4e2866683ca9a5eb68c1d5eb1e6f02c582fb4331ad57a2972a217ea1277ad"
        },
        "callback_completed": false,
        "callback_invoked": false,
        "decision": "blocked",
        "decision_outcome_hash": "sha256:ea7e8cd8640fff110536f77234d391d35bb0ee7bdb4d719819f056f44d6b2a5a",
        "execution_request": {
          "action": "modify",
          "arguments": {},
          "artifacts": [],
          "request_id": "repository_160df1247aee4bf7b1f04ae39103f596",
          "schema_version": "normalized_execution_request.v1",
          "target": "docs/locked.md"
        },
        "execution_request_hash": "sha256:f96052505a2ebc72d49fae5ce1a393d8405394314f8465c708caf0bdba933f88",
        "execution_status": "not_run",
        "guard_receipt_hash": "sha256:000f430fc33c40d34542db80a487dcf3d898c7c1d9fb2210e4837a5742d81d42",
        "mutation_executed": false,
        "mutation_status": "not_performed",
        "run_id": "guard_run_d42fdbafbbcd881522e0837d",
        "schema_version": "guard_execution_attestation.v2",
        "target_binding": {
          "adapter_version": "guard.repository-file.v2",
          "assurance_class": "linux-openat2-descriptor.v1",
          "authority_contract_hash": "sha256:c242fa7f22f680d26988a0d1d09659c06a7f54cbaf8ae0077d6952f224a88e07",
          "domain_resolver": "guard.target-domain-resolver.v1",
          "schema_version": "guard_target_binding.v1",
          "target_domain": "repository_path",
          "workspace_binding_id": "workspace_939c98ab00874c61bd4989125d964460"
        },
        "target_binding_hash": "sha256:2f2c957eb50336b84bdcac564287b0273b4bee4ba172e0057bb368c1aef40c39"
      }
    },
    "mixed/repository-maintainer/collision": "rejected; bytes preserved",
    "mixed/security-reviewer/create/generated/new.md": {
      "executed": false,
      "replay_matches": true,
      "attestation": {
        "attestation_hash": "sha256:38e65ff6668f68e584971e047167c5ab1d90f4b13322e76c26a731d27381bb3e",
        "authority_basis": {
          "authority_evidence_hash": "sha256:b933be287716549c68f6fbd4e1cd577eb3c9a7222537584a522d0428be0adfba",
          "compiled_contract_hash": "sha256:c242fa7f22f680d26988a0d1d09659c06a7f54cbaf8ae0077d6952f224a88e07",
          "contract_id": "repository-mixed",
          "contract_version": "3.0.0",
          "declared_contract_hash": "sha256:00df2385728e0e48c415e5df40d5c7a7ccaa1285d0452848578b2a544b254432",
          "kind": "published_authority",
          "runtime_facts_hash": "sha256:12e24cb4d38a5178b86bf5a47043707071698d06271342d102da7addc7cd5610"
        },
        "callback_completed": false,
        "callback_invoked": false,
        "decision": "blocked",
        "decision_outcome_hash": "sha256:28a52afbda39f04b2d3a27bc445e34135114b9806696a310b2d1d26ca6ba5573",
        "execution_request": {
          "action": "create",
          "arguments": {},
          "artifacts": [],
          "request_id": "repository_1a31a4e8f1744a4485ad7d9038ee9615",
          "schema_version": "normalized_execution_request.v1",
          "target": "generated/new.md"
        },
        "execution_request_hash": "sha256:f211c39c294a593aefd56d56e55e554ad15368a42d34ee94098018ad89d3d4b7",
        "execution_status": "not_run",
        "guard_receipt_hash": "sha256:6bf6be48b21e89b861bbdb5b4760b5019a4bff45265de3a260bc576bc790b3a4",
        "mutation_executed": false,
        "mutation_status": "not_performed",
        "run_id": "guard_run_ce41e172e1959462551fa69e",
        "schema_version": "guard_execution_attestation.v2",
        "target_binding": {
          "adapter_version": "guard.repository-file.v2",
          "assurance_class": "linux-openat2-descriptor.v1",
          "authority_contract_hash": "sha256:c242fa7f22f680d26988a0d1d09659c06a7f54cbaf8ae0077d6952f224a88e07",
          "domain_resolver": "guard.target-domain-resolver.v1",
          "schema_version": "guard_target_binding.v1",
          "target_domain": "repository_path",
          "workspace_binding_id": "workspace_23eb0f2c0bf94f2aab18065ebe49ed33"
        },
        "target_binding_hash": "sha256:f73231541c536c5a85aeee26521945097b61120740537e56bbd3d2caa42e5929"
      }
    },
    "mixed/security-reviewer/modify/README.md": {
      "executed": true,
      "replay_matches": true,
      "attestation": {
        "attestation_hash": "sha256:60cd12c4ea8a6af307eeeb6793378fcb03e8038784ae6b54dd3642019d6a0371",
        "authority_basis": {
          "authority_evidence_hash": "sha256:9d971d50e0db63074ae87ea1907e96cee454b12fbd2f900f01ce8d12883aa23b",
          "compiled_contract_hash": "sha256:c242fa7f22f680d26988a0d1d09659c06a7f54cbaf8ae0077d6952f224a88e07",
          "contract_id": "repository-mixed",
          "contract_version": "3.0.0",
          "declared_contract_hash": "sha256:00df2385728e0e48c415e5df40d5c7a7ccaa1285d0452848578b2a544b254432",
          "kind": "published_authority",
          "runtime_facts_hash": "sha256:ef1a57ca21e942306cf2fbc89552800a601ddfee7464835db389a1eec061c604"
        },
        "callback_completed": true,
        "callback_invoked": true,
        "decision": "admissible",
        "decision_outcome_hash": "sha256:71cc3ab0616b8f768afd0a77b243c33e55b8f49fd7acf248569ba19b06d9a4c0",
        "execution_request": {
          "action": "modify",
          "arguments": {},
          "artifacts": [],
          "request_id": "repository_210e53c81ee74120a8f0a677dc9f8f6a",
          "schema_version": "normalized_execution_request.v1",
          "target": "README.md"
        },
        "execution_request_hash": "sha256:acc034c2bacbbdaea6662a0da4882cf1bd2f75e14a12834b54e04e01829b9e08",
        "execution_status": "succeeded",
        "guard_receipt_hash": "sha256:f2146a58d7a4adde7fd197fa40774db7d027b8e8026e11bdcc4ea75757b169f4",
        "mutation_executed": true,
        "mutation_status": "executed",
        "run_id": "guard_run_08555980c59b4c6dc72e04b2",
        "schema_version": "guard_execution_attestation.v2",
        "target_binding": {
          "adapter_version": "guard.repository-file.v2",
          "assurance_class": "linux-openat2-descriptor.v1",
          "authority_contract_hash": "sha256:c242fa7f22f680d26988a0d1d09659c06a7f54cbaf8ae0077d6952f224a88e07",
          "domain_resolver": "guard.target-domain-resolver.v1",
          "schema_version": "guard_target_binding.v1",
          "target_domain": "repository_path",
          "workspace_binding_id": "workspace_23eb0f2c0bf94f2aab18065ebe49ed33"
        },
        "target_binding_hash": "sha256:f73231541c536c5a85aeee26521945097b61120740537e56bbd3d2caa42e5929"
      }
    },
    "mixed/security-reviewer/create/README.md": {
      "executed": false,
      "replay_matches": true,
      "attestation": {
        "attestation_hash": "sha256:48c344dc69615e6c10f57d974a0f77112c82e51d29be30735e2684583d2ab53d",
        "authority_basis": {
          "authority_evidence_hash": "sha256:69769f9f22f8c670e7bc4b5d60adf39130b84f82a5696c53639e1f9118f26227",
          "compiled_contract_hash": "sha256:c242fa7f22f680d26988a0d1d09659c06a7f54cbaf8ae0077d6952f224a88e07",
          "contract_id": "repository-mixed",
          "contract_version": "3.0.0",
          "declared_contract_hash": "sha256:00df2385728e0e48c415e5df40d5c7a7ccaa1285d0452848578b2a544b254432",
          "kind": "published_authority",
          "runtime_facts_hash": "sha256:5aa085660449062a00f7c2c8f2a1eac8061c718395986a1910569b8f68bb0940"
        },
        "callback_completed": false,
        "callback_invoked": false,
        "decision": "blocked",
        "decision_outcome_hash": "sha256:ae315968bdad0784b75c30e076ddc32ebdc491a0d1e50c46836cc7182c844dc2",
        "execution_request": {
          "action": "create",
          "arguments": {},
          "artifacts": [],
          "request_id": "repository_d17b5c00289b4d7586442bbffb303084",
          "schema_version": "normalized_execution_request.v1",
          "target": "README.md"
        },
        "execution_request_hash": "sha256:01125c9ce77114061f493ffce40fac2d5fab9c868773c8377b7be9c835b47adf",
        "execution_status": "not_run",
        "guard_receipt_hash": "sha256:0fd391050840315800ffa620fc588487e7f26425407b4b2adda5a32441bd018d",
        "mutation_executed": false,
        "mutation_status": "not_performed",
        "run_id": "guard_run_5b3b0d46da78784395dc0b99",
        "schema_version": "guard_execution_attestation.v2",
        "target_binding": {
          "adapter_version": "guard.repository-file.v2",
          "assurance_class": "linux-openat2-descriptor.v1",
          "authority_contract_hash": "sha256:c242fa7f22f680d26988a0d1d09659c06a7f54cbaf8ae0077d6952f224a88e07",
          "domain_resolver": "guard.target-domain-resolver.v1",
          "schema_version": "guard_target_binding.v1",
          "target_domain": "repository_path",
          "workspace_binding_id": "workspace_23eb0f2c0bf94f2aab18065ebe49ed33"
        },
        "target_binding_hash": "sha256:f73231541c536c5a85aeee26521945097b61120740537e56bbd3d2caa42e5929"
      }
    },
    "mixed/security-reviewer/modify/generated/new.md": {
      "executed": false,
      "replay_matches": true,
      "attestation": {
        "attestation_hash": "sha256:c98150ba55f614ff4f2a93a7f9a9141be0916683bdf51aea93ecc7b6790e2277",
        "authority_basis": {
          "authority_evidence_hash": "sha256:63693a84874f3d8c5afef42bceb7bcb5338926a9acc235c7013f28d1a25d44cc",
          "compiled_contract_hash": "sha256:c242fa7f22f680d26988a0d1d09659c06a7f54cbaf8ae0077d6952f224a88e07",
          "contract_id": "repository-mixed",
          "contract_version": "3.0.0",
          "declared_contract_hash": "sha256:00df2385728e0e48c415e5df40d5c7a7ccaa1285d0452848578b2a544b254432",
          "kind": "published_authority",
          "runtime_facts_hash": "sha256:accf06d4e127335b4412cf757c9531e9a4818fcc674cb31c6275aa57058e632d"
        },
        "callback_completed": false,
        "callback_invoked": false,
        "decision": "blocked",
        "decision_outcome_hash": "sha256:80a854834008e937b0fdde8b920dc311f576f6eebad2b5268ccb483089cad1ca",
        "execution_request": {
          "action": "modify",
          "arguments": {},
          "artifacts": [],
          "request_id": "repository_bc9ef81d1b39419fbdda6b76a12bb886",
          "schema_version": "normalized_execution_request.v1",
          "target": "generated/new.md"
        },
        "execution_request_hash": "sha256:8c68bbd2ec8d8fbaac521f67a435532b848ee35f05319cd2abae2732d7576901",
        "execution_status": "not_run",
        "guard_receipt_hash": "sha256:a91c8befed038646a614ebcd4c2f294e963bb54e21f4d2aabf8b65b2bd2b9a91",
        "mutation_executed": false,
        "mutation_status": "not_performed",
        "run_id": "guard_run_ec37ec210c0538a9b24a95d7",
        "schema_version": "guard_execution_attestation.v2",
        "target_binding": {
          "adapter_version": "guard.repository-file.v2",
          "assurance_class": "linux-openat2-descriptor.v1",
          "authority_contract_hash": "sha256:c242fa7f22f680d26988a0d1d09659c06a7f54cbaf8ae0077d6952f224a88e07",
          "domain_resolver": "guard.target-domain-resolver.v1",
          "schema_version": "guard_target_binding.v1",
          "target_domain": "repository_path",
          "workspace_binding_id": "workspace_23eb0f2c0bf94f2aab18065ebe49ed33"
        },
        "target_binding_hash": "sha256:f73231541c536c5a85aeee26521945097b61120740537e56bbd3d2caa42e5929"
      }
    },
    "mixed/security-reviewer/create/generated/private/secret": {
      "executed": false,
      "replay_matches": true,
      "attestation": {
        "attestation_hash": "sha256:c4aefa0b192875751da0c7aa7fdae07d422a9c39b38e44d05bb81096b0ef4c1f",
        "authority_basis": {
          "authority_evidence_hash": "sha256:d7ca557cc381e5cbee0479767ce1a5573b320f93838cbd7b0e9bddb772294ef0",
          "compiled_contract_hash": "sha256:c242fa7f22f680d26988a0d1d09659c06a7f54cbaf8ae0077d6952f224a88e07",
          "contract_id": "repository-mixed",
          "contract_version": "3.0.0",
          "declared_contract_hash": "sha256:00df2385728e0e48c415e5df40d5c7a7ccaa1285d0452848578b2a544b254432",
          "kind": "published_authority",
          "runtime_facts_hash": "sha256:cfe4314d0d86169607c3320af822b35a09b25661bcac1ec27e8715134bafa1cf"
        },
        "callback_completed": false,
        "callback_invoked": false,
        "decision": "blocked",
        "decision_outcome_hash": "sha256:957bf26d1b0da643057b49e295d18c9d5eb7ecbf1b12cc0476e51e4e4d3c30dd",
        "execution_request": {
          "action": "create",
          "arguments": {},
          "artifacts": [],
          "request_id": "repository_202287f2d7cc4381977271070ee0b89d",
          "schema_version": "normalized_execution_request.v1",
          "target": "generated/private/secret"
        },
        "execution_request_hash": "sha256:2667b282f5d48d926f7cc6dbbead6658649bbf32aa5daa1d6abdd3392f14ac6d",
        "execution_status": "not_run",
        "guard_receipt_hash": "sha256:5f9dcb4537976d95faf010ac061ccef95c2bb25223454d5e49085afc305985d4",
        "mutation_executed": false,
        "mutation_status": "not_performed",
        "run_id": "guard_run_6797a8c3901d91f18863de7a",
        "schema_version": "guard_execution_attestation.v2",
        "target_binding": {
          "adapter_version": "guard.repository-file.v2",
          "assurance_class": "linux-openat2-descriptor.v1",
          "authority_contract_hash": "sha256:c242fa7f22f680d26988a0d1d09659c06a7f54cbaf8ae0077d6952f224a88e07",
          "domain_resolver": "guard.target-domain-resolver.v1",
          "schema_version": "guard_target_binding.v1",
          "target_domain": "repository_path",
          "workspace_binding_id": "workspace_23eb0f2c0bf94f2aab18065ebe49ed33"
        },
        "target_binding_hash": "sha256:f73231541c536c5a85aeee26521945097b61120740537e56bbd3d2caa42e5929"
      }
    },
    "mixed/security-reviewer/modify/docs/locked.md": {
      "executed": false,
      "replay_matches": true,
      "attestation": {
        "attestation_hash": "sha256:6ed70c6b9d7e7cfd3c50c423615c4e067ad7a381f54735cca5fa5f3b093c2f37",
        "authority_basis": {
          "authority_evidence_hash": "sha256:18b5732fc061196648813260857e195d24da1b0cc6d34bd6a85b77d4492f98d9",
          "compiled_contract_hash": "sha256:c242fa7f22f680d26988a0d1d09659c06a7f54cbaf8ae0077d6952f224a88e07",
          "contract_id": "repository-mixed",
          "contract_version": "3.0.0",
          "declared_contract_hash": "sha256:00df2385728e0e48c415e5df40d5c7a7ccaa1285d0452848578b2a544b254432",
          "kind": "published_authority",
          "runtime_facts_hash": "sha256:3ed189655cbe759a5664292fe953b736c8be62cf333cc77cc9e195504fc0f190"
        },
        "callback_completed": false,
        "callback_invoked": false,
        "decision": "blocked",
        "decision_outcome_hash": "sha256:805259f9e90f937db9c381448f6ca0b0e455a8658e8eba4a9eaf290b0a2a1f9b",
        "execution_request": {
          "action": "modify",
          "arguments": {},
          "artifacts": [],
          "request_id": "repository_630b7a19a45f4a7c9dbc2ba0add722e9",
          "schema_version": "normalized_execution_request.v1",
          "target": "docs/locked.md"
        },
        "execution_request_hash": "sha256:334ce184ca60e1906e67c3971ecf637eab7963a72363cd09850decadfbf0f2f0",
        "execution_status": "not_run",
        "guard_receipt_hash": "sha256:b3b2c0cc1fa0e508b8e772013f9e8a3ef04064008a088e13efacbe7ac1144409",
        "mutation_executed": false,
        "mutation_status": "not_performed",
        "run_id": "guard_run_b6ed1201c72356131d688e3f",
        "schema_version": "guard_execution_attestation.v2",
        "target_binding": {
          "adapter_version": "guard.repository-file.v2",
          "assurance_class": "linux-openat2-descriptor.v1",
          "authority_contract_hash": "sha256:c242fa7f22f680d26988a0d1d09659c06a7f54cbaf8ae0077d6952f224a88e07",
          "domain_resolver": "guard.target-domain-resolver.v1",
          "schema_version": "guard_target_binding.v1",
          "target_domain": "repository_path",
          "workspace_binding_id": "workspace_23eb0f2c0bf94f2aab18065ebe49ed33"
        },
        "target_binding_hash": "sha256:f73231541c536c5a85aeee26521945097b61120740537e56bbd3d2caa42e5929"
      }
    },
    "mixed/repository-reviewer/create/generated/new.md": {
      "executed": false,
      "replay_matches": true,
      "attestation": {
        "attestation_hash": "sha256:5417c0eec9b285dda753d1b733a0176c96d06e9239dffc83ce3e691fbeee8c27",
        "authority_basis": {
          "authority_evidence_hash": "sha256:c27b8136d6bb38103262a84662964ce83a6b304ca430dc1729cb323dbe2437b4",
          "compiled_contract_hash": "sha256:c242fa7f22f680d26988a0d1d09659c06a7f54cbaf8ae0077d6952f224a88e07",
          "contract_id": "repository-mixed",
          "contract_version": "3.0.0",
          "declared_contract_hash": "sha256:00df2385728e0e48c415e5df40d5c7a7ccaa1285d0452848578b2a544b254432",
          "kind": "published_authority",
          "runtime_facts_hash": "sha256:73de19707196f23b0c8223a2a7990e751bda18b82a3a7bbc3b7352cd93925e2e"
        },
        "callback_completed": false,
        "callback_invoked": false,
        "decision": "blocked",
        "decision_outcome_hash": "sha256:57518f12ce80ac653e6df2dc87aecfc35b3f26d30539a232841eb8874c854edc",
        "execution_request": {
          "action": "create",
          "arguments": {},
          "artifacts": [],
          "request_id": "repository_9798f66c23b6427798b7b3cb80a6659f",
          "schema_version": "normalized_execution_request.v1",
          "target": "generated/new.md"
        },
        "execution_request_hash": "sha256:185e69cf84f90752094d1a4e0230127db3fc9043a93e8a8d61dd7036b09fe3a3",
        "execution_status": "not_run",
        "guard_receipt_hash": "sha256:356a229aa7710d148d452c7bb163d2490da7a92131572e57d9461d456494c675",
        "mutation_executed": false,
        "mutation_status": "not_performed",
        "run_id": "guard_run_d09acabb82386518d421320e",
        "schema_version": "guard_execution_attestation.v2",
        "target_binding": {
          "adapter_version": "guard.repository-file.v2",
          "assurance_class": "linux-openat2-descriptor.v1",
          "authority_contract_hash": "sha256:c242fa7f22f680d26988a0d1d09659c06a7f54cbaf8ae0077d6952f224a88e07",
          "domain_resolver": "guard.target-domain-resolver.v1",
          "schema_version": "guard_target_binding.v1",
          "target_domain": "repository_path",
          "workspace_binding_id": "workspace_7cbe6be2c7284da7820e43f8c4db3faf"
        },
        "target_binding_hash": "sha256:6a6f8643cd5dcef145c030b69e2e734c176f4c9d14a2b1f11613b73c2cce0fa2"
      }
    },
    "mixed/repository-reviewer/modify/README.md": {
      "executed": false,
      "replay_matches": true,
      "attestation": {
        "attestation_hash": "sha256:f89c2b8edb7ae108b7e79af0ee669853b7f77e3e34212a270d1e67035fb1035a",
        "authority_basis": {
          "authority_evidence_hash": "sha256:840bd55e20bd214a42b5158aefc0c84a95add00a8d81c4f0bfd25619bb50edd6",
          "compiled_contract_hash": "sha256:c242fa7f22f680d26988a0d1d09659c06a7f54cbaf8ae0077d6952f224a88e07",
          "contract_id": "repository-mixed",
          "contract_version": "3.0.0",
          "declared_contract_hash": "sha256:00df2385728e0e48c415e5df40d5c7a7ccaa1285d0452848578b2a544b254432",
          "kind": "published_authority",
          "runtime_facts_hash": "sha256:ffc65ec474f7277ad73a1877f80f42bf65622a9a2fd64843d093778923965cd9"
        },
        "callback_completed": false,
        "callback_invoked": false,
        "decision": "blocked",
        "decision_outcome_hash": "sha256:3778449139a133ce3a88fbcfd1eae51941518a2e45dc02d87e7eb62373927810",
        "execution_request": {
          "action": "modify",
          "arguments": {},
          "artifacts": [],
          "request_id": "repository_4938d20f751145c8a75935f66b78fd00",
          "schema_version": "normalized_execution_request.v1",
          "target": "README.md"
        },
        "execution_request_hash": "sha256:6c31d48d216c9d1077da742e3ca0cbb9db3f0051db68f4292891dfdc1dffc08e",
        "execution_status": "not_run",
        "guard_receipt_hash": "sha256:ab935096cc8457922753dc3d538b2e81ccd236bfb7a3e80002a27a4ab79557e5",
        "mutation_executed": false,
        "mutation_status": "not_performed",
        "run_id": "guard_run_39428d82d631a613eaad3663",
        "schema_version": "guard_execution_attestation.v2",
        "target_binding": {
          "adapter_version": "guard.repository-file.v2",
          "assurance_class": "linux-openat2-descriptor.v1",
          "authority_contract_hash": "sha256:c242fa7f22f680d26988a0d1d09659c06a7f54cbaf8ae0077d6952f224a88e07",
          "domain_resolver": "guard.target-domain-resolver.v1",
          "schema_version": "guard_target_binding.v1",
          "target_domain": "repository_path",
          "workspace_binding_id": "workspace_7cbe6be2c7284da7820e43f8c4db3faf"
        },
        "target_binding_hash": "sha256:6a6f8643cd5dcef145c030b69e2e734c176f4c9d14a2b1f11613b73c2cce0fa2"
      }
    },
    "mixed/repository-reviewer/create/README.md": {
      "executed": false,
      "replay_matches": true,
      "attestation": {
        "attestation_hash": "sha256:3237a732968ae043cfe18e36854156e51cc683e1b6dd37abc175b72e0a72fa6a",
        "authority_basis": {
          "authority_evidence_hash": "sha256:36402c83e72e038f5d3393d83152e14410c3d802ee24355e45907e9dd71d7b8d",
          "compiled_contract_hash": "sha256:c242fa7f22f680d26988a0d1d09659c06a7f54cbaf8ae0077d6952f224a88e07",
          "contract_id": "repository-mixed",
          "contract_version": "3.0.0",
          "declared_contract_hash": "sha256:00df2385728e0e48c415e5df40d5c7a7ccaa1285d0452848578b2a544b254432",
          "kind": "published_authority",
          "runtime_facts_hash": "sha256:33e1a0dd3319062e325d12431d329db02cb9efe43356015d4c4f00f420d9c454"
        },
        "callback_completed": false,
        "callback_invoked": false,
        "decision": "blocked",
        "decision_outcome_hash": "sha256:c4ed74a6b4a48c080efb23af7d0b896cefce9d298c612a33bba3ecaccb5019ac",
        "execution_request": {
          "action": "create",
          "arguments": {},
          "artifacts": [],
          "request_id": "repository_15e35b863de44e0ea78432c8ad1a12a9",
          "schema_version": "normalized_execution_request.v1",
          "target": "README.md"
        },
        "execution_request_hash": "sha256:b59c516fa185118d173a0b02dda81ad0bb08f3e38a81e3893f0fe0226d68d6ef",
        "execution_status": "not_run",
        "guard_receipt_hash": "sha256:78d46c29c31ed5262ede664dbbdd396dd63c6e7a391719c62ab4570bd57d19a9",
        "mutation_executed": false,
        "mutation_status": "not_performed",
        "run_id": "guard_run_818565444f5af84b2f4926a5",
        "schema_version": "guard_execution_attestation.v2",
        "target_binding": {
          "adapter_version": "guard.repository-file.v2",
          "assurance_class": "linux-openat2-descriptor.v1",
          "authority_contract_hash": "sha256:c242fa7f22f680d26988a0d1d09659c06a7f54cbaf8ae0077d6952f224a88e07",
          "domain_resolver": "guard.target-domain-resolver.v1",
          "schema_version": "guard_target_binding.v1",
          "target_domain": "repository_path",
          "workspace_binding_id": "workspace_7cbe6be2c7284da7820e43f8c4db3faf"
        },
        "target_binding_hash": "sha256:6a6f8643cd5dcef145c030b69e2e734c176f4c9d14a2b1f11613b73c2cce0fa2"
      }
    },
    "mixed/repository-reviewer/modify/generated/new.md": {
      "executed": false,
      "replay_matches": true,
      "attestation": {
        "attestation_hash": "sha256:99842cf69ccf44e07a93024415fb9e5919808f9d14501aa5bcbce41044d4c0b2",
        "authority_basis": {
          "authority_evidence_hash": "sha256:b8d12e30aa3686396edf779c41eb17d47132091209be42a489f233f2f52769d4",
          "compiled_contract_hash": "sha256:c242fa7f22f680d26988a0d1d09659c06a7f54cbaf8ae0077d6952f224a88e07",
          "contract_id": "repository-mixed",
          "contract_version": "3.0.0",
          "declared_contract_hash": "sha256:00df2385728e0e48c415e5df40d5c7a7ccaa1285d0452848578b2a544b254432",
          "kind": "published_authority",
          "runtime_facts_hash": "sha256:c818f2bfaeb067495622894acb8be0eda4a7f428e6d2bdde533f41d59b7095c1"
        },
        "callback_completed": false,
        "callback_invoked": false,
        "decision": "blocked",
        "decision_outcome_hash": "sha256:a77cd08a0019fdc68cebeecaa747a4f9ffefdd2118a838ca17678f285e7cdac4",
        "execution_request": {
          "action": "modify",
          "arguments": {},
          "artifacts": [],
          "request_id": "repository_cf1fe9e6ac704b86a7276bd969e595c8",
          "schema_version": "normalized_execution_request.v1",
          "target": "generated/new.md"
        },
        "execution_request_hash": "sha256:2a138efdfa055f492f71f6c17191a08ef4d32c8d33f1addf87ea2dac81668eb5",
        "execution_status": "not_run",
        "guard_receipt_hash": "sha256:9692f1c6dc55b2481ab35530d4a27f2ccfa19f659638f2407b9fff59fa599937",
        "mutation_executed": false,
        "mutation_status": "not_performed",
        "run_id": "guard_run_0f42ff7d63288ec6b1660062",
        "schema_version": "guard_execution_attestation.v2",
        "target_binding": {
          "adapter_version": "guard.repository-file.v2",
          "assurance_class": "linux-openat2-descriptor.v1",
          "authority_contract_hash": "sha256:c242fa7f22f680d26988a0d1d09659c06a7f54cbaf8ae0077d6952f224a88e07",
          "domain_resolver": "guard.target-domain-resolver.v1",
          "schema_version": "guard_target_binding.v1",
          "target_domain": "repository_path",
          "workspace_binding_id": "workspace_7cbe6be2c7284da7820e43f8c4db3faf"
        },
        "target_binding_hash": "sha256:6a6f8643cd5dcef145c030b69e2e734c176f4c9d14a2b1f11613b73c2cce0fa2"
      }
    },
    "mixed/repository-reviewer/create/generated/private/secret": {
      "executed": false,
      "replay_matches": true,
      "attestation": {
        "attestation_hash": "sha256:3e8819adb4aa228921c21f2e12b847ba48f2a6922abf587341e75958b2d8812c",
        "authority_basis": {
          "authority_evidence_hash": "sha256:79e6b907cd8b8261d920b3a5340a7c0958e1765517679f950861354a8e6378e9",
          "compiled_contract_hash": "sha256:c242fa7f22f680d26988a0d1d09659c06a7f54cbaf8ae0077d6952f224a88e07",
          "contract_id": "repository-mixed",
          "contract_version": "3.0.0",
          "declared_contract_hash": "sha256:00df2385728e0e48c415e5df40d5c7a7ccaa1285d0452848578b2a544b254432",
          "kind": "published_authority",
          "runtime_facts_hash": "sha256:41963d4bf71eccc1a0ed53fa1bb8defd3114f5f4fe99f997d538cb422cd347c6"
        },
        "callback_completed": false,
        "callback_invoked": false,
        "decision": "blocked",
        "decision_outcome_hash": "sha256:fd7f2f3c095c405e58dcd6805d97c6ee824e80790a44fc09e5c83e8043bac836",
        "execution_request": {
          "action": "create",
          "arguments": {},
          "artifacts": [],
          "request_id": "repository_f55dced210b94d0180910cea2d2dc6d4",
          "schema_version": "normalized_execution_request.v1",
          "target": "generated/private/secret"
        },
        "execution_request_hash": "sha256:eeee80bd1f0767c5302828fd6053cd3e4d3b76840086e4fb0efc2d1a16fde299",
        "execution_status": "not_run",
        "guard_receipt_hash": "sha256:1aadfd118299d2c0e4368a0db90ea1fd391691ebea54108257fccca877386b69",
        "mutation_executed": false,
        "mutation_status": "not_performed",
        "run_id": "guard_run_3281963ec57c35a40408e556",
        "schema_version": "guard_execution_attestation.v2",
        "target_binding": {
          "adapter_version": "guard.repository-file.v2",
          "assurance_class": "linux-openat2-descriptor.v1",
          "authority_contract_hash": "sha256:c242fa7f22f680d26988a0d1d09659c06a7f54cbaf8ae0077d6952f224a88e07",
          "domain_resolver": "guard.target-domain-resolver.v1",
          "schema_version": "guard_target_binding.v1",
          "target_domain": "repository_path",
          "workspace_binding_id": "workspace_7cbe6be2c7284da7820e43f8c4db3faf"
        },
        "target_binding_hash": "sha256:6a6f8643cd5dcef145c030b69e2e734c176f4c9d14a2b1f11613b73c2cce0fa2"
      }
    },
    "mixed/repository-reviewer/modify/docs/locked.md": {
      "executed": false,
      "replay_matches": true,
      "attestation": {
        "attestation_hash": "sha256:511fd3451e4b873c6d4167a09e8ebc449b699a27339cb4b2386c2ec600c23b3f",
        "authority_basis": {
          "authority_evidence_hash": "sha256:94885dc0b94264831445c3181a868f6a3c10dd159d2107555c96bf9473a643bf",
          "compiled_contract_hash": "sha256:c242fa7f22f680d26988a0d1d09659c06a7f54cbaf8ae0077d6952f224a88e07",
          "contract_id": "repository-mixed",
          "contract_version": "3.0.0",
          "declared_contract_hash": "sha256:00df2385728e0e48c415e5df40d5c7a7ccaa1285d0452848578b2a544b254432",
          "kind": "published_authority",
          "runtime_facts_hash": "sha256:a1de6f90b486808f806c2471e892b110b5a4fece9041fad47c16f93dd11d9aa2"
        },
        "callback_completed": false,
        "callback_invoked": false,
        "decision": "blocked",
        "decision_outcome_hash": "sha256:4d2cee9fb37bb093a52e08555d59115de95cdb7a1671e13d046f6f65e83a800f",
        "execution_request": {
          "action": "modify",
          "arguments": {},
          "artifacts": [],
          "request_id": "repository_8c89dde52a334b148ca564c540fa5b88",
          "schema_version": "normalized_execution_request.v1",
          "target": "docs/locked.md"
        },
        "execution_request_hash": "sha256:252b9cf6e5765d5ed3262d385edac4db0adf924e957c588179c5a0b45cee42dd",
        "execution_status": "not_run",
        "guard_receipt_hash": "sha256:282fb45431493f00bd6a6be45ef06b396b53efc413de71a86e209d0a6507d460",
        "mutation_executed": false,
        "mutation_status": "not_performed",
        "run_id": "guard_run_0ed637c72af32b203c2526e7",
        "schema_version": "guard_execution_attestation.v2",
        "target_binding": {
          "adapter_version": "guard.repository-file.v2",
          "assurance_class": "linux-openat2-descriptor.v1",
          "authority_contract_hash": "sha256:c242fa7f22f680d26988a0d1d09659c06a7f54cbaf8ae0077d6952f224a88e07",
          "domain_resolver": "guard.target-domain-resolver.v1",
          "schema_version": "guard_target_binding.v1",
          "target_domain": "repository_path",
          "workspace_binding_id": "workspace_7cbe6be2c7284da7820e43f8c4db3faf"
        },
        "target_binding_hash": "sha256:6a6f8643cd5dcef145c030b69e2e734c176f4c9d14a2b1f11613b73c2cce0fa2"
      }
    }
  },
  "runtime_activation_ready": false
}
