Action policy / ubuntu-latest / Python 3.14	UNKNOWN STEP	﻿2026-09-13T17:46:33.4524169Z Current runner version: '2.337.0'
Action policy / ubuntu-latest / Python 3.14	UNKNOWN STEP	2026-09-13T17:46:33.4545978Z ##[group]Runner Image Provisioner
Action policy / ubuntu-latest / Python 3.14	UNKNOWN STEP	2026-09-13T17:46:33.4546802Z Hosted Compute Agent
Action policy / ubuntu-latest / Python 3.14	UNKNOWN STEP	2026-09-13T17:46:33.4547292Z Version: 20260828.587
Action policy / ubuntu-latest / Python 3.14	UNKNOWN STEP	2026-09-13T17:46:33.4547798Z Commit: abac92662cab4cc7352de4f9f9d2e2419aad9c29
Action policy / ubuntu-latest / Python 3.14	UNKNOWN STEP	2026-09-13T17:46:33.4548478Z Build Date: 2026-08-28T16:44:25Z
Action policy / ubuntu-latest / Python 3.14	UNKNOWN STEP	2026-09-13T17:46:33.4549032Z Worker ID: {a3178821-2a9c-46b1-8a74-9fb784b50143}
Action policy / ubuntu-latest / Python 3.14	UNKNOWN STEP	2026-09-13T17:46:33.4549685Z Azure Region: westus
Action policy / ubuntu-latest / Python 3.14	UNKNOWN STEP	2026-09-13T17:46:33.4550158Z ##[endgroup]
Action policy / ubuntu-latest / Python 3.14	UNKNOWN STEP	2026-09-13T17:46:33.4551628Z ##[group]Operating System
Action policy / ubuntu-latest / Python 3.14	UNKNOWN STEP	2026-09-13T17:46:33.4552272Z Ubuntu
Action policy / ubuntu-latest / Python 3.14	UNKNOWN STEP	2026-09-13T17:46:33.4552712Z 24.04.5
Action policy / ubuntu-latest / Python 3.14	UNKNOWN STEP	2026-09-13T17:46:33.4553160Z LTS
Action policy / ubuntu-latest / Python 3.14	UNKNOWN STEP	2026-09-13T17:46:33.4553607Z ##[endgroup]
Action policy / ubuntu-latest / Python 3.14	UNKNOWN STEP	2026-09-13T17:46:33.4554101Z ##[group]Runner Image
Action policy / ubuntu-latest / Python 3.14	UNKNOWN STEP	2026-09-13T17:46:33.4554673Z Image: ubuntu-24.04
Action policy / ubuntu-latest / Python 3.14	UNKNOWN STEP	2026-09-13T17:46:33.4555144Z Version: 20260907.300.1
Action policy / ubuntu-latest / Python 3.14	UNKNOWN STEP	2026-09-13T17:46:33.4556233Z Included Software: https://github.com/actions/runner-images/blob/ubuntu24/20260907.300/images/ubuntu/Ubuntu2404-Readme.md
Action policy / ubuntu-latest / Python 3.14	UNKNOWN STEP	2026-09-13T17:46:33.4557473Z Image Release: https://github.com/actions/runner-images/releases/tag/ubuntu24%2F20260907.300
Action policy / ubuntu-latest / Python 3.14	UNKNOWN STEP	2026-09-13T17:46:33.4558364Z ##[endgroup]
Action policy / ubuntu-latest / Python 3.14	UNKNOWN STEP	2026-09-13T17:46:33.4559281Z ##[group]GITHUB_TOKEN Permissions
Action policy / ubuntu-latest / Python 3.14	UNKNOWN STEP	2026-09-13T17:46:33.4560902Z Contents: read
Action policy / ubuntu-latest / Python 3.14	UNKNOWN STEP	2026-09-13T17:46:33.4561573Z Metadata: read
Action policy / ubuntu-latest / Python 3.14	UNKNOWN STEP	2026-09-13T17:46:33.4562139Z ##[endgroup]
Action policy / ubuntu-latest / Python 3.14	UNKNOWN STEP	2026-09-13T17:46:33.4563946Z Secret source: Actions
Action policy / ubuntu-latest / Python 3.14	UNKNOWN STEP	2026-09-13T17:46:33.4564799Z Cache mode: write
Action policy / ubuntu-latest / Python 3.14	UNKNOWN STEP	2026-09-13T17:46:33.4565366Z Prepare workflow directory
Action policy / ubuntu-latest / Python 3.14	UNKNOWN STEP	2026-09-13T17:46:33.5513508Z Prepare all required actions
Action policy / ubuntu-latest / Python 3.14	UNKNOWN STEP	2026-09-13T17:46:33.5556412Z Getting action download info
Action policy / ubuntu-latest / Python 3.14	UNKNOWN STEP	2026-09-13T17:46:33.9005966Z Download action repository 'actions/checkout@3d3c42e5aac5ba805825da76410c181273ba90b1' (SHA:3d3c42e5aac5ba805825da76410c181273ba90b1)
Action policy / ubuntu-latest / Python 3.14	UNKNOWN STEP	2026-09-13T17:46:34.0310625Z Download action repository 'actions/setup-python@ece7cb06caefa5fff74198d8649806c4678c61a1' (SHA:ece7cb06caefa5fff74198d8649806c4678c61a1)
Action policy / ubuntu-latest / Python 3.14	UNKNOWN STEP	2026-09-13T17:46:34.1893817Z Download action repository 'actions/upload-artifact@ea165f8d65b6e75b540449e92b4886f43607fa02' (SHA:ea165f8d65b6e75b540449e92b4886f43607fa02)
Action policy / ubuntu-latest / Python 3.14	UNKNOWN STEP	2026-09-13T17:46:34.4159465Z Complete job name: Action policy / ubuntu-latest / Python 3.14
Action policy / ubuntu-latest / Python 3.14	UNKNOWN STEP	2026-09-13T17:46:34.4849434Z ##[group]Run actions/checkout@3d3c42e5aac5ba805825da76410c181273ba90b1
Action policy / ubuntu-latest / Python 3.14	UNKNOWN STEP	2026-09-13T17:46:34.4850269Z with:
Action policy / ubuntu-latest / Python 3.14	UNKNOWN STEP	2026-09-13T17:46:34.4850653Z   ref: 0161ef8a52e052d1bc1366cdc93ce13a9bd535ed
Action policy / ubuntu-latest / Python 3.14	UNKNOWN STEP	2026-09-13T17:46:34.4851493Z   persist-credentials: false
Action policy / ubuntu-latest / Python 3.14	UNKNOWN STEP	2026-09-13T17:46:34.4851999Z   repository: Waveframe-Labs/Waveframe-Guard
Action policy / ubuntu-latest / Python 3.14	UNKNOWN STEP	2026-09-13T17:46:34.4855230Z   token: ***
Action policy / ubuntu-latest / Python 3.14	UNKNOWN STEP	2026-09-13T17:46:34.4855575Z   ssh-strict: true
Action policy / ubuntu-latest / Python 3.14	UNKNOWN STEP	2026-09-13T17:46:34.4855924Z   ssh-user: git
Action policy / ubuntu-latest / Python 3.14	UNKNOWN STEP	2026-09-13T17:46:34.4856258Z   clean: true
Action policy / ubuntu-latest / Python 3.14	UNKNOWN STEP	2026-09-13T17:46:34.4856611Z   sparse-checkout-cone-mode: true
Action policy / ubuntu-latest / Python 3.14	UNKNOWN STEP	2026-09-13T17:46:34.4857029Z   fetch-depth: 1
Action policy / ubuntu-latest / Python 3.14	UNKNOWN STEP	2026-09-13T17:46:34.4857382Z   fetch-tags: false
Action policy / ubuntu-latest / Python 3.14	UNKNOWN STEP	2026-09-13T17:46:34.4857731Z   show-progress: true
Action policy / ubuntu-latest / Python 3.14	UNKNOWN STEP	2026-09-13T17:46:34.4858084Z   lfs: false
Action policy / ubuntu-latest / Python 3.14	UNKNOWN STEP	2026-09-13T17:46:34.4858423Z   submodules: false
Action policy / ubuntu-latest / Python 3.14	UNKNOWN STEP	2026-09-13T17:46:34.4858808Z   set-safe-directory: true
Action policy / ubuntu-latest / Python 3.14	UNKNOWN STEP	2026-09-13T17:46:34.4859203Z   allow-unsafe-pr-checkout: false
Action policy / ubuntu-latest / Python 3.14	UNKNOWN STEP	2026-09-13T17:46:34.4859829Z env:
Action policy / ubuntu-latest / Python 3.14	UNKNOWN STEP	2026-09-13T17:46:34.4860203Z   CLOUD_TEST_ACCESS: true
Action policy / ubuntu-latest / Python 3.14	UNKNOWN STEP	2026-09-13T17:46:34.4860580Z ##[endgroup]
Action policy / ubuntu-latest / Python 3.14	UNKNOWN STEP	2026-09-13T17:46:34.5740268Z Syncing repository: Waveframe-Labs/Waveframe-Guard
Action policy / ubuntu-latest / Python 3.14	UNKNOWN STEP	2026-09-13T17:46:34.5742456Z ##[group]Getting Git version info
Action policy / ubuntu-latest / Python 3.14	UNKNOWN STEP	2026-09-13T17:46:34.5743384Z Working directory is '/home/runner/work/Waveframe-Guard/Waveframe-Guard'
Action policy / ubuntu-latest / Python 3.14	UNKNOWN STEP	2026-09-13T17:46:34.5744681Z [command]/usr/bin/git version
Action policy / ubuntu-latest / Python 3.14	UNKNOWN STEP	2026-09-13T17:46:34.5804757Z git version 2.55.0
Action policy / ubuntu-latest / Python 3.14	UNKNOWN STEP	2026-09-13T17:46:34.5823521Z ##[endgroup]
Action policy / ubuntu-latest / Python 3.14	UNKNOWN STEP	2026-09-13T17:46:34.5841172Z Temporarily overriding HOME='/home/runner/work/_temp/60739741-9ef5-448d-8f95-047aa684000f' before making global git config changes
Action policy / ubuntu-latest / Python 3.14	UNKNOWN STEP	2026-09-13T17:46:34.5842947Z Adding repository directory to the temporary git global config as a safe directory
Action policy / ubuntu-latest / Python 3.14	UNKNOWN STEP	2026-09-13T17:46:34.5848575Z [command]/usr/bin/git config --global --add safe.directory /home/runner/work/Waveframe-Guard/Waveframe-Guard
Action policy / ubuntu-latest / Python 3.14	UNKNOWN STEP	2026-09-13T17:46:34.5917517Z Deleting the contents of '/home/runner/work/Waveframe-Guard/Waveframe-Guard'
Action policy / ubuntu-latest / Python 3.14	UNKNOWN STEP	2026-09-13T17:46:34.5920880Z ##[group]Determining repository object format
Action policy / ubuntu-latest / Python 3.14	UNKNOWN STEP	2026-09-13T17:46:34.5922596Z ##[endgroup]
Action policy / ubuntu-latest / Python 3.14	UNKNOWN STEP	2026-09-13T17:46:34.5923173Z ##[group]Initializing the repository
Action policy / ubuntu-latest / Python 3.14	UNKNOWN STEP	2026-09-13T17:46:34.5927661Z [command]/usr/bin/git init /home/runner/work/Waveframe-Guard/Waveframe-Guard
Action policy / ubuntu-latest / Python 3.14	UNKNOWN STEP	2026-09-13T17:46:34.6010171Z hint: Using 'master' as the name for the initial branch. This default branch name
Action policy / ubuntu-latest / Python 3.14	UNKNOWN STEP	2026-09-13T17:46:34.6011805Z hint: will change to "main" in Git 3.0. To configure the initial branch name
Action policy / ubuntu-latest / Python 3.14	UNKNOWN STEP	2026-09-13T17:46:34.6013611Z hint: to use in all of your new repositories, which will suppress this warning,
Action policy / ubuntu-latest / Python 3.14	UNKNOWN STEP	2026-09-13T17:46:34.6015025Z hint: call:
Action policy / ubuntu-latest / Python 3.14	UNKNOWN STEP	2026-09-13T17:46:34.6015855Z hint:
Action policy / ubuntu-latest / Python 3.14	UNKNOWN STEP	2026-09-13T17:46:34.6016669Z hint: 	git config --global init.defaultBranch <name>
Action policy / ubuntu-latest / Python 3.14	UNKNOWN STEP	2026-09-13T17:46:34.6017597Z hint:
Action policy / ubuntu-latest / Python 3.14	UNKNOWN STEP	2026-09-13T17:46:34.6018457Z hint: Names commonly chosen instead of 'master' are 'main', 'trunk' and
Action policy / ubuntu-latest / Python 3.14	UNKNOWN STEP	2026-09-13T17:46:34.6019922Z hint: 'development'. The just-created branch can be renamed via this command:
Action policy / ubuntu-latest / Python 3.14	UNKNOWN STEP	2026-09-13T17:46:34.6021252Z hint:
Action policy / ubuntu-latest / Python 3.14	UNKNOWN STEP	2026-09-13T17:46:34.6022093Z hint: 	git branch -m <name>
Action policy / ubuntu-latest / Python 3.14	UNKNOWN STEP	2026-09-13T17:46:34.6022902Z hint:
Action policy / ubuntu-latest / Python 3.14	UNKNOWN STEP	2026-09-13T17:46:34.6023791Z hint: Disable this message with "git config set advice.defaultBranchName false"
Action policy / ubuntu-latest / Python 3.14	UNKNOWN STEP	2026-09-13T17:46:34.6025423Z Initialized empty Git repository in /home/runner/work/Waveframe-Guard/Waveframe-Guard/.git/
Action policy / ubuntu-latest / Python 3.14	UNKNOWN STEP	2026-09-13T17:46:34.6028069Z [command]/usr/bin/git remote add origin https://github.com/Waveframe-Labs/Waveframe-Guard
Action policy / ubuntu-latest / Python 3.14	UNKNOWN STEP	2026-09-13T17:46:34.6079461Z ##[endgroup]
Action policy / ubuntu-latest / Python 3.14	UNKNOWN STEP	2026-09-13T17:46:34.6080473Z ##[group]Disabling automatic garbage collection
Action policy / ubuntu-latest / Python 3.14	UNKNOWN STEP	2026-09-13T17:46:34.6083184Z [command]/usr/bin/git config --local gc.auto 0
Action policy / ubuntu-latest / Python 3.14	UNKNOWN STEP	2026-09-13T17:46:34.6120933Z ##[endgroup]
Action policy / ubuntu-latest / Python 3.14	UNKNOWN STEP	2026-09-13T17:46:34.6123972Z ##[group]Setting up auth
Action policy / ubuntu-latest / Python 3.14	UNKNOWN STEP	2026-09-13T17:46:34.6124744Z Removing SSH command configuration
Action policy / ubuntu-latest / Python 3.14	UNKNOWN STEP	2026-09-13T17:46:34.6127592Z [command]/usr/bin/git config --local --name-only --get-regexp core\.sshCommand
Action policy / ubuntu-latest / Python 3.14	UNKNOWN STEP	2026-09-13T17:46:34.6162146Z [command]/usr/bin/git submodule foreach --recursive sh -c "git config --local --name-only --get-regexp 'core\.sshCommand' && git config --local --unset-all 'core.sshCommand' || :"
Action policy / ubuntu-latest / Python 3.14	UNKNOWN STEP	2026-09-13T17:46:34.6456121Z Removing HTTP extra header
Action policy / ubuntu-latest / Python 3.14	UNKNOWN STEP	2026-09-13T17:46:34.6462575Z [command]/usr/bin/git config --local --name-only --get-regexp http\.https\:\/\/github\.com\/\.extraheader
Action policy / ubuntu-latest / Python 3.14	UNKNOWN STEP	2026-09-13T17:46:34.6503854Z [command]/usr/bin/git submodule foreach --recursive sh -c "git config --local --name-only --get-regexp 'http\.https\:\/\/github\.com\/\.extraheader' && git config --local --unset-all 'http.https://github.com/.extraheader' || :"
Action policy / ubuntu-latest / Python 3.14	UNKNOWN STEP	2026-09-13T17:46:34.6699615Z Removing includeIf entries pointing to credentials config files
Action policy / ubuntu-latest / Python 3.14	UNKNOWN STEP	2026-09-13T17:46:34.6704496Z [command]/usr/bin/git config --local --name-only --get-regexp ^includeIf\.gitdir:
Action policy / ubuntu-latest / Python 3.14	UNKNOWN STEP	2026-09-13T17:46:34.6743446Z [command]/usr/bin/git submodule foreach --recursive git config --local --show-origin --name-only --get-regexp remote.origin.url
Action policy / ubuntu-latest / Python 3.14	UNKNOWN STEP	2026-09-13T17:46:34.6954641Z [command]/usr/bin/git config --file /home/runner/work/_temp/git-credentials-39c0cdde-3d19-4732-9a81-9520dd693d9f.config http.https://github.com/.extraheader AUTHORIZATION: basic ***
Action policy / ubuntu-latest / Python 3.14	UNKNOWN STEP	2026-09-13T17:46:34.6994151Z [command]/usr/bin/git config --local includeIf.gitdir:/home/runner/work/Waveframe-Guard/Waveframe-Guard/.git.path /home/runner/work/_temp/git-credentials-39c0cdde-3d19-4732-9a81-9520dd693d9f.config
Action policy / ubuntu-latest / Python 3.14	UNKNOWN STEP	2026-09-13T17:46:34.7026140Z [command]/usr/bin/git config --local includeIf.gitdir:/home/runner/work/Waveframe-Guard/Waveframe-Guard/.git/worktrees/*.path /home/runner/work/_temp/git-credentials-39c0cdde-3d19-4732-9a81-9520dd693d9f.config
Action policy / ubuntu-latest / Python 3.14	UNKNOWN STEP	2026-09-13T17:46:34.7062567Z [command]/usr/bin/git config --local includeIf.gitdir:/github/workspace/.git.path /github/runner_temp/git-credentials-39c0cdde-3d19-4732-9a81-9520dd693d9f.config
Action policy / ubuntu-latest / Python 3.14	UNKNOWN STEP	2026-09-13T17:46:34.7097958Z [command]/usr/bin/git config --local includeIf.gitdir:/github/workspace/.git/worktrees/*.path /github/runner_temp/git-credentials-39c0cdde-3d19-4732-9a81-9520dd693d9f.config
Action policy / ubuntu-latest / Python 3.14	UNKNOWN STEP	2026-09-13T17:46:34.7126090Z ##[endgroup]
Action policy / ubuntu-latest / Python 3.14	UNKNOWN STEP	2026-09-13T17:46:34.7126719Z ##[group]Fetching the repository
Action policy / ubuntu-latest / Python 3.14	UNKNOWN STEP	2026-09-13T17:46:34.7131561Z [command]/usr/bin/git -c protocol.version=2 fetch --no-tags --prune --no-recurse-submodules --depth=1 origin 0161ef8a52e052d1bc1366cdc93ce13a9bd535ed
Action policy / ubuntu-latest / Python 3.14	UNKNOWN STEP	2026-09-13T17:46:35.6499334Z From https://github.com/Waveframe-Labs/Waveframe-Guard
Action policy / ubuntu-latest / Python 3.14	UNKNOWN STEP	2026-09-13T17:46:35.6500608Z  * branch            0161ef8a52e052d1bc1366cdc93ce13a9bd535ed -> FETCH_HEAD
Action policy / ubuntu-latest / Python 3.14	UNKNOWN STEP	2026-09-13T17:46:35.6506735Z [command]/usr/bin/git rev-parse --verify --quiet 0161ef8a52e052d1bc1366cdc93ce13a9bd535ed^{object}
Action policy / ubuntu-latest / Python 3.14	UNKNOWN STEP	2026-09-13T17:46:35.6537960Z 0161ef8a52e052d1bc1366cdc93ce13a9bd535ed
Action policy / ubuntu-latest / Python 3.14	UNKNOWN STEP	2026-09-13T17:46:35.6548060Z ##[endgroup]
Action policy / ubuntu-latest / Python 3.14	UNKNOWN STEP	2026-09-13T17:46:35.6548748Z ##[group]Determining the checkout info
Action policy / ubuntu-latest / Python 3.14	UNKNOWN STEP	2026-09-13T17:46:35.6549474Z ##[endgroup]
Action policy / ubuntu-latest / Python 3.14	UNKNOWN STEP	2026-09-13T17:46:35.6551500Z [command]/usr/bin/git sparse-checkout disable
Action policy / ubuntu-latest / Python 3.14	UNKNOWN STEP	2026-09-13T17:46:35.6602083Z [command]/usr/bin/git config --local --unset-all extensions.worktreeConfig
Action policy / ubuntu-latest / Python 3.14	UNKNOWN STEP	2026-09-13T17:46:35.6639197Z ##[group]Checking out the ref
Action policy / ubuntu-latest / Python 3.14	UNKNOWN STEP	2026-09-13T17:46:35.6642295Z [command]/usr/bin/git checkout --progress --force 0161ef8a52e052d1bc1366cdc93ce13a9bd535ed
Action policy / ubuntu-latest / Python 3.14	UNKNOWN STEP	2026-09-13T17:46:35.6826384Z Note: switching to '0161ef8a52e052d1bc1366cdc93ce13a9bd535ed'.
Action policy / ubuntu-latest / Python 3.14	UNKNOWN STEP	2026-09-13T17:46:35.6827249Z 
Action policy / ubuntu-latest / Python 3.14	UNKNOWN STEP	2026-09-13T17:46:35.6827783Z You are in 'detached HEAD' state. You can look around, make experimental
Action policy / ubuntu-latest / Python 3.14	UNKNOWN STEP	2026-09-13T17:46:35.6829068Z changes and commit them, and you can discard any commits you make in this
Action policy / ubuntu-latest / Python 3.14	UNKNOWN STEP	2026-09-13T17:46:35.6830216Z state without impacting any branches by switching back to a branch.
Action policy / ubuntu-latest / Python 3.14	UNKNOWN STEP	2026-09-13T17:46:35.6830659Z 
Action policy / ubuntu-latest / Python 3.14	UNKNOWN STEP	2026-09-13T17:46:35.6831170Z If you want to create a new branch to retain commits you create, you may
Action policy / ubuntu-latest / Python 3.14	UNKNOWN STEP	2026-09-13T17:46:35.6831945Z do so (now or later) by using -c with the switch command. Example:
Action policy / ubuntu-latest / Python 3.14	UNKNOWN STEP	2026-09-13T17:46:35.6832370Z 
Action policy / ubuntu-latest / Python 3.14	UNKNOWN STEP	2026-09-13T17:46:35.6832563Z   git switch -c <new-branch-name>
Action policy / ubuntu-latest / Python 3.14	UNKNOWN STEP	2026-09-13T17:46:35.6833023Z 
Action policy / ubuntu-latest / Python 3.14	UNKNOWN STEP	2026-09-13T17:46:35.6833430Z Or undo this operation with:
Action policy / ubuntu-latest / Python 3.14	UNKNOWN STEP	2026-09-13T17:46:35.6833819Z 
Action policy / ubuntu-latest / Python 3.14	UNKNOWN STEP	2026-09-13T17:46:35.6834055Z   git switch -
Action policy / ubuntu-latest / Python 3.14	UNKNOWN STEP	2026-09-13T17:46:35.6834376Z 
Action policy / ubuntu-latest / Python 3.14	UNKNOWN STEP	2026-09-13T17:46:35.6835131Z Turn off this advice by setting config variable advice.detachedHead to false
Action policy / ubuntu-latest / Python 3.14	UNKNOWN STEP	2026-09-13T17:46:35.6835920Z 
Action policy / ubuntu-latest / Python 3.14	UNKNOWN STEP	2026-09-13T17:46:35.6836537Z HEAD is now at 0161ef8 Verify archive digests from both supported pip report formats
Action policy / ubuntu-latest / Python 3.14	UNKNOWN STEP	2026-09-13T17:46:35.6839611Z ##[endgroup]
Action policy / ubuntu-latest / Python 3.14	UNKNOWN STEP	2026-09-13T17:46:35.6885387Z [command]/usr/bin/git log -1 --format=%H
Action policy / ubuntu-latest / Python 3.14	UNKNOWN STEP	2026-09-13T17:46:35.6915786Z 0161ef8a52e052d1bc1366cdc93ce13a9bd535ed
Action policy / ubuntu-latest / Python 3.14	UNKNOWN STEP	2026-09-13T17:46:35.6925357Z ##[group]Removing auth
Action policy / ubuntu-latest / Python 3.14	UNKNOWN STEP	2026-09-13T17:46:35.6926191Z Removing SSH command configuration
Action policy / ubuntu-latest / Python 3.14	UNKNOWN STEP	2026-09-13T17:46:35.6929673Z [command]/usr/bin/git config --local --name-only --get-regexp core\.sshCommand
Action policy / ubuntu-latest / Python 3.14	UNKNOWN STEP	2026-09-13T17:46:35.6965120Z [command]/usr/bin/git submodule foreach --recursive sh -c "git config --local --name-only --get-regexp 'core\.sshCommand' && git config --local --unset-all 'core.sshCommand' || :"
Action policy / ubuntu-latest / Python 3.14	UNKNOWN STEP	2026-09-13T17:46:35.7172579Z Removing HTTP extra header
Action policy / ubuntu-latest / Python 3.14	UNKNOWN STEP	2026-09-13T17:46:35.7174294Z [command]/usr/bin/git config --local --name-only --get-regexp http\.https\:\/\/github\.com\/\.extraheader
Action policy / ubuntu-latest / Python 3.14	UNKNOWN STEP	2026-09-13T17:46:35.7211671Z [command]/usr/bin/git submodule foreach --recursive sh -c "git config --local --name-only --get-regexp 'http\.https\:\/\/github\.com\/\.extraheader' && git config --local --unset-all 'http.https://github.com/.extraheader' || :"
Action policy / ubuntu-latest / Python 3.14	UNKNOWN STEP	2026-09-13T17:46:35.7427135Z Removing includeIf entries pointing to credentials config files
Action policy / ubuntu-latest / Python 3.14	UNKNOWN STEP	2026-09-13T17:46:35.7429077Z [command]/usr/bin/git config --local --name-only --get-regexp ^includeIf\.gitdir:
Action policy / ubuntu-latest / Python 3.14	UNKNOWN STEP	2026-09-13T17:46:35.7464886Z includeif.gitdir:/home/runner/work/Waveframe-Guard/Waveframe-Guard/.git.path
Action policy / ubuntu-latest / Python 3.14	UNKNOWN STEP	2026-09-13T17:46:35.7466834Z includeif.gitdir:/home/runner/work/Waveframe-Guard/Waveframe-Guard/.git/worktrees/*.path
Action policy / ubuntu-latest / Python 3.14	UNKNOWN STEP	2026-09-13T17:46:35.7468417Z includeif.gitdir:/github/workspace/.git.path
Action policy / ubuntu-latest / Python 3.14	UNKNOWN STEP	2026-09-13T17:46:35.7469772Z includeif.gitdir:/github/workspace/.git/worktrees/*.path
Action policy / ubuntu-latest / Python 3.14	UNKNOWN STEP	2026-09-13T17:46:35.7474230Z [command]/usr/bin/git config --local --get-all includeif.gitdir:/home/runner/work/Waveframe-Guard/Waveframe-Guard/.git.path
Action policy / ubuntu-latest / Python 3.14	UNKNOWN STEP	2026-09-13T17:46:35.7501694Z /home/runner/work/_temp/git-credentials-39c0cdde-3d19-4732-9a81-9520dd693d9f.config
Action policy / ubuntu-latest / Python 3.14	UNKNOWN STEP	2026-09-13T17:46:35.7511470Z [command]/usr/bin/git config --local --unset includeif.gitdir:/home/runner/work/Waveframe-Guard/Waveframe-Guard/.git.path \/home\/runner\/work\/_temp\/git\-credentials\-39c0cdde\-3d19\-4732\-9a81\-9520dd693d9f\.config
Action policy / ubuntu-latest / Python 3.14	UNKNOWN STEP	2026-09-13T17:46:35.7554648Z [command]/usr/bin/git config --local --get-all includeif.gitdir:/home/runner/work/Waveframe-Guard/Waveframe-Guard/.git/worktrees/*.path
Action policy / ubuntu-latest / Python 3.14	UNKNOWN STEP	2026-09-13T17:46:35.7590461Z /home/runner/work/_temp/git-credentials-39c0cdde-3d19-4732-9a81-9520dd693d9f.config
Action policy / ubuntu-latest / Python 3.14	UNKNOWN STEP	2026-09-13T17:46:35.7598655Z [command]/usr/bin/git config --local --unset includeif.gitdir:/home/runner/work/Waveframe-Guard/Waveframe-Guard/.git/worktrees/*.path \/home\/runner\/work\/_temp\/git\-credentials\-39c0cdde\-3d19\-4732\-9a81\-9520dd693d9f\.config
Action policy / ubuntu-latest / Python 3.14	UNKNOWN STEP	2026-09-13T17:46:35.7639565Z [command]/usr/bin/git config --local --get-all includeif.gitdir:/github/workspace/.git.path
Action policy / ubuntu-latest / Python 3.14	UNKNOWN STEP	2026-09-13T17:46:35.7670749Z /github/runner_temp/git-credentials-39c0cdde-3d19-4732-9a81-9520dd693d9f.config
Action policy / ubuntu-latest / Python 3.14	UNKNOWN STEP	2026-09-13T17:46:35.7679099Z [command]/usr/bin/git config --local --unset includeif.gitdir:/github/workspace/.git.path \/github\/runner_temp\/git\-credentials\-39c0cdde\-3d19\-4732\-9a81\-9520dd693d9f\.config
Action policy / ubuntu-latest / Python 3.14	UNKNOWN STEP	2026-09-13T17:46:35.7723085Z [command]/usr/bin/git config --local --get-all includeif.gitdir:/github/workspace/.git/worktrees/*.path
Action policy / ubuntu-latest / Python 3.14	UNKNOWN STEP	2026-09-13T17:46:35.7750126Z /github/runner_temp/git-credentials-39c0cdde-3d19-4732-9a81-9520dd693d9f.config
Action policy / ubuntu-latest / Python 3.14	UNKNOWN STEP	2026-09-13T17:46:35.7757744Z [command]/usr/bin/git config --local --unset includeif.gitdir:/github/workspace/.git/worktrees/*.path \/github\/runner_temp\/git\-credentials\-39c0cdde\-3d19\-4732\-9a81\-9520dd693d9f\.config
Action policy / ubuntu-latest / Python 3.14	UNKNOWN STEP	2026-09-13T17:46:35.7794967Z [command]/usr/bin/git submodule foreach --recursive git config --local --show-origin --name-only --get-regexp remote.origin.url
Action policy / ubuntu-latest / Python 3.14	UNKNOWN STEP	2026-09-13T17:46:35.8002656Z Removing credentials config '/home/runner/work/_temp/git-credentials-39c0cdde-3d19-4732-9a81-9520dd693d9f.config'
Action policy / ubuntu-latest / Python 3.14	UNKNOWN STEP	2026-09-13T17:46:35.8007019Z ##[endgroup]
Action policy / ubuntu-latest / Python 3.14	UNKNOWN STEP	2026-09-13T17:46:35.8302771Z ##[group]Run actions/setup-python@ece7cb06caefa5fff74198d8649806c4678c61a1
Action policy / ubuntu-latest / Python 3.14	UNKNOWN STEP	2026-09-13T17:46:35.8303990Z with:
Action policy / ubuntu-latest / Python 3.14	UNKNOWN STEP	2026-09-13T17:46:35.8304594Z   python-version: 3.14
Action policy / ubuntu-latest / Python 3.14	UNKNOWN STEP	2026-09-13T17:46:35.8305292Z   check-latest: false
Action policy / ubuntu-latest / Python 3.14	UNKNOWN STEP	2026-09-13T17:46:35.8312204Z   token: ***
Action policy / ubuntu-latest / Python 3.14	UNKNOWN STEP	2026-09-13T17:46:35.8312874Z   update-environment: true
Action policy / ubuntu-latest / Python 3.14	UNKNOWN STEP	2026-09-13T17:46:35.8313633Z   allow-prereleases: false
Action policy / ubuntu-latest / Python 3.14	UNKNOWN STEP	2026-09-13T17:46:35.8314375Z   freethreaded: false
Action policy / ubuntu-latest / Python 3.14	UNKNOWN STEP	2026-09-13T17:46:35.8315041Z env:
Action policy / ubuntu-latest / Python 3.14	UNKNOWN STEP	2026-09-13T17:46:35.8315634Z   CLOUD_TEST_ACCESS: true
Action policy / ubuntu-latest / Python 3.14	UNKNOWN STEP	2026-09-13T17:46:35.8316345Z ##[endgroup]
Action policy / ubuntu-latest / Python 3.14	UNKNOWN STEP	2026-09-13T17:46:35.9465866Z ##[group]Installed versions
Action policy / ubuntu-latest / Python 3.14	UNKNOWN STEP	2026-09-13T17:46:35.9531485Z Successfully set up CPython (3.14.7)
Action policy / ubuntu-latest / Python 3.14	UNKNOWN STEP	2026-09-13T17:46:35.9533404Z ##[endgroup]
Action policy / ubuntu-latest / Python 3.14	UNKNOWN STEP	2026-09-13T17:46:35.9712819Z ##[group]Run python -c "import pathlib,subprocess; p=pathlib.Path('acceptance-output'); p.mkdir(exist_ok=True); (p/'guard-head.txt').write_bytes(subprocess.check_output(['git','rev-parse','HEAD']))"
Action policy / ubuntu-latest / Python 3.14	UNKNOWN STEP	2026-09-13T17:46:35.9719669Z ^[[36;1mpython -c "import pathlib,subprocess; p=pathlib.Path('acceptance-output'); p.mkdir(exist_ok=True); (p/'guard-head.txt').write_bytes(subprocess.check_output(['git','rev-parse','HEAD']))"^[[0m
Action policy / ubuntu-latest / Python 3.14	UNKNOWN STEP	2026-09-13T17:46:35.9781742Z shell: /usr/bin/bash -e {0}
Action policy / ubuntu-latest / Python 3.14	UNKNOWN STEP	2026-09-13T17:46:35.9782938Z env:
Action policy / ubuntu-latest / Python 3.14	UNKNOWN STEP	2026-09-13T17:46:35.9783826Z   CLOUD_TEST_ACCESS: true
Action policy / ubuntu-latest / Python 3.14	UNKNOWN STEP	2026-09-13T17:46:35.9785098Z   pythonLocation: /opt/hostedtoolcache/Python/3.14.7/x64
Action policy / ubuntu-latest / Python 3.14	UNKNOWN STEP	2026-09-13T17:46:35.9786482Z   PKG_CONFIG_PATH: /opt/hostedtoolcache/Python/3.14.7/x64/lib/pkgconfig
Action policy / ubuntu-latest / Python 3.14	UNKNOWN STEP	2026-09-13T17:46:35.9787790Z   Python_ROOT_DIR: /opt/hostedtoolcache/Python/3.14.7/x64
Action policy / ubuntu-latest / Python 3.14	UNKNOWN STEP	2026-09-13T17:46:35.9788942Z   Python2_ROOT_DIR: /opt/hostedtoolcache/Python/3.14.7/x64
Action policy / ubuntu-latest / Python 3.14	UNKNOWN STEP	2026-09-13T17:46:35.9791336Z   Python3_ROOT_DIR: /opt/hostedtoolcache/Python/3.14.7/x64
Action policy / ubuntu-latest / Python 3.14	UNKNOWN STEP	2026-09-13T17:46:35.9793642Z   LD_LIBRARY_PATH: /opt/hostedtoolcache/Python/3.14.7/x64/lib
Action policy / ubuntu-latest / Python 3.14	UNKNOWN STEP	2026-09-13T17:46:35.9795094Z ##[endgroup]
Action policy / ubuntu-latest / Python 3.14	UNKNOWN STEP	2026-09-13T17:46:36.7256743Z ##[group]Run python -m pip install -e ".[test]" -r .github/requirements/action-policy-release.txt --report acceptance-output/source-install.json
Action policy / ubuntu-latest / Python 3.14	UNKNOWN STEP	2026-09-13T17:46:36.7258039Z ^[[36;1mpython -m pip install -e ".[test]" -r .github/requirements/action-policy-release.txt --report acceptance-output/source-install.json^[[0m
Action policy / ubuntu-latest / Python 3.14	UNKNOWN STEP	2026-09-13T17:46:36.7292475Z shell: /usr/bin/bash -e {0}
Action policy / ubuntu-latest / Python 3.14	UNKNOWN STEP	2026-09-13T17:46:36.7292912Z env:
Action policy / ubuntu-latest / Python 3.14	UNKNOWN STEP	2026-09-13T17:46:36.7293268Z   CLOUD_TEST_ACCESS: true
Action policy / ubuntu-latest / Python 3.14	UNKNOWN STEP	2026-09-13T17:46:36.7293747Z   pythonLocation: /opt/hostedtoolcache/Python/3.14.7/x64
Action policy / ubuntu-latest / Python 3.14	UNKNOWN STEP	2026-09-13T17:46:36.7294333Z   PKG_CONFIG_PATH: /opt/hostedtoolcache/Python/3.14.7/x64/lib/pkgconfig
Action policy / ubuntu-latest / Python 3.14	UNKNOWN STEP	2026-09-13T17:46:36.7294912Z   Python_ROOT_DIR: /opt/hostedtoolcache/Python/3.14.7/x64
Action policy / ubuntu-latest / Python 3.14	UNKNOWN STEP	2026-09-13T17:46:36.7295443Z   Python2_ROOT_DIR: /opt/hostedtoolcache/Python/3.14.7/x64
Action policy / ubuntu-latest / Python 3.14	UNKNOWN STEP	2026-09-13T17:46:36.7295971Z   Python3_ROOT_DIR: /opt/hostedtoolcache/Python/3.14.7/x64
Action policy / ubuntu-latest / Python 3.14	UNKNOWN STEP	2026-09-13T17:46:36.7296581Z   LD_LIBRARY_PATH: /opt/hostedtoolcache/Python/3.14.7/x64/lib
Action policy / ubuntu-latest / Python 3.14	UNKNOWN STEP	2026-09-13T17:46:36.7297049Z ##[endgroup]
Action policy / ubuntu-latest / Python 3.14	UNKNOWN STEP	2026-09-13T17:46:39.0415595Z Obtaining file:///home/runner/work/Waveframe-Guard/Waveframe-Guard
Action policy / ubuntu-latest / Python 3.14	UNKNOWN STEP	2026-09-13T17:46:39.0431965Z   Installing build dependencies: started
Action policy / ubuntu-latest / Python 3.14	UNKNOWN STEP	2026-09-13T17:46:39.9045751Z   Installing build dependencies: finished with status 'done'
Action policy / ubuntu-latest / Python 3.14	UNKNOWN STEP	2026-09-13T17:46:39.9051110Z   Checking if build backend supports build_editable: started
Action policy / ubuntu-latest / Python 3.14	UNKNOWN STEP	2026-09-13T17:46:40.3771607Z   Checking if build backend supports build_editable: finished with status 'done'
Action policy / ubuntu-latest / Python 3.14	UNKNOWN STEP	2026-09-13T17:46:40.3778027Z   Getting requirements to build editable: started
Action policy / ubuntu-latest / Python 3.14	UNKNOWN STEP	2026-09-13T17:46:40.7370874Z   Getting requirements to build editable: finished with status 'done'
Action policy / ubuntu-latest / Python 3.14	UNKNOWN STEP	2026-09-13T17:46:40.7379060Z   Preparing editable metadata (pyproject.toml): started
Action policy / ubuntu-latest / Python 3.14	UNKNOWN STEP	2026-09-13T17:46:40.9322302Z   Preparing editable metadata (pyproject.toml): finished with status 'done'
Action policy / ubuntu-latest / Python 3.14	UNKNOWN STEP	2026-09-13T17:46:40.9372351Z Collecting cricore-contract-compiler @ git+https://github.com/Waveframe-Labs/cricore-contract-compiler.git@ae590dee058d3481e384dea850d5b7d980f533ff (from -r .github/requirements/action-policy-release.txt (line 4))
Action policy / ubuntu-latest / Python 3.14	UNKNOWN STEP	2026-09-13T17:46:40.9374562Z   Cloning https://github.com/Waveframe-Labs/cricore-contract-compiler.git (to revision ae590dee058d3481e384dea850d5b7d980f533ff) to /tmp/pip-install-t3svl559/cricore-contract-compiler_4e9a7cfb78ca43ea9bf5af5671fe5ed7
Action policy / ubuntu-latest / Python 3.14	UNKNOWN STEP	2026-09-13T17:46:40.9393882Z   Running command git clone --filter=blob:none --quiet https://github.com/Waveframe-Labs/cricore-contract-compiler.git /tmp/pip-install-t3svl559/cricore-contract-compiler_4e9a7cfb78ca43ea9bf5af5671fe5ed7
Action policy / ubuntu-latest / Python 3.14	UNKNOWN STEP	2026-09-13T17:46:41.8027405Z   Running command git rev-parse -q --verify 'ae590dee058d3481e384dea850d5b7d980f533ff^{commit}'
Action policy / ubuntu-latest / Python 3.14	UNKNOWN STEP	2026-09-13T17:46:41.8044058Z   ae590dee058d3481e384dea850d5b7d980f533ff
Action policy / ubuntu-latest / Python 3.14	UNKNOWN STEP	2026-09-13T17:46:41.8063059Z   Running command git checkout -q ae590dee058d3481e384dea850d5b7d980f533ff
Action policy / ubuntu-latest / Python 3.14	UNKNOWN STEP	2026-09-13T17:46:42.1654846Z   Resolved https://github.com/Waveframe-Labs/cricore-contract-compiler.git to commit ae590dee058d3481e384dea850d5b7d980f533ff
Action policy / ubuntu-latest / Python 3.14	UNKNOWN STEP	2026-09-13T17:46:42.1686984Z   Installing build dependencies: started
Action policy / ubuntu-latest / Python 3.14	UNKNOWN STEP	2026-09-13T17:46:42.8791951Z   Installing build dependencies: finished with status 'done'
Action policy / ubuntu-latest / Python 3.14	UNKNOWN STEP	2026-09-13T17:46:42.8796472Z   Getting requirements to build wheel: started
Action policy / ubuntu-latest / Python 3.14	UNKNOWN STEP	2026-09-13T17:46:43.5057586Z   Getting requirements to build wheel: finished with status 'done'
Action policy / ubuntu-latest / Python 3.14	UNKNOWN STEP	2026-09-13T17:46:43.5066820Z   Preparing metadata (pyproject.toml): started
Action policy / ubuntu-latest / Python 3.14	UNKNOWN STEP	2026-09-13T17:46:43.7238001Z   Preparing metadata (pyproject.toml): finished with status 'done'
Action policy / ubuntu-latest / Python 3.14	UNKNOWN STEP	2026-09-13T17:46:43.7258761Z Collecting governance-ledger @ git+https://github.com/Waveframe-Labs/Waveframe-Ledger.git@3cc34e7b3cb6efca5102e0e22d559ec0c0fd583f (from -r .github/requirements/action-policy-release.txt (line 5))
Action policy / ubuntu-latest / Python 3.14	UNKNOWN STEP	2026-09-13T17:46:43.7262661Z   Cloning https://github.com/Waveframe-Labs/Waveframe-Ledger.git (to revision 3cc34e7b3cb6efca5102e0e22d559ec0c0fd583f) to /tmp/pip-install-t3svl559/governance-ledger_e33a158ebf2041488d319d13dc4bdc35
Action policy / ubuntu-latest / Python 3.14	UNKNOWN STEP	2026-09-13T17:46:43.7282919Z   Running command git clone --filter=blob:none --quiet https://github.com/Waveframe-Labs/Waveframe-Ledger.git /tmp/pip-install-t3svl559/governance-ledger_e33a158ebf2041488d319d13dc4bdc35
Action policy / ubuntu-latest / Python 3.14	UNKNOWN STEP	2026-09-13T17:46:44.9728113Z   Running command git rev-parse -q --verify '3cc34e7b3cb6efca5102e0e22d559ec0c0fd583f^{commit}'
Action policy / ubuntu-latest / Python 3.14	UNKNOWN STEP	2026-09-13T17:46:44.9748885Z   3cc34e7b3cb6efca5102e0e22d559ec0c0fd583f
Action policy / ubuntu-latest / Python 3.14	UNKNOWN STEP	2026-09-13T17:46:44.9767002Z   Running command git checkout -q 3cc34e7b3cb6efca5102e0e22d559ec0c0fd583f
Action policy / ubuntu-latest / Python 3.14	UNKNOWN STEP	2026-09-13T17:46:45.3417589Z   Resolved https://github.com/Waveframe-Labs/Waveframe-Ledger.git to commit 3cc34e7b3cb6efca5102e0e22d559ec0c0fd583f
Action policy / ubuntu-latest / Python 3.14	UNKNOWN STEP	2026-09-13T17:46:45.3451955Z   Installing build dependencies: started
Action policy / ubuntu-latest / Python 3.14	UNKNOWN STEP	2026-09-13T17:46:45.8654232Z   Installing build dependencies: finished with status 'done'
Action policy / ubuntu-latest / Python 3.14	UNKNOWN STEP	2026-09-13T17:46:45.9448982Z   Getting requirements to build wheel: started
Action policy / ubuntu-latest / Python 3.14	UNKNOWN STEP	2026-09-13T17:46:46.4912772Z   Getting requirements to build wheel: finished with status 'done'
Action policy / ubuntu-latest / Python 3.14	UNKNOWN STEP	2026-09-13T17:46:46.4920375Z   Preparing metadata (pyproject.toml): started
Action policy / ubuntu-latest / Python 3.14	UNKNOWN STEP	2026-09-13T17:46:46.6917747Z   Preparing metadata (pyproject.toml): finished with status 'done'
Action policy / ubuntu-latest / Python 3.14	UNKNOWN STEP	2026-09-13T17:46:46.7420662Z Collecting cricore<0.15.0,>=0.13.0 (from -r .github/requirements/action-policy-release.txt (line 2))
Action policy / ubuntu-latest / Python 3.14	UNKNOWN STEP	2026-09-13T17:46:46.7811759Z   Downloading cricore-0.14.0-py3-none-any.whl.metadata (9.2 kB)
Action policy / ubuntu-latest / Python 3.14	UNKNOWN STEP	2026-09-13T17:46:46.9109599Z Collecting cricore-proposal-normalizer==0.2.0 (from -r .github/requirements/action-policy-release.txt (line 3))
Action policy / ubuntu-latest / Python 3.14	UNKNOWN STEP	2026-09-13T17:46:46.9177057Z   Downloading cricore_proposal_normalizer-0.2.0-py3-none-any.whl.metadata (4.6 kB)
Action policy / ubuntu-latest / Python 3.14	UNKNOWN STEP	2026-09-13T17:46:46.9374836Z Collecting requests<3.0.0,>=2.33.0 (from waveframe-guard==0.19.0)
Action policy / ubuntu-latest / Python 3.14	UNKNOWN STEP	2026-09-13T17:46:46.9403335Z   Downloading requests-2.34.2-py3-none-any.whl.metadata (4.8 kB)
Action policy / ubuntu-latest / Python 3.14	UNKNOWN STEP	2026-09-13T17:46:46.9577735Z Collecting jsonschema>=4 (from cricore-contract-compiler @ git+https://github.com/Waveframe-Labs/cricore-contract-compiler.git@ae590dee058d3481e384dea850d5b7d980f533ff->-r .github/requirements/action-policy-release.txt (line 4))
Action policy / ubuntu-latest / Python 3.14	UNKNOWN STEP	2026-09-13T17:46:46.9611696Z   Downloading jsonschema-4.26.0-py3-none-any.whl.metadata (7.6 kB)
Action policy / ubuntu-latest / Python 3.14	UNKNOWN STEP	2026-09-13T17:46:46.9787333Z Collecting build (from waveframe-guard==0.19.0)
Action policy / ubuntu-latest / Python 3.14	UNKNOWN STEP	2026-09-13T17:46:46.9824685Z   Downloading build-1.6.1-py3-none-any.whl.metadata (5.6 kB)
Action policy / ubuntu-latest / Python 3.14	UNKNOWN STEP	2026-09-13T17:46:47.0134084Z Collecting pytest (from waveframe-guard==0.19.0)
Action policy / ubuntu-latest / Python 3.14	UNKNOWN STEP	2026-09-13T17:46:47.0169618Z   Downloading pytest-9.1.1-py3-none-any.whl.metadata (7.6 kB)
Action policy / ubuntu-latest / Python 3.14	UNKNOWN STEP	2026-09-13T17:46:47.0335083Z Collecting twine (from waveframe-guard==0.19.0)
Action policy / ubuntu-latest / Python 3.14	UNKNOWN STEP	2026-09-13T17:46:47.0366843Z   Downloading twine-7.0.0-py3-none-any.whl.metadata (3.5 kB)
Action policy / ubuntu-latest / Python 3.14	UNKNOWN STEP	2026-09-13T17:46:47.1307997Z Collecting charset_normalizer<4,>=2 (from requests<3.0.0,>=2.33.0->waveframe-guard==0.19.0)
Action policy / ubuntu-latest / Python 3.14	UNKNOWN STEP	2026-09-13T17:46:47.1343994Z   Downloading charset_normalizer-3.5.1-cp314-cp314-manylinux2014_x86_64.manylinux_2_17_x86_64.manylinux_2_28_x86_64.whl.metadata (45 kB)
Action policy / ubuntu-latest / Python 3.14	UNKNOWN STEP	2026-09-13T17:46:47.1515723Z Collecting idna<4,>=2.5 (from requests<3.0.0,>=2.33.0->waveframe-guard==0.19.0)
Action policy / ubuntu-latest / Python 3.14	UNKNOWN STEP	2026-09-13T17:46:47.1551597Z   Downloading idna-3.19-py3-none-any.whl.metadata (9.2 kB)
Action policy / ubuntu-latest / Python 3.14	UNKNOWN STEP	2026-09-13T17:46:47.1718361Z Collecting urllib3<3,>=1.26 (from requests<3.0.0,>=2.33.0->waveframe-guard==0.19.0)
Action policy / ubuntu-latest / Python 3.14	UNKNOWN STEP	2026-09-13T17:46:47.1755870Z   Downloading urllib3-2.7.0-py3-none-any.whl.metadata (6.9 kB)
Action policy / ubuntu-latest / Python 3.14	UNKNOWN STEP	2026-09-13T17:46:47.1913449Z Collecting certifi>=2023.5.7 (from requests<3.0.0,>=2.33.0->waveframe-guard==0.19.0)
Action policy / ubuntu-latest / Python 3.14	UNKNOWN STEP	2026-09-13T17:46:47.1947344Z   Downloading certifi-2026.7.22-py3-none-any.whl.metadata (2.5 kB)
Action policy / ubuntu-latest / Python 3.14	UNKNOWN STEP	2026-09-13T17:46:47.2081595Z Collecting attrs>=22.2.0 (from jsonschema>=4->cricore-contract-compiler @ git+https://github.com/Waveframe-Labs/cricore-contract-compiler.git@ae590dee058d3481e384dea850d5b7d980f533ff->-r .github/requirements/action-policy-release.txt (line 4))
Action policy / ubuntu-latest / Python 3.14	UNKNOWN STEP	2026-09-13T17:46:47.2119164Z   Downloading attrs-26.1.0-py3-none-any.whl.metadata (8.8 kB)
Action policy / ubuntu-latest / Python 3.14	UNKNOWN STEP	2026-09-13T17:46:47.2280813Z Collecting jsonschema-specifications>=2023.03.6 (from jsonschema>=4->cricore-contract-compiler @ git+https://github.com/Waveframe-Labs/cricore-contract-compiler.git@ae590dee058d3481e384dea850d5b7d980f533ff->-r .github/requirements/action-policy-release.txt (line 4))
Action policy / ubuntu-latest / Python 3.14	UNKNOWN STEP	2026-09-13T17:46:47.2318680Z   Downloading jsonschema_specifications-2025.9.1-py3-none-any.whl.metadata (2.9 kB)
Action policy / ubuntu-latest / Python 3.14	UNKNOWN STEP	2026-09-13T17:46:47.2543493Z Collecting referencing>=0.28.4 (from jsonschema>=4->cricore-contract-compiler @ git+https://github.com/Waveframe-Labs/cricore-contract-compiler.git@ae590dee058d3481e384dea850d5b7d980f533ff->-r .github/requirements/action-policy-release.txt (line 4))
Action policy / ubuntu-latest / Python 3.14	UNKNOWN STEP	2026-09-13T17:46:47.2602480Z   Downloading referencing-0.37.0-py3-none-any.whl.metadata (2.8 kB)
Action policy / ubuntu-latest / Python 3.14	UNKNOWN STEP	2026-09-13T17:46:47.4536527Z Collecting rpds-py>=0.25.0 (from jsonschema>=4->cricore-contract-compiler @ git+https://github.com/Waveframe-Labs/cricore-contract-compiler.git@ae590dee058d3481e384dea850d5b7d980f533ff->-r .github/requirements/action-policy-release.txt (line 4))
Action policy / ubuntu-latest / Python 3.14	UNKNOWN STEP	2026-09-13T17:46:47.4570657Z   Downloading rpds_py-2026.6.3-cp314-cp314-manylinux_2_17_x86_64.manylinux2014_x86_64.whl.metadata (4.1 kB)
Action policy / ubuntu-latest / Python 3.14	UNKNOWN STEP	2026-09-13T17:46:47.4940130Z Collecting packaging>=24.0 (from build->waveframe-guard==0.19.0)
Action policy / ubuntu-latest / Python 3.14	UNKNOWN STEP	2026-09-13T17:46:47.4974712Z   Downloading packaging-26.3-py3-none-any.whl.metadata (3.5 kB)
Action policy / ubuntu-latest / Python 3.14	UNKNOWN STEP	2026-09-13T17:46:47.5086159Z Collecting pyproject_hooks (from build->waveframe-guard==0.19.0)
Action policy / ubuntu-latest / Python 3.14	UNKNOWN STEP	2026-09-13T17:46:47.5117277Z   Downloading pyproject_hooks-1.2.0-py3-none-any.whl.metadata (1.3 kB)
Action policy / ubuntu-latest / Python 3.14	UNKNOWN STEP	2026-09-13T17:46:47.5219223Z Collecting iniconfig>=1.0.1 (from pytest->waveframe-guard==0.19.0)
Action policy / ubuntu-latest / Python 3.14	UNKNOWN STEP	2026-09-13T17:46:47.5253382Z   Downloading iniconfig-2.3.0-py3-none-any.whl.metadata (2.5 kB)
Action policy / ubuntu-latest / Python 3.14	UNKNOWN STEP	2026-09-13T17:46:47.5373763Z Collecting pluggy<2,>=1.5 (from pytest->waveframe-guard==0.19.0)
Action policy / ubuntu-latest / Python 3.14	UNKNOWN STEP	2026-09-13T17:46:47.5411280Z   Downloading pluggy-1.6.0-py3-none-any.whl.metadata (4.8 kB)
Action policy / ubuntu-latest / Python 3.14	UNKNOWN STEP	2026-09-13T17:46:47.5556616Z Collecting pygments>=2.7.2 (from pytest->waveframe-guard==0.19.0)
Action policy / ubuntu-latest / Python 3.14	UNKNOWN STEP	2026-09-13T17:46:47.5590483Z   Downloading pygments-2.21.0-py3-none-any.whl.metadata (2.5 kB)
Action policy / ubuntu-latest / Python 3.14	UNKNOWN STEP	2026-09-13T17:46:47.5726742Z Collecting readme-renderer>=35.0 (from twine->waveframe-guard==0.19.0)
Action policy / ubuntu-latest / Python 3.14	UNKNOWN STEP	2026-09-13T17:46:47.5762535Z   Downloading readme_renderer-46.0-py3-none-any.whl.metadata (3.0 kB)
Action policy / ubuntu-latest / Python 3.14	UNKNOWN STEP	2026-09-13T17:46:47.5883006Z Collecting requests-toolbelt!=0.9.0,>=0.8.0 (from twine->waveframe-guard==0.19.0)
Action policy / ubuntu-latest / Python 3.14	UNKNOWN STEP	2026-09-13T17:46:47.5916770Z   Downloading requests_toolbelt-1.0.0-py2.py3-none-any.whl.metadata (14 kB)
Action policy / ubuntu-latest / Python 3.14	UNKNOWN STEP	2026-09-13T17:46:47.6124680Z Collecting keyring>=21.2.0 (from twine->waveframe-guard==0.19.0)
Action policy / ubuntu-latest / Python 3.14	UNKNOWN STEP	2026-09-13T17:46:47.6159878Z   Downloading keyring-25.7.0-py3-none-any.whl.metadata (21 kB)
Action policy / ubuntu-latest / Python 3.14	UNKNOWN STEP	2026-09-13T17:46:47.6280131Z Collecting rfc3986>=1.4.0 (from twine->waveframe-guard==0.19.0)
Action policy / ubuntu-latest / Python 3.14	UNKNOWN STEP	2026-09-13T17:46:47.6309736Z   Downloading rfc3986-2.0.0-py2.py3-none-any.whl.metadata (6.6 kB)
Action policy / ubuntu-latest / Python 3.14	UNKNOWN STEP	2026-09-13T17:46:47.6542561Z Collecting rich>=14.3.3 (from twine->waveframe-guard==0.19.0)
Action policy / ubuntu-latest / Python 3.14	UNKNOWN STEP	2026-09-13T17:46:47.6579159Z   Downloading rich-15.0.0-py3-none-any.whl.metadata (18 kB)
Action policy / ubuntu-latest / Python 3.14	UNKNOWN STEP	2026-09-13T17:46:47.6886696Z Collecting id (from twine->waveframe-guard==0.19.0)
Action policy / ubuntu-latest / Python 3.14	UNKNOWN STEP	2026-09-13T17:46:47.6919184Z   Downloading id-1.6.1-py3-none-any.whl.metadata (5.1 kB)
Action policy / ubuntu-latest / Python 3.14	UNKNOWN STEP	2026-09-13T17:46:47.7043540Z Collecting SecretStorage>=3.2 (from keyring>=21.2.0->twine->waveframe-guard==0.19.0)
Action policy / ubuntu-latest / Python 3.14	UNKNOWN STEP	2026-09-13T17:46:47.7077000Z   Downloading secretstorage-3.5.0-py3-none-any.whl.metadata (4.0 kB)
Action policy / ubuntu-latest / Python 3.14	UNKNOWN STEP	2026-09-13T17:46:47.7180439Z Collecting jeepney>=0.4.2 (from keyring>=21.2.0->twine->waveframe-guard==0.19.0)
Action policy / ubuntu-latest / Python 3.14	UNKNOWN STEP	2026-09-13T17:46:47.7207754Z   Downloading jeepney-0.9.0-py3-none-any.whl.metadata (1.2 kB)
Action policy / ubuntu-latest / Python 3.14	UNKNOWN STEP	2026-09-13T17:46:47.7311477Z Collecting jaraco.classes (from keyring>=21.2.0->twine->waveframe-guard==0.19.0)
Action policy / ubuntu-latest / Python 3.14	UNKNOWN STEP	2026-09-13T17:46:47.7339440Z   Downloading jaraco.classes-3.4.0-py3-none-any.whl.metadata (2.6 kB)
Action policy / ubuntu-latest / Python 3.14	UNKNOWN STEP	2026-09-13T17:46:47.7468573Z Collecting jaraco.functools (from keyring>=21.2.0->twine->waveframe-guard==0.19.0)
Action policy / ubuntu-latest / Python 3.14	UNKNOWN STEP	2026-09-13T17:46:47.7503891Z   Downloading jaraco_functools-4.6.0-py3-none-any.whl.metadata (2.9 kB)
Action policy / ubuntu-latest / Python 3.14	UNKNOWN STEP	2026-09-13T17:46:47.7675930Z Collecting jaraco.context (from keyring>=21.2.0->twine->waveframe-guard==0.19.0)
Action policy / ubuntu-latest / Python 3.14	UNKNOWN STEP	2026-09-13T17:46:47.7708893Z   Downloading jaraco_context-6.1.2-py3-none-any.whl.metadata (4.2 kB)
Action policy / ubuntu-latest / Python 3.14	UNKNOWN STEP	2026-09-13T17:46:47.8021873Z Collecting nh3>=0.2.14 (from readme-renderer>=35.0->twine->waveframe-guard==0.19.0)
Action policy / ubuntu-latest / Python 3.14	UNKNOWN STEP	2026-09-13T17:46:47.8055470Z   Downloading nh3-0.3.7-cp38-abi3-manylinux_2_17_x86_64.manylinux2014_x86_64.whl.metadata (2.0 kB)
Action policy / ubuntu-latest / Python 3.14	UNKNOWN STEP	2026-09-13T17:46:47.9330411Z Collecting docutils>=0.21.2 (from readme-renderer>=35.0->twine->waveframe-guard==0.19.0)
Action policy / ubuntu-latest / Python 3.14	UNKNOWN STEP	2026-09-13T17:46:47.9357680Z   Downloading docutils-0.23-py3-none-any.whl.metadata (15 kB)
Action policy / ubuntu-latest / Python 3.14	UNKNOWN STEP	2026-09-13T17:46:47.9524577Z Collecting markdown-it-py>=2.2.0 (from rich>=14.3.3->twine->waveframe-guard==0.19.0)
Action policy / ubuntu-latest / Python 3.14	UNKNOWN STEP	2026-09-13T17:46:47.9554740Z   Downloading markdown_it_py-4.2.0-py3-none-any.whl.metadata (7.4 kB)
Action policy / ubuntu-latest / Python 3.14	UNKNOWN STEP	2026-09-13T17:46:47.9689290Z Collecting mdurl~=0.1 (from markdown-it-py>=2.2.0->rich>=14.3.3->twine->waveframe-guard==0.19.0)
Action policy / ubuntu-latest / Python 3.14	UNKNOWN STEP	2026-09-13T17:46:47.9725347Z   Downloading mdurl-0.1.2-py3-none-any.whl.metadata (1.6 kB)
Action policy / ubuntu-latest / Python 3.14	UNKNOWN STEP	2026-09-13T17:46:48.2559196Z Collecting cryptography>=2.0 (from SecretStorage>=3.2->keyring>=21.2.0->twine->waveframe-guard==0.19.0)
Action policy / ubuntu-latest / Python 3.14	UNKNOWN STEP	2026-09-13T17:46:48.2592613Z   Downloading cryptography-50.0.1-cp311-abi3-manylinux_2_34_x86_64.whl.metadata (4.3 kB)
Action policy / ubuntu-latest / Python 3.14	UNKNOWN STEP	2026-09-13T17:46:48.3366370Z Collecting cffi>=2.0.0 (from cryptography>=2.0->SecretStorage>=3.2->keyring>=21.2.0->twine->waveframe-guard==0.19.0)
Action policy / ubuntu-latest / Python 3.14	UNKNOWN STEP	2026-09-13T17:46:48.3399490Z   Downloading cffi-2.1.1-cp314-cp314-manylinux2014_x86_64.manylinux_2_17_x86_64.whl.metadata (2.5 kB)
Action policy / ubuntu-latest / Python 3.14	UNKNOWN STEP	2026-09-13T17:46:48.3508737Z Collecting pycparser (from cffi>=2.0.0->cryptography>=2.0->SecretStorage>=3.2->keyring>=21.2.0->twine->waveframe-guard==0.19.0)
Action policy / ubuntu-latest / Python 3.14	UNKNOWN STEP	2026-09-13T17:46:48.3539162Z   Downloading pycparser-3.0-py3-none-any.whl.metadata (8.2 kB)
Action policy / ubuntu-latest / Python 3.14	UNKNOWN STEP	2026-09-13T17:46:48.5417996Z Collecting more-itertools (from jaraco.classes->keyring>=21.2.0->twine->waveframe-guard==0.19.0)
Action policy / ubuntu-latest / Python 3.14	UNKNOWN STEP	2026-09-13T17:46:48.5449185Z   Downloading more_itertools-11.1.0-py3-none-any.whl.metadata (41 kB)
Action policy / ubuntu-latest / Python 3.14	UNKNOWN STEP	2026-09-13T17:46:48.5652062Z Downloading cricore_proposal_normalizer-0.2.0-py3-none-any.whl (10 kB)
Action policy / ubuntu-latest / Python 3.14	UNKNOWN STEP	2026-09-13T17:46:48.5714350Z Downloading cricore-0.14.0-py3-none-any.whl (45 kB)
Action policy / ubuntu-latest / Python 3.14	UNKNOWN STEP	2026-09-13T17:46:48.5787557Z Downloading requests-2.34.2-py3-none-any.whl (73 kB)
Action policy / ubuntu-latest / Python 3.14	UNKNOWN STEP	2026-09-13T17:46:48.5849419Z Downloading charset_normalizer-3.5.1-cp314-cp314-manylinux2014_x86_64.manylinux_2_17_x86_64.manylinux_2_28_x86_64.whl (251 kB)
Action policy / ubuntu-latest / Python 3.14	UNKNOWN STEP	2026-09-13T17:46:48.5931266Z Downloading idna-3.19-py3-none-any.whl (68 kB)
Action policy / ubuntu-latest / Python 3.14	UNKNOWN STEP	2026-09-13T17:46:48.5988401Z Downloading urllib3-2.7.0-py3-none-any.whl (131 kB)
Action policy / ubuntu-latest / Python 3.14	UNKNOWN STEP	2026-09-13T17:46:48.6047575Z Downloading certifi-2026.7.22-py3-none-any.whl (136 kB)
Action policy / ubuntu-latest / Python 3.14	UNKNOWN STEP	2026-09-13T17:46:48.6104228Z Downloading jsonschema-4.26.0-py3-none-any.whl (90 kB)
Action policy / ubuntu-latest / Python 3.14	UNKNOWN STEP	2026-09-13T17:46:48.6161621Z Downloading attrs-26.1.0-py3-none-any.whl (67 kB)
Action policy / ubuntu-latest / Python 3.14	UNKNOWN STEP	2026-09-13T17:46:48.6216030Z Downloading jsonschema_specifications-2025.9.1-py3-none-any.whl (18 kB)
Action policy / ubuntu-latest / Python 3.14	UNKNOWN STEP	2026-09-13T17:46:48.6273825Z Downloading referencing-0.37.0-py3-none-any.whl (26 kB)
Action policy / ubuntu-latest / Python 3.14	UNKNOWN STEP	2026-09-13T17:46:48.6335807Z Downloading rpds_py-2026.6.3-cp314-cp314-manylinux_2_17_x86_64.manylinux2014_x86_64.whl (367 kB)
Action policy / ubuntu-latest / Python 3.14	UNKNOWN STEP	2026-09-13T17:46:48.7679566Z Downloading build-1.6.1-py3-none-any.whl (31 kB)
Action policy / ubuntu-latest / Python 3.14	UNKNOWN STEP	2026-09-13T17:46:48.7739355Z Downloading packaging-26.3-py3-none-any.whl (129 kB)
Action policy / ubuntu-latest / Python 3.14	UNKNOWN STEP	2026-09-13T17:46:48.7804034Z Downloading pyproject_hooks-1.2.0-py3-none-any.whl (10 kB)
Action policy / ubuntu-latest / Python 3.14	UNKNOWN STEP	2026-09-13T17:46:48.8106683Z Downloading pytest-9.1.1-py3-none-any.whl (386 kB)
Action policy / ubuntu-latest / Python 3.14	UNKNOWN STEP	2026-09-13T17:46:48.8196303Z Downloading pluggy-1.6.0-py3-none-any.whl (20 kB)
Action policy / ubuntu-latest / Python 3.14	UNKNOWN STEP	2026-09-13T17:46:48.8248092Z Downloading iniconfig-2.3.0-py3-none-any.whl (7.5 kB)
Action policy / ubuntu-latest / Python 3.14	UNKNOWN STEP	2026-09-13T17:46:48.8334644Z Downloading pygments-2.21.0-py3-none-any.whl (1.3 MB)
Action policy / ubuntu-latest / Python 3.14	UNKNOWN STEP	2026-09-13T17:46:48.8506695Z    ━━━━━━━━━━━━━━━━━━━━━━━━━━━━━━━━━━━━━━━━ 1.3/1.3 MB 74.6 MB/s  0:00:00
Action policy / ubuntu-latest / Python 3.14	UNKNOWN STEP	2026-09-13T17:46:48.8556629Z Downloading twine-7.0.0-py3-none-any.whl (43 kB)
Action policy / ubuntu-latest / Python 3.14	UNKNOWN STEP	2026-09-13T17:46:48.8637150Z Downloading keyring-25.7.0-py3-none-any.whl (39 kB)
Action policy / ubuntu-latest / Python 3.14	UNKNOWN STEP	2026-09-13T17:46:48.8694439Z Downloading jeepney-0.9.0-py3-none-any.whl (49 kB)
Action policy / ubuntu-latest / Python 3.14	UNKNOWN STEP	2026-09-13T17:46:48.8744716Z Downloading readme_renderer-46.0-py3-none-any.whl (14 kB)
Action policy / ubuntu-latest / Python 3.14	UNKNOWN STEP	2026-09-13T17:46:48.8795290Z Downloading docutils-0.23-py3-none-any.whl (634 kB)
Action policy / ubuntu-latest / Python 3.14	UNKNOWN STEP	2026-09-13T17:46:48.8867149Z    ━━━━━━━━━━━━━━━━━━━━━━━━━━━━━━━━━━━━━━━━ 634.7/634.7 kB 71.8 MB/s  0:00:00
Action policy / ubuntu-latest / Python 3.14	UNKNOWN STEP	2026-09-13T17:46:48.8903202Z Downloading nh3-0.3.7-cp38-abi3-manylinux_2_17_x86_64.manylinux2014_x86_64.whl (832 kB)
Action policy / ubuntu-latest / Python 3.14	UNKNOWN STEP	2026-09-13T17:46:48.9023702Z    ━━━━━━━━━━━━━━━━━━━━━━━━━━━━━━━━━━━━━━━━ 832.2/832.2 kB 64.6 MB/s  0:00:00
Action policy / ubuntu-latest / Python 3.14	UNKNOWN STEP	2026-09-13T17:46:48.9086696Z Downloading requests_toolbelt-1.0.0-py2.py3-none-any.whl (54 kB)
Action policy / ubuntu-latest / Python 3.14	UNKNOWN STEP	2026-09-13T17:46:48.9147386Z Downloading rfc3986-2.0.0-py2.py3-none-any.whl (31 kB)
Action policy / ubuntu-latest / Python 3.14	UNKNOWN STEP	2026-09-13T17:46:48.9208414Z Downloading rich-15.0.0-py3-none-any.whl (310 kB)
Action policy / ubuntu-latest / Python 3.14	UNKNOWN STEP	2026-09-13T17:46:48.9289170Z Downloading markdown_it_py-4.2.0-py3-none-any.whl (91 kB)
Action policy / ubuntu-latest / Python 3.14	UNKNOWN STEP	2026-09-13T17:46:48.9355605Z Downloading mdurl-0.1.2-py3-none-any.whl (10.0 kB)
Action policy / ubuntu-latest / Python 3.14	UNKNOWN STEP	2026-09-13T17:46:48.9415852Z Downloading secretstorage-3.5.0-py3-none-any.whl (15 kB)
Action policy / ubuntu-latest / Python 3.14	UNKNOWN STEP	2026-09-13T17:46:48.9473442Z Downloading cryptography-50.0.1-cp311-abi3-manylinux_2_34_x86_64.whl (4.7 MB)
Action policy / ubuntu-latest / Python 3.14	UNKNOWN STEP	2026-09-13T17:46:49.0349409Z    ━━━━━━━━━━━━━━━━━━━━━━━━━━━━━━━━━━━━━━━━ 4.7/4.7 MB 52.5 MB/s  0:00:00
Action policy / ubuntu-latest / Python 3.14	UNKNOWN STEP	2026-09-13T17:46:49.0384966Z Downloading cffi-2.1.1-cp314-cp314-manylinux2014_x86_64.manylinux_2_17_x86_64.whl (221 kB)
Action policy / ubuntu-latest / Python 3.14	UNKNOWN STEP	2026-09-13T17:46:49.0451326Z Downloading id-1.6.1-py3-none-any.whl (14 kB)
Action policy / ubuntu-latest / Python 3.14	UNKNOWN STEP	2026-09-13T17:46:49.0528887Z Downloading jaraco.classes-3.4.0-py3-none-any.whl (6.8 kB)
Action policy / ubuntu-latest / Python 3.14	UNKNOWN STEP	2026-09-13T17:46:49.0779917Z Downloading jaraco_context-6.1.2-py3-none-any.whl (7.9 kB)
Action policy / ubuntu-latest / Python 3.14	UNKNOWN STEP	2026-09-13T17:46:49.0947665Z Downloading jaraco_functools-4.6.0-py3-none-any.whl (11 kB)
Action policy / ubuntu-latest / Python 3.14	UNKNOWN STEP	2026-09-13T17:46:49.1172636Z Downloading more_itertools-11.1.0-py3-none-any.whl (72 kB)
Action policy / ubuntu-latest / Python 3.14	UNKNOWN STEP	2026-09-13T17:46:49.1228175Z Downloading pycparser-3.0-py3-none-any.whl (48 kB)
Action policy / ubuntu-latest / Python 3.14	UNKNOWN STEP	2026-09-13T17:46:49.1978163Z Building wheels for collected packages: waveframe-guard, governance-ledger, cricore-contract-compiler
Action policy / ubuntu-latest / Python 3.14	UNKNOWN STEP	2026-09-13T17:46:49.1985533Z   Building editable for waveframe-guard (pyproject.toml): started
Action policy / ubuntu-latest / Python 3.14	UNKNOWN STEP	2026-09-13T17:46:49.4229500Z   Building editable for waveframe-guard (pyproject.toml): finished with status 'done'
Action policy / ubuntu-latest / Python 3.14	UNKNOWN STEP	2026-09-13T17:46:49.4234805Z   Created wheel for waveframe-guard: filename=waveframe_guard-0.19.0-0.editable-py3-none-any.whl size=16133 sha256=3770af65459e1b55ef692af697dde08911d21abe2ab0c939cc3785608b8dd74e
Action policy / ubuntu-latest / Python 3.14	UNKNOWN STEP	2026-09-13T17:46:49.4236132Z   Stored in directory: /tmp/pip-ephem-wheel-cache-kb249j0w/wheels/5f/f6/80/51e444adee164aff6e4ed253daee165812156f36bfc202767a
Action policy / ubuntu-latest / Python 3.14	UNKNOWN STEP	2026-09-13T17:46:49.4301333Z   Building wheel for governance-ledger (pyproject.toml): started
Action policy / ubuntu-latest / Python 3.14	UNKNOWN STEP	2026-09-13T17:46:49.7129982Z   Building wheel for governance-ledger (pyproject.toml): finished with status 'done'
Action policy / ubuntu-latest / Python 3.14	UNKNOWN STEP	2026-09-13T17:46:49.7136461Z   Created wheel for governance-ledger: filename=governance_ledger-0.9.0-py3-none-any.whl size=188908 sha256=4ca5fffa9486f7701d062d6fd4585117c1332c18efe07b1e909a317a5615031e
Action policy / ubuntu-latest / Python 3.14	UNKNOWN STEP	2026-09-13T17:46:49.7137929Z   Stored in directory: /home/runner/.cache/pip/wheels/59/51/8c/3def993a00f5890b09d0b8e6d76924094c3941cefc346798b0
Action policy / ubuntu-latest / Python 3.14	UNKNOWN STEP	2026-09-13T17:46:49.7201726Z   Building wheel for cricore-contract-compiler (pyproject.toml): started
Action policy / ubuntu-latest / Python 3.14	UNKNOWN STEP	2026-09-13T17:46:49.9503497Z   Building wheel for cricore-contract-compiler (pyproject.toml): finished with status 'done'
Action policy / ubuntu-latest / Python 3.14	UNKNOWN STEP	2026-09-13T17:46:49.9507867Z   Created wheel for cricore-contract-compiler: filename=cricore_contract_compiler-0.5.0-py3-none-any.whl size=20193 sha256=e5d4166fdbdb7c3df74a0fd18a05280e269a64c96e2ea05639aa50ce05d2014a
Action policy / ubuntu-latest / Python 3.14	UNKNOWN STEP	2026-09-13T17:46:49.9508883Z   Stored in directory: /home/runner/.cache/pip/wheels/27/dc/ec/2555173cd74cc6969656d3509b964a87fcb37f377cb5096957
Action policy / ubuntu-latest / Python 3.14	UNKNOWN STEP	2026-09-13T17:46:49.9528464Z Successfully built waveframe-guard governance-ledger cricore-contract-compiler
Action policy / ubuntu-latest / Python 3.14	UNKNOWN STEP	2026-09-13T17:46:50.0093254Z Installing collected packages: urllib3, rpds-py, rfc3986, pyproject_hooks, pygments, pycparser, pluggy, packaging, nh3, more-itertools, mdurl, jeepney, jaraco.context, iniconfig, idna, docutils, cricore-proposal-normalizer, cricore, charset_normalizer, certifi, attrs, requests, referencing, readme-renderer, pytest, markdown-it-py, jaraco.functools, jaraco.classes, id, cffi, build, rich, requests-toolbelt, jsonschema-specifications, cryptography, SecretStorage, jsonschema, keyring, cricore-contract-compiler, twine, governance-ledger, waveframe-guard
Action policy / ubuntu-latest / Python 3.14	UNKNOWN STEP	2026-09-13T17:46:54.5975476Z 
Action policy / ubuntu-latest / Python 3.14	UNKNOWN STEP	2026-09-13T17:46:54.6006666Z Successfully installed SecretStorage-3.5.0 attrs-26.1.0 build-1.6.1 certifi-2026.7.22 cffi-2.1.1 charset_normalizer-3.5.1 cricore-0.14.0 cricore-contract-compiler-0.5.0 cricore-proposal-normalizer-0.2.0 cryptography-50.0.1 docutils-0.23 governance-ledger-0.9.0 id-1.6.1 idna-3.19 iniconfig-2.3.0 jaraco.classes-3.4.0 jaraco.context-6.1.2 jaraco.functools-4.6.0 jeepney-0.9.0 jsonschema-4.26.0 jsonschema-specifications-2025.9.1 keyring-25.7.0 markdown-it-py-4.2.0 mdurl-0.1.2 more-itertools-11.1.0 nh3-0.3.7 packaging-26.3 pluggy-1.6.0 pycparser-3.0 pygments-2.21.0 pyproject_hooks-1.2.0 pytest-9.1.1 readme-renderer-46.0 referencing-0.37.0 requests-2.34.2 requests-toolbelt-1.0.0 rfc3986-2.0.0 rich-15.0.0 rpds-py-2026.6.3 twine-7.0.0 urllib3-2.7.0 waveframe-guard-0.19.0
Action policy / ubuntu-latest / Python 3.14	UNKNOWN STEP	2026-09-13T17:46:54.8274509Z ##[group]Run python -m pip check
Action policy / ubuntu-latest / Python 3.14	UNKNOWN STEP	2026-09-13T17:46:54.8274789Z ^[[36;1mpython -m pip check^[[0m
Action policy / ubuntu-latest / Python 3.14	UNKNOWN STEP	2026-09-13T17:46:54.8308858Z shell: /usr/bin/bash -e {0}
Action policy / ubuntu-latest / Python 3.14	UNKNOWN STEP	2026-09-13T17:46:54.8309071Z env:
Action policy / ubuntu-latest / Python 3.14	UNKNOWN STEP	2026-09-13T17:46:54.8309247Z   CLOUD_TEST_ACCESS: true
Action policy / ubuntu-latest / Python 3.14	UNKNOWN STEP	2026-09-13T17:46:54.8309508Z   pythonLocation: /opt/hostedtoolcache/Python/3.14.7/x64
Action policy / ubuntu-latest / Python 3.14	UNKNOWN STEP	2026-09-13T17:46:54.8309874Z   PKG_CONFIG_PATH: /opt/hostedtoolcache/Python/3.14.7/x64/lib/pkgconfig
Action policy / ubuntu-latest / Python 3.14	UNKNOWN STEP	2026-09-13T17:46:54.8310211Z   Python_ROOT_DIR: /opt/hostedtoolcache/Python/3.14.7/x64
Action policy / ubuntu-latest / Python 3.14	UNKNOWN STEP	2026-09-13T17:46:54.8310523Z   Python2_ROOT_DIR: /opt/hostedtoolcache/Python/3.14.7/x64
Action policy / ubuntu-latest / Python 3.14	UNKNOWN STEP	2026-09-13T17:46:54.8310822Z   Python3_ROOT_DIR: /opt/hostedtoolcache/Python/3.14.7/x64
Action policy / ubuntu-latest / Python 3.14	UNKNOWN STEP	2026-09-13T17:46:54.8311329Z   LD_LIBRARY_PATH: /opt/hostedtoolcache/Python/3.14.7/x64/lib
Action policy / ubuntu-latest / Python 3.14	UNKNOWN STEP	2026-09-13T17:46:54.8311721Z ##[endgroup]
Action policy / ubuntu-latest / Python 3.14	UNKNOWN STEP	2026-09-13T17:46:55.0342162Z No broken requirements found.
Action policy / ubuntu-latest / Python 3.14	UNKNOWN STEP	2026-09-13T17:46:55.0744358Z ##[group]Run python -m pytest -q --junitxml=acceptance-output/default.xml
Action policy / ubuntu-latest / Python 3.14	UNKNOWN STEP	2026-09-13T17:46:55.0744819Z ^[[36;1mpython -m pytest -q --junitxml=acceptance-output/default.xml^[[0m
Action policy / ubuntu-latest / Python 3.14	UNKNOWN STEP	2026-09-13T17:46:55.0779443Z shell: /usr/bin/bash -e {0}
Action policy / ubuntu-latest / Python 3.14	UNKNOWN STEP	2026-09-13T17:46:55.0779659Z env:
Action policy / ubuntu-latest / Python 3.14	UNKNOWN STEP	2026-09-13T17:46:55.0779830Z   CLOUD_TEST_ACCESS: true
Action policy / ubuntu-latest / Python 3.14	UNKNOWN STEP	2026-09-13T17:46:55.0780081Z   pythonLocation: /opt/hostedtoolcache/Python/3.14.7/x64
Action policy / ubuntu-latest / Python 3.14	UNKNOWN STEP	2026-09-13T17:46:55.0780434Z   PKG_CONFIG_PATH: /opt/hostedtoolcache/Python/3.14.7/x64/lib/pkgconfig
Action policy / ubuntu-latest / Python 3.14	UNKNOWN STEP	2026-09-13T17:46:55.0780768Z   Python_ROOT_DIR: /opt/hostedtoolcache/Python/3.14.7/x64
Action policy / ubuntu-latest / Python 3.14	UNKNOWN STEP	2026-09-13T17:46:55.0781211Z   Python2_ROOT_DIR: /opt/hostedtoolcache/Python/3.14.7/x64
Action policy / ubuntu-latest / Python 3.14	UNKNOWN STEP	2026-09-13T17:46:55.0781508Z   Python3_ROOT_DIR: /opt/hostedtoolcache/Python/3.14.7/x64
Action policy / ubuntu-latest / Python 3.14	UNKNOWN STEP	2026-09-13T17:46:55.0781806Z   LD_LIBRARY_PATH: /opt/hostedtoolcache/Python/3.14.7/x64/lib
Action policy / ubuntu-latest / Python 3.14	UNKNOWN STEP	2026-09-13T17:46:55.0782074Z ##[endgroup]
Action policy / ubuntu-latest / Python 3.14	UNKNOWN STEP	2026-09-13T17:47:01.7587472Z ...s.ssssssssss..........s.s.s.sssss....s.ssss....sssssssss.........s.s. [  4%]
Action policy / ubuntu-latest / Python 3.14	UNKNOWN STEP	2026-09-13T17:47:02.0973976Z s.s.s..sssss.....s.ss................................................... [  9%]
Action policy / ubuntu-latest / Python 3.14	UNKNOWN STEP	2026-09-13T17:47:08.4015307Z ........................................................................ [ 13%]
Action policy / ubuntu-latest / Python 3.14	UNKNOWN STEP	2026-09-13T17:47:20.7108862Z ..................................sssssssssssssssss.................ssss [ 18%]
Action policy / ubuntu-latest / Python 3.14	UNKNOWN STEP	2026-09-13T17:47:23.7843348Z ssssssssssss................s........................................... [ 22%]
Action policy / ubuntu-latest / Python 3.14	UNKNOWN STEP	2026-09-13T17:47:26.7521206Z ........................................................................ [ 27%]
Action policy / ubuntu-latest / Python 3.14	UNKNOWN STEP	2026-09-13T17:47:28.6276394Z ........................................................................ [ 32%]
Action policy / ubuntu-latest / Python 3.14	UNKNOWN STEP	2026-09-13T17:47:33.3182272Z ........................................................................ [ 36%]
Action policy / ubuntu-latest / Python 3.14	UNKNOWN STEP	2026-09-13T17:47:34.9980226Z ........................................................................ [ 41%]
Action policy / ubuntu-latest / Python 3.14	UNKNOWN STEP	2026-09-13T17:47:35.1340936Z ........................................................................ [ 45%]
Action policy / ubuntu-latest / Python 3.14	UNKNOWN STEP	2026-09-13T17:47:35.1857802Z ........................................................................ [ 50%]
Action policy / ubuntu-latest / Python 3.14	UNKNOWN STEP	2026-09-13T17:47:35.6618742Z ........................................................................ [ 55%]
Action policy / ubuntu-latest / Python 3.14	UNKNOWN STEP	2026-09-13T17:47:35.7103701Z ........................................................................ [ 59%]
Action policy / ubuntu-latest / Python 3.14	UNKNOWN STEP	2026-09-13T17:47:37.0248940Z ........................................................................ [ 64%]
Action policy / ubuntu-latest / Python 3.14	UNKNOWN STEP	2026-09-13T17:47:53.5548776Z ....ssssssssss..........sssssssss.........ssssssssssssssssssss.......... [ 68%]
Action policy / ubuntu-latest / Python 3.14	UNKNOWN STEP	2026-09-13T17:48:09.8512656Z ............ssssssssssss...........s.s.sssss.s.......................... [ 73%]
Action policy / ubuntu-latest / Python 3.14	UNKNOWN STEP	2026-09-13T17:48:11.2852315Z ........................................................................ [ 78%]
Action policy / ubuntu-latest / Python 3.14	UNKNOWN STEP	2026-09-13T17:48:12.9460650Z ........................................................................ [ 82%]
Action policy / ubuntu-latest / Python 3.14	UNKNOWN STEP	2026-09-13T17:48:13.1229624Z .....................................................................s.. [ 87%]
Action policy / ubuntu-latest / Python 3.14	UNKNOWN STEP	2026-09-13T17:48:13.3133465Z ..ss........ss..s.....s................................................. [ 91%]
Action policy / ubuntu-latest / Python 3.14	UNKNOWN STEP	2026-09-13T17:48:13.5930360Z ........................................................................ [ 96%]
Action policy / ubuntu-latest / Python 3.14	UNKNOWN STEP	2026-09-13T17:48:13.8278344Z ........................................................                 [100%]
Action policy / ubuntu-latest / Python 3.14	UNKNOWN STEP	2026-09-13T17:48:13.8278856Z 1422 passed, 146 skipped in 75.90s (0:01:15)
Action policy / ubuntu-latest / Python 3.14	UNKNOWN STEP	2026-09-13T17:48:13.9830760Z ##[group]Run python -c "from pathlib import Path; from tools.acceptance.release_catalog_package import summarize; summarize(Path('acceptance-output/default.xml'))"
Action policy / ubuntu-latest / Python 3.14	UNKNOWN STEP	2026-09-13T17:48:13.9831826Z ^[[36;1mpython -c "from pathlib import Path; from tools.acceptance.release_catalog_package import summarize; summarize(Path('acceptance-output/default.xml'))"^[[0m
Action policy / ubuntu-latest / Python 3.14	UNKNOWN STEP	2026-09-13T17:48:13.9864545Z shell: /usr/bin/bash -e {0}
Action policy / ubuntu-latest / Python 3.14	UNKNOWN STEP	2026-09-13T17:48:13.9864760Z env:
Action policy / ubuntu-latest / Python 3.14	UNKNOWN STEP	2026-09-13T17:48:13.9864931Z   CLOUD_TEST_ACCESS: true
Action policy / ubuntu-latest / Python 3.14	UNKNOWN STEP	2026-09-13T17:48:13.9865189Z   pythonLocation: /opt/hostedtoolcache/Python/3.14.7/x64
Action policy / ubuntu-latest / Python 3.14	UNKNOWN STEP	2026-09-13T17:48:13.9865533Z   PKG_CONFIG_PATH: /opt/hostedtoolcache/Python/3.14.7/x64/lib/pkgconfig
Action policy / ubuntu-latest / Python 3.14	UNKNOWN STEP	2026-09-13T17:48:13.9865880Z   Python_ROOT_DIR: /opt/hostedtoolcache/Python/3.14.7/x64
Action policy / ubuntu-latest / Python 3.14	UNKNOWN STEP	2026-09-13T17:48:13.9866177Z   Python2_ROOT_DIR: /opt/hostedtoolcache/Python/3.14.7/x64
Action policy / ubuntu-latest / Python 3.14	UNKNOWN STEP	2026-09-13T17:48:13.9866472Z   Python3_ROOT_DIR: /opt/hostedtoolcache/Python/3.14.7/x64
Action policy / ubuntu-latest / Python 3.14	UNKNOWN STEP	2026-09-13T17:48:13.9866813Z   LD_LIBRARY_PATH: /opt/hostedtoolcache/Python/3.14.7/x64/lib
Action policy / ubuntu-latest / Python 3.14	UNKNOWN STEP	2026-09-13T17:48:13.9867092Z ##[endgroup]
Action policy / ubuntu-latest / Python 3.14	UNKNOWN STEP	2026-09-13T17:48:14.0662459Z ##[group]Run python -m pytest -q --junitxml=acceptance-output/development.xml
Action policy / ubuntu-latest / Python 3.14	UNKNOWN STEP	2026-09-13T17:48:14.0662905Z ^[[36;1mpython -m pytest -q --junitxml=acceptance-output/development.xml^[[0m
Action policy / ubuntu-latest / Python 3.14	UNKNOWN STEP	2026-09-13T17:48:14.0695401Z shell: /usr/bin/bash -e {0}
Action policy / ubuntu-latest / Python 3.14	UNKNOWN STEP	2026-09-13T17:48:14.0695613Z env:
Action policy / ubuntu-latest / Python 3.14	UNKNOWN STEP	2026-09-13T17:48:14.0695787Z   CLOUD_TEST_ACCESS: true
Action policy / ubuntu-latest / Python 3.14	UNKNOWN STEP	2026-09-13T17:48:14.0696040Z   pythonLocation: /opt/hostedtoolcache/Python/3.14.7/x64
Action policy / ubuntu-latest / Python 3.14	UNKNOWN STEP	2026-09-13T17:48:14.0696406Z   PKG_CONFIG_PATH: /opt/hostedtoolcache/Python/3.14.7/x64/lib/pkgconfig
Action policy / ubuntu-latest / Python 3.14	UNKNOWN STEP	2026-09-13T17:48:14.0696739Z   Python_ROOT_DIR: /opt/hostedtoolcache/Python/3.14.7/x64
Action policy / ubuntu-latest / Python 3.14	UNKNOWN STEP	2026-09-13T17:48:14.0697055Z   Python2_ROOT_DIR: /opt/hostedtoolcache/Python/3.14.7/x64
Action policy / ubuntu-latest / Python 3.14	UNKNOWN STEP	2026-09-13T17:48:14.0697348Z   Python3_ROOT_DIR: /opt/hostedtoolcache/Python/3.14.7/x64
Action policy / ubuntu-latest / Python 3.14	UNKNOWN STEP	2026-09-13T17:48:14.0697646Z   LD_LIBRARY_PATH: /opt/hostedtoolcache/Python/3.14.7/x64/lib
Action policy / ubuntu-latest / Python 3.14	UNKNOWN STEP	2026-09-13T17:48:14.0697926Z   WAVEFRAME_GUARD_ACTION_POLICY_DEV: 1
Action policy / ubuntu-latest / Python 3.14	UNKNOWN STEP	2026-09-13T17:48:14.0698184Z   WAVEFRAME_LEDGER_ACTION_POLICY_DEV: 1
Action policy / ubuntu-latest / Python 3.14	UNKNOWN STEP	2026-09-13T17:48:14.0698399Z ##[endgroup]
Action policy / ubuntu-latest / Python 3.14	UNKNOWN STEP	2026-09-13T17:48:17.9010719Z ........................................................................ [  4%]
Action policy / ubuntu-latest / Python 3.14	UNKNOWN STEP	2026-09-13T17:48:18.5735076Z ........................................................................ [  9%]
Action policy / ubuntu-latest / Python 3.14	UNKNOWN STEP	2026-09-13T17:48:25.3585411Z ........................................................................ [ 13%]
Action policy / ubuntu-latest / Python 3.14	UNKNOWN STEP	2026-09-13T17:48:39.0097920Z ........................................................................ [ 18%]
Action policy / ubuntu-latest / Python 3.14	UNKNOWN STEP	2026-09-13T17:48:43.1973860Z ........................................................................ [ 22%]
Action policy / ubuntu-latest / Python 3.14	UNKNOWN STEP	2026-09-13T17:48:46.8818347Z ........................................................................ [ 27%]
Action policy / ubuntu-latest / Python 3.14	UNKNOWN STEP	2026-09-13T17:48:48.7581818Z ........................................................................ [ 32%]
Action policy / ubuntu-latest / Python 3.14	UNKNOWN STEP	2026-09-13T17:48:53.4860530Z ........................................................................ [ 36%]
Action policy / ubuntu-latest / Python 3.14	UNKNOWN STEP	2026-09-13T17:48:55.1620808Z ........................................................................ [ 41%]
Action policy / ubuntu-latest / Python 3.14	UNKNOWN STEP	2026-09-13T17:48:55.2988428Z ........................................................................ [ 45%]
Action policy / ubuntu-latest / Python 3.14	UNKNOWN STEP	2026-09-13T17:48:55.3486156Z ........................................................................ [ 50%]
Action policy / ubuntu-latest / Python 3.14	UNKNOWN STEP	2026-09-13T17:48:55.8379153Z ........................................................................ [ 55%]
Action policy / ubuntu-latest / Python 3.14	UNKNOWN STEP	2026-09-13T17:48:55.8851507Z ........................................................................ [ 59%]
Action policy / ubuntu-latest / Python 3.14	UNKNOWN STEP	2026-09-13T17:48:57.1606502Z ........................................................................ [ 64%]
Action policy / ubuntu-latest / Python 3.14	UNKNOWN STEP	2026-09-13T17:49:36.4447707Z ........................................................................ [ 68%]
Action policy / ubuntu-latest / Python 3.14	UNKNOWN STEP	2026-09-13T17:50:02.9105730Z ............s........................................................... [ 73%]
Action policy / ubuntu-latest / Python 3.14	UNKNOWN STEP	2026-09-13T17:50:04.3911695Z ........................................................................ [ 78%]
Action policy / ubuntu-latest / Python 3.14	UNKNOWN STEP	2026-09-13T17:50:06.2116145Z ........................................................................ [ 82%]
Action policy / ubuntu-latest / Python 3.14	UNKNOWN STEP	2026-09-13T17:50:06.4151734Z .....................................................................s.. [ 87%]
Action policy / ubuntu-latest / Python 3.14	UNKNOWN STEP	2026-09-13T17:50:06.6282892Z ..ss........ss..s.....s................................................. [ 91%]
Action policy / ubuntu-latest / Python 3.14	UNKNOWN STEP	2026-09-13T17:50:06.8893543Z ........................................................................ [ 96%]
Action policy / ubuntu-latest / Python 3.14	UNKNOWN STEP	2026-09-13T17:50:07.1851288Z ........................................................                 [100%]
Action policy / ubuntu-latest / Python 3.14	UNKNOWN STEP	2026-09-13T17:50:07.1853051Z 1560 passed, 8 skipped in 112.76s (0:01:52)
Action policy / ubuntu-latest / Python 3.14	UNKNOWN STEP	2026-09-13T17:50:07.4525701Z ##[group]Run python tools/acceptance/release_catalog_package.py --output acceptance-output/package
Action policy / ubuntu-latest / Python 3.14	UNKNOWN STEP	2026-09-13T17:50:07.4526269Z ^[[36;1mpython tools/acceptance/release_catalog_package.py --output acceptance-output/package^[[0m
Action policy / ubuntu-latest / Python 3.14	UNKNOWN STEP	2026-09-13T17:50:07.4559047Z shell: /usr/bin/bash -e {0}
Action policy / ubuntu-latest / Python 3.14	UNKNOWN STEP	2026-09-13T17:50:07.4559263Z env:
Action policy / ubuntu-latest / Python 3.14	UNKNOWN STEP	2026-09-13T17:50:07.4559434Z   CLOUD_TEST_ACCESS: true
Action policy / ubuntu-latest / Python 3.14	UNKNOWN STEP	2026-09-13T17:50:07.4559689Z   pythonLocation: /opt/hostedtoolcache/Python/3.14.7/x64
Action policy / ubuntu-latest / Python 3.14	UNKNOWN STEP	2026-09-13T17:50:07.4560030Z   PKG_CONFIG_PATH: /opt/hostedtoolcache/Python/3.14.7/x64/lib/pkgconfig
Action policy / ubuntu-latest / Python 3.14	UNKNOWN STEP	2026-09-13T17:50:07.4560354Z   Python_ROOT_DIR: /opt/hostedtoolcache/Python/3.14.7/x64
Action policy / ubuntu-latest / Python 3.14	UNKNOWN STEP	2026-09-13T17:50:07.4560646Z   Python2_ROOT_DIR: /opt/hostedtoolcache/Python/3.14.7/x64
Action policy / ubuntu-latest / Python 3.14	UNKNOWN STEP	2026-09-13T17:50:07.4560936Z   Python3_ROOT_DIR: /opt/hostedtoolcache/Python/3.14.7/x64
Action policy / ubuntu-latest / Python 3.14	UNKNOWN STEP	2026-09-13T17:50:07.4561500Z   LD_LIBRARY_PATH: /opt/hostedtoolcache/Python/3.14.7/x64/lib
Action policy / ubuntu-latest / Python 3.14	UNKNOWN STEP	2026-09-13T17:50:07.4561769Z ##[endgroup]
Action policy / ubuntu-latest / Python 3.14	UNKNOWN STEP	2026-09-13T17:50:11.1398748Z Checking 
Action policy / ubuntu-latest / Python 3.14	UNKNOWN STEP	2026-09-13T17:50:11.1399688Z /home/runner/work/Waveframe-Guard/Waveframe-Guard/acceptance-output/package/wave
Action policy / ubuntu-latest / Python 3.14	UNKNOWN STEP	2026-09-13T17:50:11.1434198Z frame_guard-0.19.0-py3-none-any.whl: ^[[32mPASSED^[[0m
Action policy / ubuntu-latest / Python 3.14	UNKNOWN STEP	2026-09-13T17:50:11.1434809Z Checking 
Action policy / ubuntu-latest / Python 3.14	UNKNOWN STEP	2026-09-13T17:50:11.1435428Z /home/runner/work/Waveframe-Guard/Waveframe-Guard/acceptance-output/package/wave
Action policy / ubuntu-latest / Python 3.14	UNKNOWN STEP	2026-09-13T17:50:11.1553335Z frame_guard-0.19.0.tar.gz: ^[[32mPASSED^[[0m
Action policy / ubuntu-latest / Python 3.14	UNKNOWN STEP	2026-09-13T17:50:14.6616719Z Processing /home/runner/work/Waveframe-Guard/Waveframe-Guard/acceptance-output/package/waveframe_guard-0.19.0-py3-none-any.whl (from waveframe-guard==0.19.0)
Action policy / ubuntu-latest / Python 3.14	UNKNOWN STEP	2026-09-13T17:50:14.6686433Z Collecting cricore-contract-compiler @ git+https://github.com/Waveframe-Labs/cricore-contract-compiler.git@ae590dee058d3481e384dea850d5b7d980f533ff (from -r /home/runner/work/Waveframe-Guard/Waveframe-Guard/.github/requirements/action-policy-release.txt (line 4))
Action policy / ubuntu-latest / Python 3.14	UNKNOWN STEP	2026-09-13T17:50:14.6688173Z   Using cached cricore_contract_compiler-0.5.0-py3-none-any.whl
Action policy / ubuntu-latest / Python 3.14	UNKNOWN STEP	2026-09-13T17:50:14.6708860Z Collecting governance-ledger @ git+https://github.com/Waveframe-Labs/Waveframe-Ledger.git@3cc34e7b3cb6efca5102e0e22d559ec0c0fd583f (from -r /home/runner/work/Waveframe-Guard/Waveframe-Guard/.github/requirements/action-policy-release.txt (line 5))
Action policy / ubuntu-latest / Python 3.14	UNKNOWN STEP	2026-09-13T17:50:14.6711171Z   Using cached governance_ledger-0.9.0-py3-none-any.whl
Action policy / ubuntu-latest / Python 3.14	UNKNOWN STEP	2026-09-13T17:50:14.6768678Z Collecting cricore<0.15.0,>=0.13.0 (from -r /home/runner/work/Waveframe-Guard/Waveframe-Guard/.github/requirements/action-policy-release.txt (line 2))
Action policy / ubuntu-latest / Python 3.14	UNKNOWN STEP	2026-09-13T17:50:14.6782499Z   Using cached cricore-0.14.0-py3-none-any.whl.metadata (9.2 kB)
Action policy / ubuntu-latest / Python 3.14	UNKNOWN STEP	2026-09-13T17:50:14.6821522Z Collecting cricore-proposal-normalizer==0.2.0 (from -r /home/runner/work/Waveframe-Guard/Waveframe-Guard/.github/requirements/action-policy-release.txt (line 3))
Action policy / ubuntu-latest / Python 3.14	UNKNOWN STEP	2026-09-13T17:50:14.6834154Z   Using cached cricore_proposal_normalizer-0.2.0-py3-none-any.whl.metadata (4.6 kB)
Action policy / ubuntu-latest / Python 3.14	UNKNOWN STEP	2026-09-13T17:50:14.6953688Z Collecting requests<3.0.0,>=2.33.0 (from waveframe-guard==0.19.0->waveframe-guard==0.19.0)
Action policy / ubuntu-latest / Python 3.14	UNKNOWN STEP	2026-09-13T17:50:14.6965973Z   Using cached requests-2.34.2-py3-none-any.whl.metadata (4.8 kB)
Action policy / ubuntu-latest / Python 3.14	UNKNOWN STEP	2026-09-13T17:50:14.7081658Z Collecting jsonschema>=4 (from cricore-contract-compiler @ git+https://github.com/Waveframe-Labs/cricore-contract-compiler.git@ae590dee058d3481e384dea850d5b7d980f533ff->-r /home/runner/work/Waveframe-Guard/Waveframe-Guard/.github/requirements/action-policy-release.txt (line 4))
Action policy / ubuntu-latest / Python 3.14	UNKNOWN STEP	2026-09-13T17:50:14.7092816Z   Using cached jsonschema-4.26.0-py3-none-any.whl.metadata (7.6 kB)
Action policy / ubuntu-latest / Python 3.14	UNKNOWN STEP	2026-09-13T17:50:14.7196167Z Collecting build (from waveframe-guard==0.19.0->waveframe-guard==0.19.0)
Action policy / ubuntu-latest / Python 3.14	UNKNOWN STEP	2026-09-13T17:50:14.7208751Z   Using cached build-1.6.1-py3-none-any.whl.metadata (5.6 kB)
Action policy / ubuntu-latest / Python 3.14	UNKNOWN STEP	2026-09-13T17:50:14.7382046Z Collecting pytest (from waveframe-guard==0.19.0->waveframe-guard==0.19.0)
Action policy / ubuntu-latest / Python 3.14	UNKNOWN STEP	2026-09-13T17:50:14.7393648Z   Using cached pytest-9.1.1-py3-none-any.whl.metadata (7.6 kB)
Action policy / ubuntu-latest / Python 3.14	UNKNOWN STEP	2026-09-13T17:50:14.7479864Z Collecting twine (from waveframe-guard==0.19.0->waveframe-guard==0.19.0)
Action policy / ubuntu-latest / Python 3.14	UNKNOWN STEP	2026-09-13T17:50:14.7493693Z   Using cached twine-7.0.0-py3-none-any.whl.metadata (3.5 kB)
Action policy / ubuntu-latest / Python 3.14	UNKNOWN STEP	2026-09-13T17:50:14.8248340Z Collecting charset_normalizer<4,>=2 (from requests<3.0.0,>=2.33.0->waveframe-guard==0.19.0->waveframe-guard==0.19.0)
Action policy / ubuntu-latest / Python 3.14	UNKNOWN STEP	2026-09-13T17:50:14.8260141Z   Using cached charset_normalizer-3.5.1-cp314-cp314-manylinux2014_x86_64.manylinux_2_17_x86_64.manylinux_2_28_x86_64.whl.metadata (45 kB)
Action policy / ubuntu-latest / Python 3.14	UNKNOWN STEP	2026-09-13T17:50:14.8337858Z Collecting idna<4,>=2.5 (from requests<3.0.0,>=2.33.0->waveframe-guard==0.19.0->waveframe-guard==0.19.0)
Action policy / ubuntu-latest / Python 3.14	UNKNOWN STEP	2026-09-13T17:50:14.8348765Z   Using cached idna-3.19-py3-none-any.whl.metadata (9.2 kB)
Action policy / ubuntu-latest / Python 3.14	UNKNOWN STEP	2026-09-13T17:50:14.8452516Z Collecting urllib3<3,>=1.26 (from requests<3.0.0,>=2.33.0->waveframe-guard==0.19.0->waveframe-guard==0.19.0)
Action policy / ubuntu-latest / Python 3.14	UNKNOWN STEP	2026-09-13T17:50:14.8464274Z   Using cached urllib3-2.7.0-py3-none-any.whl.metadata (6.9 kB)
Action policy / ubuntu-latest / Python 3.14	UNKNOWN STEP	2026-09-13T17:50:14.8558460Z Collecting certifi>=2023.5.7 (from requests<3.0.0,>=2.33.0->waveframe-guard==0.19.0->waveframe-guard==0.19.0)
Action policy / ubuntu-latest / Python 3.14	UNKNOWN STEP	2026-09-13T17:50:14.8570689Z   Using cached certifi-2026.7.22-py3-none-any.whl.metadata (2.5 kB)
Action policy / ubuntu-latest / Python 3.14	UNKNOWN STEP	2026-09-13T17:50:14.8637788Z Collecting attrs>=22.2.0 (from jsonschema>=4->cricore-contract-compiler @ git+https://github.com/Waveframe-Labs/cricore-contract-compiler.git@ae590dee058d3481e384dea850d5b7d980f533ff->-r /home/runner/work/Waveframe-Guard/Waveframe-Guard/.github/requirements/action-policy-release.txt (line 4))
Action policy / ubuntu-latest / Python 3.14	UNKNOWN STEP	2026-09-13T17:50:14.8647988Z   Using cached attrs-26.1.0-py3-none-any.whl.metadata (8.8 kB)
Action policy / ubuntu-latest / Python 3.14	UNKNOWN STEP	2026-09-13T17:50:14.8698861Z Collecting jsonschema-specifications>=2023.03.6 (from jsonschema>=4->cricore-contract-compiler @ git+https://github.com/Waveframe-Labs/cricore-contract-compiler.git@ae590dee058d3481e384dea850d5b7d980f533ff->-r /home/runner/work/Waveframe-Guard/Waveframe-Guard/.github/requirements/action-policy-release.txt (line 4))
Action policy / ubuntu-latest / Python 3.14	UNKNOWN STEP	2026-09-13T17:50:14.8708962Z   Using cached jsonschema_specifications-2025.9.1-py3-none-any.whl.metadata (2.9 kB)
Action policy / ubuntu-latest / Python 3.14	UNKNOWN STEP	2026-09-13T17:50:14.8803263Z Collecting referencing>=0.28.4 (from jsonschema>=4->cricore-contract-compiler @ git+https://github.com/Waveframe-Labs/cricore-contract-compiler.git@ae590dee058d3481e384dea850d5b7d980f533ff->-r /home/runner/work/Waveframe-Guard/Waveframe-Guard/.github/requirements/action-policy-release.txt (line 4))
Action policy / ubuntu-latest / Python 3.14	UNKNOWN STEP	2026-09-13T17:50:14.8816300Z   Using cached referencing-0.37.0-py3-none-any.whl.metadata (2.8 kB)
Action policy / ubuntu-latest / Python 3.14	UNKNOWN STEP	2026-09-13T17:50:15.0521745Z Collecting rpds-py>=0.25.0 (from jsonschema>=4->cricore-contract-compiler @ git+https://github.com/Waveframe-Labs/cricore-contract-compiler.git@ae590dee058d3481e384dea850d5b7d980f533ff->-r /home/runner/work/Waveframe-Guard/Waveframe-Guard/.github/requirements/action-policy-release.txt (line 4))
Action policy / ubuntu-latest / Python 3.14	UNKNOWN STEP	2026-09-13T17:50:15.0532313Z   Using cached rpds_py-2026.6.3-cp314-cp314-manylinux_2_17_x86_64.manylinux2014_x86_64.whl.metadata (4.1 kB)
Action policy / ubuntu-latest / Python 3.14	UNKNOWN STEP	2026-09-13T17:50:15.0624729Z Collecting packaging>=24.0 (from build->waveframe-guard==0.19.0->waveframe-guard==0.19.0)
Action policy / ubuntu-latest / Python 3.14	UNKNOWN STEP	2026-09-13T17:50:15.0635031Z   Using cached packaging-26.3-py3-none-any.whl.metadata (3.5 kB)
Action policy / ubuntu-latest / Python 3.14	UNKNOWN STEP	2026-09-13T17:50:15.0667435Z Collecting pyproject_hooks (from build->waveframe-guard==0.19.0->waveframe-guard==0.19.0)
Action policy / ubuntu-latest / Python 3.14	UNKNOWN STEP	2026-09-13T17:50:15.0677390Z   Using cached pyproject_hooks-1.2.0-py3-none-any.whl.metadata (1.3 kB)
Action policy / ubuntu-latest / Python 3.14	UNKNOWN STEP	2026-09-13T17:50:15.0719338Z Collecting iniconfig>=1.0.1 (from pytest->waveframe-guard==0.19.0->waveframe-guard==0.19.0)
Action policy / ubuntu-latest / Python 3.14	UNKNOWN STEP	2026-09-13T17:50:15.0729487Z   Using cached iniconfig-2.3.0-py3-none-any.whl.metadata (2.5 kB)
Action policy / ubuntu-latest / Python 3.14	UNKNOWN STEP	2026-09-13T17:50:15.0784485Z Collecting pluggy<2,>=1.5 (from pytest->waveframe-guard==0.19.0->waveframe-guard==0.19.0)
Action policy / ubuntu-latest / Python 3.14	UNKNOWN STEP	2026-09-13T17:50:15.0795991Z   Using cached pluggy-1.6.0-py3-none-any.whl.metadata (4.8 kB)
Action policy / ubuntu-latest / Python 3.14	UNKNOWN STEP	2026-09-13T17:50:15.0880291Z Collecting pygments>=2.7.2 (from pytest->waveframe-guard==0.19.0->waveframe-guard==0.19.0)
Action policy / ubuntu-latest / Python 3.14	UNKNOWN STEP	2026-09-13T17:50:15.0891988Z   Using cached pygments-2.21.0-py3-none-any.whl.metadata (2.5 kB)
Action policy / ubuntu-latest / Python 3.14	UNKNOWN STEP	2026-09-13T17:50:15.0962077Z Collecting readme-renderer>=35.0 (from twine->waveframe-guard==0.19.0->waveframe-guard==0.19.0)
Action policy / ubuntu-latest / Python 3.14	UNKNOWN STEP	2026-09-13T17:50:15.0974126Z   Using cached readme_renderer-46.0-py3-none-any.whl.metadata (3.0 kB)
Action policy / ubuntu-latest / Python 3.14	UNKNOWN STEP	2026-09-13T17:50:15.1029597Z Collecting requests-toolbelt!=0.9.0,>=0.8.0 (from twine->waveframe-guard==0.19.0->waveframe-guard==0.19.0)
Action policy / ubuntu-latest / Python 3.14	UNKNOWN STEP	2026-09-13T17:50:15.1039858Z   Using cached requests_toolbelt-1.0.0-py2.py3-none-any.whl.metadata (14 kB)
Action policy / ubuntu-latest / Python 3.14	UNKNOWN STEP	2026-09-13T17:50:15.1185644Z Collecting keyring>=21.2.0 (from twine->waveframe-guard==0.19.0->waveframe-guard==0.19.0)
Action policy / ubuntu-latest / Python 3.14	UNKNOWN STEP	2026-09-13T17:50:15.1196738Z   Using cached keyring-25.7.0-py3-none-any.whl.metadata (21 kB)
Action policy / ubuntu-latest / Python 3.14	UNKNOWN STEP	2026-09-13T17:50:15.1253280Z Collecting rfc3986>=1.4.0 (from twine->waveframe-guard==0.19.0->waveframe-guard==0.19.0)
Action policy / ubuntu-latest / Python 3.14	UNKNOWN STEP	2026-09-13T17:50:15.1262746Z   Using cached rfc3986-2.0.0-py2.py3-none-any.whl.metadata (6.6 kB)
Action policy / ubuntu-latest / Python 3.14	UNKNOWN STEP	2026-09-13T17:50:15.1417229Z Collecting rich>=14.3.3 (from twine->waveframe-guard==0.19.0->waveframe-guard==0.19.0)
Action policy / ubuntu-latest / Python 3.14	UNKNOWN STEP	2026-09-13T17:50:15.1429155Z   Using cached rich-15.0.0-py3-none-any.whl.metadata (18 kB)
Action policy / ubuntu-latest / Python 3.14	UNKNOWN STEP	2026-09-13T17:50:15.1486179Z Collecting id (from twine->waveframe-guard==0.19.0->waveframe-guard==0.19.0)
Action policy / ubuntu-latest / Python 3.14	UNKNOWN STEP	2026-09-13T17:50:15.1497434Z   Using cached id-1.6.1-py3-none-any.whl.metadata (5.1 kB)
Action policy / ubuntu-latest / Python 3.14	UNKNOWN STEP	2026-09-13T17:50:15.1549768Z Collecting SecretStorage>=3.2 (from keyring>=21.2.0->twine->waveframe-guard==0.19.0->waveframe-guard==0.19.0)
Action policy / ubuntu-latest / Python 3.14	UNKNOWN STEP	2026-09-13T17:50:15.1559751Z   Using cached secretstorage-3.5.0-py3-none-any.whl.metadata (4.0 kB)
Action policy / ubuntu-latest / Python 3.14	UNKNOWN STEP	2026-09-13T17:50:15.1598059Z Collecting jeepney>=0.4.2 (from keyring>=21.2.0->twine->waveframe-guard==0.19.0->waveframe-guard==0.19.0)
Action policy / ubuntu-latest / Python 3.14	UNKNOWN STEP	2026-09-13T17:50:15.1607300Z   Using cached jeepney-0.9.0-py3-none-any.whl.metadata (1.2 kB)
Action policy / ubuntu-latest / Python 3.14	UNKNOWN STEP	2026-09-13T17:50:15.1651742Z Collecting jaraco.classes (from keyring>=21.2.0->twine->waveframe-guard==0.19.0->waveframe-guard==0.19.0)
Action policy / ubuntu-latest / Python 3.14	UNKNOWN STEP	2026-09-13T17:50:15.1664885Z   Using cached jaraco.classes-3.4.0-py3-none-any.whl.metadata (2.6 kB)
Action policy / ubuntu-latest / Python 3.14	UNKNOWN STEP	2026-09-13T17:50:15.1736689Z Collecting jaraco.functools (from keyring>=21.2.0->twine->waveframe-guard==0.19.0->waveframe-guard==0.19.0)
Action policy / ubuntu-latest / Python 3.14	UNKNOWN STEP	2026-09-13T17:50:15.1747747Z   Using cached jaraco_functools-4.6.0-py3-none-any.whl.metadata (2.9 kB)
Action policy / ubuntu-latest / Python 3.14	UNKNOWN STEP	2026-09-13T17:50:15.1801699Z Collecting jaraco.context (from keyring>=21.2.0->twine->waveframe-guard==0.19.0->waveframe-guard==0.19.0)
Action policy / ubuntu-latest / Python 3.14	UNKNOWN STEP	2026-09-13T17:50:15.1811810Z   Using cached jaraco_context-6.1.2-py3-none-any.whl.metadata (4.2 kB)
Action policy / ubuntu-latest / Python 3.14	UNKNOWN STEP	2026-09-13T17:50:15.2051248Z Collecting nh3>=0.2.14 (from readme-renderer>=35.0->twine->waveframe-guard==0.19.0->waveframe-guard==0.19.0)
Action policy / ubuntu-latest / Python 3.14	UNKNOWN STEP	2026-09-13T17:50:15.2062910Z   Using cached nh3-0.3.7-cp38-abi3-manylinux_2_17_x86_64.manylinux2014_x86_64.whl.metadata (2.0 kB)
Action policy / ubuntu-latest / Python 3.14	UNKNOWN STEP	2026-09-13T17:50:15.2120591Z Collecting docutils>=0.21.2 (from readme-renderer>=35.0->twine->waveframe-guard==0.19.0->waveframe-guard==0.19.0)
Action policy / ubuntu-latest / Python 3.14	UNKNOWN STEP	2026-09-13T17:50:15.2130394Z   Using cached docutils-0.23-py3-none-any.whl.metadata (15 kB)
Action policy / ubuntu-latest / Python 3.14	UNKNOWN STEP	2026-09-13T17:50:15.2238509Z Collecting markdown-it-py>=2.2.0 (from rich>=14.3.3->twine->waveframe-guard==0.19.0->waveframe-guard==0.19.0)
Action policy / ubuntu-latest / Python 3.14	UNKNOWN STEP	2026-09-13T17:50:15.2249269Z   Using cached markdown_it_py-4.2.0-py3-none-any.whl.metadata (7.4 kB)
Action policy / ubuntu-latest / Python 3.14	UNKNOWN STEP	2026-09-13T17:50:15.2314308Z Collecting mdurl~=0.1 (from markdown-it-py>=2.2.0->rich>=14.3.3->twine->waveframe-guard==0.19.0->waveframe-guard==0.19.0)
Action policy / ubuntu-latest / Python 3.14	UNKNOWN STEP	2026-09-13T17:50:15.2323886Z   Using cached mdurl-0.1.2-py3-none-any.whl.metadata (1.6 kB)
Action policy / ubuntu-latest / Python 3.14	UNKNOWN STEP	2026-09-13T17:50:15.3541718Z Collecting cryptography>=2.0 (from SecretStorage>=3.2->keyring>=21.2.0->twine->waveframe-guard==0.19.0->waveframe-guard==0.19.0)
Action policy / ubuntu-latest / Python 3.14	UNKNOWN STEP	2026-09-13T17:50:15.3552754Z   Using cached cryptography-50.0.1-cp311-abi3-manylinux_2_34_x86_64.whl.metadata (4.3 kB)
Action policy / ubuntu-latest / Python 3.14	UNKNOWN STEP	2026-09-13T17:50:15.4250171Z Collecting cffi>=2.0.0 (from cryptography>=2.0->SecretStorage>=3.2->keyring>=21.2.0->twine->waveframe-guard==0.19.0->waveframe-guard==0.19.0)
Action policy / ubuntu-latest / Python 3.14	UNKNOWN STEP	2026-09-13T17:50:15.4261711Z   Using cached cffi-2.1.1-cp314-cp314-manylinux2014_x86_64.manylinux_2_17_x86_64.whl.metadata (2.5 kB)
Action policy / ubuntu-latest / Python 3.14	UNKNOWN STEP	2026-09-13T17:50:15.4306932Z Collecting pycparser (from cffi>=2.0.0->cryptography>=2.0->SecretStorage>=3.2->keyring>=21.2.0->twine->waveframe-guard==0.19.0->waveframe-guard==0.19.0)
Action policy / ubuntu-latest / Python 3.14	UNKNOWN STEP	2026-09-13T17:50:15.4317397Z   Using cached pycparser-3.0-py3-none-any.whl.metadata (8.2 kB)
Action policy / ubuntu-latest / Python 3.14	UNKNOWN STEP	2026-09-13T17:50:15.4412435Z Collecting more-itertools (from jaraco.classes->keyring>=21.2.0->twine->waveframe-guard==0.19.0->waveframe-guard==0.19.0)
Action policy / ubuntu-latest / Python 3.14	UNKNOWN STEP	2026-09-13T17:50:15.4422854Z   Using cached more_itertools-11.1.0-py3-none-any.whl.metadata (41 kB)
Action policy / ubuntu-latest / Python 3.14	UNKNOWN STEP	2026-09-13T17:50:15.4587484Z Using cached cricore_proposal_normalizer-0.2.0-py3-none-any.whl (10 kB)
Action policy / ubuntu-latest / Python 3.14	UNKNOWN STEP	2026-09-13T17:50:15.4596686Z Using cached cricore-0.14.0-py3-none-any.whl (45 kB)
Action policy / ubuntu-latest / Python 3.14	UNKNOWN STEP	2026-09-13T17:50:15.4606353Z Using cached requests-2.34.2-py3-none-any.whl (73 kB)
Action policy / ubuntu-latest / Python 3.14	UNKNOWN STEP	2026-09-13T17:50:15.4615771Z Using cached charset_normalizer-3.5.1-cp314-cp314-manylinux2014_x86_64.manylinux_2_17_x86_64.manylinux_2_28_x86_64.whl (251 kB)
Action policy / ubuntu-latest / Python 3.14	UNKNOWN STEP	2026-09-13T17:50:15.4625154Z Using cached idna-3.19-py3-none-any.whl (68 kB)
Action policy / ubuntu-latest / Python 3.14	UNKNOWN STEP	2026-09-13T17:50:15.4634199Z Using cached urllib3-2.7.0-py3-none-any.whl (131 kB)
Action policy / ubuntu-latest / Python 3.14	UNKNOWN STEP	2026-09-13T17:50:15.4643040Z Using cached certifi-2026.7.22-py3-none-any.whl (136 kB)
Action policy / ubuntu-latest / Python 3.14	UNKNOWN STEP	2026-09-13T17:50:15.4651974Z Using cached jsonschema-4.26.0-py3-none-any.whl (90 kB)
Action policy / ubuntu-latest / Python 3.14	UNKNOWN STEP	2026-09-13T17:50:15.4660686Z Using cached attrs-26.1.0-py3-none-any.whl (67 kB)
Action policy / ubuntu-latest / Python 3.14	UNKNOWN STEP	2026-09-13T17:50:15.4669640Z Using cached jsonschema_specifications-2025.9.1-py3-none-any.whl (18 kB)
Action policy / ubuntu-latest / Python 3.14	UNKNOWN STEP	2026-09-13T17:50:15.4678090Z Using cached referencing-0.37.0-py3-none-any.whl (26 kB)
Action policy / ubuntu-latest / Python 3.14	UNKNOWN STEP	2026-09-13T17:50:15.4687002Z Using cached rpds_py-2026.6.3-cp314-cp314-manylinux_2_17_x86_64.manylinux2014_x86_64.whl (367 kB)
Action policy / ubuntu-latest / Python 3.14	UNKNOWN STEP	2026-09-13T17:50:15.4696550Z Using cached build-1.6.1-py3-none-any.whl (31 kB)
Action policy / ubuntu-latest / Python 3.14	UNKNOWN STEP	2026-09-13T17:50:15.4705213Z Using cached packaging-26.3-py3-none-any.whl (129 kB)
Action policy / ubuntu-latest / Python 3.14	UNKNOWN STEP	2026-09-13T17:50:15.4714367Z Using cached pyproject_hooks-1.2.0-py3-none-any.whl (10 kB)
Action policy / ubuntu-latest / Python 3.14	UNKNOWN STEP	2026-09-13T17:50:15.4722752Z Using cached pytest-9.1.1-py3-none-any.whl (386 kB)
Action policy / ubuntu-latest / Python 3.14	UNKNOWN STEP	2026-09-13T17:50:15.4732644Z Using cached pluggy-1.6.0-py3-none-any.whl (20 kB)
Action policy / ubuntu-latest / Python 3.14	UNKNOWN STEP	2026-09-13T17:50:15.4741426Z Using cached iniconfig-2.3.0-py3-none-any.whl (7.5 kB)
Action policy / ubuntu-latest / Python 3.14	UNKNOWN STEP	2026-09-13T17:50:15.4750384Z Using cached pygments-2.21.0-py3-none-any.whl (1.3 MB)
Action policy / ubuntu-latest / Python 3.14	UNKNOWN STEP	2026-09-13T17:50:15.4763151Z Using cached twine-7.0.0-py3-none-any.whl (43 kB)
Action policy / ubuntu-latest / Python 3.14	UNKNOWN STEP	2026-09-13T17:50:15.4771693Z Using cached keyring-25.7.0-py3-none-any.whl (39 kB)
Action policy / ubuntu-latest / Python 3.14	UNKNOWN STEP	2026-09-13T17:50:15.4780127Z Using cached jeepney-0.9.0-py3-none-any.whl (49 kB)
Action policy / ubuntu-latest / Python 3.14	UNKNOWN STEP	2026-09-13T17:50:15.4788918Z Using cached readme_renderer-46.0-py3-none-any.whl (14 kB)
Action policy / ubuntu-latest / Python 3.14	UNKNOWN STEP	2026-09-13T17:50:15.4797567Z Using cached docutils-0.23-py3-none-any.whl (634 kB)
Action policy / ubuntu-latest / Python 3.14	UNKNOWN STEP	2026-09-13T17:50:15.4808131Z Using cached nh3-0.3.7-cp38-abi3-manylinux_2_17_x86_64.manylinux2014_x86_64.whl (832 kB)
Action policy / ubuntu-latest / Python 3.14	UNKNOWN STEP	2026-09-13T17:50:15.4818830Z Using cached requests_toolbelt-1.0.0-py2.py3-none-any.whl (54 kB)
Action policy / ubuntu-latest / Python 3.14	UNKNOWN STEP	2026-09-13T17:50:15.4827446Z Using cached rfc3986-2.0.0-py2.py3-none-any.whl (31 kB)
Action policy / ubuntu-latest / Python 3.14	UNKNOWN STEP	2026-09-13T17:50:15.4835967Z Using cached rich-15.0.0-py3-none-any.whl (310 kB)
Action policy / ubuntu-latest / Python 3.14	UNKNOWN STEP	2026-09-13T17:50:15.4845402Z Using cached markdown_it_py-4.2.0-py3-none-any.whl (91 kB)
Action policy / ubuntu-latest / Python 3.14	UNKNOWN STEP	2026-09-13T17:50:15.4854243Z Using cached mdurl-0.1.2-py3-none-any.whl (10.0 kB)
Action policy / ubuntu-latest / Python 3.14	UNKNOWN STEP	2026-09-13T17:50:15.4862782Z Using cached secretstorage-3.5.0-py3-none-any.whl (15 kB)
Action policy / ubuntu-latest / Python 3.14	UNKNOWN STEP	2026-09-13T17:50:15.4871571Z Using cached cryptography-50.0.1-cp311-abi3-manylinux_2_34_x86_64.whl (4.7 MB)
Action policy / ubuntu-latest / Python 3.14	UNKNOWN STEP	2026-09-13T17:50:15.4893894Z Using cached cffi-2.1.1-cp314-cp314-manylinux2014_x86_64.manylinux_2_17_x86_64.whl (221 kB)
Action policy / ubuntu-latest / Python 3.14	UNKNOWN STEP	2026-09-13T17:50:15.4902842Z Using cached id-1.6.1-py3-none-any.whl (14 kB)
Action policy / ubuntu-latest / Python 3.14	UNKNOWN STEP	2026-09-13T17:50:15.4911353Z Using cached jaraco.classes-3.4.0-py3-none-any.whl (6.8 kB)
Action policy / ubuntu-latest / Python 3.14	UNKNOWN STEP	2026-09-13T17:50:15.4919661Z Using cached jaraco_context-6.1.2-py3-none-any.whl (7.9 kB)
Action policy / ubuntu-latest / Python 3.14	UNKNOWN STEP	2026-09-13T17:50:15.4928206Z Using cached jaraco_functools-4.6.0-py3-none-any.whl (11 kB)
Action policy / ubuntu-latest / Python 3.14	UNKNOWN STEP	2026-09-13T17:50:15.4936765Z Using cached more_itertools-11.1.0-py3-none-any.whl (72 kB)
Action policy / ubuntu-latest / Python 3.14	UNKNOWN STEP	2026-09-13T17:50:15.4945536Z Using cached pycparser-3.0-py3-none-any.whl (48 kB)
Action policy / ubuntu-latest / Python 3.14	UNKNOWN STEP	2026-09-13T17:50:15.6181569Z Installing collected packages: urllib3, rpds-py, rfc3986, pyproject_hooks, pygments, pycparser, pluggy, packaging, nh3, more-itertools, mdurl, jeepney, jaraco.context, iniconfig, idna, docutils, cricore-proposal-normalizer, cricore, charset_normalizer, certifi, attrs, requests, referencing, readme-renderer, pytest, markdown-it-py, jaraco.functools, jaraco.classes, id, cffi, build, rich, requests-toolbelt, jsonschema-specifications, cryptography, SecretStorage, jsonschema, keyring, cricore-contract-compiler, twine, governance-ledger, waveframe-guard
Action policy / ubuntu-latest / Python 3.14	UNKNOWN STEP	2026-09-13T17:50:19.2088814Z 
Action policy / ubuntu-latest / Python 3.14	UNKNOWN STEP	2026-09-13T17:50:19.2122399Z Successfully installed SecretStorage-3.5.0 attrs-26.1.0 build-1.6.1 certifi-2026.7.22 cffi-2.1.1 charset_normalizer-3.5.1 cricore-0.14.0 cricore-contract-compiler-0.5.0 cricore-proposal-normalizer-0.2.0 cryptography-50.0.1 docutils-0.23 governance-ledger-0.9.0 id-1.6.1 idna-3.19 iniconfig-2.3.0 jaraco.classes-3.4.0 jaraco.context-6.1.2 jaraco.functools-4.6.0 jeepney-0.9.0 jsonschema-4.26.0 jsonschema-specifications-2025.9.1 keyring-25.7.0 markdown-it-py-4.2.0 mdurl-0.1.2 more-itertools-11.1.0 nh3-0.3.7 packaging-26.3 pluggy-1.6.0 pycparser-3.0 pygments-2.21.0 pyproject_hooks-1.2.0 pytest-9.1.1 readme-renderer-46.0 referencing-0.37.0 requests-2.34.2 requests-toolbelt-1.0.0 rfc3986-2.0.0 rich-15.0.0 rpds-py-2026.6.3 twine-7.0.0 urllib3-2.7.0 waveframe-guard-0.19.0
Action policy / ubuntu-latest / Python 3.14	UNKNOWN STEP	2026-09-13T17:50:19.8575831Z Installed license verified: Apache-2.0; canonical LICENSE and Waveframe NOTICE
Action policy / ubuntu-latest / Python 3.14	UNKNOWN STEP	2026-09-13T17:50:19.8576394Z Installed mediation documentation verified: wrapped boundary and alternate-path limits
Action policy / ubuntu-latest / Python 3.14	UNKNOWN STEP	2026-09-13T17:50:19.8576830Z Clean wheel legacy migration: callback_count=0 permission_returned=false
Action policy / ubuntu-latest / Python 3.14	UNKNOWN STEP	2026-09-13T17:50:19.8577867Z Clean wheel literal-target smoke passed from /tmp/guard50-package-fef4ng9s/release/lib/python3.14/site-packages/waveframe_guard/__init__.py: authorization_evaluation=admissible callback_execution=executed callback_count=1; denied_authorization_evaluation=blocked denied_callback_execution=blocked denied_callback_count=0
Action policy / ubuntu-latest / Python 3.14	UNKNOWN STEP	2026-09-13T17:50:20.0528999Z evaluation_only authorization_evaluation=admissible target=safe/file.txt
Action policy / ubuntu-latest / Python 3.14	UNKNOWN STEP	2026-09-13T17:50:20.0529676Z evaluation_only authorization_evaluation=blocked target=crypto/key.txt
Action policy / ubuntu-latest / Python 3.14	UNKNOWN STEP	2026-09-13T17:50:20.0530296Z evaluation_only authorization_evaluation=admissible target=safe/new.txt
Action policy / ubuntu-latest / Python 3.14	UNKNOWN STEP	2026-09-13T17:50:20.0530799Z evaluation_only callbacks=0 mutation_not_requested=true
Action policy / ubuntu-latest / Python 3.14	UNKNOWN STEP	2026-09-13T17:50:20.2397994Z authorization_evaluation=admissible mutation_execution=executed target=safe/file.txt callback_count=1
Action policy / ubuntu-latest / Python 3.14	UNKNOWN STEP	2026-09-13T17:50:20.2399207Z authorization_evaluation=blocked mutation_execution=blocked target=crypto/key.txt callback_count=0
Action policy / ubuntu-latest / Python 3.14	UNKNOWN STEP	2026-09-13T17:50:20.2400034Z authorization_evaluation=admissible mutation_execution=unsupported target=safe/new.txt callback_count=0
Action policy / ubuntu-latest / Python 3.14	UNKNOWN STEP	2026-09-13T17:50:20.2400861Z execution_attestation=guard_execution_attestation.v2 authority_basis=compiled_contract reload_validated=true
Action policy / ubuntu-latest / Python 3.14	UNKNOWN STEP	2026-09-13T17:50:20.6193920Z 127.0.0.1 - - [13/Sep/2026 17:50:20] "GET /v1/authorities/budget-quickstart%401.0.0/publication HTTP/1.1" 404 22
Action policy / ubuntu-latest / Python 3.14	UNKNOWN STEP	2026-09-13T17:50:20.6206690Z 127.0.0.1 - - [13/Sep/2026 17:50:20] "GET /v1/contracts/budget-quickstart/1.0.0 HTTP/1.1" 200 471
Action policy / ubuntu-latest / Python 3.14	UNKNOWN STEP	2026-09-13T17:50:20.6235213Z 127.0.0.1 - - [13/Sep/2026 17:50:20] "POST /v1/runtimes/register HTTP/1.1" 200 18
Action policy / ubuntu-latest / Python 3.14	UNKNOWN STEP	2026-09-13T17:50:20.6245665Z 127.0.0.1 - - [13/Sep/2026 17:50:20] "POST /v1/runtimes/budget-agent-runtime/heartbeats HTTP/1.1" 200 18
Action policy / ubuntu-latest / Python 3.14	UNKNOWN STEP	2026-09-13T17:50:20.6291860Z 127.0.0.1 - - [13/Sep/2026 17:50:20] "POST /v1/preserve HTTP/1.1" 200 122
Action policy / ubuntu-latest / Python 3.14	UNKNOWN STEP	2026-09-13T17:50:20.6308933Z 127.0.0.1 - - [13/Sep/2026 17:50:20] "POST /v1/runtime/attestations HTTP/1.1" 200 18
Action policy / ubuntu-latest / Python 3.14	UNKNOWN STEP	2026-09-13T17:50:20.6354387Z 127.0.0.1 - - [13/Sep/2026 17:50:20] "POST /v1/preserve HTTP/1.1" 200 122
Action policy / ubuntu-latest / Python 3.14	UNKNOWN STEP	2026-09-13T17:50:20.6374732Z 127.0.0.1 - - [13/Sep/2026 17:50:20] "POST /v1/runtime/attestations HTTP/1.1" 200 18
Action policy / ubuntu-latest / Python 3.14	UNKNOWN STEP	2026-09-13T17:50:23.9354469Z ...s.ssssssssss..........s.s.s.sssss....s.ssss....sssssssss.........s.s. [  9%]
Action policy / ubuntu-latest / Python 3.14	UNKNOWN STEP	2026-09-13T17:50:35.0885041Z s.s.s..sssss.....s.ssssssssssss..........sssssssss.........sssssssssssss [ 19%]
Action policy / ubuntu-latest / Python 3.14	UNKNOWN STEP	2026-09-13T17:50:56.7667299Z sssssss......................ssssssssssss...........s.s.sssss.s......... [ 29%]
Action policy / ubuntu-latest / Python 3.14	UNKNOWN STEP	2026-09-13T17:50:57.7670357Z ........................................................................ [ 39%]
Action policy / ubuntu-latest / Python 3.14	UNKNOWN STEP	2026-09-13T17:50:58.0180810Z ............s....ss........ss..s.....s.................................. [ 48%]
Action policy / ubuntu-latest / Python 3.14	UNKNOWN STEP	2026-09-13T17:50:59.8034700Z ........................................................................ [ 58%]
Action policy / ubuntu-latest / Python 3.14	UNKNOWN STEP	2026-09-13T17:51:01.9380053Z ..................................sssssssssssssssss.................ssss [ 68%]
Action policy / ubuntu-latest / Python 3.14	UNKNOWN STEP	2026-09-13T17:51:03.6956308Z ssssssssssss................s........................................... [ 78%]
Action policy / ubuntu-latest / Python 3.14	UNKNOWN STEP	2026-09-13T17:51:04.5359176Z ........................................................................ [ 88%]
Action policy / ubuntu-latest / Python 3.14	UNKNOWN STEP	2026-09-13T17:51:19.0309612Z ........................................................................ [ 97%]
Action policy / ubuntu-latest / Python 3.14	UNKNOWN STEP	2026-09-13T17:51:19.6987374Z ...............                                                          [100%]
Action policy / ubuntu-latest / Python 3.14	UNKNOWN STEP	2026-09-13T17:51:19.6987952Z =========================== short test summary info ============================
Action policy / ubuntu-latest / Python 3.14	UNKNOWN STEP	2026-09-13T17:51:19.6988626Z SKIPPED [1] tests/test_action_policy_creation.py:63: catalog 2 requires explicit Guard and Ledger development opt-ins
Action policy / ubuntu-latest / Python 3.14	UNKNOWN STEP	2026-09-13T17:51:19.6989564Z SKIPPED [10] tests/test_action_policy_creation.py:69: catalog 2 requires explicit Guard and Ledger development opt-ins
Action policy / ubuntu-latest / Python 3.14	UNKNOWN STEP	2026-09-13T17:51:19.6990421Z SKIPPED [1] tests/test_action_policy_creation.py:95: catalog 2 requires explicit Guard and Ledger development opt-ins
Action policy / ubuntu-latest / Python 3.14	UNKNOWN STEP	2026-09-13T17:51:19.6991523Z SKIPPED [1] tests/test_action_policy_creation.py:118: catalog 2 requires explicit Guard and Ledger development opt-ins
Action policy / ubuntu-latest / Python 3.14	UNKNOWN STEP	2026-09-13T17:51:19.6992358Z SKIPPED [1] tests/test_action_policy_creation.py:129: catalog 2 requires explicit Guard and Ledger development opt-ins
Action policy / ubuntu-latest / Python 3.14	UNKNOWN STEP	2026-09-13T17:51:19.6993175Z SKIPPED [1] tests/test_action_policy_creation.py:159: requires explicit action policy development environment
Action policy / ubuntu-latest / Python 3.14	UNKNOWN STEP	2026-09-13T17:51:19.6993989Z SKIPPED [4] tests/test_action_policy_creation.py:178: catalog 2 requires explicit Guard and Ledger development opt-ins
Action policy / ubuntu-latest / Python 3.14	UNKNOWN STEP	2026-09-13T17:51:19.6994844Z SKIPPED [1] tests/test_action_policy_creation.py:189: catalog 2 requires explicit Guard and Ledger development opt-ins
Action policy / ubuntu-latest / Python 3.14	UNKNOWN STEP	2026-09-13T17:51:19.6995702Z SKIPPED [4] tests/test_action_policy_creation.py:202: catalog 2 requires explicit Guard and Ledger development opt-ins
Action policy / ubuntu-latest / Python 3.14	UNKNOWN STEP	2026-09-13T17:51:19.6996535Z SKIPPED [9] tests/test_action_policy_creation.py:217: catalog 2 requires explicit Guard and Ledger development opt-ins
Action policy / ubuntu-latest / Python 3.14	UNKNOWN STEP	2026-09-13T17:51:19.6997800Z SKIPPED [1] tests/test_action_policy_creation.py:228: catalog 2 requires explicit Guard and Ledger development opt-ins
Action policy / ubuntu-latest / Python 3.14	UNKNOWN STEP	2026-09-13T17:51:19.6998674Z SKIPPED [1] tests/test_action_policy_creation.py:246: catalog 2 requires explicit Guard and Ledger development opt-ins
Action policy / ubuntu-latest / Python 3.14	UNKNOWN STEP	2026-09-13T17:51:19.6999506Z SKIPPED [1] tests/test_action_policy_creation.py:269: catalog 2 requires explicit Guard and Ledger development opt-ins
Action policy / ubuntu-latest / Python 3.14	UNKNOWN STEP	2026-09-13T17:51:19.7000362Z SKIPPED [1] tests/test_action_policy_creation.py:289: catalog 2 requires explicit Guard and Ledger development opt-ins
Action policy / ubuntu-latest / Python 3.14	UNKNOWN STEP	2026-09-13T17:51:19.7001857Z SKIPPED [1] tests/test_action_policy_creation.py:299: catalog 2 requires explicit Guard and Ledger development opt-ins
Action policy / ubuntu-latest / Python 3.14	UNKNOWN STEP	2026-09-13T17:51:19.7002744Z SKIPPED [5] tests/test_action_policy_creation.py:322: catalog 2 requires explicit Guard and Ledger development opt-ins
Action policy / ubuntu-latest / Python 3.14	UNKNOWN STEP	2026-09-13T17:51:19.7003612Z SKIPPED [1] tests/test_action_policy_creation.py:342: catalog 2 requires explicit Guard and Ledger development opt-ins
Action policy / ubuntu-latest / Python 3.14	UNKNOWN STEP	2026-09-13T17:51:19.7004444Z SKIPPED [1] tests/test_action_policy_creation.py:365: requires explicit action policy development environment
Action policy / ubuntu-latest / Python 3.14	UNKNOWN STEP	2026-09-13T17:51:19.7005234Z SKIPPED [1] tests/test_action_policy_creation.py:378: requires explicit action policy development environment
Action policy / ubuntu-latest / Python 3.14	UNKNOWN STEP	2026-09-13T17:51:19.7006061Z SKIPPED [10] tests/test_native_cloud_connection.py:83: catalog 2 requires explicit Guard and Ledger development opt-ins
Action policy / ubuntu-latest / Python 3.14	UNKNOWN STEP	2026-09-13T17:51:19.7006939Z SKIPPED [9] tests/test_native_cloud_connection.py:150: catalog 2 requires explicit Guard and Ledger development opt-ins
Action policy / ubuntu-latest / Python 3.14	UNKNOWN STEP	2026-09-13T17:51:19.7007837Z SKIPPED [20] tests/test_native_cloud_connection.py:168: catalog 2 requires explicit Guard and Ledger development opt-ins
Action policy / ubuntu-latest / Python 3.14	UNKNOWN STEP	2026-09-13T17:51:19.7008949Z SKIPPED [1] tests/test_native_cloud_connection.py:213: requires the released Ledger installation; covered by released CI
Action policy / ubuntu-latest / Python 3.14	UNKNOWN STEP	2026-09-13T17:51:19.7009827Z SKIPPED [11] tests/test_native_cloud_connection.py:222: catalog 2 requires explicit Guard and Ledger development opt-ins
Action policy / ubuntu-latest / Python 3.14	UNKNOWN STEP	2026-09-13T17:51:19.7010673Z SKIPPED [1] tests/test_native_cloud_connection.py:247: catalog 2 requires explicit Guard and Ledger development opt-ins
Action policy / ubuntu-latest / Python 3.14	UNKNOWN STEP	2026-09-13T17:51:19.7011652Z SKIPPED [1] tests/test_native_cloud_connection.py:260: catalog 2 requires explicit Guard and Ledger development opt-ins
Action policy / ubuntu-latest / Python 3.14	UNKNOWN STEP	2026-09-13T17:51:19.7012491Z SKIPPED [4] tests/test_native_cloud_connection.py:274: requires explicit action policy development environment
Action policy / ubuntu-latest / Python 3.14	UNKNOWN STEP	2026-09-13T17:51:19.7013307Z SKIPPED [1] tests/test_native_cloud_connection.py:296: catalog 2 requires explicit Guard and Ledger development opt-ins
Action policy / ubuntu-latest / Python 3.14	UNKNOWN STEP	2026-09-13T17:51:19.7014174Z SKIPPED [1] tests/test_native_cloud_connection.py:306: catalog 2 requires explicit Guard and Ledger development opt-ins
Action policy / ubuntu-latest / Python 3.14	UNKNOWN STEP	2026-09-13T17:51:19.7014943Z SKIPPED [1] tests/test_repository_workspace.py:117: case-insensitive filesystem required
Action policy / ubuntu-latest / Python 3.14	UNKNOWN STEP	2026-09-13T17:51:19.7015558Z SKIPPED [2] tests/test_repository_workspace.py:147: Windows junction/reparse test
Action policy / ubuntu-latest / Python 3.14	UNKNOWN STEP	2026-09-13T17:51:19.7016126Z SKIPPED [2] tests/test_repository_workspace.py:209: Windows namespace locks
Action policy / ubuntu-latest / Python 3.14	UNKNOWN STEP	2026-09-13T17:51:19.7016714Z SKIPPED [1] tests/test_repository_workspace.py:243: NTFS case-sensitive directory feature
Action policy / ubuntu-latest / Python 3.14	UNKNOWN STEP	2026-09-13T17:51:19.7017375Z SKIPPED [1] tests/test_repository_workspace.py:333: unprivileged mount namespaces unavailable
Action policy / ubuntu-latest / Python 3.14	UNKNOWN STEP	2026-09-13T17:51:19.7018202Z SKIPPED [17] tests/test_creation_attestation_consistency.py:68: catalog 2 requires explicit Guard and Ledger development opt-ins
Action policy / ubuntu-latest / Python 3.14	UNKNOWN STEP	2026-09-13T17:51:19.7019141Z SKIPPED [16] tests/test_creation_attestation_consistency.py:96: catalog 2 requires explicit Guard and Ledger development opt-ins
Action policy / ubuntu-latest / Python 3.14	UNKNOWN STEP	2026-09-13T17:51:19.7020078Z SKIPPED [1] tests/test_creation_attestation_consistency.py:122: catalog 2 requires explicit Guard and Ledger development opt-ins
Action policy / ubuntu-latest / Python 3.14	UNKNOWN STEP	2026-09-13T17:51:19.7020712Z 589 passed, 146 skipped in 57.87s
Action policy / ubuntu-latest / Python 3.14	UNKNOWN STEP	2026-09-13T17:51:24.9328933Z ........................................................................ [  9%]
Action policy / ubuntu-latest / Python 3.14	UNKNOWN STEP	2026-09-13T17:51:54.4063735Z ........................................................................ [ 19%]
Action policy / ubuntu-latest / Python 3.14	UNKNOWN STEP	2026-09-13T17:52:30.7796954Z .............................s.......................................... [ 29%]
Action policy / ubuntu-latest / Python 3.14	UNKNOWN STEP	2026-09-13T17:52:31.7845325Z ........................................................................ [ 39%]
Action policy / ubuntu-latest / Python 3.14	UNKNOWN STEP	2026-09-13T17:52:32.0376606Z ............s....ss........ss..s.....s.................................. [ 48%]
Action policy / ubuntu-latest / Python 3.14	UNKNOWN STEP	2026-09-13T17:52:33.4092770Z ........................................................................ [ 58%]
Action policy / ubuntu-latest / Python 3.14	UNKNOWN STEP	2026-09-13T17:52:36.8430004Z ........................................................................ [ 68%]
Action policy / ubuntu-latest / Python 3.14	UNKNOWN STEP	2026-09-13T17:52:39.1695319Z ........................................................................ [ 78%]
Action policy / ubuntu-latest / Python 3.14	UNKNOWN STEP	2026-09-13T17:52:40.0342158Z ........................................................................ [ 88%]
Action policy / ubuntu-latest / Python 3.14	UNKNOWN STEP	2026-09-13T17:52:54.5474671Z ........................................................................ [ 97%]
Action policy / ubuntu-latest / Python 3.14	UNKNOWN STEP	2026-09-13T17:52:55.4049772Z ...............                                                          [100%]
Action policy / ubuntu-latest / Python 3.14	UNKNOWN STEP	2026-09-13T17:52:55.4050322Z =========================== short test summary info ============================
Action policy / ubuntu-latest / Python 3.14	UNKNOWN STEP	2026-09-13T17:52:55.4050915Z SKIPPED [1] tests/test_native_cloud_connection.py:213: requires the released Ledger installation; covered by released CI
Action policy / ubuntu-latest / Python 3.14	UNKNOWN STEP	2026-09-13T17:52:55.4051784Z SKIPPED [1] tests/test_repository_workspace.py:117: case-insensitive filesystem required
Action policy / ubuntu-latest / Python 3.14	UNKNOWN STEP	2026-09-13T17:52:55.4052245Z SKIPPED [2] tests/test_repository_workspace.py:147: Windows junction/reparse test
Action policy / ubuntu-latest / Python 3.14	UNKNOWN STEP	2026-09-13T17:52:55.4052645Z SKIPPED [2] tests/test_repository_workspace.py:209: Windows namespace locks
Action policy / ubuntu-latest / Python 3.14	UNKNOWN STEP	2026-09-13T17:52:55.4053053Z SKIPPED [1] tests/test_repository_workspace.py:243: NTFS case-sensitive directory feature
Action policy / ubuntu-latest / Python 3.14	UNKNOWN STEP	2026-09-13T17:52:55.4053927Z SKIPPED [1] tests/test_repository_workspace.py:333: unprivileged mount namespaces unavailable
Action policy / ubuntu-latest / Python 3.14	UNKNOWN STEP	2026-09-13T17:52:55.4054308Z 727 passed, 8 skipped in 93.84s (0:01:33)
Action policy / ubuntu-latest / Python 3.14	UNKNOWN STEP	2026-09-13T17:52:56.2619336Z ##[group]Run actions/checkout@3d3c42e5aac5ba805825da76410c181273ba90b1
Action policy / ubuntu-latest / Python 3.14	UNKNOWN STEP	2026-09-13T17:52:56.2619637Z with:
Action policy / ubuntu-latest / Python 3.14	UNKNOWN STEP	2026-09-13T17:52:56.2619824Z   repository: Waveframe-Labs/Waveframe-Ledger
Action policy / ubuntu-latest / Python 3.14	UNKNOWN STEP	2026-09-13T17:52:56.2620079Z   ref: 3cc34e7b3cb6efca5102e0e22d559ec0c0fd583f
Action policy / ubuntu-latest / Python 3.14	UNKNOWN STEP	2026-09-13T17:52:56.2620320Z   path: .candidate50/ledger
Action policy / ubuntu-latest / Python 3.14	UNKNOWN STEP	2026-09-13T17:52:56.2620531Z   persist-credentials: false
Action policy / ubuntu-latest / Python 3.14	UNKNOWN STEP	2026-09-13T17:52:56.2622687Z   token: ***
Action policy / ubuntu-latest / Python 3.14	UNKNOWN STEP	2026-09-13T17:52:56.2622858Z   ssh-strict: true
Action policy / ubuntu-latest / Python 3.14	UNKNOWN STEP	2026-09-13T17:52:56.2623034Z   ssh-user: git
Action policy / ubuntu-latest / Python 3.14	UNKNOWN STEP	2026-09-13T17:52:56.2623199Z   clean: true
Action policy / ubuntu-latest / Python 3.14	UNKNOWN STEP	2026-09-13T17:52:56.2623375Z   sparse-checkout-cone-mode: true
Action policy / ubuntu-latest / Python 3.14	UNKNOWN STEP	2026-09-13T17:52:56.2623588Z   fetch-depth: 1
Action policy / ubuntu-latest / Python 3.14	UNKNOWN STEP	2026-09-13T17:52:56.2623753Z   fetch-tags: false
Action policy / ubuntu-latest / Python 3.14	UNKNOWN STEP	2026-09-13T17:52:56.2623924Z   show-progress: true
Action policy / ubuntu-latest / Python 3.14	UNKNOWN STEP	2026-09-13T17:52:56.2624096Z   lfs: false
Action policy / ubuntu-latest / Python 3.14	UNKNOWN STEP	2026-09-13T17:52:56.2624253Z   submodules: false
Action policy / ubuntu-latest / Python 3.14	UNKNOWN STEP	2026-09-13T17:52:56.2624431Z   set-safe-directory: true
Action policy / ubuntu-latest / Python 3.14	UNKNOWN STEP	2026-09-13T17:52:56.2624631Z   allow-unsafe-pr-checkout: false
Action policy / ubuntu-latest / Python 3.14	UNKNOWN STEP	2026-09-13T17:52:56.2624859Z env:
Action policy / ubuntu-latest / Python 3.14	UNKNOWN STEP	2026-09-13T17:52:56.2625028Z   CLOUD_TEST_ACCESS: true
Action policy / ubuntu-latest / Python 3.14	UNKNOWN STEP	2026-09-13T17:52:56.2625261Z   pythonLocation: /opt/hostedtoolcache/Python/3.14.7/x64
Action policy / ubuntu-latest / Python 3.14	UNKNOWN STEP	2026-09-13T17:52:56.2625591Z   PKG_CONFIG_PATH: /opt/hostedtoolcache/Python/3.14.7/x64/lib/pkgconfig
Action policy / ubuntu-latest / Python 3.14	UNKNOWN STEP	2026-09-13T17:52:56.2625932Z   Python_ROOT_DIR: /opt/hostedtoolcache/Python/3.14.7/x64
Action policy / ubuntu-latest / Python 3.14	UNKNOWN STEP	2026-09-13T17:52:56.2626223Z   Python2_ROOT_DIR: /opt/hostedtoolcache/Python/3.14.7/x64
Action policy / ubuntu-latest / Python 3.14	UNKNOWN STEP	2026-09-13T17:52:56.2626505Z   Python3_ROOT_DIR: /opt/hostedtoolcache/Python/3.14.7/x64
Action policy / ubuntu-latest / Python 3.14	UNKNOWN STEP	2026-09-13T17:52:56.2626794Z   LD_LIBRARY_PATH: /opt/hostedtoolcache/Python/3.14.7/x64/lib
Action policy / ubuntu-latest / Python 3.14	UNKNOWN STEP	2026-09-13T17:52:56.2627045Z ##[endgroup]
Action policy / ubuntu-latest / Python 3.14	UNKNOWN STEP	2026-09-13T17:52:56.3381386Z Syncing repository: Waveframe-Labs/Waveframe-Ledger
Action policy / ubuntu-latest / Python 3.14	UNKNOWN STEP	2026-09-13T17:52:56.3382009Z ##[group]Getting Git version info
Action policy / ubuntu-latest / Python 3.14	UNKNOWN STEP	2026-09-13T17:52:56.3382467Z Working directory is '/home/runner/work/Waveframe-Guard/Waveframe-Guard/.candidate50/ledger'
Action policy / ubuntu-latest / Python 3.14	UNKNOWN STEP	2026-09-13T17:52:56.3403032Z [command]/usr/bin/git version
Action policy / ubuntu-latest / Python 3.14	UNKNOWN STEP	2026-09-13T17:52:56.3444180Z git version 2.55.0
Action policy / ubuntu-latest / Python 3.14	UNKNOWN STEP	2026-09-13T17:52:56.3463926Z ##[endgroup]
Action policy / ubuntu-latest / Python 3.14	UNKNOWN STEP	2026-09-13T17:52:56.3471736Z Temporarily overriding HOME='/home/runner/work/_temp/b953324e-65b2-4b53-9579-74c6c993f434' before making global git config changes
Action policy / ubuntu-latest / Python 3.14	UNKNOWN STEP	2026-09-13T17:52:56.3472443Z Adding repository directory to the temporary git global config as a safe directory
Action policy / ubuntu-latest / Python 3.14	UNKNOWN STEP	2026-09-13T17:52:56.3477468Z [command]/usr/bin/git config --global --add safe.directory /home/runner/work/Waveframe-Guard/Waveframe-Guard/.candidate50/ledger
Action policy / ubuntu-latest / Python 3.14	UNKNOWN STEP	2026-09-13T17:52:56.3514280Z ##[group]Determining repository object format
Action policy / ubuntu-latest / Python 3.14	UNKNOWN STEP	2026-09-13T17:52:56.3516312Z ##[endgroup]
Action policy / ubuntu-latest / Python 3.14	UNKNOWN STEP	2026-09-13T17:52:56.3516597Z ##[group]Initializing the repository
Action policy / ubuntu-latest / Python 3.14	UNKNOWN STEP	2026-09-13T17:52:56.3521495Z [command]/usr/bin/git init /home/runner/work/Waveframe-Guard/Waveframe-Guard/.candidate50/ledger
Action policy / ubuntu-latest / Python 3.14	UNKNOWN STEP	2026-09-13T17:52:56.3561630Z hint: Using 'master' as the name for the initial branch. This default branch name
Action policy / ubuntu-latest / Python 3.14	UNKNOWN STEP	2026-09-13T17:52:56.3562709Z hint: will change to "main" in Git 3.0. To configure the initial branch name
Action policy / ubuntu-latest / Python 3.14	UNKNOWN STEP	2026-09-13T17:52:56.3563387Z hint: to use in all of your new repositories, which will suppress this warning,
Action policy / ubuntu-latest / Python 3.14	UNKNOWN STEP	2026-09-13T17:52:56.3563746Z hint: call:
Action policy / ubuntu-latest / Python 3.14	UNKNOWN STEP	2026-09-13T17:52:56.3563899Z hint:
Action policy / ubuntu-latest / Python 3.14	UNKNOWN STEP	2026-09-13T17:52:56.3564123Z hint: 	git config --global init.defaultBranch <name>
Action policy / ubuntu-latest / Python 3.14	UNKNOWN STEP	2026-09-13T17:52:56.3565465Z hint:
Action policy / ubuntu-latest / Python 3.14	UNKNOWN STEP	2026-09-13T17:52:56.3565715Z hint: Names commonly chosen instead of 'master' are 'main', 'trunk' and
Action policy / ubuntu-latest / Python 3.14	UNKNOWN STEP	2026-09-13T17:52:56.3566107Z hint: 'development'. The just-created branch can be renamed via this command:
Action policy / ubuntu-latest / Python 3.14	UNKNOWN STEP	2026-09-13T17:52:56.3566395Z hint:
Action policy / ubuntu-latest / Python 3.14	UNKNOWN STEP	2026-09-13T17:52:56.3566556Z hint: 	git branch -m <name>
Action policy / ubuntu-latest / Python 3.14	UNKNOWN STEP	2026-09-13T17:52:56.3566734Z hint:
Action policy / ubuntu-latest / Python 3.14	UNKNOWN STEP	2026-09-13T17:52:56.3566981Z hint: Disable this message with "git config set advice.defaultBranchName false"
Action policy / ubuntu-latest / Python 3.14	UNKNOWN STEP	2026-09-13T17:52:56.3567497Z Initialized empty Git repository in /home/runner/work/Waveframe-Guard/Waveframe-Guard/.candidate50/ledger/.git/
Action policy / ubuntu-latest / Python 3.14	UNKNOWN STEP	2026-09-13T17:52:56.3570308Z [command]/usr/bin/git remote add origin https://github.com/Waveframe-Labs/Waveframe-Ledger
Action policy / ubuntu-latest / Python 3.14	UNKNOWN STEP	2026-09-13T17:52:56.3607242Z ##[endgroup]
Action policy / ubuntu-latest / Python 3.14	UNKNOWN STEP	2026-09-13T17:52:56.3608082Z ##[group]Disabling automatic garbage collection
Action policy / ubuntu-latest / Python 3.14	UNKNOWN STEP	2026-09-13T17:52:56.3611890Z [command]/usr/bin/git config --local gc.auto 0
Action policy / ubuntu-latest / Python 3.14	UNKNOWN STEP	2026-09-13T17:52:56.3644528Z ##[endgroup]
Action policy / ubuntu-latest / Python 3.14	UNKNOWN STEP	2026-09-13T17:52:56.3644854Z ##[group]Setting up auth
Action policy / ubuntu-latest / Python 3.14	UNKNOWN STEP	2026-09-13T17:52:56.3645410Z Removing SSH command configuration
Action policy / ubuntu-latest / Python 3.14	UNKNOWN STEP	2026-09-13T17:52:56.3652096Z [command]/usr/bin/git config --local --name-only --get-regexp core\.sshCommand
Action policy / ubuntu-latest / Python 3.14	UNKNOWN STEP	2026-09-13T17:52:56.3685019Z [command]/usr/bin/git submodule foreach --recursive sh -c "git config --local --name-only --get-regexp 'core\.sshCommand' && git config --local --unset-all 'core.sshCommand' || :"
Action policy / ubuntu-latest / Python 3.14	UNKNOWN STEP	2026-09-13T17:52:56.3911617Z Removing HTTP extra header
Action policy / ubuntu-latest / Python 3.14	UNKNOWN STEP	2026-09-13T17:52:56.3912306Z [command]/usr/bin/git config --local --name-only --get-regexp http\.https\:\/\/github\.com\/\.extraheader
Action policy / ubuntu-latest / Python 3.14	UNKNOWN STEP	2026-09-13T17:52:56.3961751Z [command]/usr/bin/git submodule foreach --recursive sh -c "git config --local --name-only --get-regexp 'http\.https\:\/\/github\.com\/\.extraheader' && git config --local --unset-all 'http.https://github.com/.extraheader' || :"
Action policy / ubuntu-latest / Python 3.14	UNKNOWN STEP	2026-09-13T17:52:56.4197645Z Removing includeIf entries pointing to credentials config files
Action policy / ubuntu-latest / Python 3.14	UNKNOWN STEP	2026-09-13T17:52:56.4203716Z [command]/usr/bin/git config --local --name-only --get-regexp ^includeIf\.gitdir:
Action policy / ubuntu-latest / Python 3.14	UNKNOWN STEP	2026-09-13T17:52:56.4247132Z [command]/usr/bin/git submodule foreach --recursive git config --local --show-origin --name-only --get-regexp remote.origin.url
Action policy / ubuntu-latest / Python 3.14	UNKNOWN STEP	2026-09-13T17:52:56.4467760Z [command]/usr/bin/git config --file /home/runner/work/_temp/git-credentials-c2944471-b8e0-490a-8f66-e86fa01c9de5.config http.https://github.com/.extraheader AUTHORIZATION: basic ***
Action policy / ubuntu-latest / Python 3.14	UNKNOWN STEP	2026-09-13T17:52:56.4510417Z [command]/usr/bin/git config --local includeIf.gitdir:/home/runner/work/Waveframe-Guard/Waveframe-Guard/.candidate50/ledger/.git.path /home/runner/work/_temp/git-credentials-c2944471-b8e0-490a-8f66-e86fa01c9de5.config
Action policy / ubuntu-latest / Python 3.14	UNKNOWN STEP	2026-09-13T17:52:56.4543906Z [command]/usr/bin/git config --local includeIf.gitdir:/home/runner/work/Waveframe-Guard/Waveframe-Guard/.candidate50/ledger/.git/worktrees/*.path /home/runner/work/_temp/git-credentials-c2944471-b8e0-490a-8f66-e86fa01c9de5.config
Action policy / ubuntu-latest / Python 3.14	UNKNOWN STEP	2026-09-13T17:52:56.4581179Z [command]/usr/bin/git config --local includeIf.gitdir:/github/workspace/.candidate50/ledger/.git.path /github/runner_temp/git-credentials-c2944471-b8e0-490a-8f66-e86fa01c9de5.config
Action policy / ubuntu-latest / Python 3.14	UNKNOWN STEP	2026-09-13T17:52:56.4622056Z [command]/usr/bin/git config --local includeIf.gitdir:/github/workspace/.candidate50/ledger/.git/worktrees/*.path /github/runner_temp/git-credentials-c2944471-b8e0-490a-8f66-e86fa01c9de5.config
Action policy / ubuntu-latest / Python 3.14	UNKNOWN STEP	2026-09-13T17:52:56.4659116Z ##[endgroup]
Action policy / ubuntu-latest / Python 3.14	UNKNOWN STEP	2026-09-13T17:52:56.4666732Z ##[group]Fetching the repository
Action policy / ubuntu-latest / Python 3.14	UNKNOWN STEP	2026-09-13T17:52:56.4667662Z [command]/usr/bin/git -c protocol.version=2 fetch --no-tags --prune --no-recurse-submodules --depth=1 origin 3cc34e7b3cb6efca5102e0e22d559ec0c0fd583f
Action policy / ubuntu-latest / Python 3.14	UNKNOWN STEP	2026-09-13T17:52:57.0465346Z From https://github.com/Waveframe-Labs/Waveframe-Ledger
Action policy / ubuntu-latest / Python 3.14	UNKNOWN STEP	2026-09-13T17:52:57.0466180Z  * branch            3cc34e7b3cb6efca5102e0e22d559ec0c0fd583f -> FETCH_HEAD
Action policy / ubuntu-latest / Python 3.14	UNKNOWN STEP	2026-09-13T17:52:57.0476605Z [command]/usr/bin/git rev-parse --verify --quiet 3cc34e7b3cb6efca5102e0e22d559ec0c0fd583f^{object}
Action policy / ubuntu-latest / Python 3.14	UNKNOWN STEP	2026-09-13T17:52:57.0515066Z 3cc34e7b3cb6efca5102e0e22d559ec0c0fd583f
Action policy / ubuntu-latest / Python 3.14	UNKNOWN STEP	2026-09-13T17:52:57.0518751Z ##[endgroup]
Action policy / ubuntu-latest / Python 3.14	UNKNOWN STEP	2026-09-13T17:52:57.0519151Z ##[group]Determining the checkout info
Action policy / ubuntu-latest / Python 3.14	UNKNOWN STEP	2026-09-13T17:52:57.0520850Z ##[endgroup]
Action policy / ubuntu-latest / Python 3.14	UNKNOWN STEP	2026-09-13T17:52:57.0527889Z [command]/usr/bin/git sparse-checkout disable
Action policy / ubuntu-latest / Python 3.14	UNKNOWN STEP	2026-09-13T17:52:57.0585962Z [command]/usr/bin/git config --local --unset-all extensions.worktreeConfig
Action policy / ubuntu-latest / Python 3.14	UNKNOWN STEP	2026-09-13T17:52:57.0623113Z ##[group]Checking out the ref
Action policy / ubuntu-latest / Python 3.14	UNKNOWN STEP	2026-09-13T17:52:57.0628080Z [command]/usr/bin/git checkout --progress --force 3cc34e7b3cb6efca5102e0e22d559ec0c0fd583f
Action policy / ubuntu-latest / Python 3.14	UNKNOWN STEP	2026-09-13T17:52:57.0830044Z Note: switching to '3cc34e7b3cb6efca5102e0e22d559ec0c0fd583f'.
Action policy / ubuntu-latest / Python 3.14	UNKNOWN STEP	2026-09-13T17:52:57.0830604Z 
Action policy / ubuntu-latest / Python 3.14	UNKNOWN STEP	2026-09-13T17:52:57.0831192Z You are in 'detached HEAD' state. You can look around, make experimental
Action policy / ubuntu-latest / Python 3.14	UNKNOWN STEP	2026-09-13T17:52:57.0832054Z changes and commit them, and you can discard any commits you make in this
Action policy / ubuntu-latest / Python 3.14	UNKNOWN STEP	2026-09-13T17:52:57.0833152Z state without impacting any branches by switching back to a branch.
Action policy / ubuntu-latest / Python 3.14	UNKNOWN STEP	2026-09-13T17:52:57.0833605Z 
Action policy / ubuntu-latest / Python 3.14	UNKNOWN STEP	2026-09-13T17:52:57.0833827Z If you want to create a new branch to retain commits you create, you may
Action policy / ubuntu-latest / Python 3.14	UNKNOWN STEP	2026-09-13T17:52:57.0834340Z do so (now or later) by using -c with the switch command. Example:
Action policy / ubuntu-latest / Python 3.14	UNKNOWN STEP	2026-09-13T17:52:57.0834661Z 
Action policy / ubuntu-latest / Python 3.14	UNKNOWN STEP	2026-09-13T17:52:57.0834794Z   git switch -c <new-branch-name>
Action policy / ubuntu-latest / Python 3.14	UNKNOWN STEP	2026-09-13T17:52:57.0834995Z 
Action policy / ubuntu-latest / Python 3.14	UNKNOWN STEP	2026-09-13T17:52:57.0835108Z Or undo this operation with:
Action policy / ubuntu-latest / Python 3.14	UNKNOWN STEP	2026-09-13T17:52:57.0835293Z 
Action policy / ubuntu-latest / Python 3.14	UNKNOWN STEP	2026-09-13T17:52:57.0835388Z   git switch -
Action policy / ubuntu-latest / Python 3.14	UNKNOWN STEP	2026-09-13T17:52:57.0835517Z 
Action policy / ubuntu-latest / Python 3.14	UNKNOWN STEP	2026-09-13T17:52:57.0835757Z Turn off this advice by setting config variable advice.detachedHead to false
Action policy / ubuntu-latest / Python 3.14	UNKNOWN STEP	2026-09-13T17:52:57.0836097Z 
Action policy / ubuntu-latest / Python 3.14	UNKNOWN STEP	2026-09-13T17:52:57.0836465Z HEAD is now at 3cc34e7 release: prepare Ledger 0.9.0 and separate pending Guard 0.19 acceptance
Action policy / ubuntu-latest / Python 3.14	UNKNOWN STEP	2026-09-13T17:52:57.0837518Z ##[endgroup]
Action policy / ubuntu-latest / Python 3.14	UNKNOWN STEP	2026-09-13T17:52:57.0884403Z [command]/usr/bin/git log -1 --format=%H
Action policy / ubuntu-latest / Python 3.14	UNKNOWN STEP	2026-09-13T17:52:57.0915209Z 3cc34e7b3cb6efca5102e0e22d559ec0c0fd583f
Action policy / ubuntu-latest / Python 3.14	UNKNOWN STEP	2026-09-13T17:52:57.0924543Z ##[group]Removing auth
Action policy / ubuntu-latest / Python 3.14	UNKNOWN STEP	2026-09-13T17:52:57.0924964Z Removing SSH command configuration
Action policy / ubuntu-latest / Python 3.14	UNKNOWN STEP	2026-09-13T17:52:57.0928385Z [command]/usr/bin/git config --local --name-only --get-regexp core\.sshCommand
Action policy / ubuntu-latest / Python 3.14	UNKNOWN STEP	2026-09-13T17:52:57.0964347Z [command]/usr/bin/git submodule foreach --recursive sh -c "git config --local --name-only --get-regexp 'core\.sshCommand' && git config --local --unset-all 'core.sshCommand' || :"
Action policy / ubuntu-latest / Python 3.14	UNKNOWN STEP	2026-09-13T17:52:57.1177242Z Removing HTTP extra header
Action policy / ubuntu-latest / Python 3.14	UNKNOWN STEP	2026-09-13T17:52:57.1181926Z [command]/usr/bin/git config --local --name-only --get-regexp http\.https\:\/\/github\.com\/\.extraheader
Action policy / ubuntu-latest / Python 3.14	UNKNOWN STEP	2026-09-13T17:52:57.1218636Z [command]/usr/bin/git submodule foreach --recursive sh -c "git config --local --name-only --get-regexp 'http\.https\:\/\/github\.com\/\.extraheader' && git config --local --unset-all 'http.https://github.com/.extraheader' || :"
Action policy / ubuntu-latest / Python 3.14	UNKNOWN STEP	2026-09-13T17:52:57.1427609Z Removing includeIf entries pointing to credentials config files
Action policy / ubuntu-latest / Python 3.14	UNKNOWN STEP	2026-09-13T17:52:57.1431109Z [command]/usr/bin/git config --local --name-only --get-regexp ^includeIf\.gitdir:
Action policy / ubuntu-latest / Python 3.14	UNKNOWN STEP	2026-09-13T17:52:57.1462275Z includeif.gitdir:/home/runner/work/Waveframe-Guard/Waveframe-Guard/.candidate50/ledger/.git.path
Action policy / ubuntu-latest / Python 3.14	UNKNOWN STEP	2026-09-13T17:52:57.1463219Z includeif.gitdir:/home/runner/work/Waveframe-Guard/Waveframe-Guard/.candidate50/ledger/.git/worktrees/*.path
Action policy / ubuntu-latest / Python 3.14	UNKNOWN STEP	2026-09-13T17:52:57.1464006Z includeif.gitdir:/github/workspace/.candidate50/ledger/.git.path
Action policy / ubuntu-latest / Python 3.14	UNKNOWN STEP	2026-09-13T17:52:57.1464541Z includeif.gitdir:/github/workspace/.candidate50/ledger/.git/worktrees/*.path
Action policy / ubuntu-latest / Python 3.14	UNKNOWN STEP	2026-09-13T17:52:57.1470183Z [command]/usr/bin/git config --local --get-all includeif.gitdir:/home/runner/work/Waveframe-Guard/Waveframe-Guard/.candidate50/ledger/.git.path
Action policy / ubuntu-latest / Python 3.14	UNKNOWN STEP	2026-09-13T17:52:57.1499617Z /home/runner/work/_temp/git-credentials-c2944471-b8e0-490a-8f66-e86fa01c9de5.config
Action policy / ubuntu-latest / Python 3.14	UNKNOWN STEP	2026-09-13T17:52:57.1508636Z [command]/usr/bin/git config --local --unset includeif.gitdir:/home/runner/work/Waveframe-Guard/Waveframe-Guard/.candidate50/ledger/.git.path \/home\/runner\/work\/_temp\/git\-credentials\-c2944471\-b8e0\-490a\-8f66\-e86fa01c9de5\.config
Action policy / ubuntu-latest / Python 3.14	UNKNOWN STEP	2026-09-13T17:52:57.1546356Z [command]/usr/bin/git config --local --get-all includeif.gitdir:/home/runner/work/Waveframe-Guard/Waveframe-Guard/.candidate50/ledger/.git/worktrees/*.path
Action policy / ubuntu-latest / Python 3.14	UNKNOWN STEP	2026-09-13T17:52:57.1575333Z /home/runner/work/_temp/git-credentials-c2944471-b8e0-490a-8f66-e86fa01c9de5.config
Action policy / ubuntu-latest / Python 3.14	UNKNOWN STEP	2026-09-13T17:52:57.1582533Z [command]/usr/bin/git config --local --unset includeif.gitdir:/home/runner/work/Waveframe-Guard/Waveframe-Guard/.candidate50/ledger/.git/worktrees/*.path \/home\/runner\/work\/_temp\/git\-credentials\-c2944471\-b8e0\-490a\-8f66\-e86fa01c9de5\.config
Action policy / ubuntu-latest / Python 3.14	UNKNOWN STEP	2026-09-13T17:52:57.1617233Z [command]/usr/bin/git config --local --get-all includeif.gitdir:/github/workspace/.candidate50/ledger/.git.path
Action policy / ubuntu-latest / Python 3.14	UNKNOWN STEP	2026-09-13T17:52:57.1642534Z /github/runner_temp/git-credentials-c2944471-b8e0-490a-8f66-e86fa01c9de5.config
Action policy / ubuntu-latest / Python 3.14	UNKNOWN STEP	2026-09-13T17:52:57.1650427Z [command]/usr/bin/git config --local --unset includeif.gitdir:/github/workspace/.candidate50/ledger/.git.path \/github\/runner_temp\/git\-credentials\-c2944471\-b8e0\-490a\-8f66\-e86fa01c9de5\.config
Action policy / ubuntu-latest / Python 3.14	UNKNOWN STEP	2026-09-13T17:52:57.1720875Z [command]/usr/bin/git config --local --get-all includeif.gitdir:/github/workspace/.candidate50/ledger/.git/worktrees/*.path
Action policy / ubuntu-latest / Python 3.14	UNKNOWN STEP	2026-09-13T17:52:57.1762951Z /github/runner_temp/git-credentials-c2944471-b8e0-490a-8f66-e86fa01c9de5.config
Action policy / ubuntu-latest / Python 3.14	UNKNOWN STEP	2026-09-13T17:52:57.1770671Z [command]/usr/bin/git config --local --unset includeif.gitdir:/github/workspace/.candidate50/ledger/.git/worktrees/*.path \/github\/runner_temp\/git\-credentials\-c2944471\-b8e0\-490a\-8f66\-e86fa01c9de5\.config
Action policy / ubuntu-latest / Python 3.14	UNKNOWN STEP	2026-09-13T17:52:57.1809247Z [command]/usr/bin/git submodule foreach --recursive git config --local --show-origin --name-only --get-regexp remote.origin.url
Action policy / ubuntu-latest / Python 3.14	UNKNOWN STEP	2026-09-13T17:52:57.2020413Z Removing credentials config '/home/runner/work/_temp/git-credentials-c2944471-b8e0-490a-8f66-e86fa01c9de5.config'
Action policy / ubuntu-latest / Python 3.14	UNKNOWN STEP	2026-09-13T17:52:57.2029177Z ##[endgroup]
Action policy / ubuntu-latest / Python 3.14	UNKNOWN STEP	2026-09-13T17:52:57.2184915Z ##[group]Run actions/checkout@3d3c42e5aac5ba805825da76410c181273ba90b1
Action policy / ubuntu-latest / Python 3.14	UNKNOWN STEP	2026-09-13T17:52:57.2185287Z with:
Action policy / ubuntu-latest / Python 3.14	UNKNOWN STEP	2026-09-13T17:52:57.2185498Z   repository: Waveframe-Labs/Waveframe-Cloud
Action policy / ubuntu-latest / Python 3.14	UNKNOWN STEP	2026-09-13T17:52:57.2185785Z   ref: 547291b525e2f1d05d92ed65b6058c4ca91588a8
Action policy / ubuntu-latest / Python 3.14	UNKNOWN STEP	2026-09-13T17:52:57.2186593Z   token: ***
Action policy / ubuntu-latest / Python 3.14	UNKNOWN STEP	2026-09-13T17:52:57.2186803Z   path: .cloud-test-source
Action policy / ubuntu-latest / Python 3.14	UNKNOWN STEP	2026-09-13T17:52:57.2187038Z   persist-credentials: false
Action policy / ubuntu-latest / Python 3.14	UNKNOWN STEP	2026-09-13T17:52:57.2187261Z   ssh-strict: true
Action policy / ubuntu-latest / Python 3.14	UNKNOWN STEP	2026-09-13T17:52:57.2187449Z   ssh-user: git
Action policy / ubuntu-latest / Python 3.14	UNKNOWN STEP	2026-09-13T17:52:57.2187626Z   clean: true
Action policy / ubuntu-latest / Python 3.14	UNKNOWN STEP	2026-09-13T17:52:57.2187825Z   sparse-checkout-cone-mode: true
Action policy / ubuntu-latest / Python 3.14	UNKNOWN STEP	2026-09-13T17:52:57.2188060Z   fetch-depth: 1
Action policy / ubuntu-latest / Python 3.14	UNKNOWN STEP	2026-09-13T17:52:57.2188255Z   fetch-tags: false
Action policy / ubuntu-latest / Python 3.14	UNKNOWN STEP	2026-09-13T17:52:57.2188449Z   show-progress: true
Action policy / ubuntu-latest / Python 3.14	UNKNOWN STEP	2026-09-13T17:52:57.2188649Z   lfs: false
Action policy / ubuntu-latest / Python 3.14	UNKNOWN STEP	2026-09-13T17:52:57.2188831Z   submodules: false
Action policy / ubuntu-latest / Python 3.14	UNKNOWN STEP	2026-09-13T17:52:57.2189034Z   set-safe-directory: true
Action policy / ubuntu-latest / Python 3.14	UNKNOWN STEP	2026-09-13T17:52:57.2189262Z   allow-unsafe-pr-checkout: false
Action policy / ubuntu-latest / Python 3.14	UNKNOWN STEP	2026-09-13T17:52:57.2189526Z env:
Action policy / ubuntu-latest / Python 3.14	UNKNOWN STEP	2026-09-13T17:52:57.2189705Z   CLOUD_TEST_ACCESS: true
Action policy / ubuntu-latest / Python 3.14	UNKNOWN STEP	2026-09-13T17:52:57.2190140Z   pythonLocation: /opt/hostedtoolcache/Python/3.14.7/x64
Action policy / ubuntu-latest / Python 3.14	UNKNOWN STEP	2026-09-13T17:52:57.2190516Z   PKG_CONFIG_PATH: /opt/hostedtoolcache/Python/3.14.7/x64/lib/pkgconfig
Action policy / ubuntu-latest / Python 3.14	UNKNOWN STEP	2026-09-13T17:52:57.2190883Z   Python_ROOT_DIR: /opt/hostedtoolcache/Python/3.14.7/x64
Action policy / ubuntu-latest / Python 3.14	UNKNOWN STEP	2026-09-13T17:52:57.2191531Z   Python2_ROOT_DIR: /opt/hostedtoolcache/Python/3.14.7/x64
Action policy / ubuntu-latest / Python 3.14	UNKNOWN STEP	2026-09-13T17:52:57.2191866Z   Python3_ROOT_DIR: /opt/hostedtoolcache/Python/3.14.7/x64
Action policy / ubuntu-latest / Python 3.14	UNKNOWN STEP	2026-09-13T17:52:57.2192196Z   LD_LIBRARY_PATH: /opt/hostedtoolcache/Python/3.14.7/x64/lib
Action policy / ubuntu-latest / Python 3.14	UNKNOWN STEP	2026-09-13T17:52:57.2192480Z ##[endgroup]
Action policy / ubuntu-latest / Python 3.14	UNKNOWN STEP	2026-09-13T17:52:57.2949437Z Syncing repository: Waveframe-Labs/Waveframe-Cloud
Action policy / ubuntu-latest / Python 3.14	UNKNOWN STEP	2026-09-13T17:52:57.2964182Z ##[group]Getting Git version info
Action policy / ubuntu-latest / Python 3.14	UNKNOWN STEP	2026-09-13T17:52:57.2974172Z Working directory is '/home/runner/work/Waveframe-Guard/Waveframe-Guard/.cloud-test-source'
Action policy / ubuntu-latest / Python 3.14	UNKNOWN STEP	2026-09-13T17:52:57.2997269Z [command]/usr/bin/git version
Action policy / ubuntu-latest / Python 3.14	UNKNOWN STEP	2026-09-13T17:52:57.3041795Z git version 2.55.0
Action policy / ubuntu-latest / Python 3.14	UNKNOWN STEP	2026-09-13T17:52:57.3058594Z ##[endgroup]
Action policy / ubuntu-latest / Python 3.14	UNKNOWN STEP	2026-09-13T17:52:57.3068554Z Temporarily overriding HOME='/home/runner/work/_temp/c0599bfd-f253-4fa7-b2ad-0c30d7d5f64a' before making global git config changes
Action policy / ubuntu-latest / Python 3.14	UNKNOWN STEP	2026-09-13T17:52:57.3069305Z Adding repository directory to the temporary git global config as a safe directory
Action policy / ubuntu-latest / Python 3.14	UNKNOWN STEP	2026-09-13T17:52:57.3074216Z [command]/usr/bin/git config --global --add safe.directory /home/runner/work/Waveframe-Guard/Waveframe-Guard/.cloud-test-source
Action policy / ubuntu-latest / Python 3.14	UNKNOWN STEP	2026-09-13T17:52:57.3113861Z ##[group]Determining repository object format
Action policy / ubuntu-latest / Python 3.14	UNKNOWN STEP	2026-09-13T17:52:57.3115907Z ##[endgroup]
Action policy / ubuntu-latest / Python 3.14	UNKNOWN STEP	2026-09-13T17:52:57.3116355Z ##[group]Initializing the repository
Action policy / ubuntu-latest / Python 3.14	UNKNOWN STEP	2026-09-13T17:52:57.3121507Z [command]/usr/bin/git init /home/runner/work/Waveframe-Guard/Waveframe-Guard/.cloud-test-source
Action policy / ubuntu-latest / Python 3.14	UNKNOWN STEP	2026-09-13T17:52:57.3170648Z hint: Using 'master' as the name for the initial branch. This default branch name
Action policy / ubuntu-latest / Python 3.14	UNKNOWN STEP	2026-09-13T17:52:57.3171714Z hint: will change to "main" in Git 3.0. To configure the initial branch name
Action policy / ubuntu-latest / Python 3.14	UNKNOWN STEP	2026-09-13T17:52:57.3172546Z hint: to use in all of your new repositories, which will suppress this warning,
Action policy / ubuntu-latest / Python 3.14	UNKNOWN STEP	2026-09-13T17:52:57.3173003Z hint: call:
Action policy / ubuntu-latest / Python 3.14	UNKNOWN STEP	2026-09-13T17:52:57.3173223Z hint:
Action policy / ubuntu-latest / Python 3.14	UNKNOWN STEP	2026-09-13T17:52:57.3173584Z hint: 	git config --global init.defaultBranch <name>
Action policy / ubuntu-latest / Python 3.14	UNKNOWN STEP	2026-09-13T17:52:57.3173940Z hint:
Action policy / ubuntu-latest / Python 3.14	UNKNOWN STEP	2026-09-13T17:52:57.3174292Z hint: Names commonly chosen instead of 'master' are 'main', 'trunk' and
Action policy / ubuntu-latest / Python 3.14	UNKNOWN STEP	2026-09-13T17:52:57.3174694Z hint: 'development'. The just-created branch can be renamed via this command:
Action policy / ubuntu-latest / Python 3.14	UNKNOWN STEP	2026-09-13T17:52:57.3174988Z hint:
Action policy / ubuntu-latest / Python 3.14	UNKNOWN STEP	2026-09-13T17:52:57.3175154Z hint: 	git branch -m <name>
Action policy / ubuntu-latest / Python 3.14	UNKNOWN STEP	2026-09-13T17:52:57.3175342Z hint:
Action policy / ubuntu-latest / Python 3.14	UNKNOWN STEP	2026-09-13T17:52:57.3175599Z hint: Disable this message with "git config set advice.defaultBranchName false"
Action policy / ubuntu-latest / Python 3.14	UNKNOWN STEP	2026-09-13T17:52:57.3176097Z Initialized empty Git repository in /home/runner/work/Waveframe-Guard/Waveframe-Guard/.cloud-test-source/.git/
Action policy / ubuntu-latest / Python 3.14	UNKNOWN STEP	2026-09-13T17:52:57.3179379Z [command]/usr/bin/git remote add origin https://github.com/Waveframe-Labs/Waveframe-Cloud
Action policy / ubuntu-latest / Python 3.14	UNKNOWN STEP	2026-09-13T17:52:57.3266177Z ##[endgroup]
Action policy / ubuntu-latest / Python 3.14	UNKNOWN STEP	2026-09-13T17:52:57.3266821Z ##[group]Disabling automatic garbage collection
Action policy / ubuntu-latest / Python 3.14	UNKNOWN STEP	2026-09-13T17:52:57.3271128Z [command]/usr/bin/git config --local gc.auto 0
Action policy / ubuntu-latest / Python 3.14	UNKNOWN STEP	2026-09-13T17:52:57.3304711Z ##[endgroup]
Action policy / ubuntu-latest / Python 3.14	UNKNOWN STEP	2026-09-13T17:52:57.3310767Z ##[group]Setting up auth
Action policy / ubuntu-latest / Python 3.14	UNKNOWN STEP	2026-09-13T17:52:57.3311275Z Removing SSH command configuration
Action policy / ubuntu-latest / Python 3.14	UNKNOWN STEP	2026-09-13T17:52:57.3311797Z [command]/usr/bin/git config --local --name-only --get-regexp core\.sshCommand
Action policy / ubuntu-latest / Python 3.14	UNKNOWN STEP	2026-09-13T17:52:57.3345328Z [command]/usr/bin/git submodule foreach --recursive sh -c "git config --local --name-only --get-regexp 'core\.sshCommand' && git config --local --unset-all 'core.sshCommand' || :"
Action policy / ubuntu-latest / Python 3.14	UNKNOWN STEP	2026-09-13T17:52:57.3590461Z Removing HTTP extra header
Action policy / ubuntu-latest / Python 3.14	UNKNOWN STEP	2026-09-13T17:52:57.3595858Z [command]/usr/bin/git config --local --name-only --get-regexp http\.https\:\/\/github\.com\/\.extraheader
Action policy / ubuntu-latest / Python 3.14	UNKNOWN STEP	2026-09-13T17:52:57.3639693Z [command]/usr/bin/git submodule foreach --recursive sh -c "git config --local --name-only --get-regexp 'http\.https\:\/\/github\.com\/\.extraheader' && git config --local --unset-all 'http.https://github.com/.extraheader' || :"
Action policy / ubuntu-latest / Python 3.14	UNKNOWN STEP	2026-09-13T17:52:57.3904864Z Removing includeIf entries pointing to credentials config files
Action policy / ubuntu-latest / Python 3.14	UNKNOWN STEP	2026-09-13T17:52:57.3911438Z [command]/usr/bin/git config --local --name-only --get-regexp ^includeIf\.gitdir:
Action policy / ubuntu-latest / Python 3.14	UNKNOWN STEP	2026-09-13T17:52:57.3950307Z [command]/usr/bin/git submodule foreach --recursive git config --local --show-origin --name-only --get-regexp remote.origin.url
Action policy / ubuntu-latest / Python 3.14	UNKNOWN STEP	2026-09-13T17:52:57.4167183Z [command]/usr/bin/git config --file /home/runner/work/_temp/git-credentials-6872561d-97b4-4863-8cda-0be2ef3595dd.config http.https://github.com/.extraheader AUTHORIZATION: basic ***
Action policy / ubuntu-latest / Python 3.14	UNKNOWN STEP	2026-09-13T17:52:57.4216034Z [command]/usr/bin/git config --local includeIf.gitdir:/home/runner/work/Waveframe-Guard/Waveframe-Guard/.cloud-test-source/.git.path /home/runner/work/_temp/git-credentials-6872561d-97b4-4863-8cda-0be2ef3595dd.config
Action policy / ubuntu-latest / Python 3.14	UNKNOWN STEP	2026-09-13T17:52:57.4254149Z [command]/usr/bin/git config --local includeIf.gitdir:/home/runner/work/Waveframe-Guard/Waveframe-Guard/.cloud-test-source/.git/worktrees/*.path /home/runner/work/_temp/git-credentials-6872561d-97b4-4863-8cda-0be2ef3595dd.config
Action policy / ubuntu-latest / Python 3.14	UNKNOWN STEP	2026-09-13T17:52:57.4289575Z [command]/usr/bin/git config --local includeIf.gitdir:/github/workspace/.cloud-test-source/.git.path /github/runner_temp/git-credentials-6872561d-97b4-4863-8cda-0be2ef3595dd.config
Action policy / ubuntu-latest / Python 3.14	UNKNOWN STEP	2026-09-13T17:52:57.4327698Z [command]/usr/bin/git config --local includeIf.gitdir:/github/workspace/.cloud-test-source/.git/worktrees/*.path /github/runner_temp/git-credentials-6872561d-97b4-4863-8cda-0be2ef3595dd.config
Action policy / ubuntu-latest / Python 3.14	UNKNOWN STEP	2026-09-13T17:52:57.4361561Z ##[endgroup]
Action policy / ubuntu-latest / Python 3.14	UNKNOWN STEP	2026-09-13T17:52:57.4362058Z ##[group]Fetching the repository
Action policy / ubuntu-latest / Python 3.14	UNKNOWN STEP	2026-09-13T17:52:57.4368468Z [command]/usr/bin/git -c protocol.version=2 fetch --no-tags --prune --no-recurse-submodules --depth=1 origin 547291b525e2f1d05d92ed65b6058c4ca91588a8
Action policy / ubuntu-latest / Python 3.14	UNKNOWN STEP	2026-09-13T17:52:58.7861998Z From https://github.com/Waveframe-Labs/Waveframe-Cloud
Action policy / ubuntu-latest / Python 3.14	UNKNOWN STEP	2026-09-13T17:52:58.7862408Z  * branch            547291b525e2f1d05d92ed65b6058c4ca91588a8 -> FETCH_HEAD
Action policy / ubuntu-latest / Python 3.14	UNKNOWN STEP	2026-09-13T17:52:58.7870509Z [command]/usr/bin/git rev-parse --verify --quiet 547291b525e2f1d05d92ed65b6058c4ca91588a8^{object}
Action policy / ubuntu-latest / Python 3.14	UNKNOWN STEP	2026-09-13T17:52:58.7900691Z 547291b525e2f1d05d92ed65b6058c4ca91588a8
Action policy / ubuntu-latest / Python 3.14	UNKNOWN STEP	2026-09-13T17:52:58.7904270Z ##[endgroup]
Action policy / ubuntu-latest / Python 3.14	UNKNOWN STEP	2026-09-13T17:52:58.7904596Z ##[group]Determining the checkout info
Action policy / ubuntu-latest / Python 3.14	UNKNOWN STEP	2026-09-13T17:52:58.7905733Z ##[endgroup]
Action policy / ubuntu-latest / Python 3.14	UNKNOWN STEP	2026-09-13T17:52:58.7910097Z [command]/usr/bin/git sparse-checkout disable
Action policy / ubuntu-latest / Python 3.14	UNKNOWN STEP	2026-09-13T17:52:58.7952898Z [command]/usr/bin/git config --local --unset-all extensions.worktreeConfig
Action policy / ubuntu-latest / Python 3.14	UNKNOWN STEP	2026-09-13T17:52:58.7986980Z ##[group]Checking out the ref
Action policy / ubuntu-latest / Python 3.14	UNKNOWN STEP	2026-09-13T17:52:58.7991844Z [command]/usr/bin/git checkout --progress --force 547291b525e2f1d05d92ed65b6058c4ca91588a8
Action policy / ubuntu-latest / Python 3.14	UNKNOWN STEP	2026-09-13T17:52:58.8604187Z Note: switching to '547291b525e2f1d05d92ed65b6058c4ca91588a8'.
Action policy / ubuntu-latest / Python 3.14	UNKNOWN STEP	2026-09-13T17:52:58.8604446Z 
Action policy / ubuntu-latest / Python 3.14	UNKNOWN STEP	2026-09-13T17:52:58.8604614Z You are in 'detached HEAD' state. You can look around, make experimental
Action policy / ubuntu-latest / Python 3.14	UNKNOWN STEP	2026-09-13T17:52:58.8605006Z changes and commit them, and you can discard any commits you make in this
Action policy / ubuntu-latest / Python 3.14	UNKNOWN STEP	2026-09-13T17:52:58.8605621Z state without impacting any branches by switching back to a branch.
Action policy / ubuntu-latest / Python 3.14	UNKNOWN STEP	2026-09-13T17:52:58.8605853Z 
Action policy / ubuntu-latest / Python 3.14	UNKNOWN STEP	2026-09-13T17:52:58.8606003Z If you want to create a new branch to retain commits you create, you may
Action policy / ubuntu-latest / Python 3.14	UNKNOWN STEP	2026-09-13T17:52:58.8606352Z do so (now or later) by using -c with the switch command. Example:
Action policy / ubuntu-latest / Python 3.14	UNKNOWN STEP	2026-09-13T17:52:58.8606550Z 
Action policy / ubuntu-latest / Python 3.14	UNKNOWN STEP	2026-09-13T17:52:58.8606647Z   git switch -c <new-branch-name>
Action policy / ubuntu-latest / Python 3.14	UNKNOWN STEP	2026-09-13T17:52:58.8606880Z 
Action policy / ubuntu-latest / Python 3.14	UNKNOWN STEP	2026-09-13T17:52:58.8607094Z Or undo this operation with:
Action policy / ubuntu-latest / Python 3.14	UNKNOWN STEP	2026-09-13T17:52:58.8607226Z 
Action policy / ubuntu-latest / Python 3.14	UNKNOWN STEP	2026-09-13T17:52:58.8607303Z   git switch -
Action policy / ubuntu-latest / Python 3.14	UNKNOWN STEP	2026-09-13T17:52:58.8607402Z 
Action policy / ubuntu-latest / Python 3.14	UNKNOWN STEP	2026-09-13T17:52:58.8607624Z Turn off this advice by setting config variable advice.detachedHead to false
Action policy / ubuntu-latest / Python 3.14	UNKNOWN STEP	2026-09-13T17:52:58.8607862Z 
Action policy / ubuntu-latest / Python 3.14	UNKNOWN STEP	2026-09-13T17:52:58.8608054Z HEAD is now at 547291b Create fixture workspace on fresh CI checkouts
Action policy / ubuntu-latest / Python 3.14	UNKNOWN STEP	2026-09-13T17:52:58.8614240Z ##[endgroup]
Action policy / ubuntu-latest / Python 3.14	UNKNOWN STEP	2026-09-13T17:52:58.8659982Z [command]/usr/bin/git log -1 --format=%H
Action policy / ubuntu-latest / Python 3.14	UNKNOWN STEP	2026-09-13T17:52:58.8689792Z 547291b525e2f1d05d92ed65b6058c4ca91588a8
Action policy / ubuntu-latest / Python 3.14	UNKNOWN STEP	2026-09-13T17:52:58.8699100Z ##[group]Removing auth
Action policy / ubuntu-latest / Python 3.14	UNKNOWN STEP	2026-09-13T17:52:58.8699402Z Removing SSH command configuration
Action policy / ubuntu-latest / Python 3.14	UNKNOWN STEP	2026-09-13T17:52:58.8703010Z [command]/usr/bin/git config --local --name-only --get-regexp core\.sshCommand
Action policy / ubuntu-latest / Python 3.14	UNKNOWN STEP	2026-09-13T17:52:58.8739086Z [command]/usr/bin/git submodule foreach --recursive sh -c "git config --local --name-only --get-regexp 'core\.sshCommand' && git config --local --unset-all 'core.sshCommand' || :"
Action policy / ubuntu-latest / Python 3.14	UNKNOWN STEP	2026-09-13T17:52:58.8946456Z Removing HTTP extra header
Action policy / ubuntu-latest / Python 3.14	UNKNOWN STEP	2026-09-13T17:52:58.8952194Z [command]/usr/bin/git config --local --name-only --get-regexp http\.https\:\/\/github\.com\/\.extraheader
Action policy / ubuntu-latest / Python 3.14	UNKNOWN STEP	2026-09-13T17:52:58.8991758Z [command]/usr/bin/git submodule foreach --recursive sh -c "git config --local --name-only --get-regexp 'http\.https\:\/\/github\.com\/\.extraheader' && git config --local --unset-all 'http.https://github.com/.extraheader' || :"
Action policy / ubuntu-latest / Python 3.14	UNKNOWN STEP	2026-09-13T17:52:58.9197689Z Removing includeIf entries pointing to credentials config files
Action policy / ubuntu-latest / Python 3.14	UNKNOWN STEP	2026-09-13T17:52:58.9201541Z [command]/usr/bin/git config --local --name-only --get-regexp ^includeIf\.gitdir:
Action policy / ubuntu-latest / Python 3.14	UNKNOWN STEP	2026-09-13T17:52:58.9230746Z includeif.gitdir:/home/runner/work/Waveframe-Guard/Waveframe-Guard/.cloud-test-source/.git.path
Action policy / ubuntu-latest / Python 3.14	UNKNOWN STEP	2026-09-13T17:52:58.9231818Z includeif.gitdir:/home/runner/work/Waveframe-Guard/Waveframe-Guard/.cloud-test-source/.git/worktrees/*.path
Action policy / ubuntu-latest / Python 3.14	UNKNOWN STEP	2026-09-13T17:52:58.9232556Z includeif.gitdir:/github/workspace/.cloud-test-source/.git.path
Action policy / ubuntu-latest / Python 3.14	UNKNOWN STEP	2026-09-13T17:52:58.9233139Z includeif.gitdir:/github/workspace/.cloud-test-source/.git/worktrees/*.path
Action policy / ubuntu-latest / Python 3.14	UNKNOWN STEP	2026-09-13T17:52:58.9240142Z [command]/usr/bin/git config --local --get-all includeif.gitdir:/home/runner/work/Waveframe-Guard/Waveframe-Guard/.cloud-test-source/.git.path
Action policy / ubuntu-latest / Python 3.14	UNKNOWN STEP	2026-09-13T17:52:58.9269514Z /home/runner/work/_temp/git-credentials-6872561d-97b4-4863-8cda-0be2ef3595dd.config
Action policy / ubuntu-latest / Python 3.14	UNKNOWN STEP	2026-09-13T17:52:58.9278314Z [command]/usr/bin/git config --local --unset includeif.gitdir:/home/runner/work/Waveframe-Guard/Waveframe-Guard/.cloud-test-source/.git.path \/home\/runner\/work\/_temp\/git\-credentials\-6872561d\-97b4\-4863\-8cda\-0be2ef3595dd\.config
Action policy / ubuntu-latest / Python 3.14	UNKNOWN STEP	2026-09-13T17:52:58.9313325Z [command]/usr/bin/git config --local --get-all includeif.gitdir:/home/runner/work/Waveframe-Guard/Waveframe-Guard/.cloud-test-source/.git/worktrees/*.path
Action policy / ubuntu-latest / Python 3.14	UNKNOWN STEP	2026-09-13T17:52:58.9340300Z /home/runner/work/_temp/git-credentials-6872561d-97b4-4863-8cda-0be2ef3595dd.config
Action policy / ubuntu-latest / Python 3.14	UNKNOWN STEP	2026-09-13T17:52:58.9348346Z [command]/usr/bin/git config --local --unset includeif.gitdir:/home/runner/work/Waveframe-Guard/Waveframe-Guard/.cloud-test-source/.git/worktrees/*.path \/home\/runner\/work\/_temp\/git\-credentials\-6872561d\-97b4\-4863\-8cda\-0be2ef3595dd\.config
Action policy / ubuntu-latest / Python 3.14	UNKNOWN STEP	2026-09-13T17:52:58.9383381Z [command]/usr/bin/git config --local --get-all includeif.gitdir:/github/workspace/.cloud-test-source/.git.path
Action policy / ubuntu-latest / Python 3.14	UNKNOWN STEP	2026-09-13T17:52:58.9409975Z /github/runner_temp/git-credentials-6872561d-97b4-4863-8cda-0be2ef3595dd.config
Action policy / ubuntu-latest / Python 3.14	UNKNOWN STEP	2026-09-13T17:52:58.9417841Z [command]/usr/bin/git config --local --unset includeif.gitdir:/github/workspace/.cloud-test-source/.git.path \/github\/runner_temp\/git\-credentials\-6872561d\-97b4\-4863\-8cda\-0be2ef3595dd\.config
Action policy / ubuntu-latest / Python 3.14	UNKNOWN STEP	2026-09-13T17:52:58.9492706Z [command]/usr/bin/git config --local --get-all includeif.gitdir:/github/workspace/.cloud-test-source/.git/worktrees/*.path
Action policy / ubuntu-latest / Python 3.14	UNKNOWN STEP	2026-09-13T17:52:58.9531452Z /github/runner_temp/git-credentials-6872561d-97b4-4863-8cda-0be2ef3595dd.config
Action policy / ubuntu-latest / Python 3.14	UNKNOWN STEP	2026-09-13T17:52:58.9540468Z [command]/usr/bin/git config --local --unset includeif.gitdir:/github/workspace/.cloud-test-source/.git/worktrees/*.path \/github\/runner_temp\/git\-credentials\-6872561d\-97b4\-4863\-8cda\-0be2ef3595dd\.config
Action policy / ubuntu-latest / Python 3.14	UNKNOWN STEP	2026-09-13T17:52:58.9571878Z [command]/usr/bin/git submodule foreach --recursive git config --local --show-origin --name-only --get-regexp remote.origin.url
Action policy / ubuntu-latest / Python 3.14	UNKNOWN STEP	2026-09-13T17:52:58.9783274Z Removing credentials config '/home/runner/work/_temp/git-credentials-6872561d-97b4-4863-8cda-0be2ef3595dd.config'
Action policy / ubuntu-latest / Python 3.14	UNKNOWN STEP	2026-09-13T17:52:58.9791351Z ##[endgroup]
Action policy / ubuntu-latest / Python 3.14	UNKNOWN STEP	2026-09-13T17:52:58.9950242Z ##[group]Run actions/setup-python@ece7cb06caefa5fff74198d8649806c4678c61a1
Action policy / ubuntu-latest / Python 3.14	UNKNOWN STEP	2026-09-13T17:52:58.9950560Z with:
Action policy / ubuntu-latest / Python 3.14	UNKNOWN STEP	2026-09-13T17:52:58.9950737Z   python-version: 3.14
Action policy / ubuntu-latest / Python 3.14	UNKNOWN STEP	2026-09-13T17:52:58.9951329Z   check-latest: false
Action policy / ubuntu-latest / Python 3.14	UNKNOWN STEP	2026-09-13T17:52:58.9953232Z   token: ***
Action policy / ubuntu-latest / Python 3.14	UNKNOWN STEP	2026-09-13T17:52:58.9953409Z   update-environment: true
Action policy / ubuntu-latest / Python 3.14	UNKNOWN STEP	2026-09-13T17:52:58.9953609Z   allow-prereleases: false
Action policy / ubuntu-latest / Python 3.14	UNKNOWN STEP	2026-09-13T17:52:58.9953794Z   freethreaded: false
Action policy / ubuntu-latest / Python 3.14	UNKNOWN STEP	2026-09-13T17:52:58.9953967Z env:
Action policy / ubuntu-latest / Python 3.14	UNKNOWN STEP	2026-09-13T17:52:58.9954133Z   CLOUD_TEST_ACCESS: true
Action policy / ubuntu-latest / Python 3.14	UNKNOWN STEP	2026-09-13T17:52:58.9954368Z   pythonLocation: /opt/hostedtoolcache/Python/3.14.7/x64
Action policy / ubuntu-latest / Python 3.14	UNKNOWN STEP	2026-09-13T17:52:58.9954707Z   PKG_CONFIG_PATH: /opt/hostedtoolcache/Python/3.14.7/x64/lib/pkgconfig
Action policy / ubuntu-latest / Python 3.14	UNKNOWN STEP	2026-09-13T17:52:58.9955030Z   Python_ROOT_DIR: /opt/hostedtoolcache/Python/3.14.7/x64
Action policy / ubuntu-latest / Python 3.14	UNKNOWN STEP	2026-09-13T17:52:58.9955326Z   Python2_ROOT_DIR: /opt/hostedtoolcache/Python/3.14.7/x64
Action policy / ubuntu-latest / Python 3.14	UNKNOWN STEP	2026-09-13T17:52:58.9955614Z   Python3_ROOT_DIR: /opt/hostedtoolcache/Python/3.14.7/x64
Action policy / ubuntu-latest / Python 3.14	UNKNOWN STEP	2026-09-13T17:52:58.9955931Z   LD_LIBRARY_PATH: /opt/hostedtoolcache/Python/3.14.7/x64/lib
Action policy / ubuntu-latest / Python 3.14	UNKNOWN STEP	2026-09-13T17:52:58.9956188Z ##[endgroup]
Action policy / ubuntu-latest / Python 3.14	UNKNOWN STEP	2026-09-13T17:52:59.1091438Z ##[group]Installed versions
Action policy / ubuntu-latest / Python 3.14	UNKNOWN STEP	2026-09-13T17:52:59.1134636Z Successfully set up CPython (3.14.7)
Action policy / ubuntu-latest / Python 3.14	UNKNOWN STEP	2026-09-13T17:52:59.1135441Z ##[endgroup]
Action policy / ubuntu-latest / Python 3.14	UNKNOWN STEP	2026-09-13T17:52:59.1262407Z ##[group]Run python -c "import os,subprocess; subprocess.run([os.environ['SDK_PYTHON'], 'tools/acceptance/native_cloud_package.py', '--wheel', 'acceptance-output/package/waveframe_guard-0.19.0-py3-none-any.whl', '--output', 'acceptance-output/connected', '--cloud-source', '.cloud-test-source', '--server-base-python', os.environ['CLOUD_PYTHON']], check=True)"
Action policy / ubuntu-latest / Python 3.14	UNKNOWN STEP	2026-09-13T17:52:59.1264330Z ^[[36;1mpython -c "import os,subprocess; subprocess.run([os.environ['SDK_PYTHON'], 'tools/acceptance/native_cloud_package.py', '--wheel', 'acceptance-output/package/waveframe_guard-0.19.0-py3-none-any.whl', '--output', 'acceptance-output/connected', '--cloud-source', '.cloud-test-source', '--server-base-python', os.environ['CLOUD_PYTHON']], check=True)"^[[0m
Action policy / ubuntu-latest / Python 3.14	UNKNOWN STEP	2026-09-13T17:52:59.1300031Z shell: /usr/bin/bash -e {0}
Action policy / ubuntu-latest / Python 3.14	UNKNOWN STEP	2026-09-13T17:52:59.1300258Z env:
Action policy / ubuntu-latest / Python 3.14	UNKNOWN STEP	2026-09-13T17:52:59.1300438Z   CLOUD_TEST_ACCESS: true
Action policy / ubuntu-latest / Python 3.14	UNKNOWN STEP	2026-09-13T17:52:59.1300770Z   pythonLocation: /opt/hostedtoolcache/Python/3.14.7/x64
Action policy / ubuntu-latest / Python 3.14	UNKNOWN STEP	2026-09-13T17:52:59.1301806Z   PKG_CONFIG_PATH: /opt/hostedtoolcache/Python/3.14.7/x64/lib/pkgconfig
Action policy / ubuntu-latest / Python 3.14	UNKNOWN STEP	2026-09-13T17:52:59.1302356Z   Python_ROOT_DIR: /opt/hostedtoolcache/Python/3.14.7/x64
Action policy / ubuntu-latest / Python 3.14	UNKNOWN STEP	2026-09-13T17:52:59.1302835Z   Python2_ROOT_DIR: /opt/hostedtoolcache/Python/3.14.7/x64
Action policy / ubuntu-latest / Python 3.14	UNKNOWN STEP	2026-09-13T17:52:59.1303309Z   Python3_ROOT_DIR: /opt/hostedtoolcache/Python/3.14.7/x64
Action policy / ubuntu-latest / Python 3.14	UNKNOWN STEP	2026-09-13T17:52:59.1303790Z   LD_LIBRARY_PATH: /opt/hostedtoolcache/Python/3.14.7/x64/lib
Action policy / ubuntu-latest / Python 3.14	UNKNOWN STEP	2026-09-13T17:52:59.1304302Z   SDK_PYTHON: /opt/hostedtoolcache/Python/3.14.7/x64/bin/python
Action policy / ubuntu-latest / Python 3.14	UNKNOWN STEP	2026-09-13T17:52:59.1304822Z   CLOUD_PYTHON: /opt/hostedtoolcache/Python/3.14.7/x64/bin/python
Action policy / ubuntu-latest / Python 3.14	UNKNOWN STEP	2026-09-13T17:52:59.1305250Z ##[endgroup]
Action policy / ubuntu-latest / Python 3.14	UNKNOWN STEP	2026-09-13T17:53:02.1737760Z Processing /home/runner/work/Waveframe-Guard/Waveframe-Guard/acceptance-output/package/waveframe_guard-0.19.0-py3-none-any.whl
Action policy / ubuntu-latest / Python 3.14	UNKNOWN STEP	2026-09-13T17:53:02.1806837Z Collecting cricore-contract-compiler @ git+https://github.com/Waveframe-Labs/cricore-contract-compiler.git@ae590dee058d3481e384dea850d5b7d980f533ff (from -r /home/runner/work/Waveframe-Guard/Waveframe-Guard/.github/requirements/action-policy-release.txt (line 4))
Action policy / ubuntu-latest / Python 3.14	UNKNOWN STEP	2026-09-13T17:53:02.1807955Z   Using cached cricore_contract_compiler-0.5.0-py3-none-any.whl
Action policy / ubuntu-latest / Python 3.14	UNKNOWN STEP	2026-09-13T17:53:02.1832375Z Collecting governance-ledger @ git+https://github.com/Waveframe-Labs/Waveframe-Ledger.git@3cc34e7b3cb6efca5102e0e22d559ec0c0fd583f (from -r /home/runner/work/Waveframe-Guard/Waveframe-Guard/.github/requirements/action-policy-release.txt (line 5))
Action policy / ubuntu-latest / Python 3.14	UNKNOWN STEP	2026-09-13T17:53:02.1833789Z   Using cached governance_ledger-0.9.0-py3-none-any.whl
Action policy / ubuntu-latest / Python 3.14	UNKNOWN STEP	2026-09-13T17:53:02.1888349Z Collecting cricore<0.15.0,>=0.13.0 (from -r /home/runner/work/Waveframe-Guard/Waveframe-Guard/.github/requirements/action-policy-release.txt (line 2))
Action policy / ubuntu-latest / Python 3.14	UNKNOWN STEP	2026-09-13T17:53:02.1899435Z   Using cached cricore-0.14.0-py3-none-any.whl.metadata (9.2 kB)
Action policy / ubuntu-latest / Python 3.14	UNKNOWN STEP	2026-09-13T17:53:02.1936848Z Collecting cricore-proposal-normalizer==0.2.0 (from -r /home/runner/work/Waveframe-Guard/Waveframe-Guard/.github/requirements/action-policy-release.txt (line 3))
Action policy / ubuntu-latest / Python 3.14	UNKNOWN STEP	2026-09-13T17:53:02.1948759Z   Using cached cricore_proposal_normalizer-0.2.0-py3-none-any.whl.metadata (4.6 kB)
Action policy / ubuntu-latest / Python 3.14	UNKNOWN STEP	2026-09-13T17:53:02.2068917Z Collecting requests<3.0.0,>=2.33.0 (from waveframe-guard==0.19.0)
Action policy / ubuntu-latest / Python 3.14	UNKNOWN STEP	2026-09-13T17:53:02.2080884Z   Using cached requests-2.34.2-py3-none-any.whl.metadata (4.8 kB)
Action policy / ubuntu-latest / Python 3.14	UNKNOWN STEP	2026-09-13T17:53:02.2200548Z Collecting jsonschema>=4 (from cricore-contract-compiler @ git+https://github.com/Waveframe-Labs/cricore-contract-compiler.git@ae590dee058d3481e384dea850d5b7d980f533ff->-r /home/runner/work/Waveframe-Guard/Waveframe-Guard/.github/requirements/action-policy-release.txt (line 4))
Action policy / ubuntu-latest / Python 3.14	UNKNOWN STEP	2026-09-13T17:53:02.2212431Z   Using cached jsonschema-4.26.0-py3-none-any.whl.metadata (7.6 kB)
Action policy / ubuntu-latest / Python 3.14	UNKNOWN STEP	2026-09-13T17:53:02.3009020Z Collecting charset_normalizer<4,>=2 (from requests<3.0.0,>=2.33.0->waveframe-guard==0.19.0)
Action policy / ubuntu-latest / Python 3.14	UNKNOWN STEP	2026-09-13T17:53:02.3021410Z   Using cached charset_normalizer-3.5.1-cp314-cp314-manylinux2014_x86_64.manylinux_2_17_x86_64.manylinux_2_28_x86_64.whl.metadata (45 kB)
Action policy / ubuntu-latest / Python 3.14	UNKNOWN STEP	2026-09-13T17:53:02.3100224Z Collecting idna<4,>=2.5 (from requests<3.0.0,>=2.33.0->waveframe-guard==0.19.0)
Action policy / ubuntu-latest / Python 3.14	UNKNOWN STEP	2026-09-13T17:53:02.3109575Z   Using cached idna-3.19-py3-none-any.whl.metadata (9.2 kB)
Action policy / ubuntu-latest / Python 3.14	UNKNOWN STEP	2026-09-13T17:53:02.3211912Z Collecting urllib3<3,>=1.26 (from requests<3.0.0,>=2.33.0->waveframe-guard==0.19.0)
Action policy / ubuntu-latest / Python 3.14	UNKNOWN STEP	2026-09-13T17:53:02.3223148Z   Using cached urllib3-2.7.0-py3-none-any.whl.metadata (6.9 kB)
Action policy / ubuntu-latest / Python 3.14	UNKNOWN STEP	2026-09-13T17:53:02.3303304Z Collecting certifi>=2023.5.7 (from requests<3.0.0,>=2.33.0->waveframe-guard==0.19.0)
Action policy / ubuntu-latest / Python 3.14	UNKNOWN STEP	2026-09-13T17:53:02.3312780Z   Using cached certifi-2026.7.22-py3-none-any.whl.metadata (2.5 kB)
Action policy / ubuntu-latest / Python 3.14	UNKNOWN STEP	2026-09-13T17:53:02.3369375Z Collecting attrs>=22.2.0 (from jsonschema>=4->cricore-contract-compiler @ git+https://github.com/Waveframe-Labs/cricore-contract-compiler.git@ae590dee058d3481e384dea850d5b7d980f533ff->-r /home/runner/work/Waveframe-Guard/Waveframe-Guard/.github/requirements/action-policy-release.txt (line 4))
Action policy / ubuntu-latest / Python 3.14	UNKNOWN STEP	2026-09-13T17:53:02.3377378Z   Using cached attrs-26.1.0-py3-none-any.whl.metadata (8.8 kB)
Action policy / ubuntu-latest / Python 3.14	UNKNOWN STEP	2026-09-13T17:53:02.3424653Z Collecting jsonschema-specifications>=2023.03.6 (from jsonschema>=4->cricore-contract-compiler @ git+https://github.com/Waveframe-Labs/cricore-contract-compiler.git@ae590dee058d3481e384dea850d5b7d980f533ff->-r /home/runner/work/Waveframe-Guard/Waveframe-Guard/.github/requirements/action-policy-release.txt (line 4))
Action policy / ubuntu-latest / Python 3.14	UNKNOWN STEP	2026-09-13T17:53:02.3433804Z   Using cached jsonschema_specifications-2025.9.1-py3-none-any.whl.metadata (2.9 kB)
Action policy / ubuntu-latest / Python 3.14	UNKNOWN STEP	2026-09-13T17:53:02.3526092Z Collecting referencing>=0.28.4 (from jsonschema>=4->cricore-contract-compiler @ git+https://github.com/Waveframe-Labs/cricore-contract-compiler.git@ae590dee058d3481e384dea850d5b7d980f533ff->-r /home/runner/work/Waveframe-Guard/Waveframe-Guard/.github/requirements/action-policy-release.txt (line 4))
Action policy / ubuntu-latest / Python 3.14	UNKNOWN STEP	2026-09-13T17:53:02.3536861Z   Using cached referencing-0.37.0-py3-none-any.whl.metadata (2.8 kB)
Action policy / ubuntu-latest / Python 3.14	UNKNOWN STEP	2026-09-13T17:53:02.5254491Z Collecting rpds-py>=0.25.0 (from jsonschema>=4->cricore-contract-compiler @ git+https://github.com/Waveframe-Labs/cricore-contract-compiler.git@ae590dee058d3481e384dea850d5b7d980f533ff->-r /home/runner/work/Waveframe-Guard/Waveframe-Guard/.github/requirements/action-policy-release.txt (line 4))
Action policy / ubuntu-latest / Python 3.14	UNKNOWN STEP	2026-09-13T17:53:02.5265776Z   Using cached rpds_py-2026.6.3-cp314-cp314-manylinux_2_17_x86_64.manylinux2014_x86_64.whl.metadata (4.1 kB)
Action policy / ubuntu-latest / Python 3.14	UNKNOWN STEP	2026-09-13T17:53:02.5312065Z Using cached cricore_proposal_normalizer-0.2.0-py3-none-any.whl (10 kB)
Action policy / ubuntu-latest / Python 3.14	UNKNOWN STEP	2026-09-13T17:53:02.5320737Z Using cached cricore-0.14.0-py3-none-any.whl (45 kB)
Action policy / ubuntu-latest / Python 3.14	UNKNOWN STEP	2026-09-13T17:53:02.5329506Z Using cached requests-2.34.2-py3-none-any.whl (73 kB)
Action policy / ubuntu-latest / Python 3.14	UNKNOWN STEP	2026-09-13T17:53:02.5338684Z Using cached charset_normalizer-3.5.1-cp314-cp314-manylinux2014_x86_64.manylinux_2_17_x86_64.manylinux_2_28_x86_64.whl (251 kB)
Action policy / ubuntu-latest / Python 3.14	UNKNOWN STEP	2026-09-13T17:53:02.5347515Z Using cached idna-3.19-py3-none-any.whl (68 kB)
Action policy / ubuntu-latest / Python 3.14	UNKNOWN STEP	2026-09-13T17:53:02.5356139Z Using cached urllib3-2.7.0-py3-none-any.whl (131 kB)
Action policy / ubuntu-latest / Python 3.14	UNKNOWN STEP	2026-09-13T17:53:02.5364892Z Using cached certifi-2026.7.22-py3-none-any.whl (136 kB)
Action policy / ubuntu-latest / Python 3.14	UNKNOWN STEP	2026-09-13T17:53:02.5373731Z Using cached jsonschema-4.26.0-py3-none-any.whl (90 kB)
Action policy / ubuntu-latest / Python 3.14	UNKNOWN STEP	2026-09-13T17:53:02.5382280Z Using cached attrs-26.1.0-py3-none-any.whl (67 kB)
Action policy / ubuntu-latest / Python 3.14	UNKNOWN STEP	2026-09-13T17:53:02.5390798Z Using cached jsonschema_specifications-2025.9.1-py3-none-any.whl (18 kB)
Action policy / ubuntu-latest / Python 3.14	UNKNOWN STEP	2026-09-13T17:53:02.5399253Z Using cached referencing-0.37.0-py3-none-any.whl (26 kB)
Action policy / ubuntu-latest / Python 3.14	UNKNOWN STEP	2026-09-13T17:53:02.5407950Z Using cached rpds_py-2026.6.3-cp314-cp314-manylinux_2_17_x86_64.manylinux2014_x86_64.whl (367 kB)
Action policy / ubuntu-latest / Python 3.14	UNKNOWN STEP	2026-09-13T17:53:02.5904917Z Installing collected packages: urllib3, rpds-py, idna, cricore-proposal-normalizer, cricore, charset_normalizer, certifi, attrs, requests, referencing, jsonschema-specifications, jsonschema, cricore-contract-compiler, governance-ledger, waveframe-guard
Action policy / ubuntu-latest / Python 3.14	UNKNOWN STEP	2026-09-13T17:53:03.3814882Z 
Action policy / ubuntu-latest / Python 3.14	UNKNOWN STEP	2026-09-13T17:53:03.3832938Z Successfully installed attrs-26.1.0 certifi-2026.7.22 charset_normalizer-3.5.1 cricore-0.14.0 cricore-contract-compiler-0.5.0 cricore-proposal-normalizer-0.2.0 governance-ledger-0.9.0 idna-3.19 jsonschema-4.26.0 jsonschema-specifications-2025.9.1 referencing-0.37.0 requests-2.34.2 rpds-py-2026.6.3 urllib3-2.7.0 waveframe-guard-0.19.0
Action policy / ubuntu-latest / Python 3.14	UNKNOWN STEP	2026-09-13T17:53:06.4610455Z Collecting cricore-contract-compiler @ git+https://github.com/Waveframe-Labs/cricore-contract-compiler.git@3b91fcc03c804804b2ace7302f37340a787496d9 (from -r /home/runner/work/Waveframe-Guard/Waveframe-Guard/.cloud-test-source/requirements-action-policy-dev.txt (line 4))
Action policy / ubuntu-latest / Python 3.14	UNKNOWN STEP	2026-09-13T17:53:06.4613280Z   Cloning https://github.com/Waveframe-Labs/cricore-contract-compiler.git (to revision 3b91fcc03c804804b2ace7302f37340a787496d9) to /tmp/pip-install-9azugk47/cricore-contract-compiler_ac3c079829dd4b799378a5e2a6f7fe0c
Action policy / ubuntu-latest / Python 3.14	UNKNOWN STEP	2026-09-13T17:53:06.4632528Z   Running command git clone --filter=blob:none --quiet https://github.com/Waveframe-Labs/cricore-contract-compiler.git /tmp/pip-install-9azugk47/cricore-contract-compiler_ac3c079829dd4b799378a5e2a6f7fe0c
Action policy / ubuntu-latest / Python 3.14	UNKNOWN STEP	2026-09-13T17:53:07.2544339Z   Running command git rev-parse -q --verify '3b91fcc03c804804b2ace7302f37340a787496d9^{commit}'
Action policy / ubuntu-latest / Python 3.14	UNKNOWN STEP	2026-09-13T17:53:07.2561464Z   3b91fcc03c804804b2ace7302f37340a787496d9
Action policy / ubuntu-latest / Python 3.14	UNKNOWN STEP	2026-09-13T17:53:07.2578082Z   Running command git checkout -q 3b91fcc03c804804b2ace7302f37340a787496d9
Action policy / ubuntu-latest / Python 3.14	UNKNOWN STEP	2026-09-13T17:53:07.6167746Z   Resolved https://github.com/Waveframe-Labs/cricore-contract-compiler.git to commit 3b91fcc03c804804b2ace7302f37340a787496d9
Action policy / ubuntu-latest / Python 3.14	UNKNOWN STEP	2026-09-13T17:53:07.6201948Z   Installing build dependencies: started
Action policy / ubuntu-latest / Python 3.14	UNKNOWN STEP	2026-09-13T17:53:08.2357071Z   Installing build dependencies: finished with status 'done'
Action policy / ubuntu-latest / Python 3.14	UNKNOWN STEP	2026-09-13T17:53:08.2361828Z   Getting requirements to build wheel: started
Action policy / ubuntu-latest / Python 3.14	UNKNOWN STEP	2026-09-13T17:53:08.7683831Z   Getting requirements to build wheel: finished with status 'done'
Action policy / ubuntu-latest / Python 3.14	UNKNOWN STEP	2026-09-13T17:53:08.7691529Z   Preparing metadata (pyproject.toml): started
Action policy / ubuntu-latest / Python 3.14	UNKNOWN STEP	2026-09-13T17:53:08.9638907Z   Preparing metadata (pyproject.toml): finished with status 'done'
Action policy / ubuntu-latest / Python 3.14	UNKNOWN STEP	2026-09-13T17:53:08.9664345Z Collecting governance-ledger @ git+https://github.com/Waveframe-Labs/Waveframe-Ledger.git@54379d9c8044544fc1b8f32109bdfce35c1c6a05 (from -r /home/runner/work/Waveframe-Guard/Waveframe-Guard/.cloud-test-source/requirements-action-policy-dev.txt (line 5))
Action policy / ubuntu-latest / Python 3.14	UNKNOWN STEP	2026-09-13T17:53:08.9667184Z   Cloning https://github.com/Waveframe-Labs/Waveframe-Ledger.git (to revision 54379d9c8044544fc1b8f32109bdfce35c1c6a05) to /tmp/pip-install-9azugk47/governance-ledger_3cc220d180104ccab4b18295ec29c027
Action policy / ubuntu-latest / Python 3.14	UNKNOWN STEP	2026-09-13T17:53:08.9686332Z   Running command git clone --filter=blob:none --quiet https://github.com/Waveframe-Labs/Waveframe-Ledger.git /tmp/pip-install-9azugk47/governance-ledger_3cc220d180104ccab4b18295ec29c027
Action policy / ubuntu-latest / Python 3.14	UNKNOWN STEP	2026-09-13T17:53:09.9097627Z   Running command git rev-parse -q --verify '54379d9c8044544fc1b8f32109bdfce35c1c6a05^{commit}'
Action policy / ubuntu-latest / Python 3.14	UNKNOWN STEP	2026-09-13T17:53:09.9117773Z   54379d9c8044544fc1b8f32109bdfce35c1c6a05
Action policy / ubuntu-latest / Python 3.14	UNKNOWN STEP	2026-09-13T17:53:09.9136132Z   Running command git checkout -q 54379d9c8044544fc1b8f32109bdfce35c1c6a05
Action policy / ubuntu-latest / Python 3.14	UNKNOWN STEP	2026-09-13T17:53:10.3989374Z   Resolved https://github.com/Waveframe-Labs/Waveframe-Ledger.git to commit 54379d9c8044544fc1b8f32109bdfce35c1c6a05
Action policy / ubuntu-latest / Python 3.14	UNKNOWN STEP	2026-09-13T17:53:10.4020243Z   Installing build dependencies: started
Action policy / ubuntu-latest / Python 3.14	UNKNOWN STEP	2026-09-13T17:53:10.9371445Z   Installing build dependencies: finished with status 'done'
Action policy / ubuntu-latest / Python 3.14	UNKNOWN STEP	2026-09-13T17:53:10.9376019Z   Getting requirements to build wheel: started
Action policy / ubuntu-latest / Python 3.14	UNKNOWN STEP	2026-09-13T17:53:11.4483594Z   Getting requirements to build wheel: finished with status 'done'
Action policy / ubuntu-latest / Python 3.14	UNKNOWN STEP	2026-09-13T17:53:11.4490730Z   Preparing metadata (pyproject.toml): started
Action policy / ubuntu-latest / Python 3.14	UNKNOWN STEP	2026-09-13T17:53:11.6433311Z   Preparing metadata (pyproject.toml): finished with status 'done'
Action policy / ubuntu-latest / Python 3.14	UNKNOWN STEP	2026-09-13T17:53:11.7671894Z Collecting governance-ledger==0.8.0 (from -r /home/runner/work/Waveframe-Guard/Waveframe-Guard/.cloud-test-source/requirements.txt (line 4))
Action policy / ubuntu-latest / Python 3.14	UNKNOWN STEP	2026-09-13T17:53:11.8838851Z   Downloading governance_ledger-0.8.0-py3-none-any.whl.metadata (35 kB)
Action policy / ubuntu-latest / Python 3.14	UNKNOWN STEP	2026-09-13T17:53:11.9408477Z Collecting openai==3.8.0 (from -r /home/runner/work/Waveframe-Guard/Waveframe-Guard/.cloud-test-source/requirements.txt (line 7))
Action policy / ubuntu-latest / Python 3.14	UNKNOWN STEP	2026-09-13T17:53:11.9532336Z   Downloading openai-3.8.0-py3-none-any.whl.metadata (41 kB)
Action policy / ubuntu-latest / Python 3.14	UNKNOWN STEP	2026-09-13T17:53:11.9783927Z Collecting pytest (from -r /home/runner/work/Waveframe-Guard/Waveframe-Guard/.cloud-test-source/requirements.txt (line 13))
Action policy / ubuntu-latest / Python 3.14	UNKNOWN STEP	2026-09-13T17:53:11.9794120Z   Using cached pytest-9.1.1-py3-none-any.whl.metadata (7.6 kB)
Action policy / ubuntu-latest / Python 3.14	UNKNOWN STEP	2026-09-13T17:53:11.9968277Z Collecting psycopg[binary] (from -r /home/runner/work/Waveframe-Guard/Waveframe-Guard/.cloud-test-source/requirements.txt (line 10))
Action policy / ubuntu-latest / Python 3.14	UNKNOWN STEP	2026-09-13T17:53:12.0092676Z   Downloading psycopg-3.3.5-py3-none-any.whl.metadata (4.3 kB)
Action policy / ubuntu-latest / Python 3.14	UNKNOWN STEP	2026-09-13T17:53:12.0246014Z Collecting jsonschema>=4 (from cricore-contract-compiler @ git+https://github.com/Waveframe-Labs/cricore-contract-compiler.git@3b91fcc03c804804b2ace7302f37340a787496d9->-r /home/runner/work/Waveframe-Guard/Waveframe-Guard/.cloud-test-source/requirements-action-policy-dev.txt (line 4))
Action policy / ubuntu-latest / Python 3.14	UNKNOWN STEP	2026-09-13T17:53:12.0255774Z   Using cached jsonschema-4.26.0-py3-none-any.whl.metadata (7.6 kB)
Action policy / ubuntu-latest / Python 3.14	UNKNOWN STEP	2026-09-13T17:53:12.0382941Z Collecting anyio<5,>=4.10.0 (from openai==3.8.0->-r /home/runner/work/Waveframe-Guard/Waveframe-Guard/.cloud-test-source/requirements.txt (line 7))
Action policy / ubuntu-latest / Python 3.14	UNKNOWN STEP	2026-09-13T17:53:12.0502356Z   Downloading anyio-4.15.1-py3-none-any.whl.metadata (4.7 kB)
Action policy / ubuntu-latest / Python 3.14	UNKNOWN STEP	2026-09-13T17:53:12.0608851Z Collecting httpx2<3,>=2.7.0 (from openai==3.8.0->-r /home/runner/work/Waveframe-Guard/Waveframe-Guard/.cloud-test-source/requirements.txt (line 7))
Action policy / ubuntu-latest / Python 3.14	UNKNOWN STEP	2026-09-13T17:53:12.0723463Z   Downloading httpx2-2.12.0-py3-none-any.whl.metadata (9.5 kB)
Action policy / ubuntu-latest / Python 3.14	UNKNOWN STEP	2026-09-13T17:53:12.1381331Z Collecting jiter<1,>=0.16.0 (from openai==3.8.0->-r /home/runner/work/Waveframe-Guard/Waveframe-Guard/.cloud-test-source/requirements.txt (line 7))
Action policy / ubuntu-latest / Python 3.14	UNKNOWN STEP	2026-09-13T17:53:12.1503624Z   Downloading jiter-0.17.0-cp314-cp314-manylinux_2_17_x86_64.manylinux2014_x86_64.whl.metadata (5.2 kB)
Action policy / ubuntu-latest / Python 3.14	UNKNOWN STEP	2026-09-13T17:53:12.2226879Z Collecting pydantic!=2.0.*,!=2.1.*,!=2.2.*,!=2.3.*,<3,>=1.10.13 (from openai==3.8.0->-r /home/runner/work/Waveframe-Guard/Waveframe-Guard/.cloud-test-source/requirements.txt (line 7))
Action policy / ubuntu-latest / Python 3.14	UNKNOWN STEP	2026-09-13T17:53:12.2343179Z   Downloading pydantic-2.13.5-py3-none-any.whl.metadata (110 kB)
Action policy / ubuntu-latest / Python 3.14	UNKNOWN STEP	2026-09-13T17:53:12.2584519Z Collecting sniffio (from openai==3.8.0->-r /home/runner/work/Waveframe-Guard/Waveframe-Guard/.cloud-test-source/requirements.txt (line 7))
Action policy / ubuntu-latest / Python 3.14	UNKNOWN STEP	2026-09-13T17:53:12.2696041Z   Downloading sniffio-1.3.1-py3-none-any.whl.metadata (3.9 kB)
Action policy / ubuntu-latest / Python 3.14	UNKNOWN STEP	2026-09-13T17:53:12.2823415Z Collecting typing-extensions<5,>=4.14 (from openai==3.8.0->-r /home/runner/work/Waveframe-Guard/Waveframe-Guard/.cloud-test-source/requirements.txt (line 7))
Action policy / ubuntu-latest / Python 3.14	UNKNOWN STEP	2026-09-13T17:53:12.2939589Z   Downloading typing_extensions-4.16.0-py3-none-any.whl.metadata (3.3 kB)
Action policy / ubuntu-latest / Python 3.14	UNKNOWN STEP	2026-09-13T17:53:12.3019821Z Collecting idna>=2.8 (from anyio<5,>=4.10.0->openai==3.8.0->-r /home/runner/work/Waveframe-Guard/Waveframe-Guard/.cloud-test-source/requirements.txt (line 7))
Action policy / ubuntu-latest / Python 3.14	UNKNOWN STEP	2026-09-13T17:53:12.3030643Z   Using cached idna-3.19-py3-none-any.whl.metadata (9.2 kB)
Action policy / ubuntu-latest / Python 3.14	UNKNOWN STEP	2026-09-13T17:53:12.3131129Z Collecting httpcore2==2.12.0 (from httpx2<3,>=2.7.0->openai==3.8.0->-r /home/runner/work/Waveframe-Guard/Waveframe-Guard/.cloud-test-source/requirements.txt (line 7))
Action policy / ubuntu-latest / Python 3.14	UNKNOWN STEP	2026-09-13T17:53:12.3242713Z   Downloading httpcore2-2.12.0-py3-none-any.whl.metadata (25 kB)
Action policy / ubuntu-latest / Python 3.14	UNKNOWN STEP	2026-09-13T17:53:12.3367554Z Collecting truststore>=0.10 (from httpx2<3,>=2.7.0->openai==3.8.0->-r /home/runner/work/Waveframe-Guard/Waveframe-Guard/.cloud-test-source/requirements.txt (line 7))
Action policy / ubuntu-latest / Python 3.14	UNKNOWN STEP	2026-09-13T17:53:12.3479063Z   Downloading truststore-0.10.4-py3-none-any.whl.metadata (4.4 kB)
Action policy / ubuntu-latest / Python 3.14	UNKNOWN STEP	2026-09-13T17:53:12.3576306Z Collecting h11>=0.16 (from httpcore2==2.12.0->httpx2<3,>=2.7.0->openai==3.8.0->-r /home/runner/work/Waveframe-Guard/Waveframe-Guard/.cloud-test-source/requirements.txt (line 7))
Action policy / ubuntu-latest / Python 3.14	UNKNOWN STEP	2026-09-13T17:53:12.3697783Z   Downloading h11-0.16.0-py3-none-any.whl.metadata (8.3 kB)
Action policy / ubuntu-latest / Python 3.14	UNKNOWN STEP	2026-09-13T17:53:12.3805927Z Collecting annotated-types>=0.6.0 (from pydantic!=2.0.*,!=2.1.*,!=2.2.*,!=2.3.*,<3,>=1.10.13->openai==3.8.0->-r /home/runner/work/Waveframe-Guard/Waveframe-Guard/.cloud-test-source/requirements.txt (line 7))
Action policy / ubuntu-latest / Python 3.14	UNKNOWN STEP	2026-09-13T17:53:12.3917086Z   Downloading annotated_types-0.8.0-py3-none-any.whl.metadata (15 kB)
Action policy / ubuntu-latest / Python 3.14	UNKNOWN STEP	2026-09-13T17:53:12.8502358Z Collecting pydantic-core==2.46.5 (from pydantic!=2.0.*,!=2.1.*,!=2.2.*,!=2.3.*,<3,>=1.10.13->openai==3.8.0->-r /home/runner/work/Waveframe-Guard/Waveframe-Guard/.cloud-test-source/requirements.txt (line 7))
Action policy / ubuntu-latest / Python 3.14	UNKNOWN STEP	2026-09-13T17:53:12.8629417Z   Downloading pydantic_core-2.46.5-cp314-cp314-manylinux_2_17_x86_64.manylinux2014_x86_64.whl.metadata (6.6 kB)
Action policy / ubuntu-latest / Python 3.14	UNKNOWN STEP	2026-09-13T17:53:12.8731126Z Collecting typing-inspection>=0.4.2 (from pydantic!=2.0.*,!=2.1.*,!=2.2.*,!=2.3.*,<3,>=1.10.13->openai==3.8.0->-r /home/runner/work/Waveframe-Guard/Waveframe-Guard/.cloud-test-source/requirements.txt (line 7))
Action policy / ubuntu-latest / Python 3.14	UNKNOWN STEP	2026-09-13T17:53:12.8842807Z   Downloading typing_inspection-0.4.4-py3-none-any.whl.metadata (2.6 kB)
Action policy / ubuntu-latest / Python 3.14	UNKNOWN STEP	2026-09-13T17:53:12.9928527Z Collecting psycopg-binary==3.3.5 (from psycopg[binary]->-r /home/runner/work/Waveframe-Guard/Waveframe-Guard/.cloud-test-source/requirements.txt (line 10))
Action policy / ubuntu-latest / Python 3.14	UNKNOWN STEP	2026-09-13T17:53:13.0053554Z   Downloading psycopg_binary-3.3.5-cp314-cp314-manylinux2014_x86_64.manylinux_2_17_x86_64.whl.metadata (2.7 kB)
Action policy / ubuntu-latest / Python 3.14	UNKNOWN STEP	2026-09-13T17:53:13.0504129Z Collecting iniconfig>=1.0.1 (from pytest->-r /home/runner/work/Waveframe-Guard/Waveframe-Guard/.cloud-test-source/requirements.txt (line 13))
Action policy / ubuntu-latest / Python 3.14	UNKNOWN STEP	2026-09-13T17:53:13.0513797Z   Using cached iniconfig-2.3.0-py3-none-any.whl.metadata (2.5 kB)
Action policy / ubuntu-latest / Python 3.14	UNKNOWN STEP	2026-09-13T17:53:13.0577427Z Collecting packaging>=22 (from pytest->-r /home/runner/work/Waveframe-Guard/Waveframe-Guard/.cloud-test-source/requirements.txt (line 13))
Action policy / ubuntu-latest / Python 3.14	UNKNOWN STEP	2026-09-13T17:53:13.0590190Z   Using cached packaging-26.3-py3-none-any.whl.metadata (3.5 kB)
Action policy / ubuntu-latest / Python 3.14	UNKNOWN STEP	2026-09-13T17:53:13.0633172Z Collecting pluggy<2,>=1.5 (from pytest->-r /home/runner/work/Waveframe-Guard/Waveframe-Guard/.cloud-test-source/requirements.txt (line 13))
Action policy / ubuntu-latest / Python 3.14	UNKNOWN STEP	2026-09-13T17:53:13.0645269Z   Using cached pluggy-1.6.0-py3-none-any.whl.metadata (4.8 kB)
Action policy / ubuntu-latest / Python 3.14	UNKNOWN STEP	2026-09-13T17:53:13.0727211Z Collecting pygments>=2.7.2 (from pytest->-r /home/runner/work/Waveframe-Guard/Waveframe-Guard/.cloud-test-source/requirements.txt (line 13))
Action policy / ubuntu-latest / Python 3.14	UNKNOWN STEP	2026-09-13T17:53:13.0739036Z   Using cached pygments-2.21.0-py3-none-any.whl.metadata (2.5 kB)
Action policy / ubuntu-latest / Python 3.14	UNKNOWN STEP	2026-09-13T17:53:13.0812978Z Collecting attrs>=22.2.0 (from jsonschema>=4->cricore-contract-compiler @ git+https://github.com/Waveframe-Labs/cricore-contract-compiler.git@3b91fcc03c804804b2ace7302f37340a787496d9->-r /home/runner/work/Waveframe-Guard/Waveframe-Guard/.cloud-test-source/requirements-action-policy-dev.txt (line 4))
Action policy / ubuntu-latest / Python 3.14	UNKNOWN STEP	2026-09-13T17:53:13.0824212Z   Using cached attrs-26.1.0-py3-none-any.whl.metadata (8.8 kB)
Action policy / ubuntu-latest / Python 3.14	UNKNOWN STEP	2026-09-13T17:53:13.0876484Z Collecting jsonschema-specifications>=2023.03.6 (from jsonschema>=4->cricore-contract-compiler @ git+https://github.com/Waveframe-Labs/cricore-contract-compiler.git@3b91fcc03c804804b2ace7302f37340a787496d9->-r /home/runner/work/Waveframe-Guard/Waveframe-Guard/.cloud-test-source/requirements-action-policy-dev.txt (line 4))
Action policy / ubuntu-latest / Python 3.14	UNKNOWN STEP	2026-09-13T17:53:13.0886802Z   Using cached jsonschema_specifications-2025.9.1-py3-none-any.whl.metadata (2.9 kB)
Action policy / ubuntu-latest / Python 3.14	UNKNOWN STEP	2026-09-13T17:53:13.0980804Z Collecting referencing>=0.28.4 (from jsonschema>=4->cricore-contract-compiler @ git+https://github.com/Waveframe-Labs/cricore-contract-compiler.git@3b91fcc03c804804b2ace7302f37340a787496d9->-r /home/runner/work/Waveframe-Guard/Waveframe-Guard/.cloud-test-source/requirements-action-policy-dev.txt (line 4))
Action policy / ubuntu-latest / Python 3.14	UNKNOWN STEP	2026-09-13T17:53:13.0991430Z   Using cached referencing-0.37.0-py3-none-any.whl.metadata (2.8 kB)
Action policy / ubuntu-latest / Python 3.14	UNKNOWN STEP	2026-09-13T17:53:13.3156193Z Collecting rpds-py>=0.25.0 (from jsonschema>=4->cricore-contract-compiler @ git+https://github.com/Waveframe-Labs/cricore-contract-compiler.git@3b91fcc03c804804b2ace7302f37340a787496d9->-r /home/runner/work/Waveframe-Guard/Waveframe-Guard/.cloud-test-source/requirements-action-policy-dev.txt (line 4))
Action policy / ubuntu-latest / Python 3.14	UNKNOWN STEP	2026-09-13T17:53:13.3167291Z   Using cached rpds_py-2026.6.3-cp314-cp314-manylinux_2_17_x86_64.manylinux2014_x86_64.whl.metadata (4.1 kB)
Action policy / ubuntu-latest / Python 3.14	UNKNOWN STEP	2026-09-13T17:53:13.3342887Z Downloading openai-3.8.0-py3-none-any.whl (1.7 MB)
Action policy / ubuntu-latest / Python 3.14	UNKNOWN STEP	2026-09-13T17:53:13.4808386Z    ━━━━━━━━━━━━━━━━━━━━━━━━━━━━━━━━━━━━━━━━ 1.7/1.7 MB 12.7 MB/s  0:00:00
Action policy / ubuntu-latest / Python 3.14	UNKNOWN STEP	2026-09-13T17:53:13.4921597Z Downloading anyio-4.15.1-py3-none-any.whl (132 kB)
Action policy / ubuntu-latest / Python 3.14	UNKNOWN STEP	2026-09-13T17:53:13.5123160Z Downloading httpx2-2.12.0-py3-none-any.whl (95 kB)
Action policy / ubuntu-latest / Python 3.14	UNKNOWN STEP	2026-09-13T17:53:13.5297186Z Downloading httpcore2-2.12.0-py3-none-any.whl (83 kB)
Action policy / ubuntu-latest / Python 3.14	UNKNOWN STEP	2026-09-13T17:53:13.5458930Z Downloading jiter-0.17.0-cp314-cp314-manylinux_2_17_x86_64.manylinux2014_x86_64.whl (345 kB)
Action policy / ubuntu-latest / Python 3.14	UNKNOWN STEP	2026-09-13T17:53:13.5786651Z Downloading pydantic-2.13.5-py3-none-any.whl (472 kB)
Action policy / ubuntu-latest / Python 3.14	UNKNOWN STEP	2026-09-13T17:53:13.6174678Z Downloading pydantic_core-2.46.5-cp314-cp314-manylinux_2_17_x86_64.manylinux2014_x86_64.whl (2.1 MB)
Action policy / ubuntu-latest / Python 3.14	UNKNOWN STEP	2026-09-13T17:53:13.7026732Z    ━━━━━━━━━━━━━━━━━━━━━━━━━━━━━━━━━━━━━━━━ 2.1/2.1 MB 24.5 MB/s  0:00:00
Action policy / ubuntu-latest / Python 3.14	UNKNOWN STEP	2026-09-13T17:53:13.7140716Z Downloading typing_extensions-4.16.0-py3-none-any.whl (45 kB)
Action policy / ubuntu-latest / Python 3.14	UNKNOWN STEP	2026-09-13T17:53:13.7277211Z Downloading psycopg-3.3.5-py3-none-any.whl (213 kB)
Action policy / ubuntu-latest / Python 3.14	UNKNOWN STEP	2026-09-13T17:53:13.7487932Z Downloading psycopg_binary-3.3.5-cp314-cp314-manylinux2014_x86_64.manylinux_2_17_x86_64.whl (5.2 MB)
Action policy / ubuntu-latest / Python 3.14	UNKNOWN STEP	2026-09-13T17:53:13.8849658Z    ━━━━━━━━━━━━━━━━━━━━━━━━━━━━━━━━━━━━━━━━ 5.2/5.2 MB 38.3 MB/s  0:00:00
Action policy / ubuntu-latest / Python 3.14	UNKNOWN STEP	2026-09-13T17:53:13.8860171Z Using cached pytest-9.1.1-py3-none-any.whl (386 kB)
Action policy / ubuntu-latest / Python 3.14	UNKNOWN STEP	2026-09-13T17:53:13.8870047Z Using cached pluggy-1.6.0-py3-none-any.whl (20 kB)
Action policy / ubuntu-latest / Python 3.14	UNKNOWN STEP	2026-09-13T17:53:13.8986348Z Downloading annotated_types-0.8.0-py3-none-any.whl (13 kB)
Action policy / ubuntu-latest / Python 3.14	UNKNOWN STEP	2026-09-13T17:53:13.9116019Z Downloading h11-0.16.0-py3-none-any.whl (37 kB)
Action policy / ubuntu-latest / Python 3.14	UNKNOWN STEP	2026-09-13T17:53:13.9145147Z Using cached idna-3.19-py3-none-any.whl (68 kB)
Action policy / ubuntu-latest / Python 3.14	UNKNOWN STEP	2026-09-13T17:53:13.9154071Z Using cached iniconfig-2.3.0-py3-none-any.whl (7.5 kB)
Action policy / ubuntu-latest / Python 3.14	UNKNOWN STEP	2026-09-13T17:53:13.9162185Z Using cached jsonschema-4.26.0-py3-none-any.whl (90 kB)
Action policy / ubuntu-latest / Python 3.14	UNKNOWN STEP	2026-09-13T17:53:13.9170254Z Using cached attrs-26.1.0-py3-none-any.whl (67 kB)
Action policy / ubuntu-latest / Python 3.14	UNKNOWN STEP	2026-09-13T17:53:13.9178699Z Using cached jsonschema_specifications-2025.9.1-py3-none-any.whl (18 kB)
Action policy / ubuntu-latest / Python 3.14	UNKNOWN STEP	2026-09-13T17:53:13.9186656Z Using cached packaging-26.3-py3-none-any.whl (129 kB)
Action policy / ubuntu-latest / Python 3.14	UNKNOWN STEP	2026-09-13T17:53:13.9195142Z Using cached pygments-2.21.0-py3-none-any.whl (1.3 MB)
Action policy / ubuntu-latest / Python 3.14	UNKNOWN STEP	2026-09-13T17:53:13.9206932Z Using cached referencing-0.37.0-py3-none-any.whl (26 kB)
Action policy / ubuntu-latest / Python 3.14	UNKNOWN STEP	2026-09-13T17:53:13.9215233Z Using cached rpds_py-2026.6.3-cp314-cp314-manylinux_2_17_x86_64.manylinux2014_x86_64.whl (367 kB)
Action policy / ubuntu-latest / Python 3.14	UNKNOWN STEP	2026-09-13T17:53:13.9330445Z Downloading truststore-0.10.4-py3-none-any.whl (18 kB)
Action policy / ubuntu-latest / Python 3.14	UNKNOWN STEP	2026-09-13T17:53:13.9464781Z Downloading typing_inspection-0.4.4-py3-none-any.whl (14 kB)
Action policy / ubuntu-latest / Python 3.14	UNKNOWN STEP	2026-09-13T17:53:13.9646106Z Downloading sniffio-1.3.1-py3-none-any.whl (10 kB)
Action policy / ubuntu-latest / Python 3.14	UNKNOWN STEP	2026-09-13T17:53:14.0278671Z Building wheels for collected packages: governance-ledger, cricore-contract-compiler
Action policy / ubuntu-latest / Python 3.14	UNKNOWN STEP	2026-09-13T17:53:14.0322294Z   Building wheel for governance-ledger (pyproject.toml): started
Action policy / ubuntu-latest / Python 3.14	UNKNOWN STEP	2026-09-13T17:53:14.2889887Z   Building wheel for governance-ledger (pyproject.toml): finished with status 'done'
Action policy / ubuntu-latest / Python 3.14	UNKNOWN STEP	2026-09-13T17:53:14.2896143Z   Created wheel for governance-ledger: filename=governance_ledger-0.8.0-py3-none-any.whl size=187302 sha256=aec0174ffaa3b22955c11fb98f43c55c47aa3793adb7181578045ef259b9082e
Action policy / ubuntu-latest / Python 3.14	UNKNOWN STEP	2026-09-13T17:53:14.2897405Z   Stored in directory: /home/runner/.cache/pip/wheels/17/4f/59/2dc5441a585b883479cd2f1d3c96675c13066ae9cf9df06ad7
Action policy / ubuntu-latest / Python 3.14	UNKNOWN STEP	2026-09-13T17:53:14.2964856Z   Building wheel for cricore-contract-compiler (pyproject.toml): started
Action policy / ubuntu-latest / Python 3.14	UNKNOWN STEP	2026-09-13T17:53:14.5090511Z   Building wheel for cricore-contract-compiler (pyproject.toml): finished with status 'done'
Action policy / ubuntu-latest / Python 3.14	UNKNOWN STEP	2026-09-13T17:53:14.5094786Z   Created wheel for cricore-contract-compiler: filename=cricore_contract_compiler-0.4.0-py3-none-any.whl size=19526 sha256=a337e772cda25ce20282ab8784c91ef36c4387887006bbf9108d5ccf30bf21d2
Action policy / ubuntu-latest / Python 3.14	UNKNOWN STEP	2026-09-13T17:53:14.5095721Z   Stored in directory: /home/runner/.cache/pip/wheels/e6/b1/91/70f05bcb790c8e2d69e9ac79192ab0dd60b04f1df74aa321ed
Action policy / ubuntu-latest / Python 3.14	UNKNOWN STEP	2026-09-13T17:53:14.5115347Z Successfully built governance-ledger cricore-contract-compiler
Action policy / ubuntu-latest / Python 3.14	UNKNOWN STEP	2026-09-13T17:53:14.5589597Z Installing collected packages: typing-extensions, truststore, sniffio, rpds-py, pygments, psycopg-binary, psycopg, pluggy, packaging, jiter, iniconfig, idna, h11, attrs, annotated-types, typing-inspection, referencing, pytest, pydantic-core, httpcore2, anyio, pydantic, jsonschema-specifications, httpx2, openai, jsonschema, cricore-contract-compiler, governance-ledger
Action policy / ubuntu-latest / Python 3.14	UNKNOWN STEP	2026-09-13T17:53:18.4270940Z 
Action policy / ubuntu-latest / Python 3.14	UNKNOWN STEP	2026-09-13T17:53:18.4295055Z Successfully installed annotated-types-0.8.0 anyio-4.15.1 attrs-26.1.0 cricore-contract-compiler-0.4.0 governance-ledger-0.8.0 h11-0.16.0 httpcore2-2.12.0 httpx2-2.12.0 idna-3.19 iniconfig-2.3.0 jiter-0.17.0 jsonschema-4.26.0 jsonschema-specifications-2025.9.1 openai-3.8.0 packaging-26.3 pluggy-1.6.0 psycopg-3.3.5 psycopg-binary-3.3.5 pydantic-2.13.5 pydantic-core-2.46.5 pygments-2.21.0 pytest-9.1.1 referencing-0.37.0 rpds-py-2026.6.3 sniffio-1.3.1 truststore-0.10.4 typing-extensions-4.16.0 typing-inspection-0.4.4
Action policy / ubuntu-latest / Python 3.14	UNKNOWN STEP	2026-09-13T17:53:31.7099227Z {
Action policy / ubuntu-latest / Python 3.14	UNKNOWN STEP	2026-09-13T17:53:31.7099599Z   "created": {
Action policy / ubuntu-latest / Python 3.14	UNKNOWN STEP	2026-09-13T17:53:31.7099922Z     "run_id": "guard_run_7ac2bb4eb618b8797a5bd353",
Action policy / ubuntu-latest / Python 3.14	UNKNOWN STEP	2026-09-13T17:53:31.7100289Z     "callback_count": 1,
Action policy / ubuntu-latest / Python 3.14	UNKNOWN STEP	2026-09-13T17:53:31.7100540Z     "decision": "ALLOWED",
Action policy / ubuntu-latest / Python 3.14	UNKNOWN STEP	2026-09-13T17:53:31.7100804Z     "preserve_status": 201,
Action policy / ubuntu-latest / Python 3.14	UNKNOWN STEP	2026-09-13T17:53:31.7101244Z     "retrieve_status": 200,
Action policy / ubuntu-latest / Python 3.14	UNKNOWN STEP	2026-09-13T17:53:31.7101567Z     "report_status": 201,
Action policy / ubuntu-latest / Python 3.14	UNKNOWN STEP	2026-09-13T17:53:31.7101832Z     "execution_status": "succeeded",
Action policy / ubuntu-latest / Python 3.14	UNKNOWN STEP	2026-09-13T17:53:31.7102127Z     "mutation_executed": true,
Action policy / ubuntu-latest / Python 3.14	UNKNOWN STEP	2026-09-13T17:53:31.7102445Z     "exact_package_roundtrip": true
Action policy / ubuntu-latest / Python 3.14	UNKNOWN STEP	2026-09-13T17:53:31.7102726Z   },
Action policy / ubuntu-latest / Python 3.14	UNKNOWN STEP	2026-09-13T17:53:31.7102924Z   "empty": {
Action policy / ubuntu-latest / Python 3.14	UNKNOWN STEP	2026-09-13T17:53:31.7103181Z     "run_id": "guard_run_f93ad3245702c2b8c14d8d3f",
Action policy / ubuntu-latest / Python 3.14	UNKNOWN STEP	2026-09-13T17:53:31.7103508Z     "callback_count": 1,
Action policy / ubuntu-latest / Python 3.14	UNKNOWN STEP	2026-09-13T17:53:31.7103756Z     "decision": "ALLOWED",
Action policy / ubuntu-latest / Python 3.14	UNKNOWN STEP	2026-09-13T17:53:31.7104021Z     "preserve_status": 201,
Action policy / ubuntu-latest / Python 3.14	UNKNOWN STEP	2026-09-13T17:53:31.7104279Z     "retrieve_status": 200,
Action policy / ubuntu-latest / Python 3.14	UNKNOWN STEP	2026-09-13T17:53:31.7104529Z     "report_status": 201,
Action policy / ubuntu-latest / Python 3.14	UNKNOWN STEP	2026-09-13T17:53:31.7104784Z     "execution_status": "succeeded",
Action policy / ubuntu-latest / Python 3.14	UNKNOWN STEP	2026-09-13T17:53:31.7105077Z     "mutation_executed": true,
Action policy / ubuntu-latest / Python 3.14	UNKNOWN STEP	2026-09-13T17:53:31.7105348Z     "exact_package_roundtrip": true
Action policy / ubuntu-latest / Python 3.14	UNKNOWN STEP	2026-09-13T17:53:31.7105612Z   },
Action policy / ubuntu-latest / Python 3.14	UNKNOWN STEP	2026-09-13T17:53:31.7105807Z   "denied-role": {
Action policy / ubuntu-latest / Python 3.14	UNKNOWN STEP	2026-09-13T17:53:31.7106063Z     "run_id": "guard_run_c14031bd251b6858a01c12d1",
Action policy / ubuntu-latest / Python 3.14	UNKNOWN STEP	2026-09-13T17:53:31.7106396Z     "callback_count": 0,
Action policy / ubuntu-latest / Python 3.14	UNKNOWN STEP	2026-09-13T17:53:31.7106644Z     "decision": "BLOCKED",
Action policy / ubuntu-latest / Python 3.14	UNKNOWN STEP	2026-09-13T17:53:31.7106898Z     "preserve_status": 201,
Action policy / ubuntu-latest / Python 3.14	UNKNOWN STEP	2026-09-13T17:53:31.7107156Z     "retrieve_status": 200,
Action policy / ubuntu-latest / Python 3.14	UNKNOWN STEP	2026-09-13T17:53:31.7107410Z     "report_status": 201,
Action policy / ubuntu-latest / Python 3.14	UNKNOWN STEP	2026-09-13T17:53:31.7107684Z     "execution_status": "blocked",
Action policy / ubuntu-latest / Python 3.14	UNKNOWN STEP	2026-09-13T17:53:31.7108009Z     "mutation_executed": false,
Action policy / ubuntu-latest / Python 3.14	UNKNOWN STEP	2026-09-13T17:53:31.7108305Z     "exact_package_roundtrip": true
Action policy / ubuntu-latest / Python 3.14	UNKNOWN STEP	2026-09-13T17:53:31.7108584Z   },
Action policy / ubuntu-latest / Python 3.14	UNKNOWN STEP	2026-09-13T17:53:31.7108794Z   "denied-path": {
Action policy / ubuntu-latest / Python 3.14	UNKNOWN STEP	2026-09-13T17:53:31.7109060Z     "run_id": "guard_run_22d374b532fbb3bad49d00e2",
Action policy / ubuntu-latest / Python 3.14	UNKNOWN STEP	2026-09-13T17:53:31.7109393Z     "callback_count": 0,
Action policy / ubuntu-latest / Python 3.14	UNKNOWN STEP	2026-09-13T17:53:31.7109649Z     "decision": "BLOCKED",
Action policy / ubuntu-latest / Python 3.14	UNKNOWN STEP	2026-09-13T17:53:31.7109913Z     "preserve_status": 201,
Action policy / ubuntu-latest / Python 3.14	UNKNOWN STEP	2026-09-13T17:53:31.7110175Z     "retrieve_status": 200,
Action policy / ubuntu-latest / Python 3.14	UNKNOWN STEP	2026-09-13T17:53:31.7110430Z     "report_status": 201,
Action policy / ubuntu-latest / Python 3.14	UNKNOWN STEP	2026-09-13T17:53:31.7110694Z     "execution_status": "blocked",
Action policy / ubuntu-latest / Python 3.14	UNKNOWN STEP	2026-09-13T17:53:31.7111523Z     "mutation_executed": false,
Action policy / ubuntu-latest / Python 3.14	UNKNOWN STEP	2026-09-13T17:53:31.7111809Z     "exact_package_roundtrip": true
Action policy / ubuntu-latest / Python 3.14	UNKNOWN STEP	2026-09-13T17:53:31.7112074Z   },
Action policy / ubuntu-latest / Python 3.14	UNKNOWN STEP	2026-09-13T17:53:31.7112264Z   "default-deny": {
Action policy / ubuntu-latest / Python 3.14	UNKNOWN STEP	2026-09-13T17:53:31.7112517Z     "run_id": "guard_run_969c7c2f14b0c447d2c42b6f",
Action policy / ubuntu-latest / Python 3.14	UNKNOWN STEP	2026-09-13T17:53:31.7112823Z     "callback_count": 0,
Action policy / ubuntu-latest / Python 3.14	UNKNOWN STEP	2026-09-13T17:53:31.7113064Z     "decision": "BLOCKED",
Action policy / ubuntu-latest / Python 3.14	UNKNOWN STEP	2026-09-13T17:53:31.7113309Z     "preserve_status": 201,
Action policy / ubuntu-latest / Python 3.14	UNKNOWN STEP	2026-09-13T17:53:31.7113555Z     "retrieve_status": 200,
Action policy / ubuntu-latest / Python 3.14	UNKNOWN STEP	2026-09-13T17:53:31.7113800Z     "report_status": 201,
Action policy / ubuntu-latest / Python 3.14	UNKNOWN STEP	2026-09-13T17:53:31.7114053Z     "execution_status": "blocked",
Action policy / ubuntu-latest / Python 3.14	UNKNOWN STEP	2026-09-13T17:53:31.7114348Z     "mutation_executed": false,
Action policy / ubuntu-latest / Python 3.14	UNKNOWN STEP	2026-09-13T17:53:31.7114627Z     "exact_package_roundtrip": true
Action policy / ubuntu-latest / Python 3.14	UNKNOWN STEP	2026-09-13T17:53:31.7114891Z   },
Action policy / ubuntu-latest / Python 3.14	UNKNOWN STEP	2026-09-13T17:53:31.7115085Z   "collision": {
Action policy / ubuntu-latest / Python 3.14	UNKNOWN STEP	2026-09-13T17:53:31.7115341Z     "run_id": "guard_run_f7d6ec998c91086f36948009",
Action policy / ubuntu-latest / Python 3.14	UNKNOWN STEP	2026-09-13T17:53:31.7115659Z     "callback_count": 1,
Action policy / ubuntu-latest / Python 3.14	UNKNOWN STEP	2026-09-13T17:53:31.7115907Z     "decision": "ALLOWED",
Action policy / ubuntu-latest / Python 3.14	UNKNOWN STEP	2026-09-13T17:53:31.7116177Z     "preserve_status": 201,
Action policy / ubuntu-latest / Python 3.14	UNKNOWN STEP	2026-09-13T17:53:31.7116668Z     "retrieve_status": 200,
Action policy / ubuntu-latest / Python 3.14	UNKNOWN STEP	2026-09-13T17:53:31.7116932Z     "report_status": 201,
Action policy / ubuntu-latest / Python 3.14	UNKNOWN STEP	2026-09-13T17:53:31.7117193Z     "execution_status": "failed",
Action policy / ubuntu-latest / Python 3.14	UNKNOWN STEP	2026-09-13T17:53:31.7117524Z     "mutation_executed": false,
Action policy / ubuntu-latest / Python 3.14	UNKNOWN STEP	2026-09-13T17:53:31.7117801Z     "exact_package_roundtrip": true
Action policy / ubuntu-latest / Python 3.14	UNKNOWN STEP	2026-09-13T17:53:31.7118076Z   },
Action policy / ubuntu-latest / Python 3.14	UNKNOWN STEP	2026-09-13T17:53:31.7118271Z   "partial": {
Action policy / ubuntu-latest / Python 3.14	UNKNOWN STEP	2026-09-13T17:53:31.7118523Z     "run_id": "guard_run_bb0e233c73b3b9c6a3c21346",
Action policy / ubuntu-latest / Python 3.14	UNKNOWN STEP	2026-09-13T17:53:31.7118859Z     "callback_count": 1,
Action policy / ubuntu-latest / Python 3.14	UNKNOWN STEP	2026-09-13T17:53:31.7119103Z     "decision": "ALLOWED",
Action policy / ubuntu-latest / Python 3.14	UNKNOWN STEP	2026-09-13T17:53:31.7119366Z     "preserve_status": 201,
Action policy / ubuntu-latest / Python 3.14	UNKNOWN STEP	2026-09-13T17:53:31.7119620Z     "retrieve_status": 200,
Action policy / ubuntu-latest / Python 3.14	UNKNOWN STEP	2026-09-13T17:53:31.7119871Z     "report_status": 201,
Action policy / ubuntu-latest / Python 3.14	UNKNOWN STEP	2026-09-13T17:53:31.7120127Z     "execution_status": "failed",
Action policy / ubuntu-latest / Python 3.14	UNKNOWN STEP	2026-09-13T17:53:31.7120407Z     "mutation_executed": true,
Action policy / ubuntu-latest / Python 3.14	UNKNOWN STEP	2026-09-13T17:53:31.7120688Z     "exact_package_roundtrip": true
Action policy / ubuntu-latest / Python 3.14	UNKNOWN STEP	2026-09-13T17:53:31.7120957Z   },
Action policy / ubuntu-latest / Python 3.14	UNKNOWN STEP	2026-09-13T17:53:31.7121270Z   "unknown": {
Action policy / ubuntu-latest / Python 3.14	UNKNOWN STEP	2026-09-13T17:53:31.7121514Z     "run_id": "guard_run_246f26d1c9215e0e2907f8f0",
Action policy / ubuntu-latest / Python 3.14	UNKNOWN STEP	2026-09-13T17:53:31.7121831Z     "callback_count": 1,
Action policy / ubuntu-latest / Python 3.14	UNKNOWN STEP	2026-09-13T17:53:31.7122075Z     "decision": "ALLOWED",
Action policy / ubuntu-latest / Python 3.14	UNKNOWN STEP	2026-09-13T17:53:31.7122318Z     "preserve_status": 201,
Action policy / ubuntu-latest / Python 3.14	UNKNOWN STEP	2026-09-13T17:53:31.7122568Z     "retrieve_status": 200,
Action policy / ubuntu-latest / Python 3.14	UNKNOWN STEP	2026-09-13T17:53:31.7122815Z     "report_status": 201,
Action policy / ubuntu-latest / Python 3.14	UNKNOWN STEP	2026-09-13T17:53:31.7123072Z     "execution_status": "failed",
Action policy / ubuntu-latest / Python 3.14	UNKNOWN STEP	2026-09-13T17:53:31.7123346Z     "mutation_executed": null,
Action policy / ubuntu-latest / Python 3.14	UNKNOWN STEP	2026-09-13T17:53:31.7123619Z     "exact_package_roundtrip": true
Action policy / ubuntu-latest / Python 3.14	UNKNOWN STEP	2026-09-13T17:53:31.7123883Z   },
Action policy / ubuntu-latest / Python 3.14	UNKNOWN STEP	2026-09-13T17:53:31.7124092Z   "returned-summary": {
Action policy / ubuntu-latest / Python 3.14	UNKNOWN STEP	2026-09-13T17:53:31.7124366Z     "run_id": "guard_run_6372b2ad82beea69062bb208",
Action policy / ubuntu-latest / Python 3.14	UNKNOWN STEP	2026-09-13T17:53:31.7124678Z     "callback_count": 1,
Action policy / ubuntu-latest / Python 3.14	UNKNOWN STEP	2026-09-13T17:53:31.7124920Z     "decision": "ALLOWED",
Action policy / ubuntu-latest / Python 3.14	UNKNOWN STEP	2026-09-13T17:53:31.7125167Z     "preserve_status": 201,
Action policy / ubuntu-latest / Python 3.14	UNKNOWN STEP	2026-09-13T17:53:31.7125426Z     "retrieve_status": 200,
Action policy / ubuntu-latest / Python 3.14	UNKNOWN STEP	2026-09-13T17:53:31.7125678Z     "report_status": 201,
Action policy / ubuntu-latest / Python 3.14	UNKNOWN STEP	2026-09-13T17:53:31.7125939Z     "execution_status": "failed",
Action policy / ubuntu-latest / Python 3.14	UNKNOWN STEP	2026-09-13T17:53:31.7126220Z     "mutation_executed": null,
Action policy / ubuntu-latest / Python 3.14	UNKNOWN STEP	2026-09-13T17:53:31.7126493Z     "exact_package_roundtrip": true
Action policy / ubuntu-latest / Python 3.14	UNKNOWN STEP	2026-09-13T17:53:31.7126757Z   },
Action policy / ubuntu-latest / Python 3.14	UNKNOWN STEP	2026-09-13T17:53:31.7126953Z   "post-validation": {
Action policy / ubuntu-latest / Python 3.14	UNKNOWN STEP	2026-09-13T17:53:31.7127224Z     "run_id": "guard_run_c26cb52e818f5a50a05274b1",
Action policy / ubuntu-latest / Python 3.14	UNKNOWN STEP	2026-09-13T17:53:31.7127535Z     "callback_count": 1,
Action policy / ubuntu-latest / Python 3.14	UNKNOWN STEP	2026-09-13T17:53:31.7127785Z     "decision": "ALLOWED",
Action policy / ubuntu-latest / Python 3.14	UNKNOWN STEP	2026-09-13T17:53:31.7128034Z     "preserve_status": 201,
Action policy / ubuntu-latest / Python 3.14	UNKNOWN STEP	2026-09-13T17:53:31.7128278Z     "retrieve_status": 200,
Action policy / ubuntu-latest / Python 3.14	UNKNOWN STEP	2026-09-13T17:53:31.7128520Z     "report_status": 201,
Action policy / ubuntu-latest / Python 3.14	UNKNOWN STEP	2026-09-13T17:53:31.7128762Z     "execution_status": "failed",
Action policy / ubuntu-latest / Python 3.14	UNKNOWN STEP	2026-09-13T17:53:31.7129039Z     "mutation_executed": true,
Action policy / ubuntu-latest / Python 3.14	UNKNOWN STEP	2026-09-13T17:53:31.7129297Z     "exact_package_roundtrip": true
Action policy / ubuntu-latest / Python 3.14	UNKNOWN STEP	2026-09-13T17:53:31.7129548Z   },
Action policy / ubuntu-latest / Python 3.14	UNKNOWN STEP	2026-09-13T17:53:31.7129738Z   "pre-callback": {
Action policy / ubuntu-latest / Python 3.14	UNKNOWN STEP	2026-09-13T17:53:31.7129989Z     "run_id": "guard_run_cf1a12f5405c0eb10a631ed9",
Action policy / ubuntu-latest / Python 3.14	UNKNOWN STEP	2026-09-13T17:53:31.7130288Z     "callback_count": 0,
Action policy / ubuntu-latest / Python 3.14	UNKNOWN STEP	2026-09-13T17:53:31.7130782Z     "decision": "ALLOWED",
Action policy / ubuntu-latest / Python 3.14	UNKNOWN STEP	2026-09-13T17:53:31.7131142Z     "preserve_status": 201,
Action policy / ubuntu-latest / Python 3.14	UNKNOWN STEP	2026-09-13T17:53:31.7131381Z     "retrieve_status": 200,
Action policy / ubuntu-latest / Python 3.14	UNKNOWN STEP	2026-09-13T17:53:31.7131628Z     "report_status": 201,
Action policy / ubuntu-latest / Python 3.14	UNKNOWN STEP	2026-09-13T17:53:31.7131874Z     "execution_status": "not_executed",
Action policy / ubuntu-latest / Python 3.14	UNKNOWN STEP	2026-09-13T17:53:31.7132155Z     "mutation_executed": false,
Action policy / ubuntu-latest / Python 3.14	UNKNOWN STEP	2026-09-13T17:53:31.7132418Z     "exact_package_roundtrip": true
Action policy / ubuntu-latest / Python 3.14	UNKNOWN STEP	2026-09-13T17:53:31.7132678Z   },
Action policy / ubuntu-latest / Python 3.14	UNKNOWN STEP	2026-09-13T17:53:31.7132880Z   "create-only-no-modify": {
Action policy / ubuntu-latest / Python 3.14	UNKNOWN STEP	2026-09-13T17:53:31.7133167Z     "run_id": "guard_run_179ee184824bd72f9ac28d39",
Action policy / ubuntu-latest / Python 3.14	UNKNOWN STEP	2026-09-13T17:53:31.7133493Z     "callback_count": 0,
Action policy / ubuntu-latest / Python 3.14	UNKNOWN STEP	2026-09-13T17:53:31.7133734Z     "decision": "BLOCKED",
Action policy / ubuntu-latest / Python 3.14	UNKNOWN STEP	2026-09-13T17:53:31.7133989Z     "preserve_status": 201,
Action policy / ubuntu-latest / Python 3.14	UNKNOWN STEP	2026-09-13T17:53:31.7134244Z     "retrieve_status": 200,
Action policy / ubuntu-latest / Python 3.14	UNKNOWN STEP	2026-09-13T17:53:31.7134495Z     "report_status": 201,
Action policy / ubuntu-latest / Python 3.14	UNKNOWN STEP	2026-09-13T17:53:31.7134797Z     "execution_status": "blocked",
Action policy / ubuntu-latest / Python 3.14	UNKNOWN STEP	2026-09-13T17:53:31.7135092Z     "mutation_executed": false,
Action policy / ubuntu-latest / Python 3.14	UNKNOWN STEP	2026-09-13T17:53:31.7135378Z     "exact_package_roundtrip": true
Action policy / ubuntu-latest / Python 3.14	UNKNOWN STEP	2026-09-13T17:53:31.7135795Z   },
Action policy / ubuntu-latest / Python 3.14	UNKNOWN STEP	2026-09-13T17:53:31.7136006Z   "modify-only-no-create": {
Action policy / ubuntu-latest / Python 3.14	UNKNOWN STEP	2026-09-13T17:53:31.7136301Z     "run_id": "guard_run_62d67fcbaaab173568fe7077",
Action policy / ubuntu-latest / Python 3.14	UNKNOWN STEP	2026-09-13T17:53:31.7136621Z     "callback_count": 0,
Action policy / ubuntu-latest / Python 3.14	UNKNOWN STEP	2026-09-13T17:53:31.7136907Z     "decision": "BLOCKED",
Action policy / ubuntu-latest / Python 3.14	UNKNOWN STEP	2026-09-13T17:53:31.7137176Z     "preserve_status": 201,
Action policy / ubuntu-latest / Python 3.14	UNKNOWN STEP	2026-09-13T17:53:31.7137431Z     "retrieve_status": 200,
Action policy / ubuntu-latest / Python 3.14	UNKNOWN STEP	2026-09-13T17:53:31.7139497Z     "report_status": 201,
Action policy / ubuntu-latest / Python 3.14	UNKNOWN STEP	2026-09-13T17:53:31.7139771Z     "execution_status": "blocked",
Action policy / ubuntu-latest / Python 3.14	UNKNOWN STEP	2026-09-13T17:53:31.7140066Z     "mutation_executed": false,
Action policy / ubuntu-latest / Python 3.14	UNKNOWN STEP	2026-09-13T17:53:31.7140351Z     "exact_package_roundtrip": true
Action policy / ubuntu-latest / Python 3.14	UNKNOWN STEP	2026-09-13T17:53:31.7140617Z   },
Action policy / ubuntu-latest / Python 3.14	UNKNOWN STEP	2026-09-13T17:53:31.7140813Z   "modified": {
Action policy / ubuntu-latest / Python 3.14	UNKNOWN STEP	2026-09-13T17:53:31.7141248Z     "run_id": "guard_run_18231cf2bf3aac167eca8f8b",
Action policy / ubuntu-latest / Python 3.14	UNKNOWN STEP	2026-09-13T17:53:31.7141586Z     "callback_count": 1,
Action policy / ubuntu-latest / Python 3.14	UNKNOWN STEP	2026-09-13T17:53:31.7141834Z     "decision": "ALLOWED",
Action policy / ubuntu-latest / Python 3.14	UNKNOWN STEP	2026-09-13T17:53:31.7142082Z     "preserve_status": 201,
Action policy / ubuntu-latest / Python 3.14	UNKNOWN STEP	2026-09-13T17:53:31.7142351Z     "retrieve_status": 200,
Action policy / ubuntu-latest / Python 3.14	UNKNOWN STEP	2026-09-13T17:53:31.7142608Z     "report_status": 201,
Action policy / ubuntu-latest / Python 3.14	UNKNOWN STEP	2026-09-13T17:53:31.7142880Z     "execution_status": "succeeded",
Action policy / ubuntu-latest / Python 3.14	UNKNOWN STEP	2026-09-13T17:53:31.7143167Z     "mutation_executed": true,
Action policy / ubuntu-latest / Python 3.14	UNKNOWN STEP	2026-09-13T17:53:31.7143438Z     "exact_package_roundtrip": true
Action policy / ubuntu-latest / Python 3.14	UNKNOWN STEP	2026-09-13T17:53:31.7143706Z   },
Action policy / ubuntu-latest / Python 3.14	UNKNOWN STEP	2026-09-13T17:53:31.7143915Z   "modify-denied-path": {
Action policy / ubuntu-latest / Python 3.14	UNKNOWN STEP	2026-09-13T17:53:31.7144214Z     "run_id": "guard_run_15edc08d4c562efa087e2331",
Action policy / ubuntu-latest / Python 3.14	UNKNOWN STEP	2026-09-13T17:53:31.7144537Z     "callback_count": 0,
Action policy / ubuntu-latest / Python 3.14	UNKNOWN STEP	2026-09-13T17:53:31.7144782Z     "decision": "BLOCKED",
Action policy / ubuntu-latest / Python 3.14	UNKNOWN STEP	2026-09-13T17:53:31.7145029Z     "preserve_status": 201,
Action policy / ubuntu-latest / Python 3.14	UNKNOWN STEP	2026-09-13T17:53:31.7145285Z     "retrieve_status": 200,
Action policy / ubuntu-latest / Python 3.14	UNKNOWN STEP	2026-09-13T17:53:31.7145532Z     "report_status": 201,
Action policy / ubuntu-latest / Python 3.14	UNKNOWN STEP	2026-09-13T17:53:31.7145786Z     "execution_status": "blocked",
Action policy / ubuntu-latest / Python 3.14	UNKNOWN STEP	2026-09-13T17:53:31.7146075Z     "mutation_executed": false,
Action policy / ubuntu-latest / Python 3.14	UNKNOWN STEP	2026-09-13T17:53:31.7146355Z     "exact_package_roundtrip": true
Action policy / ubuntu-latest / Python 3.14	UNKNOWN STEP	2026-09-13T17:53:31.7146630Z   },
Action policy / ubuntu-latest / Python 3.14	UNKNOWN STEP	2026-09-13T17:53:31.7146839Z   "modify-denied-role": {
Action policy / ubuntu-latest / Python 3.14	UNKNOWN STEP	2026-09-13T17:53:31.7163846Z     "run_id": "guard_run_a1196eaf5143851911484ec2",
Action policy / ubuntu-latest / Python 3.14	UNKNOWN STEP	2026-09-13T17:53:31.7164191Z     "callback_count": 0,
Action policy / ubuntu-latest / Python 3.14	UNKNOWN STEP	2026-09-13T17:53:31.7164449Z     "decision": "BLOCKED",
Action policy / ubuntu-latest / Python 3.14	UNKNOWN STEP	2026-09-13T17:53:31.7164718Z     "preserve_status": 201,
Action policy / ubuntu-latest / Python 3.14	UNKNOWN STEP	2026-09-13T17:53:31.7164983Z     "retrieve_status": 200,
Action policy / ubuntu-latest / Python 3.14	UNKNOWN STEP	2026-09-13T17:53:31.7165232Z     "report_status": 201,
Action policy / ubuntu-latest / Python 3.14	UNKNOWN STEP	2026-09-13T17:53:31.7165490Z     "execution_status": "blocked",
Action policy / ubuntu-latest / Python 3.14	UNKNOWN STEP	2026-09-13T17:53:31.7165787Z     "mutation_executed": false,
Action policy / ubuntu-latest / Python 3.14	UNKNOWN STEP	2026-09-13T17:53:31.7166080Z     "exact_package_roundtrip": true
Action policy / ubuntu-latest / Python 3.14	UNKNOWN STEP	2026-09-13T17:53:31.7166351Z   },
Action policy / ubuntu-latest / Python 3.14	UNKNOWN STEP	2026-09-13T17:53:31.7166563Z   "mixed-created": {
Action policy / ubuntu-latest / Python 3.14	UNKNOWN STEP	2026-09-13T17:53:31.7166841Z     "run_id": "guard_run_b5611c798d534c21fca467b3",
Action policy / ubuntu-latest / Python 3.14	UNKNOWN STEP	2026-09-13T17:53:31.7167179Z     "callback_count": 1,
Action policy / ubuntu-latest / Python 3.14	UNKNOWN STEP	2026-09-13T17:53:31.7167436Z     "decision": "ALLOWED",
Action policy / ubuntu-latest / Python 3.14	UNKNOWN STEP	2026-09-13T17:53:31.7167702Z     "preserve_status": 201,
Action policy / ubuntu-latest / Python 3.14	UNKNOWN STEP	2026-09-13T17:53:31.7167963Z     "retrieve_status": 200,
Action policy / ubuntu-latest / Python 3.14	UNKNOWN STEP	2026-09-13T17:53:31.7168224Z     "report_status": 201,
Action policy / ubuntu-latest / Python 3.14	UNKNOWN STEP	2026-09-13T17:53:31.7168484Z     "execution_status": "succeeded",
Action policy / ubuntu-latest / Python 3.14	UNKNOWN STEP	2026-09-13T17:53:31.7169122Z     "mutation_executed": true,
Action policy / ubuntu-latest / Python 3.14	UNKNOWN STEP	2026-09-13T17:53:31.7169401Z     "exact_package_roundtrip": true
Action policy / ubuntu-latest / Python 3.14	UNKNOWN STEP	2026-09-13T17:53:31.7169664Z   },
Action policy / ubuntu-latest / Python 3.14	UNKNOWN STEP	2026-09-13T17:53:31.7169878Z   "mixed-modified": {
Action policy / ubuntu-latest / Python 3.14	UNKNOWN STEP	2026-09-13T17:53:31.7170154Z     "run_id": "guard_run_3b21b0db67b7e83e2b62b09f",
Action policy / ubuntu-latest / Python 3.14	UNKNOWN STEP	2026-09-13T17:53:31.7170467Z     "callback_count": 1,
Action policy / ubuntu-latest / Python 3.14	UNKNOWN STEP	2026-09-13T17:53:31.7170713Z     "decision": "ALLOWED",
Action policy / ubuntu-latest / Python 3.14	UNKNOWN STEP	2026-09-13T17:53:31.7170966Z     "preserve_status": 201,
Action policy / ubuntu-latest / Python 3.14	UNKNOWN STEP	2026-09-13T17:53:31.7171395Z     "retrieve_status": 200,
Action policy / ubuntu-latest / Python 3.14	UNKNOWN STEP	2026-09-13T17:53:31.7171643Z     "report_status": 201,
Action policy / ubuntu-latest / Python 3.14	UNKNOWN STEP	2026-09-13T17:53:31.7171900Z     "execution_status": "succeeded",
Action policy / ubuntu-latest / Python 3.14	UNKNOWN STEP	2026-09-13T17:53:31.7172190Z     "mutation_executed": true,
Action policy / ubuntu-latest / Python 3.14	UNKNOWN STEP	2026-09-13T17:53:31.7172472Z     "exact_package_roundtrip": true
Action policy / ubuntu-latest / Python 3.14	UNKNOWN STEP	2026-09-13T17:53:31.7172737Z   },
Action policy / ubuntu-latest / Python 3.14	UNKNOWN STEP	2026-09-13T17:53:31.7172947Z   "mixed-create-role": {
Action policy / ubuntu-latest / Python 3.14	UNKNOWN STEP	2026-09-13T17:53:31.7173227Z     "run_id": "guard_run_4b927ebc98d618ee6a855fb9",
Action policy / ubuntu-latest / Python 3.14	UNKNOWN STEP	2026-09-13T17:53:31.7173539Z     "callback_count": 0,
Action policy / ubuntu-latest / Python 3.14	UNKNOWN STEP	2026-09-13T17:53:31.7173803Z     "decision": "BLOCKED",
Action policy / ubuntu-latest / Python 3.14	UNKNOWN STEP	2026-09-13T17:53:31.7174216Z     "preserve_status": 201,
Action policy / ubuntu-latest / Python 3.14	UNKNOWN STEP	2026-09-13T17:53:31.7174473Z     "retrieve_status": 200,
Action policy / ubuntu-latest / Python 3.14	UNKNOWN STEP	2026-09-13T17:53:31.7174720Z     "report_status": 201,
Action policy / ubuntu-latest / Python 3.14	UNKNOWN STEP	2026-09-13T17:53:31.7174981Z     "execution_status": "blocked",
Action policy / ubuntu-latest / Python 3.14	UNKNOWN STEP	2026-09-13T17:53:31.7175267Z     "mutation_executed": false,
Action policy / ubuntu-latest / Python 3.14	UNKNOWN STEP	2026-09-13T17:53:31.7175543Z     "exact_package_roundtrip": true
Action policy / ubuntu-latest / Python 3.14	UNKNOWN STEP	2026-09-13T17:53:31.7175806Z   },
Action policy / ubuntu-latest / Python 3.14	UNKNOWN STEP	2026-09-13T17:53:31.7176013Z   "mixed-modify-role": {
Action policy / ubuntu-latest / Python 3.14	UNKNOWN STEP	2026-09-13T17:53:31.7176296Z     "run_id": "guard_run_725c7145370a7746d17b906c",
Action policy / ubuntu-latest / Python 3.14	UNKNOWN STEP	2026-09-13T17:53:31.7176596Z     "callback_count": 0,
Action policy / ubuntu-latest / Python 3.14	UNKNOWN STEP	2026-09-13T17:53:31.7176845Z     "decision": "BLOCKED",
Action policy / ubuntu-latest / Python 3.14	UNKNOWN STEP	2026-09-13T17:53:31.7177098Z     "preserve_status": 201,
Action policy / ubuntu-latest / Python 3.14	UNKNOWN STEP	2026-09-13T17:53:31.7177363Z     "retrieve_status": 200,
Action policy / ubuntu-latest / Python 3.14	UNKNOWN STEP	2026-09-13T17:53:31.7177618Z     "report_status": 201,
Action policy / ubuntu-latest / Python 3.14	UNKNOWN STEP	2026-09-13T17:53:31.7177879Z     "execution_status": "blocked",
Action policy / ubuntu-latest / Python 3.14	UNKNOWN STEP	2026-09-13T17:53:31.7178163Z     "mutation_executed": false,
Action policy / ubuntu-latest / Python 3.14	UNKNOWN STEP	2026-09-13T17:53:31.7178445Z     "exact_package_roundtrip": true
Action policy / ubuntu-latest / Python 3.14	UNKNOWN STEP	2026-09-13T17:53:31.7178720Z   },
Action policy / ubuntu-latest / Python 3.14	UNKNOWN STEP	2026-09-13T17:53:31.7178920Z   "no-report": {
Action policy / ubuntu-latest / Python 3.14	UNKNOWN STEP	2026-09-13T17:53:31.7179173Z     "run_id": "guard_run_1e9cccea2201f2c1181ce1b9",
Action policy / ubuntu-latest / Python 3.14	UNKNOWN STEP	2026-09-13T17:53:31.7179488Z     "callback_count": 0,
Action policy / ubuntu-latest / Python 3.14	UNKNOWN STEP	2026-09-13T17:53:31.7179742Z     "decision": "ALLOWED",
Action policy / ubuntu-latest / Python 3.14	UNKNOWN STEP	2026-09-13T17:53:31.7180005Z     "preserve_status": 201,
Action policy / ubuntu-latest / Python 3.14	UNKNOWN STEP	2026-09-13T17:53:31.7180253Z     "retrieve_status": 200,
Action policy / ubuntu-latest / Python 3.14	UNKNOWN STEP	2026-09-13T17:53:31.7180497Z     "report_status": null,
Action policy / ubuntu-latest / Python 3.14	UNKNOWN STEP	2026-09-13T17:53:31.7180745Z     "execution_status": null,
Action policy / ubuntu-latest / Python 3.14	UNKNOWN STEP	2026-09-13T17:53:31.7181143Z     "mutation_executed": null,
Action policy / ubuntu-latest / Python 3.14	UNKNOWN STEP	2026-09-13T17:53:31.7181410Z     "exact_package_roundtrip": true
Action policy / ubuntu-latest / Python 3.14	UNKNOWN STEP	2026-09-13T17:53:31.7181669Z   },
Action policy / ubuntu-latest / Python 3.14	UNKNOWN STEP	2026-09-13T17:53:31.7181863Z   "wrong-runtime": {
Action policy / ubuntu-latest / Python 3.14	UNKNOWN STEP	2026-09-13T17:53:31.7182128Z     "run_id": "guard_run_d19a4f805d66c5fc39f5ecc5",
Action policy / ubuntu-latest / Python 3.14	UNKNOWN STEP	2026-09-13T17:53:31.7182439Z     "callback_count": 1,
Action policy / ubuntu-latest / Python 3.14	UNKNOWN STEP	2026-09-13T17:53:31.7182678Z     "decision": "ALLOWED",
Action policy / ubuntu-latest / Python 3.14	UNKNOWN STEP	2026-09-13T17:53:31.7182923Z     "preserve_status": 403,
Action policy / ubuntu-latest / Python 3.14	UNKNOWN STEP	2026-09-13T17:53:31.7183171Z     "report_status": 403,
Action policy / ubuntu-latest / Python 3.14	UNKNOWN STEP	2026-09-13T17:53:31.7183441Z     "preserved": false
Action policy / ubuntu-latest / Python 3.14	UNKNOWN STEP	2026-09-13T17:53:31.7183660Z   },
Action policy / ubuntu-latest / Python 3.14	UNKNOWN STEP	2026-09-13T17:53:31.7183864Z   "legacy-cannot-create": {
Action policy / ubuntu-latest / Python 3.14	UNKNOWN STEP	2026-09-13T17:53:31.7184111Z     "callback_count": 0,
Action policy / ubuntu-latest / Python 3.14	UNKNOWN STEP	2026-09-13T17:53:31.7184363Z     "decision": "not_evaluated",
Action policy / ubuntu-latest / Python 3.14	UNKNOWN STEP	2026-09-13T17:53:31.7184673Z     "authorization_event": false,
Action policy / ubuntu-latest / Python 3.14	UNKNOWN STEP	2026-09-13T17:53:31.7184963Z     "report_status": null,
Action policy / ubuntu-latest / Python 3.14	UNKNOWN STEP	2026-09-13T17:53:31.7185227Z     "mutation_executed": false
Action policy / ubuntu-latest / Python 3.14	UNKNOWN STEP	2026-09-13T17:53:31.7185482Z   }
Action policy / ubuntu-latest / Python 3.14	UNKNOWN STEP	2026-09-13T17:53:31.7185677Z }
Action policy / ubuntu-latest / Python 3.14	UNKNOWN STEP	2026-09-13T17:53:31.9457370Z ##[group]Run python -c "import os,subprocess; subprocess.run([os.environ['SDK_PYTHON'], 'tools/acceptance/ledger_guard_extra.py', '--ledger-source', '.candidate50/ledger', '--guard-candidate', 'acceptance-output/package/guard-candidate.json', '--output', 'acceptance-output/ledger-extra'], check=True)"
Action policy / ubuntu-latest / Python 3.14	UNKNOWN STEP	2026-09-13T17:53:31.9458875Z ^[[36;1mpython -c "import os,subprocess; subprocess.run([os.environ['SDK_PYTHON'], 'tools/acceptance/ledger_guard_extra.py', '--ledger-source', '.candidate50/ledger', '--guard-candidate', 'acceptance-output/package/guard-candidate.json', '--output', 'acceptance-output/ledger-extra'], check=True)"^[[0m
Action policy / ubuntu-latest / Python 3.14	UNKNOWN STEP	2026-09-13T17:53:31.9491986Z shell: /usr/bin/bash -e {0}
Action policy / ubuntu-latest / Python 3.14	UNKNOWN STEP	2026-09-13T17:53:31.9492196Z env:
Action policy / ubuntu-latest / Python 3.14	UNKNOWN STEP	2026-09-13T17:53:31.9492371Z   CLOUD_TEST_ACCESS: true
Action policy / ubuntu-latest / Python 3.14	UNKNOWN STEP	2026-09-13T17:53:31.9492620Z   pythonLocation: /opt/hostedtoolcache/Python/3.14.7/x64
Action policy / ubuntu-latest / Python 3.14	UNKNOWN STEP	2026-09-13T17:53:31.9492959Z   PKG_CONFIG_PATH: /opt/hostedtoolcache/Python/3.14.7/x64/lib/pkgconfig
Action policy / ubuntu-latest / Python 3.14	UNKNOWN STEP	2026-09-13T17:53:31.9493319Z   Python_ROOT_DIR: /opt/hostedtoolcache/Python/3.14.7/x64
Action policy / ubuntu-latest / Python 3.14	UNKNOWN STEP	2026-09-13T17:53:31.9493615Z   Python2_ROOT_DIR: /opt/hostedtoolcache/Python/3.14.7/x64
Action policy / ubuntu-latest / Python 3.14	UNKNOWN STEP	2026-09-13T17:53:31.9493910Z   Python3_ROOT_DIR: /opt/hostedtoolcache/Python/3.14.7/x64
Action policy / ubuntu-latest / Python 3.14	UNKNOWN STEP	2026-09-13T17:53:31.9494209Z   LD_LIBRARY_PATH: /opt/hostedtoolcache/Python/3.14.7/x64/lib
Action policy / ubuntu-latest / Python 3.14	UNKNOWN STEP	2026-09-13T17:53:31.9494520Z   SDK_PYTHON: /opt/hostedtoolcache/Python/3.14.7/x64/bin/python
Action policy / ubuntu-latest / Python 3.14	UNKNOWN STEP	2026-09-13T17:53:31.9494780Z ##[endgroup]
Action policy / ubuntu-latest / Python 3.14	UNKNOWN STEP	2026-09-13T17:54:35.3056668Z Traceback (most recent call last):
Action policy / ubuntu-latest / Python 3.14	UNKNOWN STEP	2026-09-13T17:54:35.3068329Z   File "<string>", line 1, in <module>
Action policy / ubuntu-latest / Python 3.14	UNKNOWN STEP	2026-09-13T17:54:35.3069245Z     import os,subprocess; subprocess.run([os.environ['SDK_PYTHON'], 'tools/acceptance/ledger_guard_extra.py', '--ledger-source', '.candidate50/ledger', '--guard-candidate', 'acceptance-output/package/guard-candidate.json', '--output', 'acceptance-output/ledger-extra'], check=True)
Action policy / ubuntu-latest / Python 3.14	UNKNOWN STEP	2026-09-13T17:54:35.3070320Z                           ~~~~~~~~~~~~~~^^^^^^^^^^^^^^^^^^^^^^^^^^^^^^^^^^^^^^^^^^^^^^^^^^^^^^^^^^^^^^^^^^^^^^^^^^^^^^^^^^^^^^^^^^^^^^^^^^^^^^^^^^^^^^^^^^^^^^^^^^^^^^^^^^^^^^^^^^^^^^^^^^^^^^^^^^^^^^^^^^^^^^^^^^^^^^^^^^^^^^^^^^^^^^^^^^^^^^^^^^^^^^^^^^^^^^^^^^^^^^^^^^^^^^^^^^^^^^^^^
Action policy / ubuntu-latest / Python 3.14	UNKNOWN STEP	2026-09-13T17:54:35.3070939Z   File "/opt/hostedtoolcache/Python/3.14.7/x64/lib/python3.14/subprocess.py", line 578, in run
Action policy / ubuntu-latest / Python 3.14	UNKNOWN STEP	2026-09-13T17:54:35.3071521Z     raise CalledProcessError(retcode, process.args,
Action policy / ubuntu-latest / Python 3.14	UNKNOWN STEP	2026-09-13T17:54:35.3071794Z                              output=stdout, stderr=stderr)
Action policy / ubuntu-latest / Python 3.14	UNKNOWN STEP	2026-09-13T17:54:35.3072775Z subprocess.CalledProcessError: Command '['/opt/hostedtoolcache/Python/3.14.7/x64/bin/python', 'tools/acceptance/ledger_guard_extra.py', '--ledger-source', '.candidate50/ledger', '--guard-candidate', 'acceptance-output/package/guard-candidate.json', '--output', 'acceptance-output/ledger-extra']' returned non-zero exit status 1.
Action policy / ubuntu-latest / Python 3.14	UNKNOWN STEP	2026-09-13T17:54:35.3140381Z ##[error]Process completed with exit code 1.
Action policy / ubuntu-latest / Python 3.14	UNKNOWN STEP	2026-09-13T17:54:35.3211407Z Node 20 is being deprecated. This workflow is running with Node 24 by default. If you need to temporarily use Node 20, you can set the ACTIONS_ALLOW_USE_UNSECURE_NODE_VERSION=true environment variable. For more information see: https://github.blog/changelog/2025-09-19-deprecation-of-node-20-on-github-actions-runners/
Action policy / ubuntu-latest / Python 3.14	UNKNOWN STEP	2026-09-13T17:54:35.3212509Z ##[group]Run actions/upload-artifact@ea165f8d65b6e75b540449e92b4886f43607fa02
Action policy / ubuntu-latest / Python 3.14	UNKNOWN STEP	2026-09-13T17:54:35.3212810Z with:
Action policy / ubuntu-latest / Python 3.14	UNKNOWN STEP	2026-09-13T17:54:35.3212999Z   name: action-policy-ubuntu-latest-3.14
Action policy / ubuntu-latest / Python 3.14	UNKNOWN STEP	2026-09-13T17:54:35.3213238Z   include-hidden-files: true
Action policy / ubuntu-latest / Python 3.14	UNKNOWN STEP	2026-09-13T17:54:35.3214140Z   path: acceptance-output/
Action policy / ubuntu-latest / Python 3.14	UNKNOWN STEP	!acceptance-output/ledger-extra/combined/combined-extra/
Action policy / ubuntu-latest / Python 3.14	UNKNOWN STEP	!acceptance-output/ledger-extra/upgrade-environment/
Action policy / ubuntu-latest / Python 3.14	UNKNOWN STEP	!acceptance-output/ledger-extra/fresh-base/source/
Action policy / ubuntu-latest / Python 3.14	UNKNOWN STEP	!acceptance-output/ledger-extra/fresh-base/installed/
Action policy / ubuntu-latest / Python 3.14	UNKNOWN STEP	!acceptance-output/ledger-extra/fresh-base/historical-*/
Action policy / ubuntu-latest / Python 3.14	UNKNOWN STEP	
Action policy / ubuntu-latest / Python 3.14	UNKNOWN STEP	2026-09-13T17:54:35.3215025Z   if-no-files-found: warn
Action policy / ubuntu-latest / Python 3.14	UNKNOWN STEP	2026-09-13T17:54:35.3215243Z   compression-level: 6
Action policy / ubuntu-latest / Python 3.14	UNKNOWN STEP	2026-09-13T17:54:35.3215420Z   overwrite: false
Action policy / ubuntu-latest / Python 3.14	UNKNOWN STEP	2026-09-13T17:54:35.3215579Z env:
Action policy / ubuntu-latest / Python 3.14	UNKNOWN STEP	2026-09-13T17:54:35.3215730Z   CLOUD_TEST_ACCESS: true
Action policy / ubuntu-latest / Python 3.14	UNKNOWN STEP	2026-09-13T17:54:35.3215966Z   pythonLocation: /opt/hostedtoolcache/Python/3.14.7/x64
Action policy / ubuntu-latest / Python 3.14	UNKNOWN STEP	2026-09-13T17:54:35.3216294Z   PKG_CONFIG_PATH: /opt/hostedtoolcache/Python/3.14.7/x64/lib/pkgconfig
Action policy / ubuntu-latest / Python 3.14	UNKNOWN STEP	2026-09-13T17:54:35.3216611Z   Python_ROOT_DIR: /opt/hostedtoolcache/Python/3.14.7/x64
Action policy / ubuntu-latest / Python 3.14	UNKNOWN STEP	2026-09-13T17:54:35.3216913Z   Python2_ROOT_DIR: /opt/hostedtoolcache/Python/3.14.7/x64
Action policy / ubuntu-latest / Python 3.14	UNKNOWN STEP	2026-09-13T17:54:35.3217202Z   Python3_ROOT_DIR: /opt/hostedtoolcache/Python/3.14.7/x64
Action policy / ubuntu-latest / Python 3.14	UNKNOWN STEP	2026-09-13T17:54:35.3217668Z   LD_LIBRARY_PATH: /opt/hostedtoolcache/Python/3.14.7/x64/lib
Action policy / ubuntu-latest / Python 3.14	UNKNOWN STEP	2026-09-13T17:54:35.3217921Z ##[endgroup]
Action policy / ubuntu-latest / Python 3.14	UNKNOWN STEP	2026-09-13T17:54:35.4586488Z (node:5483) [DEP0040] DeprecationWarning: The `punycode` module is deprecated. Please use a userland alternative instead.
Action policy / ubuntu-latest / Python 3.14	UNKNOWN STEP	2026-09-13T17:54:35.4587138Z (Use `node --trace-deprecation ...` to show where the warning was created)
Action policy / ubuntu-latest / Python 3.14	UNKNOWN STEP	2026-09-13T17:54:36.4878800Z With the provided path, there will be 487 files uploaded
Action policy / ubuntu-latest / Python 3.14	UNKNOWN STEP	2026-09-13T17:54:36.4883397Z Artifact name is valid!
Action policy / ubuntu-latest / Python 3.14	UNKNOWN STEP	2026-09-13T17:54:36.4883875Z Root directory input is valid!
Action policy / ubuntu-latest / Python 3.14	UNKNOWN STEP	2026-09-13T17:54:36.8570655Z Beginning upload of artifact content to blob storage
Action policy / ubuntu-latest / Python 3.14	UNKNOWN STEP	2026-09-13T17:54:37.3943497Z (node:5483) [DEP0169] DeprecationWarning: `url.parse()` behavior is not standardized and prone to errors that have security implications. Use the WHATWG URL API instead. CVEs are not issued for `url.parse()` vulnerabilities.
Action policy / ubuntu-latest / Python 3.14	UNKNOWN STEP	2026-09-13T17:54:38.3500947Z Uploaded bytes 6541024
Action policy / ubuntu-latest / Python 3.14	UNKNOWN STEP	2026-09-13T17:54:38.4269259Z Finished uploading artifact content to blob storage!
Action policy / ubuntu-latest / Python 3.14	UNKNOWN STEP	2026-09-13T17:54:38.4270104Z SHA256 digest of uploaded artifact zip is e7da1b4d84c706503d55758aa83c9537eea6b794bae0159baa62541b9a537270
Action policy / ubuntu-latest / Python 3.14	UNKNOWN STEP	2026-09-13T17:54:38.4270809Z Finalizing artifact upload
Action policy / ubuntu-latest / Python 3.14	UNKNOWN STEP	2026-09-13T17:54:38.6761608Z Artifact action-policy-ubuntu-latest-3.14.zip successfully finalized. Artifact ID 10323125406
Action policy / ubuntu-latest / Python 3.14	UNKNOWN STEP	2026-09-13T17:54:38.6762451Z Artifact action-policy-ubuntu-latest-3.14 has been successfully uploaded! Final size is 6541024 bytes. Artifact ID is 10323125406
Action policy / ubuntu-latest / Python 3.14	UNKNOWN STEP	2026-09-13T17:54:38.6768149Z Artifact download URL: https://github.com/Waveframe-Labs/Waveframe-Guard/actions/runs/34772598555/artifacts/10323125406
Action policy / ubuntu-latest / Python 3.14	UNKNOWN STEP	2026-09-13T17:54:38.7016696Z Post job cleanup.
Action policy / ubuntu-latest / Python 3.14	UNKNOWN STEP	2026-09-13T17:54:38.7751659Z [command]/usr/bin/git version
Action policy / ubuntu-latest / Python 3.14	UNKNOWN STEP	2026-09-13T17:54:38.7812088Z git version 2.55.0
Action policy / ubuntu-latest / Python 3.14	UNKNOWN STEP	2026-09-13T17:54:38.7826056Z Temporarily overriding HOME='/home/runner/work/_temp/dbc1e552-ad26-4a93-9f47-45a35db93571' before making global git config changes
Action policy / ubuntu-latest / Python 3.14	UNKNOWN STEP	2026-09-13T17:54:38.7827033Z Adding repository directory to the temporary git global config as a safe directory
Action policy / ubuntu-latest / Python 3.14	UNKNOWN STEP	2026-09-13T17:54:38.7831568Z [command]/usr/bin/git config --global --add safe.directory /home/runner/work/Waveframe-Guard/Waveframe-Guard/.cloud-test-source
Action policy / ubuntu-latest / Python 3.14	UNKNOWN STEP	2026-09-13T17:54:38.7863533Z Removing SSH command configuration
Action policy / ubuntu-latest / Python 3.14	UNKNOWN STEP	2026-09-13T17:54:38.7870121Z [command]/usr/bin/git config --local --name-only --get-regexp core\.sshCommand
Action policy / ubuntu-latest / Python 3.14	UNKNOWN STEP	2026-09-13T17:54:38.7907284Z [command]/usr/bin/git submodule foreach --recursive sh -c "git config --local --name-only --get-regexp 'core\.sshCommand' && git config --local --unset-all 'core.sshCommand' || :"
Action policy / ubuntu-latest / Python 3.14	UNKNOWN STEP	2026-09-13T17:54:38.8141165Z Removing HTTP extra header
Action policy / ubuntu-latest / Python 3.14	UNKNOWN STEP	2026-09-13T17:54:38.8147702Z [command]/usr/bin/git config --local --name-only --get-regexp http\.https\:\/\/github\.com\/\.extraheader
Action policy / ubuntu-latest / Python 3.14	UNKNOWN STEP	2026-09-13T17:54:38.8194378Z [command]/usr/bin/git submodule foreach --recursive sh -c "git config --local --name-only --get-regexp 'http\.https\:\/\/github\.com\/\.extraheader' && git config --local --unset-all 'http.https://github.com/.extraheader' || :"
Action policy / ubuntu-latest / Python 3.14	UNKNOWN STEP	2026-09-13T17:54:38.8409140Z Removing includeIf entries pointing to credentials config files
Action policy / ubuntu-latest / Python 3.14	UNKNOWN STEP	2026-09-13T17:54:38.8415493Z [command]/usr/bin/git config --local --name-only --get-regexp ^includeIf\.gitdir:
Action policy / ubuntu-latest / Python 3.14	UNKNOWN STEP	2026-09-13T17:54:38.8448963Z [command]/usr/bin/git submodule foreach --recursive git config --local --show-origin --name-only --get-regexp remote.origin.url
Action policy / ubuntu-latest / Python 3.14	UNKNOWN STEP	2026-09-13T17:54:38.9292140Z Post job cleanup.
Action policy / ubuntu-latest / Python 3.14	UNKNOWN STEP	2026-09-13T17:54:39.0049123Z [command]/usr/bin/git version
Action policy / ubuntu-latest / Python 3.14	UNKNOWN STEP	2026-09-13T17:54:39.0087068Z git version 2.55.0
Action policy / ubuntu-latest / Python 3.14	UNKNOWN STEP	2026-09-13T17:54:39.0117140Z Temporarily overriding HOME='/home/runner/work/_temp/989cd184-f543-4c90-879b-af3afece95b3' before making global git config changes
Action policy / ubuntu-latest / Python 3.14	UNKNOWN STEP	2026-09-13T17:54:39.0118223Z Adding repository directory to the temporary git global config as a safe directory
Action policy / ubuntu-latest / Python 3.14	UNKNOWN STEP	2026-09-13T17:54:39.0122220Z [command]/usr/bin/git config --global --add safe.directory /home/runner/work/Waveframe-Guard/Waveframe-Guard/.candidate50/ledger
Action policy / ubuntu-latest / Python 3.14	UNKNOWN STEP	2026-09-13T17:54:39.0156356Z Removing SSH command configuration
Action policy / ubuntu-latest / Python 3.14	UNKNOWN STEP	2026-09-13T17:54:39.0163781Z [command]/usr/bin/git config --local --name-only --get-regexp core\.sshCommand
Action policy / ubuntu-latest / Python 3.14	UNKNOWN STEP	2026-09-13T17:54:39.0202645Z [command]/usr/bin/git submodule foreach --recursive sh -c "git config --local --name-only --get-regexp 'core\.sshCommand' && git config --local --unset-all 'core.sshCommand' || :"
Action policy / ubuntu-latest / Python 3.14	UNKNOWN STEP	2026-09-13T17:54:39.0512968Z Removing HTTP extra header
Action policy / ubuntu-latest / Python 3.14	UNKNOWN STEP	2026-09-13T17:54:39.0517788Z [command]/usr/bin/git config --local --name-only --get-regexp http\.https\:\/\/github\.com\/\.extraheader
Action policy / ubuntu-latest / Python 3.14	UNKNOWN STEP	2026-09-13T17:54:39.0549961Z [command]/usr/bin/git submodule foreach --recursive sh -c "git config --local --name-only --get-regexp 'http\.https\:\/\/github\.com\/\.extraheader' && git config --local --unset-all 'http.https://github.com/.extraheader' || :"
Action policy / ubuntu-latest / Python 3.14	UNKNOWN STEP	2026-09-13T17:54:39.0857548Z Removing includeIf entries pointing to credentials config files
Action policy / ubuntu-latest / Python 3.14	UNKNOWN STEP	2026-09-13T17:54:39.0858461Z [command]/usr/bin/git config --local --name-only --get-regexp ^includeIf\.gitdir:
Action policy / ubuntu-latest / Python 3.14	UNKNOWN STEP	2026-09-13T17:54:39.0908241Z [command]/usr/bin/git submodule foreach --recursive git config --local --show-origin --name-only --get-regexp remote.origin.url
Action policy / ubuntu-latest / Python 3.14	UNKNOWN STEP	2026-09-13T17:54:39.1254629Z Post job cleanup.
Action policy / ubuntu-latest / Python 3.14	UNKNOWN STEP	2026-09-13T17:54:39.2016680Z [command]/usr/bin/git version
Action policy / ubuntu-latest / Python 3.14	UNKNOWN STEP	2026-09-13T17:54:39.2062027Z git version 2.55.0
Action policy / ubuntu-latest / Python 3.14	UNKNOWN STEP	2026-09-13T17:54:39.2095357Z Temporarily overriding HOME='/home/runner/work/_temp/60389392-7895-48c0-a43d-a21c9ad192a6' before making global git config changes
Action policy / ubuntu-latest / Python 3.14	UNKNOWN STEP	2026-09-13T17:54:39.2096151Z Adding repository directory to the temporary git global config as a safe directory
Action policy / ubuntu-latest / Python 3.14	UNKNOWN STEP	2026-09-13T17:54:39.2100560Z [command]/usr/bin/git config --global --add safe.directory /home/runner/work/Waveframe-Guard/Waveframe-Guard
Action policy / ubuntu-latest / Python 3.14	UNKNOWN STEP	2026-09-13T17:54:39.2136451Z Removing SSH command configuration
Action policy / ubuntu-latest / Python 3.14	UNKNOWN STEP	2026-09-13T17:54:39.2143549Z [command]/usr/bin/git config --local --name-only --get-regexp core\.sshCommand
Action policy / ubuntu-latest / Python 3.14	UNKNOWN STEP	2026-09-13T17:54:39.2178791Z [command]/usr/bin/git submodule foreach --recursive sh -c "git config --local --name-only --get-regexp 'core\.sshCommand' && git config --local --unset-all 'core.sshCommand' || :"
Action policy / ubuntu-latest / Python 3.14	UNKNOWN STEP	2026-09-13T17:54:39.2401240Z Removing HTTP extra header
Action policy / ubuntu-latest / Python 3.14	UNKNOWN STEP	2026-09-13T17:54:39.2412118Z [command]/usr/bin/git config --local --name-only --get-regexp http\.https\:\/\/github\.com\/\.extraheader
Action policy / ubuntu-latest / Python 3.14	UNKNOWN STEP	2026-09-13T17:54:39.2441847Z [command]/usr/bin/git submodule foreach --recursive sh -c "git config --local --name-only --get-regexp 'http\.https\:\/\/github\.com\/\.extraheader' && git config --local --unset-all 'http.https://github.com/.extraheader' || :"
Action policy / ubuntu-latest / Python 3.14	UNKNOWN STEP	2026-09-13T17:54:39.2662739Z Removing includeIf entries pointing to credentials config files
Action policy / ubuntu-latest / Python 3.14	UNKNOWN STEP	2026-09-13T17:54:39.2671446Z [command]/usr/bin/git config --local --name-only --get-regexp ^includeIf\.gitdir:
Action policy / ubuntu-latest / Python 3.14	UNKNOWN STEP	2026-09-13T17:54:39.2708133Z [command]/usr/bin/git submodule foreach --recursive git config --local --show-origin --name-only --get-regexp remote.origin.url
Action policy / ubuntu-latest / Python 3.14	UNKNOWN STEP	2026-09-13T17:54:39.3062490Z Cleaning up orphan processes
Action policy / ubuntu-latest / Python 3.14	UNKNOWN STEP	2026-09-13T17:54:39.3311544Z ##[warning]Node.js 20 is deprecated. The following actions target Node.js 20 but are being forced to run on Node.js 24: actions/upload-artifact@ea165f8d65b6e75b540449e92b4886f43607fa02. For more information see: https://github.blog/changelog/2025-09-19-deprecation-of-node-20-on-github-actions-runners/
Action policy / windows-latest / Python 3.14	UNKNOWN STEP	﻿2026-09-13T17:46:34.1694169Z Current runner version: '2.337.0'
Action policy / windows-latest / Python 3.14	UNKNOWN STEP	2026-09-13T17:46:34.1887607Z ##[group]Runner Image Provisioner
Action policy / windows-latest / Python 3.14	UNKNOWN STEP	2026-09-13T17:46:34.1888593Z Hosted Compute Agent
Action policy / windows-latest / Python 3.14	UNKNOWN STEP	2026-09-13T17:46:34.1889190Z Version: 20260828.587
Action policy / windows-latest / Python 3.14	UNKNOWN STEP	2026-09-13T17:46:34.1889808Z Commit: abac92662cab4cc7352de4f9f9d2e2419aad9c29
Action policy / windows-latest / Python 3.14	UNKNOWN STEP	2026-09-13T17:46:34.1890570Z Build Date: 2026-08-28T16:44:25Z
Action policy / windows-latest / Python 3.14	UNKNOWN STEP	2026-09-13T17:46:34.1891246Z Worker ID: {7e439164-c159-481b-b40f-b08f92af7294}
Action policy / windows-latest / Python 3.14	UNKNOWN STEP	2026-09-13T17:46:34.1891955Z Azure Region: northcentralus
Action policy / windows-latest / Python 3.14	UNKNOWN STEP	2026-09-13T17:46:34.1892604Z ##[endgroup]
Action policy / windows-latest / Python 3.14	UNKNOWN STEP	2026-09-13T17:46:34.1894004Z ##[group]Operating System
Action policy / windows-latest / Python 3.14	UNKNOWN STEP	2026-09-13T17:46:34.1894693Z Microsoft Windows Server 2025
Action policy / windows-latest / Python 3.14	UNKNOWN STEP	2026-09-13T17:46:34.1895301Z 10.0.26100
Action policy / windows-latest / Python 3.14	UNKNOWN STEP	2026-09-13T17:46:34.1895814Z Datacenter
Action policy / windows-latest / Python 3.14	UNKNOWN STEP	2026-09-13T17:46:34.1896341Z ##[endgroup]
Action policy / windows-latest / Python 3.14	UNKNOWN STEP	2026-09-13T17:46:34.1896894Z ##[group]Runner Image
Action policy / windows-latest / Python 3.14	UNKNOWN STEP	2026-09-13T17:46:34.1897498Z Image: windows-2025-vs2026
Action policy / windows-latest / Python 3.14	UNKNOWN STEP	2026-09-13T17:46:34.1898089Z Version: 20260907.229.1
Action policy / windows-latest / Python 3.14	UNKNOWN STEP	2026-09-13T17:46:34.1899581Z Included Software: https://github.com/actions/runner-images/blob/win25-vs2026/20260907.229/images/windows/Windows2025-VS2026-Readme.md
Action policy / windows-latest / Python 3.14	UNKNOWN STEP	2026-09-13T17:46:34.1901228Z Image Release: https://github.com/actions/runner-images/releases/tag/win25-vs2026%2F20260907.229
Action policy / windows-latest / Python 3.14	UNKNOWN STEP	2026-09-13T17:46:34.1902221Z ##[endgroup]
Action policy / windows-latest / Python 3.14	UNKNOWN STEP	2026-09-13T17:46:34.1903294Z ##[group]GITHUB_TOKEN Permissions
Action policy / windows-latest / Python 3.14	UNKNOWN STEP	2026-09-13T17:46:34.1905275Z Contents: read
Action policy / windows-latest / Python 3.14	UNKNOWN STEP	2026-09-13T17:46:34.1905917Z Metadata: read
Action policy / windows-latest / Python 3.14	UNKNOWN STEP	2026-09-13T17:46:34.1906897Z ##[endgroup]
Action policy / windows-latest / Python 3.14	UNKNOWN STEP	2026-09-13T17:46:34.1909114Z Secret source: Actions
Action policy / windows-latest / Python 3.14	UNKNOWN STEP	2026-09-13T17:46:34.1910078Z Cache mode: write
Action policy / windows-latest / Python 3.14	UNKNOWN STEP	2026-09-13T17:46:34.1910789Z Prepare workflow directory
Action policy / windows-latest / Python 3.14	UNKNOWN STEP	2026-09-13T17:46:34.3043477Z Prepare all required actions
Action policy / windows-latest / Python 3.14	UNKNOWN STEP	2026-09-13T17:46:34.3092173Z Getting action download info
Action policy / windows-latest / Python 3.14	UNKNOWN STEP	2026-09-13T17:46:34.5346033Z Download action repository 'actions/checkout@3d3c42e5aac5ba805825da76410c181273ba90b1' (SHA:3d3c42e5aac5ba805825da76410c181273ba90b1)
Action policy / windows-latest / Python 3.14	UNKNOWN STEP	2026-09-13T17:46:34.7154441Z Download action repository 'actions/setup-python@ece7cb06caefa5fff74198d8649806c4678c61a1' (SHA:ece7cb06caefa5fff74198d8649806c4678c61a1)
Action policy / windows-latest / Python 3.14	UNKNOWN STEP	2026-09-13T17:46:34.9918754Z Download action repository 'actions/upload-artifact@ea165f8d65b6e75b540449e92b4886f43607fa02' (SHA:ea165f8d65b6e75b540449e92b4886f43607fa02)
Action policy / windows-latest / Python 3.14	UNKNOWN STEP	2026-09-13T17:46:36.0168375Z Complete job name: Action policy / windows-latest / Python 3.14
Action policy / windows-latest / Python 3.14	UNKNOWN STEP	2026-09-13T17:46:36.8601151Z ##[group]Run actions/checkout@3d3c42e5aac5ba805825da76410c181273ba90b1
Action policy / windows-latest / Python 3.14	UNKNOWN STEP	2026-09-13T17:46:36.8602779Z with:
Action policy / windows-latest / Python 3.14	UNKNOWN STEP	2026-09-13T17:46:36.8603533Z   ref: 0161ef8a52e052d1bc1366cdc93ce13a9bd535ed
Action policy / windows-latest / Python 3.14	UNKNOWN STEP	2026-09-13T17:46:36.8604495Z   persist-credentials: false
Action policy / windows-latest / Python 3.14	UNKNOWN STEP	2026-09-13T17:46:36.8605379Z   repository: Waveframe-Labs/Waveframe-Guard
Action policy / windows-latest / Python 3.14	UNKNOWN STEP	2026-09-13T17:46:36.8612184Z   token: ***
Action policy / windows-latest / Python 3.14	UNKNOWN STEP	2026-09-13T17:46:36.8612863Z   ssh-strict: true
Action policy / windows-latest / Python 3.14	UNKNOWN STEP	2026-09-13T17:46:36.8613787Z   ssh-user: git
Action policy / windows-latest / Python 3.14	UNKNOWN STEP	2026-09-13T17:46:36.8614668Z   clean: true
Action policy / windows-latest / Python 3.14	UNKNOWN STEP	2026-09-13T17:46:36.8615403Z   sparse-checkout-cone-mode: true
Action policy / windows-latest / Python 3.14	UNKNOWN STEP	2026-09-13T17:46:36.8616251Z   fetch-depth: 1
Action policy / windows-latest / Python 3.14	UNKNOWN STEP	2026-09-13T17:46:36.8616960Z   fetch-tags: false
Action policy / windows-latest / Python 3.14	UNKNOWN STEP	2026-09-13T17:46:36.8617704Z   show-progress: true
Action policy / windows-latest / Python 3.14	UNKNOWN STEP	2026-09-13T17:46:36.8618445Z   lfs: false
Action policy / windows-latest / Python 3.14	UNKNOWN STEP	2026-09-13T17:46:36.8619107Z   submodules: false
Action policy / windows-latest / Python 3.14	UNKNOWN STEP	2026-09-13T17:46:36.8619819Z   set-safe-directory: true
Action policy / windows-latest / Python 3.14	UNKNOWN STEP	2026-09-13T17:46:36.8620631Z   allow-unsafe-pr-checkout: false
Action policy / windows-latest / Python 3.14	UNKNOWN STEP	2026-09-13T17:46:36.8621709Z env:
Action policy / windows-latest / Python 3.14	UNKNOWN STEP	2026-09-13T17:46:36.8622391Z   CLOUD_TEST_ACCESS: true
Action policy / windows-latest / Python 3.14	UNKNOWN STEP	2026-09-13T17:46:36.8623126Z ##[endgroup]
Action policy / windows-latest / Python 3.14	UNKNOWN STEP	2026-09-13T17:46:37.0589678Z Syncing repository: Waveframe-Labs/Waveframe-Guard
Action policy / windows-latest / Python 3.14	UNKNOWN STEP	2026-09-13T17:46:37.0592113Z ##[group]Getting Git version info
Action policy / windows-latest / Python 3.14	UNKNOWN STEP	2026-09-13T17:46:37.0593234Z Working directory is 'D:\a\Waveframe-Guard\Waveframe-Guard'
Action policy / windows-latest / Python 3.14	UNKNOWN STEP	2026-09-13T17:46:37.1697480Z [command]"C:\Program Files\Git\bin\git.exe" version
Action policy / windows-latest / Python 3.14	UNKNOWN STEP	2026-09-13T17:46:37.5094396Z git version 2.55.0.windows.5
Action policy / windows-latest / Python 3.14	UNKNOWN STEP	2026-09-13T17:46:37.5146644Z ##[endgroup]
Action policy / windows-latest / Python 3.14	UNKNOWN STEP	2026-09-13T17:46:37.5177127Z Temporarily overriding HOME='D:\a\_temp\8450f563-e7fa-43d1-809a-f5a15137ebf4' before making global git config changes
Action policy / windows-latest / Python 3.14	UNKNOWN STEP	2026-09-13T17:46:37.5179223Z Adding repository directory to the temporary git global config as a safe directory
Action policy / windows-latest / Python 3.14	UNKNOWN STEP	2026-09-13T17:46:37.5249077Z [command]"C:\Program Files\Git\bin\git.exe" config --global --add safe.directory D:\a\Waveframe-Guard\Waveframe-Guard
Action policy / windows-latest / Python 3.14	UNKNOWN STEP	2026-09-13T17:46:37.5761122Z Deleting the contents of 'D:\a\Waveframe-Guard\Waveframe-Guard'
Action policy / windows-latest / Python 3.14	UNKNOWN STEP	2026-09-13T17:46:37.5766369Z ##[group]Determining repository object format
Action policy / windows-latest / Python 3.14	UNKNOWN STEP	2026-09-13T17:46:37.5768851Z ##[endgroup]
Action policy / windows-latest / Python 3.14	UNKNOWN STEP	2026-09-13T17:46:37.5770184Z ##[group]Initializing the repository
Action policy / windows-latest / Python 3.14	UNKNOWN STEP	2026-09-13T17:46:37.5776880Z [command]"C:\Program Files\Git\bin\git.exe" init D:\a\Waveframe-Guard\Waveframe-Guard
Action policy / windows-latest / Python 3.14	UNKNOWN STEP	2026-09-13T17:46:37.6570207Z Initialized empty Git repository in D:/a/Waveframe-Guard/Waveframe-Guard/.git/
Action policy / windows-latest / Python 3.14	UNKNOWN STEP	2026-09-13T17:46:37.6617162Z [command]"C:\Program Files\Git\bin\git.exe" remote add origin https://github.com/Waveframe-Labs/Waveframe-Guard
Action policy / windows-latest / Python 3.14	UNKNOWN STEP	2026-09-13T17:46:37.7397936Z ##[endgroup]
Action policy / windows-latest / Python 3.14	UNKNOWN STEP	2026-09-13T17:46:37.7399878Z ##[group]Disabling automatic garbage collection
Action policy / windows-latest / Python 3.14	UNKNOWN STEP	2026-09-13T17:46:37.7407666Z [command]"C:\Program Files\Git\bin\git.exe" config --local gc.auto 0
Action policy / windows-latest / Python 3.14	UNKNOWN STEP	2026-09-13T17:46:37.7741114Z ##[endgroup]
Action policy / windows-latest / Python 3.14	UNKNOWN STEP	2026-09-13T17:46:37.7742231Z ##[group]Setting up auth
Action policy / windows-latest / Python 3.14	UNKNOWN STEP	2026-09-13T17:46:37.7743393Z Removing SSH command configuration
Action policy / windows-latest / Python 3.14	UNKNOWN STEP	2026-09-13T17:46:37.7752846Z [command]"C:\Program Files\Git\bin\git.exe" config --local --name-only --get-regexp core\.sshCommand
Action policy / windows-latest / Python 3.14	UNKNOWN STEP	2026-09-13T17:46:37.8112227Z [command]"C:\Program Files\Git\bin\git.exe" submodule foreach --recursive "sh -c \"git config --local --name-only --get-regexp 'core\.sshCommand' && git config --local --unset-all 'core.sshCommand' || :\""
Action policy / windows-latest / Python 3.14	UNKNOWN STEP	2026-09-13T17:46:39.1848570Z Removing HTTP extra header
Action policy / windows-latest / Python 3.14	UNKNOWN STEP	2026-09-13T17:46:39.1859504Z [command]"C:\Program Files\Git\bin\git.exe" config --local --name-only --get-regexp http\.https\:\/\/github\.com\/\.extraheader
Action policy / windows-latest / Python 3.14	UNKNOWN STEP	2026-09-13T17:46:39.2164316Z [command]"C:\Program Files\Git\bin\git.exe" submodule foreach --recursive "sh -c \"git config --local --name-only --get-regexp 'http\.https\:\/\/github\.com\/\.extraheader' && git config --local --unset-all 'http.https://github.com/.extraheader' || :\""
Action policy / windows-latest / Python 3.14	UNKNOWN STEP	2026-09-13T17:46:39.7630013Z Removing includeIf entries pointing to credentials config files
Action policy / windows-latest / Python 3.14	UNKNOWN STEP	2026-09-13T17:46:39.7640543Z [command]"C:\Program Files\Git\bin\git.exe" config --local --name-only --get-regexp ^includeIf\.gitdir:
Action policy / windows-latest / Python 3.14	UNKNOWN STEP	2026-09-13T17:46:39.8052453Z [command]"C:\Program Files\Git\bin\git.exe" submodule foreach --recursive "git config --local --show-origin --name-only --get-regexp remote.origin.url"
Action policy / windows-latest / Python 3.14	UNKNOWN STEP	2026-09-13T17:46:40.3553994Z [command]"C:\Program Files\Git\bin\git.exe" config --file D:\a\_temp\git-credentials-f256313f-f583-4901-b089-2ce6cff3b823.config http.https://github.com/.extraheader "AUTHORIZATION: basic ***"
Action policy / windows-latest / Python 3.14	UNKNOWN STEP	2026-09-13T17:46:40.3896003Z [command]"C:\Program Files\Git\bin\git.exe" config --local includeIf.gitdir:D:/a/Waveframe-Guard/Waveframe-Guard/.git.path D:\a\_temp\git-credentials-f256313f-f583-4901-b089-2ce6cff3b823.config
Action policy / windows-latest / Python 3.14	UNKNOWN STEP	2026-09-13T17:46:40.4215128Z [command]"C:\Program Files\Git\bin\git.exe" config --local includeIf.gitdir:D:/a/Waveframe-Guard/Waveframe-Guard/.git/worktrees/*.path D:\a\_temp\git-credentials-f256313f-f583-4901-b089-2ce6cff3b823.config
Action policy / windows-latest / Python 3.14	UNKNOWN STEP	2026-09-13T17:46:40.4574637Z [command]"C:\Program Files\Git\bin\git.exe" config --local includeIf.gitdir:/github/workspace/.git.path /github/runner_temp/git-credentials-f256313f-f583-4901-b089-2ce6cff3b823.config
Action policy / windows-latest / Python 3.14	UNKNOWN STEP	2026-09-13T17:46:40.4876974Z [command]"C:\Program Files\Git\bin\git.exe" config --local includeIf.gitdir:/github/workspace/.git/worktrees/*.path /github/runner_temp/git-credentials-f256313f-f583-4901-b089-2ce6cff3b823.config
Action policy / windows-latest / Python 3.14	UNKNOWN STEP	2026-09-13T17:46:40.5171811Z ##[endgroup]
Action policy / windows-latest / Python 3.14	UNKNOWN STEP	2026-09-13T17:46:40.5172203Z ##[group]Fetching the repository
Action policy / windows-latest / Python 3.14	UNKNOWN STEP	2026-09-13T17:46:40.5183869Z [command]"C:\Program Files\Git\bin\git.exe" -c protocol.version=2 fetch --no-tags --prune --no-recurse-submodules --depth=1 origin 0161ef8a52e052d1bc1366cdc93ce13a9bd535ed
Action policy / windows-latest / Python 3.14	UNKNOWN STEP	2026-09-13T17:46:41.5100506Z From https://github.com/Waveframe-Labs/Waveframe-Guard
Action policy / windows-latest / Python 3.14	UNKNOWN STEP	2026-09-13T17:46:41.5101381Z  * branch            0161ef8a52e052d1bc1366cdc93ce13a9bd535ed -> FETCH_HEAD
Action policy / windows-latest / Python 3.14	UNKNOWN STEP	2026-09-13T17:46:41.5152043Z [command]"C:\Program Files\Git\bin\git.exe" rev-parse --verify --quiet 0161ef8a52e052d1bc1366cdc93ce13a9bd535ed^{object}
Action policy / windows-latest / Python 3.14	UNKNOWN STEP	2026-09-13T17:46:41.5520868Z 0161ef8a52e052d1bc1366cdc93ce13a9bd535ed
Action policy / windows-latest / Python 3.14	UNKNOWN STEP	2026-09-13T17:46:41.5555921Z ##[endgroup]
Action policy / windows-latest / Python 3.14	UNKNOWN STEP	2026-09-13T17:46:41.5556657Z ##[group]Determining the checkout info
Action policy / windows-latest / Python 3.14	UNKNOWN STEP	2026-09-13T17:46:41.5557469Z ##[endgroup]
Action policy / windows-latest / Python 3.14	UNKNOWN STEP	2026-09-13T17:46:41.5566141Z [command]"C:\Program Files\Git\bin\git.exe" sparse-checkout disable
Action policy / windows-latest / Python 3.14	UNKNOWN STEP	2026-09-13T17:46:41.6026973Z [command]"C:\Program Files\Git\bin\git.exe" config --local --unset-all extensions.worktreeConfig
Action policy / windows-latest / Python 3.14	UNKNOWN STEP	2026-09-13T17:46:41.6320663Z ##[group]Checking out the ref
Action policy / windows-latest / Python 3.14	UNKNOWN STEP	2026-09-13T17:46:41.6328875Z [command]"C:\Program Files\Git\bin\git.exe" checkout --progress --force 0161ef8a52e052d1bc1366cdc93ce13a9bd535ed
Action policy / windows-latest / Python 3.14	UNKNOWN STEP	2026-09-13T17:46:41.7659358Z Note: switching to '0161ef8a52e052d1bc1366cdc93ce13a9bd535ed'.
Action policy / windows-latest / Python 3.14	UNKNOWN STEP	2026-09-13T17:46:41.7659918Z 
Action policy / windows-latest / Python 3.14	UNKNOWN STEP	2026-09-13T17:46:41.7660830Z You are in 'detached HEAD' state. You can look around, make experimental
Action policy / windows-latest / Python 3.14	UNKNOWN STEP	2026-09-13T17:46:41.7662016Z changes and commit them, and you can discard any commits you make in this
Action policy / windows-latest / Python 3.14	UNKNOWN STEP	2026-09-13T17:46:41.7662880Z state without impacting any branches by switching back to a branch.
Action policy / windows-latest / Python 3.14	UNKNOWN STEP	2026-09-13T17:46:41.7663382Z 
Action policy / windows-latest / Python 3.14	UNKNOWN STEP	2026-09-13T17:46:41.7663745Z If you want to create a new branch to retain commits you create, you may
Action policy / windows-latest / Python 3.14	UNKNOWN STEP	2026-09-13T17:46:41.7664567Z do so (now or later) by using -c with the switch command. Example:
Action policy / windows-latest / Python 3.14	UNKNOWN STEP	2026-09-13T17:46:41.7665007Z 
Action policy / windows-latest / Python 3.14	UNKNOWN STEP	2026-09-13T17:46:41.7665164Z   git switch -c <new-branch-name>
Action policy / windows-latest / Python 3.14	UNKNOWN STEP	2026-09-13T17:46:41.7665459Z 
Action policy / windows-latest / Python 3.14	UNKNOWN STEP	2026-09-13T17:46:41.7665921Z Or undo this operation with:
Action policy / windows-latest / Python 3.14	UNKNOWN STEP	2026-09-13T17:46:41.7666200Z 
Action policy / windows-latest / Python 3.14	UNKNOWN STEP	2026-09-13T17:46:41.7666329Z   git switch -
Action policy / windows-latest / Python 3.14	UNKNOWN STEP	2026-09-13T17:46:41.7666512Z 
Action policy / windows-latest / Python 3.14	UNKNOWN STEP	2026-09-13T17:46:41.7666862Z Turn off this advice by setting config variable advice.detachedHead to false
Action policy / windows-latest / Python 3.14	UNKNOWN STEP	2026-09-13T17:46:41.7667383Z 
Action policy / windows-latest / Python 3.14	UNKNOWN STEP	2026-09-13T17:46:41.7667782Z HEAD is now at 0161ef8 Verify archive digests from both supported pip report formats
Action policy / windows-latest / Python 3.14	UNKNOWN STEP	2026-09-13T17:46:41.7774053Z ##[endgroup]
Action policy / windows-latest / Python 3.14	UNKNOWN STEP	2026-09-13T17:46:41.8168411Z [command]"C:\Program Files\Git\bin\git.exe" log -1 --format=%H
Action policy / windows-latest / Python 3.14	UNKNOWN STEP	2026-09-13T17:46:41.8439307Z 0161ef8a52e052d1bc1366cdc93ce13a9bd535ed
Action policy / windows-latest / Python 3.14	UNKNOWN STEP	2026-09-13T17:46:41.8479267Z ##[group]Removing auth
Action policy / windows-latest / Python 3.14	UNKNOWN STEP	2026-09-13T17:46:41.8480232Z Removing SSH command configuration
Action policy / windows-latest / Python 3.14	UNKNOWN STEP	2026-09-13T17:46:41.8494926Z [command]"C:\Program Files\Git\bin\git.exe" config --local --name-only --get-regexp core\.sshCommand
Action policy / windows-latest / Python 3.14	UNKNOWN STEP	2026-09-13T17:46:41.8793546Z [command]"C:\Program Files\Git\bin\git.exe" submodule foreach --recursive "sh -c \"git config --local --name-only --get-regexp 'core\.sshCommand' && git config --local --unset-all 'core.sshCommand' || :\""
Action policy / windows-latest / Python 3.14	UNKNOWN STEP	2026-09-13T17:46:42.4385017Z Removing HTTP extra header
Action policy / windows-latest / Python 3.14	UNKNOWN STEP	2026-09-13T17:46:42.4395654Z [command]"C:\Program Files\Git\bin\git.exe" config --local --name-only --get-regexp http\.https\:\/\/github\.com\/\.extraheader
Action policy / windows-latest / Python 3.14	UNKNOWN STEP	2026-09-13T17:46:42.4699269Z [command]"C:\Program Files\Git\bin\git.exe" submodule foreach --recursive "sh -c \"git config --local --name-only --get-regexp 'http\.https\:\/\/github\.com\/\.extraheader' && git config --local --unset-all 'http.https://github.com/.extraheader' || :\""
Action policy / windows-latest / Python 3.14	UNKNOWN STEP	2026-09-13T17:46:43.0136250Z Removing includeIf entries pointing to credentials config files
Action policy / windows-latest / Python 3.14	UNKNOWN STEP	2026-09-13T17:46:43.0144133Z [command]"C:\Program Files\Git\bin\git.exe" config --local --name-only --get-regexp ^includeIf\.gitdir:
Action policy / windows-latest / Python 3.14	UNKNOWN STEP	2026-09-13T17:46:43.0408862Z includeif.gitdir:D:/a/Waveframe-Guard/Waveframe-Guard/.git.path
Action policy / windows-latest / Python 3.14	UNKNOWN STEP	2026-09-13T17:46:43.0410249Z includeif.gitdir:D:/a/Waveframe-Guard/Waveframe-Guard/.git/worktrees/*.path
Action policy / windows-latest / Python 3.14	UNKNOWN STEP	2026-09-13T17:46:43.0410999Z includeif.gitdir:/github/workspace/.git.path
Action policy / windows-latest / Python 3.14	UNKNOWN STEP	2026-09-13T17:46:43.0411560Z includeif.gitdir:/github/workspace/.git/worktrees/*.path
Action policy / windows-latest / Python 3.14	UNKNOWN STEP	2026-09-13T17:46:43.0454250Z [command]"C:\Program Files\Git\bin\git.exe" config --local --get-all includeif.gitdir:D:/a/Waveframe-Guard/Waveframe-Guard/.git.path
Action policy / windows-latest / Python 3.14	UNKNOWN STEP	2026-09-13T17:46:43.0717022Z D:\a\_temp\git-credentials-f256313f-f583-4901-b089-2ce6cff3b823.config
Action policy / windows-latest / Python 3.14	UNKNOWN STEP	2026-09-13T17:46:43.0766804Z [command]"C:\Program Files\Git\bin\git.exe" config --local --unset includeif.gitdir:D:/a/Waveframe-Guard/Waveframe-Guard/.git.path D\:\\a\\_temp\\git\-credentials\-f256313f\-f583\-4901\-b089\-2ce6cff3b823\.config
Action policy / windows-latest / Python 3.14	UNKNOWN STEP	2026-09-13T17:46:43.1081187Z [command]"C:\Program Files\Git\bin\git.exe" config --local --get-all includeif.gitdir:D:/a/Waveframe-Guard/Waveframe-Guard/.git/worktrees/*.path
Action policy / windows-latest / Python 3.14	UNKNOWN STEP	2026-09-13T17:46:43.1348306Z D:\a\_temp\git-credentials-f256313f-f583-4901-b089-2ce6cff3b823.config
Action policy / windows-latest / Python 3.14	UNKNOWN STEP	2026-09-13T17:46:43.1391086Z [command]"C:\Program Files\Git\bin\git.exe" config --local --unset includeif.gitdir:D:/a/Waveframe-Guard/Waveframe-Guard/.git/worktrees/*.path D\:\\a\\_temp\\git\-credentials\-f256313f\-f583\-4901\-b089\-2ce6cff3b823\.config
Action policy / windows-latest / Python 3.14	UNKNOWN STEP	2026-09-13T17:46:43.1698958Z [command]"C:\Program Files\Git\bin\git.exe" config --local --get-all includeif.gitdir:/github/workspace/.git.path
Action policy / windows-latest / Python 3.14	UNKNOWN STEP	2026-09-13T17:46:43.1955362Z /github/runner_temp/git-credentials-f256313f-f583-4901-b089-2ce6cff3b823.config
Action policy / windows-latest / Python 3.14	UNKNOWN STEP	2026-09-13T17:46:43.1998081Z [command]"C:\Program Files\Git\bin\git.exe" config --local --unset includeif.gitdir:/github/workspace/.git.path \/github\/runner_temp\/git\-credentials\-f256313f\-f583\-4901\-b089\-2ce6cff3b823\.config
Action policy / windows-latest / Python 3.14	UNKNOWN STEP	2026-09-13T17:46:43.2307953Z [command]"C:\Program Files\Git\bin\git.exe" config --local --get-all includeif.gitdir:/github/workspace/.git/worktrees/*.path
Action policy / windows-latest / Python 3.14	UNKNOWN STEP	2026-09-13T17:46:43.2570719Z /github/runner_temp/git-credentials-f256313f-f583-4901-b089-2ce6cff3b823.config
Action policy / windows-latest / Python 3.14	UNKNOWN STEP	2026-09-13T17:46:43.2616530Z [command]"C:\Program Files\Git\bin\git.exe" config --local --unset includeif.gitdir:/github/workspace/.git/worktrees/*.path \/github\/runner_temp\/git\-credentials\-f256313f\-f583\-4901\-b089\-2ce6cff3b823\.config
Action policy / windows-latest / Python 3.14	UNKNOWN STEP	2026-09-13T17:46:43.2931535Z [command]"C:\Program Files\Git\bin\git.exe" submodule foreach --recursive "git config --local --show-origin --name-only --get-regexp remote.origin.url"
Action policy / windows-latest / Python 3.14	UNKNOWN STEP	2026-09-13T17:46:43.8552275Z Removing credentials config 'D:\a\_temp\git-credentials-f256313f-f583-4901-b089-2ce6cff3b823.config'
Action policy / windows-latest / Python 3.14	UNKNOWN STEP	2026-09-13T17:46:43.8563583Z ##[endgroup]
Action policy / windows-latest / Python 3.14	UNKNOWN STEP	2026-09-13T17:46:43.8996811Z ##[group]Run actions/setup-python@ece7cb06caefa5fff74198d8649806c4678c61a1
Action policy / windows-latest / Python 3.14	UNKNOWN STEP	2026-09-13T17:46:43.8997265Z with:
Action policy / windows-latest / Python 3.14	UNKNOWN STEP	2026-09-13T17:46:43.8997453Z   python-version: 3.14
Action policy / windows-latest / Python 3.14	UNKNOWN STEP	2026-09-13T17:46:43.8997676Z   check-latest: false
Action policy / windows-latest / Python 3.14	UNKNOWN STEP	2026-09-13T17:46:43.9000058Z   token: ***
Action policy / windows-latest / Python 3.14	UNKNOWN STEP	2026-09-13T17:46:43.9000252Z   update-environment: true
Action policy / windows-latest / Python 3.14	UNKNOWN STEP	2026-09-13T17:46:43.9000479Z   allow-prereleases: false
Action policy / windows-latest / Python 3.14	UNKNOWN STEP	2026-09-13T17:46:43.9000697Z   freethreaded: false
Action policy / windows-latest / Python 3.14	UNKNOWN STEP	2026-09-13T17:46:43.9000891Z env:
Action policy / windows-latest / Python 3.14	UNKNOWN STEP	2026-09-13T17:46:43.9001059Z   CLOUD_TEST_ACCESS: true
Action policy / windows-latest / Python 3.14	UNKNOWN STEP	2026-09-13T17:46:43.9001267Z ##[endgroup]
Action policy / windows-latest / Python 3.14	UNKNOWN STEP	2026-09-13T17:46:44.0593958Z ##[group]Installed versions
Action policy / windows-latest / Python 3.14	UNKNOWN STEP	2026-09-13T17:46:44.0861000Z Successfully set up CPython (3.14.7)
Action policy / windows-latest / Python 3.14	UNKNOWN STEP	2026-09-13T17:46:44.0861741Z ##[endgroup]
Action policy / windows-latest / Python 3.14	UNKNOWN STEP	2026-09-13T17:46:44.1173782Z ##[group]Run python -c "import pathlib,subprocess; p=pathlib.Path('acceptance-output'); p.mkdir(exist_ok=True); (p/'guard-head.txt').write_bytes(subprocess.check_output(['git','rev-parse','HEAD']))"
Action policy / windows-latest / Python 3.14	UNKNOWN STEP	2026-09-13T17:46:44.1175681Z ^[[36;1mpython -c "import pathlib,subprocess; p=pathlib.Path('acceptance-output'); p.mkdir(exist_ok=True); (p/'guard-head.txt').write_bytes(subprocess.check_output(['git','rev-parse','HEAD']))"^[[0m
Action policy / windows-latest / Python 3.14	UNKNOWN STEP	2026-09-13T17:46:44.1877021Z shell: C:\Program Files\PowerShell\7\pwsh.EXE -command ". '{0}'"
Action policy / windows-latest / Python 3.14	UNKNOWN STEP	2026-09-13T17:46:44.1877432Z env:
Action policy / windows-latest / Python 3.14	UNKNOWN STEP	2026-09-13T17:46:44.1877635Z   CLOUD_TEST_ACCESS: true
Action policy / windows-latest / Python 3.14	UNKNOWN STEP	2026-09-13T17:46:44.1877997Z   pythonLocation: C:\hostedtoolcache\windows\Python\3.14.7\x64
Action policy / windows-latest / Python 3.14	UNKNOWN STEP	2026-09-13T17:46:44.1878557Z   PKG_CONFIG_PATH: C:\hostedtoolcache\windows\Python\3.14.7\x64/lib/pkgconfig
Action policy / windows-latest / Python 3.14	UNKNOWN STEP	2026-09-13T17:46:44.1879096Z   Python_ROOT_DIR: C:\hostedtoolcache\windows\Python\3.14.7\x64
Action policy / windows-latest / Python 3.14	UNKNOWN STEP	2026-09-13T17:46:44.1879675Z   Python2_ROOT_DIR: C:\hostedtoolcache\windows\Python\3.14.7\x64
Action policy / windows-latest / Python 3.14	UNKNOWN STEP	2026-09-13T17:46:44.1880155Z   Python3_ROOT_DIR: C:\hostedtoolcache\windows\Python\3.14.7\x64
Action policy / windows-latest / Python 3.14	UNKNOWN STEP	2026-09-13T17:46:44.1880532Z ##[endgroup]
Action policy / windows-latest / Python 3.14	UNKNOWN STEP	2026-09-13T17:46:45.4267829Z ##[group]Run python -m pip install -e ".[test]" -r .github/requirements/action-policy-release.txt --report acceptance-output/source-install.json
Action policy / windows-latest / Python 3.14	UNKNOWN STEP	2026-09-13T17:46:45.4269156Z ^[[36;1mpython -m pip install -e ".[test]" -r .github/requirements/action-policy-release.txt --report acceptance-output/source-install.json^[[0m
Action policy / windows-latest / Python 3.14	UNKNOWN STEP	2026-09-13T17:46:45.4337137Z shell: C:\Program Files\PowerShell\7\pwsh.EXE -command ". '{0}'"
Action policy / windows-latest / Python 3.14	UNKNOWN STEP	2026-09-13T17:46:45.4337477Z env:
Action policy / windows-latest / Python 3.14	UNKNOWN STEP	2026-09-13T17:46:45.4337651Z   CLOUD_TEST_ACCESS: true
Action policy / windows-latest / Python 3.14	UNKNOWN STEP	2026-09-13T17:46:45.4337943Z   pythonLocation: C:\hostedtoolcache\windows\Python\3.14.7\x64
Action policy / windows-latest / Python 3.14	UNKNOWN STEP	2026-09-13T17:46:45.4338395Z   PKG_CONFIG_PATH: C:\hostedtoolcache\windows\Python\3.14.7\x64/lib/pkgconfig
Action policy / windows-latest / Python 3.14	UNKNOWN STEP	2026-09-13T17:46:45.4338862Z   Python_ROOT_DIR: C:\hostedtoolcache\windows\Python\3.14.7\x64
Action policy / windows-latest / Python 3.14	UNKNOWN STEP	2026-09-13T17:46:45.4339257Z   Python2_ROOT_DIR: C:\hostedtoolcache\windows\Python\3.14.7\x64
Action policy / windows-latest / Python 3.14	UNKNOWN STEP	2026-09-13T17:46:45.4339657Z   Python3_ROOT_DIR: C:\hostedtoolcache\windows\Python\3.14.7\x64
Action policy / windows-latest / Python 3.14	UNKNOWN STEP	2026-09-13T17:46:45.4340020Z ##[endgroup]
Action policy / windows-latest / Python 3.14	UNKNOWN STEP	2026-09-13T17:46:49.0756718Z Obtaining file:///D:/a/Waveframe-Guard/Waveframe-Guard
Action policy / windows-latest / Python 3.14	UNKNOWN STEP	2026-09-13T17:46:49.0793289Z   Installing build dependencies: started
Action policy / windows-latest / Python 3.14	UNKNOWN STEP	2026-09-13T17:46:50.9744304Z   Installing build dependencies: finished with status 'done'
Action policy / windows-latest / Python 3.14	UNKNOWN STEP	2026-09-13T17:46:50.9760369Z   Checking if build backend supports build_editable: started
Action policy / windows-latest / Python 3.14	UNKNOWN STEP	2026-09-13T17:46:51.5311425Z   Checking if build backend supports build_editable: finished with status 'done'
Action policy / windows-latest / Python 3.14	UNKNOWN STEP	2026-09-13T17:46:51.5339148Z   Getting requirements to build editable: started
Action policy / windows-latest / Python 3.14	UNKNOWN STEP	2026-09-13T17:46:52.1364339Z   Getting requirements to build editable: finished with status 'done'
Action policy / windows-latest / Python 3.14	UNKNOWN STEP	2026-09-13T17:46:52.1394201Z   Preparing editable metadata (pyproject.toml): started
Action policy / windows-latest / Python 3.14	UNKNOWN STEP	2026-09-13T17:46:52.5075719Z   Preparing editable metadata (pyproject.toml): finished with status 'done'
Action policy / windows-latest / Python 3.14	UNKNOWN STEP	2026-09-13T17:46:52.5155161Z Collecting cricore-contract-compiler @ git+https://github.com/Waveframe-Labs/cricore-contract-compiler.git@ae590dee058d3481e384dea850d5b7d980f533ff (from -r .github/requirements/action-policy-release.txt (line 4))
Action policy / windows-latest / Python 3.14	UNKNOWN STEP	2026-09-13T17:46:52.5160388Z   Cloning https://github.com/Waveframe-Labs/cricore-contract-compiler.git (to revision ae590dee058d3481e384dea850d5b7d980f533ff) to C:\Users\runneradmin\AppData\Local\Temp\pip-install-byr08em_\cricore-contract-compiler_f85c252c1a394a88991f593a735adbd8
Action policy / windows-latest / Python 3.14	UNKNOWN STEP	2026-09-13T17:46:52.5448742Z   Running command git clone --filter=blob:none --quiet https://github.com/Waveframe-Labs/cricore-contract-compiler.git 'C:\Users\runneradmin\AppData\Local\Temp\pip-install-byr08em_\cricore-contract-compiler_f85c252c1a394a88991f593a735adbd8'
Action policy / windows-latest / Python 3.14	UNKNOWN STEP	2026-09-13T17:46:53.4393248Z   Running command git rev-parse -q --verify 'ae590dee058d3481e384dea850d5b7d980f533ff^{commit}'
Action policy / windows-latest / Python 3.14	UNKNOWN STEP	2026-09-13T17:46:53.4672807Z   ae590dee058d3481e384dea850d5b7d980f533ff
Action policy / windows-latest / Python 3.14	UNKNOWN STEP	2026-09-13T17:46:53.5023109Z   Running command git checkout -q ae590dee058d3481e384dea850d5b7d980f533ff
Action policy / windows-latest / Python 3.14	UNKNOWN STEP	2026-09-13T17:46:53.9479839Z   Resolved https://github.com/Waveframe-Labs/cricore-contract-compiler.git to commit ae590dee058d3481e384dea850d5b7d980f533ff
Action policy / windows-latest / Python 3.14	UNKNOWN STEP	2026-09-13T17:46:53.9822647Z   Installing build dependencies: started
Action policy / windows-latest / Python 3.14	UNKNOWN STEP	2026-09-13T17:46:56.2597373Z   Installing build dependencies: finished with status 'done'
Action policy / windows-latest / Python 3.14	UNKNOWN STEP	2026-09-13T17:46:56.2614144Z   Getting requirements to build wheel: started
Action policy / windows-latest / Python 3.14	UNKNOWN STEP	2026-09-13T17:46:57.5200868Z   Getting requirements to build wheel: finished with status 'done'
Action policy / windows-latest / Python 3.14	UNKNOWN STEP	2026-09-13T17:46:57.5239489Z   Preparing metadata (pyproject.toml): started
Action policy / windows-latest / Python 3.14	UNKNOWN STEP	2026-09-13T17:46:57.8943828Z   Preparing metadata (pyproject.toml): finished with status 'done'
Action policy / windows-latest / Python 3.14	UNKNOWN STEP	2026-09-13T17:46:57.8982926Z Collecting governance-ledger @ git+https://github.com/Waveframe-Labs/Waveframe-Ledger.git@3cc34e7b3cb6efca5102e0e22d559ec0c0fd583f (from -r .github/requirements/action-policy-release.txt (line 5))
Action policy / windows-latest / Python 3.14	UNKNOWN STEP	2026-09-13T17:46:57.8990332Z   Cloning https://github.com/Waveframe-Labs/Waveframe-Ledger.git (to revision 3cc34e7b3cb6efca5102e0e22d559ec0c0fd583f) to C:\Users\runneradmin\AppData\Local\Temp\pip-install-byr08em_\governance-ledger_82d95639d24a40728e6df36832a16271
Action policy / windows-latest / Python 3.14	UNKNOWN STEP	2026-09-13T17:46:57.9283792Z   Running command git clone --filter=blob:none --quiet https://github.com/Waveframe-Labs/Waveframe-Ledger.git 'C:\Users\runneradmin\AppData\Local\Temp\pip-install-byr08em_\governance-ledger_82d95639d24a40728e6df36832a16271'
Action policy / windows-latest / Python 3.14	UNKNOWN STEP	2026-09-13T17:46:59.0658979Z   Running command git rev-parse -q --verify '3cc34e7b3cb6efca5102e0e22d559ec0c0fd583f^{commit}'
Action policy / windows-latest / Python 3.14	UNKNOWN STEP	2026-09-13T17:46:59.0947900Z   3cc34e7b3cb6efca5102e0e22d559ec0c0fd583f
Action policy / windows-latest / Python 3.14	UNKNOWN STEP	2026-09-13T17:46:59.1296090Z   Running command git checkout -q 3cc34e7b3cb6efca5102e0e22d559ec0c0fd583f
Action policy / windows-latest / Python 3.14	UNKNOWN STEP	2026-09-13T17:46:59.6934505Z   Resolved https://github.com/Waveframe-Labs/Waveframe-Ledger.git to commit 3cc34e7b3cb6efca5102e0e22d559ec0c0fd583f
Action policy / windows-latest / Python 3.14	UNKNOWN STEP	2026-09-13T17:46:59.7280201Z   Installing build dependencies: started
Action policy / windows-latest / Python 3.14	UNKNOWN STEP	2026-09-13T17:47:01.2601837Z   Installing build dependencies: finished with status 'done'
Action policy / windows-latest / Python 3.14	UNKNOWN STEP	2026-09-13T17:47:01.2619797Z   Getting requirements to build wheel: started
Action policy / windows-latest / Python 3.14	UNKNOWN STEP	2026-09-13T17:47:02.2120785Z   Getting requirements to build wheel: finished with status 'done'
Action policy / windows-latest / Python 3.14	UNKNOWN STEP	2026-09-13T17:47:02.2150528Z   Preparing metadata (pyproject.toml): started
Action policy / windows-latest / Python 3.14	UNKNOWN STEP	2026-09-13T17:47:02.6410599Z   Preparing metadata (pyproject.toml): finished with status 'done'
Action policy / windows-latest / Python 3.14	UNKNOWN STEP	2026-09-13T17:47:02.6986148Z Collecting cricore<0.15.0,>=0.13.0 (from -r .github/requirements/action-policy-release.txt (line 2))
Action policy / windows-latest / Python 3.14	UNKNOWN STEP	2026-09-13T17:47:02.7351499Z   Downloading cricore-0.14.0-py3-none-any.whl.metadata (9.2 kB)
Action policy / windows-latest / Python 3.14	UNKNOWN STEP	2026-09-13T17:47:02.8291989Z Collecting cricore-proposal-normalizer==0.2.0 (from -r .github/requirements/action-policy-release.txt (line 3))
Action policy / windows-latest / Python 3.14	UNKNOWN STEP	2026-09-13T17:47:02.8388255Z   Downloading cricore_proposal_normalizer-0.2.0-py3-none-any.whl.metadata (4.6 kB)
Action policy / windows-latest / Python 3.14	UNKNOWN STEP	2026-09-13T17:47:02.8989425Z Collecting requests<3.0.0,>=2.33.0 (from waveframe-guard==0.19.0)
Action policy / windows-latest / Python 3.14	UNKNOWN STEP	2026-09-13T17:47:02.9043771Z   Downloading requests-2.34.2-py3-none-any.whl.metadata (4.8 kB)
Action policy / windows-latest / Python 3.14	UNKNOWN STEP	2026-09-13T17:47:02.9708727Z Collecting jsonschema>=4 (from cricore-contract-compiler @ git+https://github.com/Waveframe-Labs/cricore-contract-compiler.git@ae590dee058d3481e384dea850d5b7d980f533ff->-r .github/requirements/action-policy-release.txt (line 4))
Action policy / windows-latest / Python 3.14	UNKNOWN STEP	2026-09-13T17:47:02.9810536Z   Downloading jsonschema-4.26.0-py3-none-any.whl.metadata (7.6 kB)
Action policy / windows-latest / Python 3.14	UNKNOWN STEP	2026-09-13T17:47:03.0261459Z Collecting build (from waveframe-guard==0.19.0)
Action policy / windows-latest / Python 3.14	UNKNOWN STEP	2026-09-13T17:47:03.0320945Z   Downloading build-1.6.1-py3-none-any.whl.metadata (5.6 kB)
Action policy / windows-latest / Python 3.14	UNKNOWN STEP	2026-09-13T17:47:03.1088670Z Collecting pytest (from waveframe-guard==0.19.0)
Action policy / windows-latest / Python 3.14	UNKNOWN STEP	2026-09-13T17:47:03.1138171Z   Downloading pytest-9.1.1-py3-none-any.whl.metadata (7.6 kB)
Action policy / windows-latest / Python 3.14	UNKNOWN STEP	2026-09-13T17:47:03.1584625Z Collecting twine (from waveframe-guard==0.19.0)
Action policy / windows-latest / Python 3.14	UNKNOWN STEP	2026-09-13T17:47:03.1635524Z   Downloading twine-7.0.0-py3-none-any.whl.metadata (3.5 kB)
Action policy / windows-latest / Python 3.14	UNKNOWN STEP	2026-09-13T17:47:03.3243373Z Collecting charset_normalizer<4,>=2 (from requests<3.0.0,>=2.33.0->waveframe-guard==0.19.0)
Action policy / windows-latest / Python 3.14	UNKNOWN STEP	2026-09-13T17:47:03.3340966Z   Downloading charset_normalizer-3.5.1-cp314-cp314-win_amd64.whl.metadata (46 kB)
Action policy / windows-latest / Python 3.14	UNKNOWN STEP	2026-09-13T17:47:03.3846060Z Collecting idna<4,>=2.5 (from requests<3.0.0,>=2.33.0->waveframe-guard==0.19.0)
Action policy / windows-latest / Python 3.14	UNKNOWN STEP	2026-09-13T17:47:03.3895296Z   Downloading idna-3.19-py3-none-any.whl.metadata (9.2 kB)
Action policy / windows-latest / Python 3.14	UNKNOWN STEP	2026-09-13T17:47:03.4678141Z Collecting urllib3<3,>=1.26 (from requests<3.0.0,>=2.33.0->waveframe-guard==0.19.0)
Action policy / windows-latest / Python 3.14	UNKNOWN STEP	2026-09-13T17:47:03.4729723Z   Downloading urllib3-2.7.0-py3-none-any.whl.metadata (6.9 kB)
Action policy / windows-latest / Python 3.14	UNKNOWN STEP	2026-09-13T17:47:03.5183701Z Collecting certifi>=2023.5.7 (from requests<3.0.0,>=2.33.0->waveframe-guard==0.19.0)
Action policy / windows-latest / Python 3.14	UNKNOWN STEP	2026-09-13T17:47:03.5233521Z   Downloading certifi-2026.7.22-py3-none-any.whl.metadata (2.5 kB)
Action policy / windows-latest / Python 3.14	UNKNOWN STEP	2026-09-13T17:47:03.5795503Z Collecting attrs>=22.2.0 (from jsonschema>=4->cricore-contract-compiler @ git+https://github.com/Waveframe-Labs/cricore-contract-compiler.git@ae590dee058d3481e384dea850d5b7d980f533ff->-r .github/requirements/action-policy-release.txt (line 4))
Action policy / windows-latest / Python 3.14	UNKNOWN STEP	2026-09-13T17:47:03.5865792Z   Downloading attrs-26.1.0-py3-none-any.whl.metadata (8.8 kB)
Action policy / windows-latest / Python 3.14	UNKNOWN STEP	2026-09-13T17:47:03.6375073Z Collecting jsonschema-specifications>=2023.03.6 (from jsonschema>=4->cricore-contract-compiler @ git+https://github.com/Waveframe-Labs/cricore-contract-compiler.git@ae590dee058d3481e384dea850d5b7d980f533ff->-r .github/requirements/action-policy-release.txt (line 4))
Action policy / windows-latest / Python 3.14	UNKNOWN STEP	2026-09-13T17:47:03.6440356Z   Downloading jsonschema_specifications-2025.9.1-py3-none-any.whl.metadata (2.9 kB)
Action policy / windows-latest / Python 3.14	UNKNOWN STEP	2026-09-13T17:47:03.7083048Z Collecting referencing>=0.28.4 (from jsonschema>=4->cricore-contract-compiler @ git+https://github.com/Waveframe-Labs/cricore-contract-compiler.git@ae590dee058d3481e384dea850d5b7d980f533ff->-r .github/requirements/action-policy-release.txt (line 4))
Action policy / windows-latest / Python 3.14	UNKNOWN STEP	2026-09-13T17:47:03.7137200Z   Downloading referencing-0.37.0-py3-none-any.whl.metadata (2.8 kB)
Action policy / windows-latest / Python 3.14	UNKNOWN STEP	2026-09-13T17:47:04.0323168Z Collecting rpds-py>=0.25.0 (from jsonschema>=4->cricore-contract-compiler @ git+https://github.com/Waveframe-Labs/cricore-contract-compiler.git@ae590dee058d3481e384dea850d5b7d980f533ff->-r .github/requirements/action-policy-release.txt (line 4))
Action policy / windows-latest / Python 3.14	UNKNOWN STEP	2026-09-13T17:47:04.0382042Z   Downloading rpds_py-2026.6.3-cp314-cp314-win_amd64.whl.metadata (4.2 kB)
Action policy / windows-latest / Python 3.14	UNKNOWN STEP	2026-09-13T17:47:04.0898252Z Collecting packaging>=24.0 (from build->waveframe-guard==0.19.0)
Action policy / windows-latest / Python 3.14	UNKNOWN STEP	2026-09-13T17:47:04.0951033Z   Downloading packaging-26.3-py3-none-any.whl.metadata (3.5 kB)
Action policy / windows-latest / Python 3.14	UNKNOWN STEP	2026-09-13T17:47:04.1791862Z Collecting pyproject_hooks (from build->waveframe-guard==0.19.0)
Action policy / windows-latest / Python 3.14	UNKNOWN STEP	2026-09-13T17:47:04.1845988Z   Downloading pyproject_hooks-1.2.0-py3-none-any.whl.metadata (1.3 kB)
Action policy / windows-latest / Python 3.14	UNKNOWN STEP	2026-09-13T17:47:04.2303085Z Collecting colorama (from build->waveframe-guard==0.19.0)
Action policy / windows-latest / Python 3.14	UNKNOWN STEP	2026-09-13T17:47:04.2357899Z   Downloading colorama-0.4.6-py2.py3-none-any.whl.metadata (17 kB)
Action policy / windows-latest / Python 3.14	UNKNOWN STEP	2026-09-13T17:47:04.2829821Z Collecting iniconfig>=1.0.1 (from pytest->waveframe-guard==0.19.0)
Action policy / windows-latest / Python 3.14	UNKNOWN STEP	2026-09-13T17:47:04.2889541Z   Downloading iniconfig-2.3.0-py3-none-any.whl.metadata (2.5 kB)
Action policy / windows-latest / Python 3.14	UNKNOWN STEP	2026-09-13T17:47:04.3313056Z Collecting pluggy<2,>=1.5 (from pytest->waveframe-guard==0.19.0)
Action policy / windows-latest / Python 3.14	UNKNOWN STEP	2026-09-13T17:47:04.3363345Z   Downloading pluggy-1.6.0-py3-none-any.whl.metadata (4.8 kB)
Action policy / windows-latest / Python 3.14	UNKNOWN STEP	2026-09-13T17:47:04.3916565Z Collecting pygments>=2.7.2 (from pytest->waveframe-guard==0.19.0)
Action policy / windows-latest / Python 3.14	UNKNOWN STEP	2026-09-13T17:47:04.3973749Z   Downloading pygments-2.21.0-py3-none-any.whl.metadata (2.5 kB)
Action policy / windows-latest / Python 3.14	UNKNOWN STEP	2026-09-13T17:47:04.4459275Z Collecting readme-renderer>=35.0 (from twine->waveframe-guard==0.19.0)
Action policy / windows-latest / Python 3.14	UNKNOWN STEP	2026-09-13T17:47:04.4523603Z   Downloading readme_renderer-46.0-py3-none-any.whl.metadata (3.0 kB)
Action policy / windows-latest / Python 3.14	UNKNOWN STEP	2026-09-13T17:47:04.4980257Z Collecting requests-toolbelt!=0.9.0,>=0.8.0 (from twine->waveframe-guard==0.19.0)
Action policy / windows-latest / Python 3.14	UNKNOWN STEP	2026-09-13T17:47:04.5031190Z   Downloading requests_toolbelt-1.0.0-py2.py3-none-any.whl.metadata (14 kB)
Action policy / windows-latest / Python 3.14	UNKNOWN STEP	2026-09-13T17:47:04.5717770Z Collecting keyring>=21.2.0 (from twine->waveframe-guard==0.19.0)
Action policy / windows-latest / Python 3.14	UNKNOWN STEP	2026-09-13T17:47:04.5800849Z   Downloading keyring-25.7.0-py3-none-any.whl.metadata (21 kB)
Action policy / windows-latest / Python 3.14	UNKNOWN STEP	2026-09-13T17:47:04.6295431Z Collecting rfc3986>=1.4.0 (from twine->waveframe-guard==0.19.0)
Action policy / windows-latest / Python 3.14	UNKNOWN STEP	2026-09-13T17:47:04.6351330Z   Downloading rfc3986-2.0.0-py2.py3-none-any.whl.metadata (6.6 kB)
Action policy / windows-latest / Python 3.14	UNKNOWN STEP	2026-09-13T17:47:04.7328712Z Collecting rich>=14.3.3 (from twine->waveframe-guard==0.19.0)
Action policy / windows-latest / Python 3.14	UNKNOWN STEP	2026-09-13T17:47:04.7384883Z   Downloading rich-15.0.0-py3-none-any.whl.metadata (18 kB)
Action policy / windows-latest / Python 3.14	UNKNOWN STEP	2026-09-13T17:47:04.8393633Z Collecting id (from twine->waveframe-guard==0.19.0)
Action policy / windows-latest / Python 3.14	UNKNOWN STEP	2026-09-13T17:47:04.8521132Z   Downloading id-1.6.1-py3-none-any.whl.metadata (5.1 kB)
Action policy / windows-latest / Python 3.14	UNKNOWN STEP	2026-09-13T17:47:04.9507872Z Collecting pywin32-ctypes>=0.2.0 (from keyring>=21.2.0->twine->waveframe-guard==0.19.0)
Action policy / windows-latest / Python 3.14	UNKNOWN STEP	2026-09-13T17:47:04.9644282Z   Downloading pywin32_ctypes-0.2.3-py3-none-any.whl.metadata (3.9 kB)
Action policy / windows-latest / Python 3.14	UNKNOWN STEP	2026-09-13T17:47:05.0265535Z Collecting jaraco.classes (from keyring>=21.2.0->twine->waveframe-guard==0.19.0)
Action policy / windows-latest / Python 3.14	UNKNOWN STEP	2026-09-13T17:47:05.0315413Z   Downloading jaraco.classes-3.4.0-py3-none-any.whl.metadata (2.6 kB)
Action policy / windows-latest / Python 3.14	UNKNOWN STEP	2026-09-13T17:47:05.1275950Z Collecting jaraco.functools (from keyring>=21.2.0->twine->waveframe-guard==0.19.0)
Action policy / windows-latest / Python 3.14	UNKNOWN STEP	2026-09-13T17:47:05.1396429Z   Downloading jaraco_functools-4.6.0-py3-none-any.whl.metadata (2.9 kB)
Action policy / windows-latest / Python 3.14	UNKNOWN STEP	2026-09-13T17:47:05.2209200Z Collecting jaraco.context (from keyring>=21.2.0->twine->waveframe-guard==0.19.0)
Action policy / windows-latest / Python 3.14	UNKNOWN STEP	2026-09-13T17:47:05.2392968Z   Downloading jaraco_context-6.1.2-py3-none-any.whl.metadata (4.2 kB)
Action policy / windows-latest / Python 3.14	UNKNOWN STEP	2026-09-13T17:47:05.3714200Z Collecting nh3>=0.2.14 (from readme-renderer>=35.0->twine->waveframe-guard==0.19.0)
Action policy / windows-latest / Python 3.14	UNKNOWN STEP	2026-09-13T17:47:05.3826599Z   Downloading nh3-0.3.7-cp38-abi3-win_amd64.whl.metadata (2.0 kB)
Action policy / windows-latest / Python 3.14	UNKNOWN STEP	2026-09-13T17:47:05.4824592Z Collecting docutils>=0.21.2 (from readme-renderer>=35.0->twine->waveframe-guard==0.19.0)
Action policy / windows-latest / Python 3.14	UNKNOWN STEP	2026-09-13T17:47:05.4939693Z   Downloading docutils-0.23-py3-none-any.whl.metadata (15 kB)
Action policy / windows-latest / Python 3.14	UNKNOWN STEP	2026-09-13T17:47:05.8106063Z Collecting markdown-it-py>=2.2.0 (from rich>=14.3.3->twine->waveframe-guard==0.19.0)
Action policy / windows-latest / Python 3.14	UNKNOWN STEP	2026-09-13T17:47:05.8336034Z   Downloading markdown_it_py-4.2.0-py3-none-any.whl.metadata (7.4 kB)
Action policy / windows-latest / Python 3.14	UNKNOWN STEP	2026-09-13T17:47:05.9334416Z Collecting mdurl~=0.1 (from markdown-it-py>=2.2.0->rich>=14.3.3->twine->waveframe-guard==0.19.0)
Action policy / windows-latest / Python 3.14	UNKNOWN STEP	2026-09-13T17:47:05.9450967Z   Downloading mdurl-0.1.2-py3-none-any.whl.metadata (1.6 kB)
Action policy / windows-latest / Python 3.14	UNKNOWN STEP	2026-09-13T17:47:06.0315058Z Collecting more-itertools (from jaraco.classes->keyring>=21.2.0->twine->waveframe-guard==0.19.0)
Action policy / windows-latest / Python 3.14	UNKNOWN STEP	2026-09-13T17:47:06.0368662Z   Downloading more_itertools-11.1.0-py3-none-any.whl.metadata (41 kB)
Action policy / windows-latest / Python 3.14	UNKNOWN STEP	2026-09-13T17:47:06.0973783Z Downloading cricore_proposal_normalizer-0.2.0-py3-none-any.whl (10 kB)
Action policy / windows-latest / Python 3.14	UNKNOWN STEP	2026-09-13T17:47:06.1313742Z Downloading cricore-0.14.0-py3-none-any.whl (45 kB)
Action policy / windows-latest / Python 3.14	UNKNOWN STEP	2026-09-13T17:47:06.1761781Z Downloading requests-2.34.2-py3-none-any.whl (73 kB)
Action policy / windows-latest / Python 3.14	UNKNOWN STEP	2026-09-13T17:47:06.2650083Z Downloading charset_normalizer-3.5.1-cp314-cp314-win_amd64.whl (204 kB)
Action policy / windows-latest / Python 3.14	UNKNOWN STEP	2026-09-13T17:47:06.3111881Z Downloading idna-3.19-py3-none-any.whl (68 kB)
Action policy / windows-latest / Python 3.14	UNKNOWN STEP	2026-09-13T17:47:06.3500178Z Downloading urllib3-2.7.0-py3-none-any.whl (131 kB)
Action policy / windows-latest / Python 3.14	UNKNOWN STEP	2026-09-13T17:47:06.3949961Z Downloading certifi-2026.7.22-py3-none-any.whl (136 kB)
Action policy / windows-latest / Python 3.14	UNKNOWN STEP	2026-09-13T17:47:06.4522106Z Downloading jsonschema-4.26.0-py3-none-any.whl (90 kB)
Action policy / windows-latest / Python 3.14	UNKNOWN STEP	2026-09-13T17:47:06.4895933Z Downloading attrs-26.1.0-py3-none-any.whl (67 kB)
Action policy / windows-latest / Python 3.14	UNKNOWN STEP	2026-09-13T17:47:06.5374764Z Downloading jsonschema_specifications-2025.9.1-py3-none-any.whl (18 kB)
Action policy / windows-latest / Python 3.14	UNKNOWN STEP	2026-09-13T17:47:06.5607950Z Downloading referencing-0.37.0-py3-none-any.whl (26 kB)
Action policy / windows-latest / Python 3.14	UNKNOWN STEP	2026-09-13T17:47:06.5924383Z Downloading rpds_py-2026.6.3-cp314-cp314-win_amd64.whl (220 kB)
Action policy / windows-latest / Python 3.14	UNKNOWN STEP	2026-09-13T17:47:06.6164728Z Downloading build-1.6.1-py3-none-any.whl (31 kB)
Action policy / windows-latest / Python 3.14	UNKNOWN STEP	2026-09-13T17:47:06.6593842Z Downloading packaging-26.3-py3-none-any.whl (129 kB)
Action policy / windows-latest / Python 3.14	UNKNOWN STEP	2026-09-13T17:47:06.6854403Z Downloading colorama-0.4.6-py2.py3-none-any.whl (25 kB)
Action policy / windows-latest / Python 3.14	UNKNOWN STEP	2026-09-13T17:47:06.7139341Z Downloading pyproject_hooks-1.2.0-py3-none-any.whl (10 kB)
Action policy / windows-latest / Python 3.14	UNKNOWN STEP	2026-09-13T17:47:06.7465332Z Downloading pytest-9.1.1-py3-none-any.whl (386 kB)
Action policy / windows-latest / Python 3.14	UNKNOWN STEP	2026-09-13T17:47:06.7830473Z Downloading pluggy-1.6.0-py3-none-any.whl (20 kB)
Action policy / windows-latest / Python 3.14	UNKNOWN STEP	2026-09-13T17:47:06.8101510Z Downloading iniconfig-2.3.0-py3-none-any.whl (7.5 kB)
Action policy / windows-latest / Python 3.14	UNKNOWN STEP	2026-09-13T17:47:06.8388090Z Downloading pygments-2.21.0-py3-none-any.whl (1.3 MB)
Action policy / windows-latest / Python 3.14	UNKNOWN STEP	2026-09-13T17:47:06.9146592Z    ---------------------------------------- 1.3/1.3 MB 13.9 MB/s  0:00:00
Action policy / windows-latest / Python 3.14	UNKNOWN STEP	2026-09-13T17:47:06.9200075Z Downloading twine-7.0.0-py3-none-any.whl (43 kB)
Action policy / windows-latest / Python 3.14	UNKNOWN STEP	2026-09-13T17:47:06.9521564Z Downloading keyring-25.7.0-py3-none-any.whl (39 kB)
Action policy / windows-latest / Python 3.14	UNKNOWN STEP	2026-09-13T17:47:06.9786687Z Downloading pywin32_ctypes-0.2.3-py3-none-any.whl (30 kB)
Action policy / windows-latest / Python 3.14	UNKNOWN STEP	2026-09-13T17:47:07.0245782Z Downloading readme_renderer-46.0-py3-none-any.whl (14 kB)
Action policy / windows-latest / Python 3.14	UNKNOWN STEP	2026-09-13T17:47:07.0661431Z Downloading docutils-0.23-py3-none-any.whl (634 kB)
Action policy / windows-latest / Python 3.14	UNKNOWN STEP	2026-09-13T17:47:07.1206641Z    ---------------------------------------- 634.7/634.7 kB 7.3 MB/s  0:00:00
Action policy / windows-latest / Python 3.14	UNKNOWN STEP	2026-09-13T17:47:07.1279797Z Downloading nh3-0.3.7-cp38-abi3-win_amd64.whl (644 kB)
Action policy / windows-latest / Python 3.14	UNKNOWN STEP	2026-09-13T17:47:07.1500332Z    ---------------------------------------- 644.5/644.5 kB 20.0 MB/s  0:00:00
Action policy / windows-latest / Python 3.14	UNKNOWN STEP	2026-09-13T17:47:07.1544647Z Downloading requests_toolbelt-1.0.0-py2.py3-none-any.whl (54 kB)
Action policy / windows-latest / Python 3.14	UNKNOWN STEP	2026-09-13T17:47:07.2002107Z Downloading rfc3986-2.0.0-py2.py3-none-any.whl (31 kB)
Action policy / windows-latest / Python 3.14	UNKNOWN STEP	2026-09-13T17:47:07.2443191Z Downloading rich-15.0.0-py3-none-any.whl (310 kB)
Action policy / windows-latest / Python 3.14	UNKNOWN STEP	2026-09-13T17:47:07.2870709Z Downloading markdown_it_py-4.2.0-py3-none-any.whl (91 kB)
Action policy / windows-latest / Python 3.14	UNKNOWN STEP	2026-09-13T17:47:07.3060576Z Downloading mdurl-0.1.2-py3-none-any.whl (10.0 kB)
Action policy / windows-latest / Python 3.14	UNKNOWN STEP	2026-09-13T17:47:07.3411716Z Downloading id-1.6.1-py3-none-any.whl (14 kB)
Action policy / windows-latest / Python 3.14	UNKNOWN STEP	2026-09-13T17:47:07.3712443Z Downloading jaraco.classes-3.4.0-py3-none-any.whl (6.8 kB)
Action policy / windows-latest / Python 3.14	UNKNOWN STEP	2026-09-13T17:47:07.3934165Z Downloading jaraco_context-6.1.2-py3-none-any.whl (7.9 kB)
Action policy / windows-latest / Python 3.14	UNKNOWN STEP	2026-09-13T17:47:07.4169945Z Downloading jaraco_functools-4.6.0-py3-none-any.whl (11 kB)
Action policy / windows-latest / Python 3.14	UNKNOWN STEP	2026-09-13T17:47:07.4378618Z Downloading more_itertools-11.1.0-py3-none-any.whl (72 kB)
Action policy / windows-latest / Python 3.14	UNKNOWN STEP	2026-09-13T17:47:07.5898955Z Building wheels for collected packages: waveframe-guard, governance-ledger, cricore-contract-compiler
Action policy / windows-latest / Python 3.14	UNKNOWN STEP	2026-09-13T17:47:07.6132591Z   Building editable for waveframe-guard (pyproject.toml): started
Action policy / windows-latest / Python 3.14	UNKNOWN STEP	2026-09-13T17:47:08.1453813Z   Building editable for waveframe-guard (pyproject.toml): finished with status 'done'
Action policy / windows-latest / Python 3.14	UNKNOWN STEP	2026-09-13T17:47:08.1493190Z   Created wheel for waveframe-guard: filename=waveframe_guard-0.19.0-0.editable-py3-none-any.whl size=16298 sha256=94dc74d22494838778fbc8bbc95aad7ef4caac8d2b950b99e1c321e232f050f2
Action policy / windows-latest / Python 3.14	UNKNOWN STEP	2026-09-13T17:47:08.1494888Z   Stored in directory: C:\Users\runneradmin\AppData\Local\Temp\pip-ephem-wheel-cache-rbwbsg3b\wheels\17\d3\6f\99acb6e2c4d0da3d9a3b1330910052c26f9e17dd97b09a37b3
Action policy / windows-latest / Python 3.14	UNKNOWN STEP	2026-09-13T17:47:08.2200030Z   Building wheel for governance-ledger (pyproject.toml): started
Action policy / windows-latest / Python 3.14	UNKNOWN STEP	2026-09-13T17:47:09.2019890Z   Building wheel for governance-ledger (pyproject.toml): finished with status 'done'
Action policy / windows-latest / Python 3.14	UNKNOWN STEP	2026-09-13T17:47:09.2085450Z   Created wheel for governance-ledger: filename=governance_ledger-0.9.0-py3-none-any.whl size=189987 sha256=26817c0fad3b093347592dabcd4472e35ae9ebdd85168c47394cba87a9e59f98
Action policy / windows-latest / Python 3.14	UNKNOWN STEP	2026-09-13T17:47:09.2087005Z   Stored in directory: c:\users\runneradmin\appdata\local\pip\cache\wheels\59\51\8c\3def993a00f5890b09d0b8e6d76924094c3941cefc346798b0
Action policy / windows-latest / Python 3.14	UNKNOWN STEP	2026-09-13T17:47:09.2762549Z   Building wheel for cricore-contract-compiler (pyproject.toml): started
Action policy / windows-latest / Python 3.14	UNKNOWN STEP	2026-09-13T17:47:09.7436266Z   Building wheel for cricore-contract-compiler (pyproject.toml): finished with status 'done'
Action policy / windows-latest / Python 3.14	UNKNOWN STEP	2026-09-13T17:47:09.7486058Z   Created wheel for cricore-contract-compiler: filename=cricore_contract_compiler-0.5.0-py3-none-any.whl size=20403 sha256=59597884ee6da81da1c6e9f3035efc53fe522db3fdeded0c14e117a228940ddc
Action policy / windows-latest / Python 3.14	UNKNOWN STEP	2026-09-13T17:47:09.7487674Z   Stored in directory: c:\users\runneradmin\appdata\local\pip\cache\wheels\27\dc\ec\2555173cd74cc6969656d3509b964a87fcb37f377cb5096957
Action policy / windows-latest / Python 3.14	UNKNOWN STEP	2026-09-13T17:47:09.7522235Z Successfully built waveframe-guard governance-ledger cricore-contract-compiler
Action policy / windows-latest / Python 3.14	UNKNOWN STEP	2026-09-13T17:47:09.8358192Z Installing collected packages: urllib3, rpds-py, rfc3986, pywin32-ctypes, pyproject_hooks, pygments, pluggy, packaging, nh3, more-itertools, mdurl, jaraco.context, iniconfig, idna, docutils, cricore-proposal-normalizer, cricore, colorama, charset_normalizer, certifi, attrs, requests, referencing, readme-renderer, pytest, markdown-it-py, jaraco.functools, jaraco.classes, id, build, rich, requests-toolbelt, keyring, jsonschema-specifications, twine, jsonschema, cricore-contract-compiler, governance-ledger, waveframe-guard
Action policy / windows-latest / Python 3.14	UNKNOWN STEP	2026-09-13T17:47:18.9328309Z 
Action policy / windows-latest / Python 3.14	UNKNOWN STEP	2026-09-13T17:47:18.9373780Z Successfully installed attrs-26.1.0 build-1.6.1 certifi-2026.7.22 charset_normalizer-3.5.1 colorama-0.4.6 cricore-0.14.0 cricore-contract-compiler-0.5.0 cricore-proposal-normalizer-0.2.0 docutils-0.23 governance-ledger-0.9.0 id-1.6.1 idna-3.19 iniconfig-2.3.0 jaraco.classes-3.4.0 jaraco.context-6.1.2 jaraco.functools-4.6.0 jsonschema-4.26.0 jsonschema-specifications-2025.9.1 keyring-25.7.0 markdown-it-py-4.2.0 mdurl-0.1.2 more-itertools-11.1.0 nh3-0.3.7 packaging-26.3 pluggy-1.6.0 pygments-2.21.0 pyproject_hooks-1.2.0 pytest-9.1.1 pywin32-ctypes-0.2.3 readme-renderer-46.0 referencing-0.37.0 requests-2.34.2 requests-toolbelt-1.0.0 rfc3986-2.0.0 rich-15.0.0 rpds-py-2026.6.3 twine-7.0.0 urllib3-2.7.0 waveframe-guard-0.19.0
Action policy / windows-latest / Python 3.14	UNKNOWN STEP	2026-09-13T17:47:19.7756105Z ##[group]Run python -m pip check
Action policy / windows-latest / Python 3.14	UNKNOWN STEP	2026-09-13T17:47:19.7756650Z ^[[36;1mpython -m pip check^[[0m
Action policy / windows-latest / Python 3.14	UNKNOWN STEP	2026-09-13T17:47:19.7862079Z shell: C:\Program Files\PowerShell\7\pwsh.EXE -command ". '{0}'"
Action policy / windows-latest / Python 3.14	UNKNOWN STEP	2026-09-13T17:47:19.7862732Z env:
Action policy / windows-latest / Python 3.14	UNKNOWN STEP	2026-09-13T17:47:19.7864381Z   CLOUD_TEST_ACCESS: true
Action policy / windows-latest / Python 3.14	UNKNOWN STEP	2026-09-13T17:47:19.7864909Z   pythonLocation: C:\hostedtoolcache\windows\Python\3.14.7\x64
Action policy / windows-latest / Python 3.14	UNKNOWN STEP	2026-09-13T17:47:19.7865692Z   PKG_CONFIG_PATH: C:\hostedtoolcache\windows\Python\3.14.7\x64/lib/pkgconfig
Action policy / windows-latest / Python 3.14	UNKNOWN STEP	2026-09-13T17:47:19.7866472Z   Python_ROOT_DIR: C:\hostedtoolcache\windows\Python\3.14.7\x64
Action policy / windows-latest / Python 3.14	UNKNOWN STEP	2026-09-13T17:47:19.7867166Z   Python2_ROOT_DIR: C:\hostedtoolcache\windows\Python\3.14.7\x64
Action policy / windows-latest / Python 3.14	UNKNOWN STEP	2026-09-13T17:47:19.7867905Z   Python3_ROOT_DIR: C:\hostedtoolcache\windows\Python\3.14.7\x64
Action policy / windows-latest / Python 3.14	UNKNOWN STEP	2026-09-13T17:47:19.7868473Z ##[endgroup]
Action policy / windows-latest / Python 3.14	UNKNOWN STEP	2026-09-13T17:47:20.5063616Z No broken requirements found.
Action policy / windows-latest / Python 3.14	UNKNOWN STEP	2026-09-13T17:47:20.6993140Z ##[group]Run python -m pytest -q --junitxml=acceptance-output/default.xml
Action policy / windows-latest / Python 3.14	UNKNOWN STEP	2026-09-13T17:47:20.6994061Z ^[[36;1mpython -m pytest -q --junitxml=acceptance-output/default.xml^[[0m
Action policy / windows-latest / Python 3.14	UNKNOWN STEP	2026-09-13T17:47:20.7115011Z shell: C:\Program Files\PowerShell\7\pwsh.EXE -command ". '{0}'"
Action policy / windows-latest / Python 3.14	UNKNOWN STEP	2026-09-13T17:47:20.7115590Z env:
Action policy / windows-latest / Python 3.14	UNKNOWN STEP	2026-09-13T17:47:20.7115896Z   CLOUD_TEST_ACCESS: true
Action policy / windows-latest / Python 3.14	UNKNOWN STEP	2026-09-13T17:47:20.7116426Z   pythonLocation: C:\hostedtoolcache\windows\Python\3.14.7\x64
Action policy / windows-latest / Python 3.14	UNKNOWN STEP	2026-09-13T17:47:20.7117215Z   PKG_CONFIG_PATH: C:\hostedtoolcache\windows\Python\3.14.7\x64/lib/pkgconfig
Action policy / windows-latest / Python 3.14	UNKNOWN STEP	2026-09-13T17:47:20.7118008Z   Python_ROOT_DIR: C:\hostedtoolcache\windows\Python\3.14.7\x64
Action policy / windows-latest / Python 3.14	UNKNOWN STEP	2026-09-13T17:47:20.7118802Z   Python2_ROOT_DIR: C:\hostedtoolcache\windows\Python\3.14.7\x64
Action policy / windows-latest / Python 3.14	UNKNOWN STEP	2026-09-13T17:47:20.7119517Z   Python3_ROOT_DIR: C:\hostedtoolcache\windows\Python\3.14.7\x64
Action policy / windows-latest / Python 3.14	UNKNOWN STEP	2026-09-13T17:47:20.7120120Z ##[endgroup]
Action policy / windows-latest / Python 3.14	UNKNOWN STEP	2026-09-13T17:47:26.2762318Z ...s.ssssssssss..........s.s.s.sssss....s.ssss....sssssssss.........s.s. [  4%]
Action policy / windows-latest / Python 3.14	UNKNOWN STEP	2026-09-13T17:47:26.9979809Z s.s.s..sssss.....s.ss................................................... [  9%]
Action policy / windows-latest / Python 3.14	UNKNOWN STEP	2026-09-13T17:47:34.7977611Z ........................................................................ [ 13%]
Action policy / windows-latest / Python 3.14	UNKNOWN STEP	2026-09-13T17:47:48.0417145Z ..................................sssssssssssssssss.................ssss [ 18%]
Action policy / windows-latest / Python 3.14	UNKNOWN STEP	2026-09-13T17:47:52.6806089Z ssssssssssss................s........................................... [ 22%]
Action policy / windows-latest / Python 3.14	UNKNOWN STEP	2026-09-13T17:47:58.6363680Z ........................................................................ [ 27%]
Action policy / windows-latest / Python 3.14	UNKNOWN STEP	2026-09-13T17:48:01.5552668Z ........................................................................ [ 32%]
Action policy / windows-latest / Python 3.14	UNKNOWN STEP	2026-09-13T17:48:08.8957027Z ....s................................................................... [ 36%]
Action policy / windows-latest / Python 3.14	UNKNOWN STEP	2026-09-13T17:48:11.5016643Z ........................................................................ [ 41%]
Action policy / windows-latest / Python 3.14	UNKNOWN STEP	2026-09-13T17:48:11.7209211Z ........................................................................ [ 45%]
Action policy / windows-latest / Python 3.14	UNKNOWN STEP	2026-09-13T17:48:11.8085356Z ........................................................................ [ 50%]
Action policy / windows-latest / Python 3.14	UNKNOWN STEP	2026-09-13T17:48:12.5008802Z ........................................................................ [ 55%]
Action policy / windows-latest / Python 3.14	UNKNOWN STEP	2026-09-13T17:48:12.5837867Z ........................................................................ [ 59%]
Action policy / windows-latest / Python 3.14	UNKNOWN STEP	2026-09-13T17:48:15.3596519Z ........................................................................ [ 64%]
Action policy / windows-latest / Python 3.14	UNKNOWN STEP	2026-09-13T17:48:33.7912311Z ....ssssssssss..........sssssssss.........ssssssssssssssssssss.......... [ 68%]
Action policy / windows-latest / Python 3.14	UNKNOWN STEP	2026-09-13T17:48:51.4166017Z ............ssssssssssss...........s.s.sssss.s.......................... [ 73%]
Action policy / windows-latest / Python 3.14	UNKNOWN STEP	2026-09-13T17:48:54.0288524Z ..........................................s............................. [ 78%]
Action policy / windows-latest / Python 3.14	UNKNOWN STEP	2026-09-13T17:48:57.2445877Z .............s..........................................s............... [ 82%]
Action policy / windows-latest / Python 3.14	UNKNOWN STEP	2026-09-13T17:48:57.9125524Z ........................................................................ [ 87%]
Action policy / windows-latest / Python 3.14	UNKNOWN STEP	2026-09-13T17:48:58.4641090Z ......................sssssssss......................................... [ 91%]
Action policy / windows-latest / Python 3.14	UNKNOWN STEP	2026-09-13T17:48:59.0100733Z ........................................................................ [ 96%]
Action policy / windows-latest / Python 3.14	UNKNOWN STEP	2026-09-13T17:49:00.2327040Z ........................................................                 [100%]
Action policy / windows-latest / Python 3.14	UNKNOWN STEP	2026-09-13T17:49:00.2327578Z 1416 passed, 152 skipped in 98.10s (0:01:38)
Action policy / windows-latest / Python 3.14	UNKNOWN STEP	2026-09-13T17:49:00.4909636Z ##[group]Run python -c "from pathlib import Path; from tools.acceptance.release_catalog_package import summarize; summarize(Path('acceptance-output/default.xml'))"
Action policy / windows-latest / Python 3.14	UNKNOWN STEP	2026-09-13T17:49:00.4911073Z ^[[36;1mpython -c "from pathlib import Path; from tools.acceptance.release_catalog_package import summarize; summarize(Path('acceptance-output/default.xml'))"^[[0m
Action policy / windows-latest / Python 3.14	UNKNOWN STEP	2026-09-13T17:49:00.4982984Z shell: C:\Program Files\PowerShell\7\pwsh.EXE -command ". '{0}'"
Action policy / windows-latest / Python 3.14	UNKNOWN STEP	2026-09-13T17:49:00.4983334Z env:
Action policy / windows-latest / Python 3.14	UNKNOWN STEP	2026-09-13T17:49:00.4983507Z   CLOUD_TEST_ACCESS: true
Action policy / windows-latest / Python 3.14	UNKNOWN STEP	2026-09-13T17:49:00.4983921Z   pythonLocation: C:\hostedtoolcache\windows\Python\3.14.7\x64
Action policy / windows-latest / Python 3.14	UNKNOWN STEP	2026-09-13T17:49:00.4984416Z   PKG_CONFIG_PATH: C:\hostedtoolcache\windows\Python\3.14.7\x64/lib/pkgconfig
Action policy / windows-latest / Python 3.14	UNKNOWN STEP	2026-09-13T17:49:00.4984913Z   Python_ROOT_DIR: C:\hostedtoolcache\windows\Python\3.14.7\x64
Action policy / windows-latest / Python 3.14	UNKNOWN STEP	2026-09-13T17:49:00.4985313Z   Python2_ROOT_DIR: C:\hostedtoolcache\windows\Python\3.14.7\x64
Action policy / windows-latest / Python 3.14	UNKNOWN STEP	2026-09-13T17:49:00.4985782Z   Python3_ROOT_DIR: C:\hostedtoolcache\windows\Python\3.14.7\x64
Action policy / windows-latest / Python 3.14	UNKNOWN STEP	2026-09-13T17:49:00.4986174Z ##[endgroup]
Action policy / windows-latest / Python 3.14	UNKNOWN STEP	2026-09-13T17:49:01.0411354Z ##[group]Run python -m pytest -q --junitxml=acceptance-output/development.xml
Action policy / windows-latest / Python 3.14	UNKNOWN STEP	2026-09-13T17:49:01.0411996Z ^[[36;1mpython -m pytest -q --junitxml=acceptance-output/development.xml^[[0m
Action policy / windows-latest / Python 3.14	UNKNOWN STEP	2026-09-13T17:49:01.0480001Z shell: C:\Program Files\PowerShell\7\pwsh.EXE -command ". '{0}'"
Action policy / windows-latest / Python 3.14	UNKNOWN STEP	2026-09-13T17:49:01.0480361Z env:
Action policy / windows-latest / Python 3.14	UNKNOWN STEP	2026-09-13T17:49:01.0480539Z   CLOUD_TEST_ACCESS: true
Action policy / windows-latest / Python 3.14	UNKNOWN STEP	2026-09-13T17:49:01.0480839Z   pythonLocation: C:\hostedtoolcache\windows\Python\3.14.7\x64
Action policy / windows-latest / Python 3.14	UNKNOWN STEP	2026-09-13T17:49:01.0481289Z   PKG_CONFIG_PATH: C:\hostedtoolcache\windows\Python\3.14.7\x64/lib/pkgconfig
Action policy / windows-latest / Python 3.14	UNKNOWN STEP	2026-09-13T17:49:01.0481750Z   Python_ROOT_DIR: C:\hostedtoolcache\windows\Python\3.14.7\x64
Action policy / windows-latest / Python 3.14	UNKNOWN STEP	2026-09-13T17:49:01.0482181Z   Python2_ROOT_DIR: C:\hostedtoolcache\windows\Python\3.14.7\x64
Action policy / windows-latest / Python 3.14	UNKNOWN STEP	2026-09-13T17:49:01.0482588Z   Python3_ROOT_DIR: C:\hostedtoolcache\windows\Python\3.14.7\x64
Action policy / windows-latest / Python 3.14	UNKNOWN STEP	2026-09-13T17:49:01.0482921Z   WAVEFRAME_GUARD_ACTION_POLICY_DEV: 1
Action policy / windows-latest / Python 3.14	UNKNOWN STEP	2026-09-13T17:49:01.0483182Z   WAVEFRAME_LEDGER_ACTION_POLICY_DEV: 1
Action policy / windows-latest / Python 3.14	UNKNOWN STEP	2026-09-13T17:49:01.0483481Z ##[endgroup]
Action policy / windows-latest / Python 3.14	UNKNOWN STEP	2026-09-13T17:49:07.3448774Z ........................................................................ [  4%]
Action policy / windows-latest / Python 3.14	UNKNOWN STEP	2026-09-13T17:49:08.5844655Z ........................................................................ [  9%]
Action policy / windows-latest / Python 3.14	UNKNOWN STEP	2026-09-13T17:49:16.4523362Z ........................................................................ [ 13%]
Action policy / windows-latest / Python 3.14	UNKNOWN STEP	2026-09-13T17:49:32.0234197Z ........................................................................ [ 18%]
Action policy / windows-latest / Python 3.14	UNKNOWN STEP	2026-09-13T17:49:38.0214159Z ........................................................................ [ 22%]
Action policy / windows-latest / Python 3.14	UNKNOWN STEP	2026-09-13T17:49:43.5194745Z ........................................................................ [ 27%]
Action policy / windows-latest / Python 3.14	UNKNOWN STEP	2026-09-13T17:49:46.4059037Z ........................................................................ [ 32%]
Action policy / windows-latest / Python 3.14	UNKNOWN STEP	2026-09-13T17:49:53.6769725Z ....s................................................................... [ 36%]
Action policy / windows-latest / Python 3.14	UNKNOWN STEP	2026-09-13T17:49:56.2405229Z ........................................................................ [ 41%]
Action policy / windows-latest / Python 3.14	UNKNOWN STEP	2026-09-13T17:49:56.4608680Z ........................................................................ [ 45%]
Action policy / windows-latest / Python 3.14	UNKNOWN STEP	2026-09-13T17:49:56.5470104Z ........................................................................ [ 50%]
Action policy / windows-latest / Python 3.14	UNKNOWN STEP	2026-09-13T17:49:57.2295908Z ........................................................................ [ 55%]
Action policy / windows-latest / Python 3.14	UNKNOWN STEP	2026-09-13T17:49:57.3115192Z ........................................................................ [ 59%]
Action policy / windows-latest / Python 3.14	UNKNOWN STEP	2026-09-13T17:49:59.2522277Z ........................................................................ [ 64%]
Action policy / windows-latest / Python 3.14	UNKNOWN STEP	2026-09-13T17:50:43.4753916Z ........................................................................ [ 68%]
Action policy / windows-latest / Python 3.14	UNKNOWN STEP	2026-09-13T17:51:11.7973928Z ............s........................................................... [ 73%]
Action policy / windows-latest / Python 3.14	UNKNOWN STEP	2026-09-13T17:51:14.3591529Z ..........................................s............................. [ 78%]
Action policy / windows-latest / Python 3.14	UNKNOWN STEP	2026-09-13T17:51:17.5323623Z .............s..........................................s............... [ 82%]
Action policy / windows-latest / Python 3.14	UNKNOWN STEP	2026-09-13T17:51:18.2868825Z ........................................................................ [ 87%]
Action policy / windows-latest / Python 3.14	UNKNOWN STEP	2026-09-13T17:51:19.3879351Z ......................sssssssss......................................... [ 91%]
Action policy / windows-latest / Python 3.14	UNKNOWN STEP	2026-09-13T17:51:19.9869083Z ........................................................................ [ 96%]
Action policy / windows-latest / Python 3.14	UNKNOWN STEP	2026-09-13T17:51:20.5691493Z ........................................................                 [100%]
Action policy / windows-latest / Python 3.14	UNKNOWN STEP	2026-09-13T17:51:20.5692132Z 1554 passed, 14 skipped in 138.80s (0:02:18)
Action policy / windows-latest / Python 3.14	UNKNOWN STEP	2026-09-13T17:51:20.8750436Z ##[group]Run python tools/acceptance/release_catalog_package.py --output acceptance-output/package
Action policy / windows-latest / Python 3.14	UNKNOWN STEP	2026-09-13T17:51:20.8751317Z ^[[36;1mpython tools/acceptance/release_catalog_package.py --output acceptance-output/package^[[0m
Action policy / windows-latest / Python 3.14	UNKNOWN STEP	2026-09-13T17:51:20.8824255Z shell: C:\Program Files\PowerShell\7\pwsh.EXE -command ". '{0}'"
Action policy / windows-latest / Python 3.14	UNKNOWN STEP	2026-09-13T17:51:20.8824674Z env:
Action policy / windows-latest / Python 3.14	UNKNOWN STEP	2026-09-13T17:51:20.8824891Z   CLOUD_TEST_ACCESS: true
Action policy / windows-latest / Python 3.14	UNKNOWN STEP	2026-09-13T17:51:20.8825231Z   pythonLocation: C:\hostedtoolcache\windows\Python\3.14.7\x64
Action policy / windows-latest / Python 3.14	UNKNOWN STEP	2026-09-13T17:51:20.8825737Z   PKG_CONFIG_PATH: C:\hostedtoolcache\windows\Python\3.14.7\x64/lib/pkgconfig
Action policy / windows-latest / Python 3.14	UNKNOWN STEP	2026-09-13T17:51:20.8826271Z   Python_ROOT_DIR: C:\hostedtoolcache\windows\Python\3.14.7\x64
Action policy / windows-latest / Python 3.14	UNKNOWN STEP	2026-09-13T17:51:20.8826730Z   Python2_ROOT_DIR: C:\hostedtoolcache\windows\Python\3.14.7\x64
Action policy / windows-latest / Python 3.14	UNKNOWN STEP	2026-09-13T17:51:20.8827189Z   Python3_ROOT_DIR: C:\hostedtoolcache\windows\Python\3.14.7\x64
Action policy / windows-latest / Python 3.14	UNKNOWN STEP	2026-09-13T17:51:20.8827563Z ##[endgroup]
Action policy / windows-latest / Python 3.14	UNKNOWN STEP	2026-09-13T17:51:29.1746727Z Checking 
Action policy / windows-latest / Python 3.14	UNKNOWN STEP	2026-09-13T17:51:29.1747362Z D:\a\Waveframe-Guard\Waveframe-Guard\acceptance-output\package\waveframe_guard-
Action policy / windows-latest / Python 3.14	UNKNOWN STEP	2026-09-13T17:51:29.1794278Z 0.19.0-py3-none-any.whl: PASSED
Action policy / windows-latest / Python 3.14	UNKNOWN STEP	2026-09-13T17:51:29.1796486Z Checking 
Action policy / windows-latest / Python 3.14	UNKNOWN STEP	2026-09-13T17:51:29.1797400Z D:\a\Waveframe-Guard\Waveframe-Guard\acceptance-output\package\waveframe_guard-
Action policy / windows-latest / Python 3.14	UNKNOWN STEP	2026-09-13T17:51:29.1931930Z 0.19.0.tar.gz: PASSED
Action policy / windows-latest / Python 3.14	UNKNOWN STEP	2026-09-13T17:51:34.0165244Z Processing D:\a\Waveframe-Guard\Waveframe-Guard\acceptance-output\package\waveframe_guard-0.19.0-py3-none-any.whl (from waveframe-guard==0.19.0)
Action policy / windows-latest / Python 3.14	UNKNOWN STEP	2026-09-13T17:51:34.0436907Z Collecting cricore-contract-compiler @ git+https://github.com/Waveframe-Labs/cricore-contract-compiler.git@ae590dee058d3481e384dea850d5b7d980f533ff (from -r D:\a\Waveframe-Guard\Waveframe-Guard\.github\requirements\action-policy-release.txt (line 4))
Action policy / windows-latest / Python 3.14	UNKNOWN STEP	2026-09-13T17:51:34.0438919Z   Using cached cricore_contract_compiler-0.5.0-py3-none-any.whl
Action policy / windows-latest / Python 3.14	UNKNOWN STEP	2026-09-13T17:51:34.0466588Z Collecting governance-ledger @ git+https://github.com/Waveframe-Labs/Waveframe-Ledger.git@3cc34e7b3cb6efca5102e0e22d559ec0c0fd583f (from -r D:\a\Waveframe-Guard\Waveframe-Guard\.github\requirements\action-policy-release.txt (line 5))
Action policy / windows-latest / Python 3.14	UNKNOWN STEP	2026-09-13T17:51:34.0468813Z   Using cached governance_ledger-0.9.0-py3-none-any.whl
Action policy / windows-latest / Python 3.14	UNKNOWN STEP	2026-09-13T17:51:34.0539366Z Collecting cricore<0.15.0,>=0.13.0 (from -r D:\a\Waveframe-Guard\Waveframe-Guard\.github\requirements\action-policy-release.txt (line 2))
Action policy / windows-latest / Python 3.14	UNKNOWN STEP	2026-09-13T17:51:34.0564034Z   Using cached cricore-0.14.0-py3-none-any.whl.metadata (9.2 kB)
Action policy / windows-latest / Python 3.14	UNKNOWN STEP	2026-09-13T17:51:34.0625911Z Collecting cricore-proposal-normalizer==0.2.0 (from -r D:\a\Waveframe-Guard\Waveframe-Guard\.github\requirements\action-policy-release.txt (line 3))
Action policy / windows-latest / Python 3.14	UNKNOWN STEP	2026-09-13T17:51:34.0646530Z   Using cached cricore_proposal_normalizer-0.2.0-py3-none-any.whl.metadata (4.6 kB)
Action policy / windows-latest / Python 3.14	UNKNOWN STEP	2026-09-13T17:51:34.0825861Z Collecting requests<3.0.0,>=2.33.0 (from waveframe-guard==0.19.0->waveframe-guard==0.19.0)
Action policy / windows-latest / Python 3.14	UNKNOWN STEP	2026-09-13T17:51:34.0846939Z   Using cached requests-2.34.2-py3-none-any.whl.metadata (4.8 kB)
Action policy / windows-latest / Python 3.14	UNKNOWN STEP	2026-09-13T17:51:34.1031610Z Collecting jsonschema>=4 (from cricore-contract-compiler @ git+https://github.com/Waveframe-Labs/cricore-contract-compiler.git@ae590dee058d3481e384dea850d5b7d980f533ff->-r D:\a\Waveframe-Guard\Waveframe-Guard\.github\requirements\action-policy-release.txt (line 4))
Action policy / windows-latest / Python 3.14	UNKNOWN STEP	2026-09-13T17:51:34.1051848Z   Using cached jsonschema-4.26.0-py3-none-any.whl.metadata (7.6 kB)
Action policy / windows-latest / Python 3.14	UNKNOWN STEP	2026-09-13T17:51:34.1180101Z Collecting build (from waveframe-guard==0.19.0->waveframe-guard==0.19.0)
Action policy / windows-latest / Python 3.14	UNKNOWN STEP	2026-09-13T17:51:34.1202604Z   Using cached build-1.6.1-py3-none-any.whl.metadata (5.6 kB)
Action policy / windows-latest / Python 3.14	UNKNOWN STEP	2026-09-13T17:51:34.1507968Z Collecting pytest (from waveframe-guard==0.19.0->waveframe-guard==0.19.0)
Action policy / windows-latest / Python 3.14	UNKNOWN STEP	2026-09-13T17:51:34.1529882Z   Using cached pytest-9.1.1-py3-none-any.whl.metadata (7.6 kB)
Action policy / windows-latest / Python 3.14	UNKNOWN STEP	2026-09-13T17:51:34.1672846Z Collecting twine (from waveframe-guard==0.19.0->waveframe-guard==0.19.0)
Action policy / windows-latest / Python 3.14	UNKNOWN STEP	2026-09-13T17:51:34.1693878Z   Using cached twine-7.0.0-py3-none-any.whl.metadata (3.5 kB)
Action policy / windows-latest / Python 3.14	UNKNOWN STEP	2026-09-13T17:51:34.2940742Z Collecting charset_normalizer<4,>=2 (from requests<3.0.0,>=2.33.0->waveframe-guard==0.19.0->waveframe-guard==0.19.0)
Action policy / windows-latest / Python 3.14	UNKNOWN STEP	2026-09-13T17:51:34.2961275Z   Using cached charset_normalizer-3.5.1-cp314-cp314-win_amd64.whl.metadata (46 kB)
Action policy / windows-latest / Python 3.14	UNKNOWN STEP	2026-09-13T17:51:34.3089643Z Collecting idna<4,>=2.5 (from requests<3.0.0,>=2.33.0->waveframe-guard==0.19.0->waveframe-guard==0.19.0)
Action policy / windows-latest / Python 3.14	UNKNOWN STEP	2026-09-13T17:51:34.3110471Z   Using cached idna-3.19-py3-none-any.whl.metadata (9.2 kB)
Action policy / windows-latest / Python 3.14	UNKNOWN STEP	2026-09-13T17:51:34.3276331Z Collecting urllib3<3,>=1.26 (from requests<3.0.0,>=2.33.0->waveframe-guard==0.19.0->waveframe-guard==0.19.0)
Action policy / windows-latest / Python 3.14	UNKNOWN STEP	2026-09-13T17:51:34.3297014Z   Using cached urllib3-2.7.0-py3-none-any.whl.metadata (6.9 kB)
Action policy / windows-latest / Python 3.14	UNKNOWN STEP	2026-09-13T17:51:34.3424955Z Collecting certifi>=2023.5.7 (from requests<3.0.0,>=2.33.0->waveframe-guard==0.19.0->waveframe-guard==0.19.0)
Action policy / windows-latest / Python 3.14	UNKNOWN STEP	2026-09-13T17:51:34.3445645Z   Using cached certifi-2026.7.22-py3-none-any.whl.metadata (2.5 kB)
Action policy / windows-latest / Python 3.14	UNKNOWN STEP	2026-09-13T17:51:34.3547362Z Collecting attrs>=22.2.0 (from jsonschema>=4->cricore-contract-compiler @ git+https://github.com/Waveframe-Labs/cricore-contract-compiler.git@ae590dee058d3481e384dea850d5b7d980f533ff->-r D:\a\Waveframe-Guard\Waveframe-Guard\.github\requirements\action-policy-release.txt (line 4))
Action policy / windows-latest / Python 3.14	UNKNOWN STEP	2026-09-13T17:51:34.3566993Z   Using cached attrs-26.1.0-py3-none-any.whl.metadata (8.8 kB)
Action policy / windows-latest / Python 3.14	UNKNOWN STEP	2026-09-13T17:51:34.3658770Z Collecting jsonschema-specifications>=2023.03.6 (from jsonschema>=4->cricore-contract-compiler @ git+https://github.com/Waveframe-Labs/cricore-contract-compiler.git@ae590dee058d3481e384dea850d5b7d980f533ff->-r D:\a\Waveframe-Guard\Waveframe-Guard\.github\requirements\action-policy-release.txt (line 4))
Action policy / windows-latest / Python 3.14	UNKNOWN STEP	2026-09-13T17:51:34.3679595Z   Using cached jsonschema_specifications-2025.9.1-py3-none-any.whl.metadata (2.9 kB)
Action policy / windows-latest / Python 3.14	UNKNOWN STEP	2026-09-13T17:51:34.3830022Z Collecting referencing>=0.28.4 (from jsonschema>=4->cricore-contract-compiler @ git+https://github.com/Waveframe-Labs/cricore-contract-compiler.git@ae590dee058d3481e384dea850d5b7d980f533ff->-r D:\a\Waveframe-Guard\Waveframe-Guard\.github\requirements\action-policy-release.txt (line 4))
Action policy / windows-latest / Python 3.14	UNKNOWN STEP	2026-09-13T17:51:34.3850028Z   Using cached referencing-0.37.0-py3-none-any.whl.metadata (2.8 kB)
Action policy / windows-latest / Python 3.14	UNKNOWN STEP	2026-09-13T17:51:34.6582726Z Collecting rpds-py>=0.25.0 (from jsonschema>=4->cricore-contract-compiler @ git+https://github.com/Waveframe-Labs/cricore-contract-compiler.git@ae590dee058d3481e384dea850d5b7d980f533ff->-r D:\a\Waveframe-Guard\Waveframe-Guard\.github\requirements\action-policy-release.txt (line 4))
Action policy / windows-latest / Python 3.14	UNKNOWN STEP	2026-09-13T17:51:34.6607372Z   Using cached rpds_py-2026.6.3-cp314-cp314-win_amd64.whl.metadata (4.2 kB)
Action policy / windows-latest / Python 3.14	UNKNOWN STEP	2026-09-13T17:51:34.6750496Z Collecting packaging>=24.0 (from build->waveframe-guard==0.19.0->waveframe-guard==0.19.0)
Action policy / windows-latest / Python 3.14	UNKNOWN STEP	2026-09-13T17:51:34.6771011Z   Using cached packaging-26.3-py3-none-any.whl.metadata (3.5 kB)
Action policy / windows-latest / Python 3.14	UNKNOWN STEP	2026-09-13T17:51:34.6828857Z Collecting pyproject_hooks (from build->waveframe-guard==0.19.0->waveframe-guard==0.19.0)
Action policy / windows-latest / Python 3.14	UNKNOWN STEP	2026-09-13T17:51:34.6849087Z   Using cached pyproject_hooks-1.2.0-py3-none-any.whl.metadata (1.3 kB)
Action policy / windows-latest / Python 3.14	UNKNOWN STEP	2026-09-13T17:51:34.6942571Z Collecting colorama (from build->waveframe-guard==0.19.0->waveframe-guard==0.19.0)
Action policy / windows-latest / Python 3.14	UNKNOWN STEP	2026-09-13T17:51:34.6963791Z   Using cached colorama-0.4.6-py2.py3-none-any.whl.metadata (17 kB)
Action policy / windows-latest / Python 3.14	UNKNOWN STEP	2026-09-13T17:51:34.7052545Z Collecting iniconfig>=1.0.1 (from pytest->waveframe-guard==0.19.0->waveframe-guard==0.19.0)
Action policy / windows-latest / Python 3.14	UNKNOWN STEP	2026-09-13T17:51:34.7072904Z   Using cached iniconfig-2.3.0-py3-none-any.whl.metadata (2.5 kB)
Action policy / windows-latest / Python 3.14	UNKNOWN STEP	2026-09-13T17:51:34.7152339Z Collecting pluggy<2,>=1.5 (from pytest->waveframe-guard==0.19.0->waveframe-guard==0.19.0)
Action policy / windows-latest / Python 3.14	UNKNOWN STEP	2026-09-13T17:51:34.7173334Z   Using cached pluggy-1.6.0-py3-none-any.whl.metadata (4.8 kB)
Action policy / windows-latest / Python 3.14	UNKNOWN STEP	2026-09-13T17:51:34.7305935Z Collecting pygments>=2.7.2 (from pytest->waveframe-guard==0.19.0->waveframe-guard==0.19.0)
Action policy / windows-latest / Python 3.14	UNKNOWN STEP	2026-09-13T17:51:34.7326769Z   Using cached pygments-2.21.0-py3-none-any.whl.metadata (2.5 kB)
Action policy / windows-latest / Python 3.14	UNKNOWN STEP	2026-09-13T17:51:34.7428366Z Collecting readme-renderer>=35.0 (from twine->waveframe-guard==0.19.0->waveframe-guard==0.19.0)
Action policy / windows-latest / Python 3.14	UNKNOWN STEP	2026-09-13T17:51:34.7449724Z   Using cached readme_renderer-46.0-py3-none-any.whl.metadata (3.0 kB)
Action policy / windows-latest / Python 3.14	UNKNOWN STEP	2026-09-13T17:51:34.7534577Z Collecting requests-toolbelt!=0.9.0,>=0.8.0 (from twine->waveframe-guard==0.19.0->waveframe-guard==0.19.0)
Action policy / windows-latest / Python 3.14	UNKNOWN STEP	2026-09-13T17:51:34.7554944Z   Using cached requests_toolbelt-1.0.0-py2.py3-none-any.whl.metadata (14 kB)
Action policy / windows-latest / Python 3.14	UNKNOWN STEP	2026-09-13T17:51:34.7779322Z Collecting keyring>=21.2.0 (from twine->waveframe-guard==0.19.0->waveframe-guard==0.19.0)
Action policy / windows-latest / Python 3.14	UNKNOWN STEP	2026-09-13T17:51:34.7800109Z   Using cached keyring-25.7.0-py3-none-any.whl.metadata (21 kB)
Action policy / windows-latest / Python 3.14	UNKNOWN STEP	2026-09-13T17:51:34.7899310Z Collecting rfc3986>=1.4.0 (from twine->waveframe-guard==0.19.0->waveframe-guard==0.19.0)
Action policy / windows-latest / Python 3.14	UNKNOWN STEP	2026-09-13T17:51:34.7919832Z   Using cached rfc3986-2.0.0-py2.py3-none-any.whl.metadata (6.6 kB)
Action policy / windows-latest / Python 3.14	UNKNOWN STEP	2026-09-13T17:51:34.8160884Z Collecting rich>=14.3.3 (from twine->waveframe-guard==0.19.0->waveframe-guard==0.19.0)
Action policy / windows-latest / Python 3.14	UNKNOWN STEP	2026-09-13T17:51:34.8183294Z   Using cached rich-15.0.0-py3-none-any.whl.metadata (18 kB)
Action policy / windows-latest / Python 3.14	UNKNOWN STEP	2026-09-13T17:51:34.8266048Z Collecting id (from twine->waveframe-guard==0.19.0->waveframe-guard==0.19.0)
Action policy / windows-latest / Python 3.14	UNKNOWN STEP	2026-09-13T17:51:34.8286708Z   Using cached id-1.6.1-py3-none-any.whl.metadata (5.1 kB)
Action policy / windows-latest / Python 3.14	UNKNOWN STEP	2026-09-13T17:51:34.8359086Z Collecting pywin32-ctypes>=0.2.0 (from keyring>=21.2.0->twine->waveframe-guard==0.19.0->waveframe-guard==0.19.0)
Action policy / windows-latest / Python 3.14	UNKNOWN STEP	2026-09-13T17:51:34.8380162Z   Using cached pywin32_ctypes-0.2.3-py3-none-any.whl.metadata (3.9 kB)
Action policy / windows-latest / Python 3.14	UNKNOWN STEP	2026-09-13T17:51:34.8454839Z Collecting jaraco.classes (from keyring>=21.2.0->twine->waveframe-guard==0.19.0->waveframe-guard==0.19.0)
Action policy / windows-latest / Python 3.14	UNKNOWN STEP	2026-09-13T17:51:34.8475054Z   Using cached jaraco.classes-3.4.0-py3-none-any.whl.metadata (2.6 kB)
Action policy / windows-latest / Python 3.14	UNKNOWN STEP	2026-09-13T17:51:34.8595127Z Collecting jaraco.functools (from keyring>=21.2.0->twine->waveframe-guard==0.19.0->waveframe-guard==0.19.0)
Action policy / windows-latest / Python 3.14	UNKNOWN STEP	2026-09-13T17:51:34.8615852Z   Using cached jaraco_functools-4.6.0-py3-none-any.whl.metadata (2.9 kB)
Action policy / windows-latest / Python 3.14	UNKNOWN STEP	2026-09-13T17:51:34.8702979Z Collecting jaraco.context (from keyring>=21.2.0->twine->waveframe-guard==0.19.0->waveframe-guard==0.19.0)
Action policy / windows-latest / Python 3.14	UNKNOWN STEP	2026-09-13T17:51:34.8723890Z   Using cached jaraco_context-6.1.2-py3-none-any.whl.metadata (4.2 kB)
Action policy / windows-latest / Python 3.14	UNKNOWN STEP	2026-09-13T17:51:34.9091689Z Collecting nh3>=0.2.14 (from readme-renderer>=35.0->twine->waveframe-guard==0.19.0->waveframe-guard==0.19.0)
Action policy / windows-latest / Python 3.14	UNKNOWN STEP	2026-09-13T17:51:34.9112472Z   Using cached nh3-0.3.7-cp38-abi3-win_amd64.whl.metadata (2.0 kB)
Action policy / windows-latest / Python 3.14	UNKNOWN STEP	2026-09-13T17:51:34.9208722Z Collecting docutils>=0.21.2 (from readme-renderer>=35.0->twine->waveframe-guard==0.19.0->waveframe-guard==0.19.0)
Action policy / windows-latest / Python 3.14	UNKNOWN STEP	2026-09-13T17:51:34.9228964Z   Using cached docutils-0.23-py3-none-any.whl.metadata (15 kB)
Action policy / windows-latest / Python 3.14	UNKNOWN STEP	2026-09-13T17:51:34.9384972Z Collecting markdown-it-py>=2.2.0 (from rich>=14.3.3->twine->waveframe-guard==0.19.0->waveframe-guard==0.19.0)
Action policy / windows-latest / Python 3.14	UNKNOWN STEP	2026-09-13T17:51:34.9405728Z   Using cached markdown_it_py-4.2.0-py3-none-any.whl.metadata (7.4 kB)
Action policy / windows-latest / Python 3.14	UNKNOWN STEP	2026-09-13T17:51:34.9503631Z Collecting mdurl~=0.1 (from markdown-it-py>=2.2.0->rich>=14.3.3->twine->waveframe-guard==0.19.0->waveframe-guard==0.19.0)
Action policy / windows-latest / Python 3.14	UNKNOWN STEP	2026-09-13T17:51:34.9524197Z   Using cached mdurl-0.1.2-py3-none-any.whl.metadata (1.6 kB)
Action policy / windows-latest / Python 3.14	UNKNOWN STEP	2026-09-13T17:51:34.9675434Z Collecting more-itertools (from jaraco.classes->keyring>=21.2.0->twine->waveframe-guard==0.19.0->waveframe-guard==0.19.0)
Action policy / windows-latest / Python 3.14	UNKNOWN STEP	2026-09-13T17:51:34.9696548Z   Using cached more_itertools-11.1.0-py3-none-any.whl.metadata (41 kB)
Action policy / windows-latest / Python 3.14	UNKNOWN STEP	2026-09-13T17:51:34.9931670Z Using cached cricore_proposal_normalizer-0.2.0-py3-none-any.whl (10 kB)
Action policy / windows-latest / Python 3.14	UNKNOWN STEP	2026-09-13T17:51:34.9973791Z Using cached cricore-0.14.0-py3-none-any.whl (45 kB)
Action policy / windows-latest / Python 3.14	UNKNOWN STEP	2026-09-13T17:51:35.0027951Z Using cached requests-2.34.2-py3-none-any.whl (73 kB)
Action policy / windows-latest / Python 3.14	UNKNOWN STEP	2026-09-13T17:51:35.0049076Z Using cached charset_normalizer-3.5.1-cp314-cp314-win_amd64.whl (204 kB)
Action policy / windows-latest / Python 3.14	UNKNOWN STEP	2026-09-13T17:51:35.0074647Z Using cached idna-3.19-py3-none-any.whl (68 kB)
Action policy / windows-latest / Python 3.14	UNKNOWN STEP	2026-09-13T17:51:35.0098614Z Using cached urllib3-2.7.0-py3-none-any.whl (131 kB)
Action policy / windows-latest / Python 3.14	UNKNOWN STEP	2026-09-13T17:51:35.0120363Z Using cached certifi-2026.7.22-py3-none-any.whl (136 kB)
Action policy / windows-latest / Python 3.14	UNKNOWN STEP	2026-09-13T17:51:35.0140682Z Using cached jsonschema-4.26.0-py3-none-any.whl (90 kB)
Action policy / windows-latest / Python 3.14	UNKNOWN STEP	2026-09-13T17:51:35.0159920Z Using cached attrs-26.1.0-py3-none-any.whl (67 kB)
Action policy / windows-latest / Python 3.14	UNKNOWN STEP	2026-09-13T17:51:35.0200116Z Using cached jsonschema_specifications-2025.9.1-py3-none-any.whl (18 kB)
Action policy / windows-latest / Python 3.14	UNKNOWN STEP	2026-09-13T17:51:35.0219714Z Using cached referencing-0.37.0-py3-none-any.whl (26 kB)
Action policy / windows-latest / Python 3.14	UNKNOWN STEP	2026-09-13T17:51:35.0239388Z Using cached rpds_py-2026.6.3-cp314-cp314-win_amd64.whl (220 kB)
Action policy / windows-latest / Python 3.14	UNKNOWN STEP	2026-09-13T17:51:35.0259460Z Using cached build-1.6.1-py3-none-any.whl (31 kB)
Action policy / windows-latest / Python 3.14	UNKNOWN STEP	2026-09-13T17:51:35.0279488Z Using cached packaging-26.3-py3-none-any.whl (129 kB)
Action policy / windows-latest / Python 3.14	UNKNOWN STEP	2026-09-13T17:51:35.0301573Z Using cached colorama-0.4.6-py2.py3-none-any.whl (25 kB)
Action policy / windows-latest / Python 3.14	UNKNOWN STEP	2026-09-13T17:51:35.0347054Z Using cached pyproject_hooks-1.2.0-py3-none-any.whl (10 kB)
Action policy / windows-latest / Python 3.14	UNKNOWN STEP	2026-09-13T17:51:35.0366293Z Using cached pytest-9.1.1-py3-none-any.whl (386 kB)
Action policy / windows-latest / Python 3.14	UNKNOWN STEP	2026-09-13T17:51:35.0387636Z Using cached pluggy-1.6.0-py3-none-any.whl (20 kB)
Action policy / windows-latest / Python 3.14	UNKNOWN STEP	2026-09-13T17:51:35.0406242Z Using cached iniconfig-2.3.0-py3-none-any.whl (7.5 kB)
Action policy / windows-latest / Python 3.14	UNKNOWN STEP	2026-09-13T17:51:35.0425044Z Using cached pygments-2.21.0-py3-none-any.whl (1.3 MB)
Action policy / windows-latest / Python 3.14	UNKNOWN STEP	2026-09-13T17:51:35.0450500Z Using cached twine-7.0.0-py3-none-any.whl (43 kB)
Action policy / windows-latest / Python 3.14	UNKNOWN STEP	2026-09-13T17:51:35.0472251Z Using cached keyring-25.7.0-py3-none-any.whl (39 kB)
Action policy / windows-latest / Python 3.14	UNKNOWN STEP	2026-09-13T17:51:35.0507519Z Using cached pywin32_ctypes-0.2.3-py3-none-any.whl (30 kB)
Action policy / windows-latest / Python 3.14	UNKNOWN STEP	2026-09-13T17:51:35.0527022Z Using cached readme_renderer-46.0-py3-none-any.whl (14 kB)
Action policy / windows-latest / Python 3.14	UNKNOWN STEP	2026-09-13T17:51:35.0545204Z Using cached docutils-0.23-py3-none-any.whl (634 kB)
Action policy / windows-latest / Python 3.14	UNKNOWN STEP	2026-09-13T17:51:35.0567124Z Using cached nh3-0.3.7-cp38-abi3-win_amd64.whl (644 kB)
Action policy / windows-latest / Python 3.14	UNKNOWN STEP	2026-09-13T17:51:35.0588994Z Using cached requests_toolbelt-1.0.0-py2.py3-none-any.whl (54 kB)
Action policy / windows-latest / Python 3.14	UNKNOWN STEP	2026-09-13T17:51:35.0608619Z Using cached rfc3986-2.0.0-py2.py3-none-any.whl (31 kB)
Action policy / windows-latest / Python 3.14	UNKNOWN STEP	2026-09-13T17:51:35.0627971Z Using cached rich-15.0.0-py3-none-any.whl (310 kB)
Action policy / windows-latest / Python 3.14	UNKNOWN STEP	2026-09-13T17:51:35.0648835Z Using cached markdown_it_py-4.2.0-py3-none-any.whl (91 kB)
Action policy / windows-latest / Python 3.14	UNKNOWN STEP	2026-09-13T17:51:35.0667374Z Using cached mdurl-0.1.2-py3-none-any.whl (10.0 kB)
Action policy / windows-latest / Python 3.14	UNKNOWN STEP	2026-09-13T17:51:35.0685966Z Using cached id-1.6.1-py3-none-any.whl (14 kB)
Action policy / windows-latest / Python 3.14	UNKNOWN STEP	2026-09-13T17:51:35.0703721Z Using cached jaraco.classes-3.4.0-py3-none-any.whl (6.8 kB)
Action policy / windows-latest / Python 3.14	UNKNOWN STEP	2026-09-13T17:51:35.0722017Z Using cached jaraco_context-6.1.2-py3-none-any.whl (7.9 kB)
Action policy / windows-latest / Python 3.14	UNKNOWN STEP	2026-09-13T17:51:35.0740386Z Using cached jaraco_functools-4.6.0-py3-none-any.whl (11 kB)
Action policy / windows-latest / Python 3.14	UNKNOWN STEP	2026-09-13T17:51:35.0758834Z Using cached more_itertools-11.1.0-py3-none-any.whl (72 kB)
Action policy / windows-latest / Python 3.14	UNKNOWN STEP	2026-09-13T17:51:35.2739321Z Installing collected packages: urllib3, rpds-py, rfc3986, pywin32-ctypes, pyproject_hooks, pygments, pluggy, packaging, nh3, more-itertools, mdurl, jaraco.context, iniconfig, idna, docutils, cricore-proposal-normalizer, cricore, colorama, charset_normalizer, certifi, attrs, requests, referencing, readme-renderer, pytest, markdown-it-py, jaraco.functools, jaraco.classes, id, build, rich, requests-toolbelt, keyring, jsonschema-specifications, twine, jsonschema, cricore-contract-compiler, governance-ledger, waveframe-guard
Action policy / windows-latest / Python 3.14	UNKNOWN STEP	2026-09-13T17:51:42.3428027Z 
Action policy / windows-latest / Python 3.14	UNKNOWN STEP	2026-09-13T17:51:42.3474222Z Successfully installed attrs-26.1.0 build-1.6.1 certifi-2026.7.22 charset_normalizer-3.5.1 colorama-0.4.6 cricore-0.14.0 cricore-contract-compiler-0.5.0 cricore-proposal-normalizer-0.2.0 docutils-0.23 governance-ledger-0.9.0 id-1.6.1 idna-3.19 iniconfig-2.3.0 jaraco.classes-3.4.0 jaraco.context-6.1.2 jaraco.functools-4.6.0 jsonschema-4.26.0 jsonschema-specifications-2025.9.1 keyring-25.7.0 markdown-it-py-4.2.0 mdurl-0.1.2 more-itertools-11.1.0 nh3-0.3.7 packaging-26.3 pluggy-1.6.0 pygments-2.21.0 pyproject_hooks-1.2.0 pytest-9.1.1 pywin32-ctypes-0.2.3 readme-renderer-46.0 referencing-0.37.0 requests-2.34.2 requests-toolbelt-1.0.0 rfc3986-2.0.0 rich-15.0.0 rpds-py-2026.6.3 twine-7.0.0 urllib3-2.7.0 waveframe-guard-0.19.0
Action policy / windows-latest / Python 3.14	UNKNOWN STEP	2026-09-13T17:51:43.2405507Z Installed license verified: Apache-2.0; canonical LICENSE and Waveframe NOTICE
Action policy / windows-latest / Python 3.14	UNKNOWN STEP	2026-09-13T17:51:43.2406584Z Installed mediation documentation verified: wrapped boundary and alternate-path limits
Action policy / windows-latest / Python 3.14	UNKNOWN STEP	2026-09-13T17:51:43.2407491Z Clean wheel legacy migration: callback_count=0 permission_returned=false
Action policy / windows-latest / Python 3.14	UNKNOWN STEP	2026-09-13T17:51:43.2410135Z Clean wheel literal-target smoke passed from C:\Users\runneradmin\AppData\Local\Temp\guard50-package-06w457po\release\Lib\site-packages\waveframe_guard\__init__.py: authorization_evaluation=admissible callback_execution=executed callback_count=1; denied_authorization_evaluation=blocked denied_callback_execution=blocked denied_callback_count=0
Action policy / windows-latest / Python 3.14	UNKNOWN STEP	2026-09-13T17:51:43.5031108Z evaluation_only authorization_evaluation=admissible target=safe/file.txt
Action policy / windows-latest / Python 3.14	UNKNOWN STEP	2026-09-13T17:51:43.5031929Z evaluation_only authorization_evaluation=blocked target=crypto/key.txt
Action policy / windows-latest / Python 3.14	UNKNOWN STEP	2026-09-13T17:51:43.5032626Z evaluation_only authorization_evaluation=admissible target=safe/new.txt
Action policy / windows-latest / Python 3.14	UNKNOWN STEP	2026-09-13T17:51:43.5033270Z evaluation_only callbacks=0 mutation_not_requested=true
Action policy / windows-latest / Python 3.14	UNKNOWN STEP	2026-09-13T17:51:43.8320716Z authorization_evaluation=admissible mutation_execution=executed target=safe/file.txt callback_count=1
Action policy / windows-latest / Python 3.14	UNKNOWN STEP	2026-09-13T17:51:43.8321943Z authorization_evaluation=blocked mutation_execution=blocked target=crypto/key.txt callback_count=0
Action policy / windows-latest / Python 3.14	UNKNOWN STEP	2026-09-13T17:51:43.8323159Z authorization_evaluation=admissible mutation_execution=unsupported target=safe/new.txt callback_count=0
Action policy / windows-latest / Python 3.14	UNKNOWN STEP	2026-09-13T17:51:43.8324359Z execution_attestation=guard_execution_attestation.v2 authority_basis=compiled_contract reload_validated=true
Action policy / windows-latest / Python 3.14	UNKNOWN STEP	2026-09-13T17:51:44.4382652Z 127.0.0.1 - - [13/Sep/2026 17:51:44] "GET /v1/authorities/budget-quickstart%401.0.0/publication HTTP/1.1" 404 22
Action policy / windows-latest / Python 3.14	UNKNOWN STEP	2026-09-13T17:51:44.4402733Z 127.0.0.1 - - [13/Sep/2026 17:51:44] "GET /v1/contracts/budget-quickstart/1.0.0 HTTP/1.1" 200 471
Action policy / windows-latest / Python 3.14	UNKNOWN STEP	2026-09-13T17:51:44.4459082Z 127.0.0.1 - - [13/Sep/2026 17:51:44] "POST /v1/runtimes/register HTTP/1.1" 200 18
Action policy / windows-latest / Python 3.14	UNKNOWN STEP	2026-09-13T17:51:44.4477763Z 127.0.0.1 - - [13/Sep/2026 17:51:44] "POST /v1/runtimes/budget-agent-runtime/heartbeats HTTP/1.1" 200 18
Action policy / windows-latest / Python 3.14	UNKNOWN STEP	2026-09-13T17:51:44.4752311Z 127.0.0.1 - - [13/Sep/2026 17:51:44] "POST /v1/preserve HTTP/1.1" 200 122
Action policy / windows-latest / Python 3.14	UNKNOWN STEP	2026-09-13T17:51:44.4784215Z 127.0.0.1 - - [13/Sep/2026 17:51:44] "POST /v1/runtime/attestations HTTP/1.1" 200 18
Action policy / windows-latest / Python 3.14	UNKNOWN STEP	2026-09-13T17:51:44.4872251Z 127.0.0.1 - - [13/Sep/2026 17:51:44] "POST /v1/preserve HTTP/1.1" 200 122
Action policy / windows-latest / Python 3.14	UNKNOWN STEP	2026-09-13T17:51:44.5064909Z 127.0.0.1 - - [13/Sep/2026 17:51:44] "POST /v1/runtime/attestations HTTP/1.1" 200 18
Action policy / windows-latest / Python 3.14	UNKNOWN STEP	2026-09-13T17:51:49.2274633Z ...s.ssssssssss..........s.s.s.sssss....s.ssss....sssssssss.........s.s. [  9%]
Action policy / windows-latest / Python 3.14	UNKNOWN STEP	2026-09-13T17:52:01.6723294Z s.s.s..sssss.....s.ssssssssssss..........sssssssss.........sssssssssssss [ 19%]
Action policy / windows-latest / Python 3.14	UNKNOWN STEP	2026-09-13T17:52:25.0827920Z sssssss......................ssssssssssss...........s.s.sssss.s......... [ 29%]
Action policy / windows-latest / Python 3.14	UNKNOWN STEP	2026-09-13T17:52:26.9263781Z ........................................................................ [ 39%]
Action policy / windows-latest / Python 3.14	UNKNOWN STEP	2026-09-13T17:52:28.0938625Z .....................................sssssssss.......................... [ 48%]
Action policy / windows-latest / Python 3.14	UNKNOWN STEP	2026-09-13T17:52:30.8564967Z ........s..........................................s.................... [ 58%]
Action policy / windows-latest / Python 3.14	UNKNOWN STEP	2026-09-13T17:52:34.4482811Z ......................s...........sssssssssssssssss.................ssss [ 68%]
Action policy / windows-latest / Python 3.14	UNKNOWN STEP	2026-09-13T17:52:36.7446278Z ssssssssssss................s........................................... [ 78%]
Action policy / windows-latest / Python 3.14	UNKNOWN STEP	2026-09-13T17:52:38.5586610Z ........................................................................ [ 88%]
Action policy / windows-latest / Python 3.14	UNKNOWN STEP	2026-09-13T17:52:55.0011001Z .........s.............................................................. [ 97%]
Action policy / windows-latest / Python 3.14	UNKNOWN STEP	2026-09-13T17:52:56.8766159Z ...............                                                          [100%]
Action policy / windows-latest / Python 3.14	UNKNOWN STEP	2026-09-13T17:52:56.8767156Z =========================== short test summary info ===========================
Action policy / windows-latest / Python 3.14	UNKNOWN STEP	2026-09-13T17:52:56.8768431Z SKIPPED [1] tests\test_action_policy_creation.py:63: catalog 2 requires explicit Guard and Ledger development opt-ins
Action policy / windows-latest / Python 3.14	UNKNOWN STEP	2026-09-13T17:52:56.8770123Z SKIPPED [10] tests\test_action_policy_creation.py:69: catalog 2 requires explicit Guard and Ledger development opt-ins
Action policy / windows-latest / Python 3.14	UNKNOWN STEP	2026-09-13T17:52:56.8771532Z SKIPPED [1] tests\test_action_policy_creation.py:95: catalog 2 requires explicit Guard and Ledger development opt-ins
Action policy / windows-latest / Python 3.14	UNKNOWN STEP	2026-09-13T17:52:56.8772901Z SKIPPED [1] tests\test_action_policy_creation.py:118: catalog 2 requires explicit Guard and Ledger development opt-ins
Action policy / windows-latest / Python 3.14	UNKNOWN STEP	2026-09-13T17:52:56.8775771Z SKIPPED [1] tests\test_action_policy_creation.py:129: catalog 2 requires explicit Guard and Ledger development opt-ins
Action policy / windows-latest / Python 3.14	UNKNOWN STEP	2026-09-13T17:52:56.8777586Z SKIPPED [1] tests\test_action_policy_creation.py:159: requires explicit action policy development environment
Action policy / windows-latest / Python 3.14	UNKNOWN STEP	2026-09-13T17:52:56.8779121Z SKIPPED [4] tests\test_action_policy_creation.py:178: catalog 2 requires explicit Guard and Ledger development opt-ins
Action policy / windows-latest / Python 3.14	UNKNOWN STEP	2026-09-13T17:52:56.8780411Z SKIPPED [1] tests\test_action_policy_creation.py:189: catalog 2 requires explicit Guard and Ledger development opt-ins
Action policy / windows-latest / Python 3.14	UNKNOWN STEP	2026-09-13T17:52:56.8781317Z SKIPPED [4] tests\test_action_policy_creation.py:202: catalog 2 requires explicit Guard and Ledger development opt-ins
Action policy / windows-latest / Python 3.14	UNKNOWN STEP	2026-09-13T17:52:56.8782174Z SKIPPED [9] tests\test_action_policy_creation.py:217: catalog 2 requires explicit Guard and Ledger development opt-ins
Action policy / windows-latest / Python 3.14	UNKNOWN STEP	2026-09-13T17:52:56.8782970Z SKIPPED [1] tests\test_action_policy_creation.py:228: catalog 2 requires explicit Guard and Ledger development opt-ins
Action policy / windows-latest / Python 3.14	UNKNOWN STEP	2026-09-13T17:52:56.8783769Z SKIPPED [1] tests\test_action_policy_creation.py:246: catalog 2 requires explicit Guard and Ledger development opt-ins
Action policy / windows-latest / Python 3.14	UNKNOWN STEP	2026-09-13T17:52:56.8784583Z SKIPPED [1] tests\test_action_policy_creation.py:269: catalog 2 requires explicit Guard and Ledger development opt-ins
Action policy / windows-latest / Python 3.14	UNKNOWN STEP	2026-09-13T17:52:56.8785401Z SKIPPED [1] tests\test_action_policy_creation.py:289: catalog 2 requires explicit Guard and Ledger development opt-ins
Action policy / windows-latest / Python 3.14	UNKNOWN STEP	2026-09-13T17:52:56.8786224Z SKIPPED [1] tests\test_action_policy_creation.py:299: catalog 2 requires explicit Guard and Ledger development opt-ins
Action policy / windows-latest / Python 3.14	UNKNOWN STEP	2026-09-13T17:52:56.8787018Z SKIPPED [5] tests\test_action_policy_creation.py:322: catalog 2 requires explicit Guard and Ledger development opt-ins
Action policy / windows-latest / Python 3.14	UNKNOWN STEP	2026-09-13T17:52:56.8787816Z SKIPPED [1] tests\test_action_policy_creation.py:342: catalog 2 requires explicit Guard and Ledger development opt-ins
Action policy / windows-latest / Python 3.14	UNKNOWN STEP	2026-09-13T17:52:56.8788592Z SKIPPED [1] tests\test_action_policy_creation.py:365: requires explicit action policy development environment
Action policy / windows-latest / Python 3.14	UNKNOWN STEP	2026-09-13T17:52:56.8789412Z SKIPPED [1] tests\test_action_policy_creation.py:378: requires explicit action policy development environment
Action policy / windows-latest / Python 3.14	UNKNOWN STEP	2026-09-13T17:52:56.8790198Z SKIPPED [10] tests\test_native_cloud_connection.py:83: catalog 2 requires explicit Guard and Ledger development opt-ins
Action policy / windows-latest / Python 3.14	UNKNOWN STEP	2026-09-13T17:52:56.8791035Z SKIPPED [9] tests\test_native_cloud_connection.py:150: catalog 2 requires explicit Guard and Ledger development opt-ins
Action policy / windows-latest / Python 3.14	UNKNOWN STEP	2026-09-13T17:52:56.8791871Z SKIPPED [20] tests\test_native_cloud_connection.py:168: catalog 2 requires explicit Guard and Ledger development opt-ins
Action policy / windows-latest / Python 3.14	UNKNOWN STEP	2026-09-13T17:52:56.8792752Z SKIPPED [1] tests\test_native_cloud_connection.py:213: requires the released Ledger installation; covered by released CI
Action policy / windows-latest / Python 3.14	UNKNOWN STEP	2026-09-13T17:52:56.8793622Z SKIPPED [11] tests\test_native_cloud_connection.py:222: catalog 2 requires explicit Guard and Ledger development opt-ins
Action policy / windows-latest / Python 3.14	UNKNOWN STEP	2026-09-13T17:52:56.8794512Z SKIPPED [1] tests\test_native_cloud_connection.py:247: catalog 2 requires explicit Guard and Ledger development opt-ins
Action policy / windows-latest / Python 3.14	UNKNOWN STEP	2026-09-13T17:52:56.8795349Z SKIPPED [1] tests\test_native_cloud_connection.py:260: catalog 2 requires explicit Guard and Ledger development opt-ins
Action policy / windows-latest / Python 3.14	UNKNOWN STEP	2026-09-13T17:52:56.8909818Z SKIPPED [4] tests\test_native_cloud_connection.py:274: requires explicit action policy development environment
Action policy / windows-latest / Python 3.14	UNKNOWN STEP	2026-09-13T17:52:56.8911239Z SKIPPED [1] tests\test_native_cloud_connection.py:296: catalog 2 requires explicit Guard and Ledger development opt-ins
Action policy / windows-latest / Python 3.14	UNKNOWN STEP	2026-09-13T17:52:56.8912541Z SKIPPED [1] tests\test_native_cloud_connection.py:306: catalog 2 requires explicit Guard and Ledger development opt-ins
Action policy / windows-latest / Python 3.14	UNKNOWN STEP	2026-09-13T17:52:56.8914993Z SKIPPED [1] tests\test_repository_workspace.py:303: Linux mount namespace
Action policy / windows-latest / Python 3.14	UNKNOWN STEP	2026-09-13T17:52:56.8916144Z SKIPPED [6] tests\test_repository_workspace.py:338: Linux detected namespace substitution
Action policy / windows-latest / Python 3.14	UNKNOWN STEP	2026-09-13T17:52:56.8917065Z SKIPPED [2] tests\test_repository_workspace.py:366: Linux post-callback namespace check
Action policy / windows-latest / Python 3.14	UNKNOWN STEP	2026-09-13T17:52:56.8918460Z SKIPPED [3] tests\test_repository_execution_evidence.py:169: Windows namespace locks prevent this replacement; fault injection runs on both OSes
Action policy / windows-latest / Python 3.14	UNKNOWN STEP	2026-09-13T17:52:56.8919877Z SKIPPED [17] tests\test_creation_attestation_consistency.py:68: catalog 2 requires explicit Guard and Ledger development opt-ins
Action policy / windows-latest / Python 3.14	UNKNOWN STEP	2026-09-13T17:52:56.8921320Z SKIPPED [16] tests\test_creation_attestation_consistency.py:96: catalog 2 requires explicit Guard and Ledger development opt-ins
Action policy / windows-latest / Python 3.14	UNKNOWN STEP	2026-09-13T17:52:56.8922644Z SKIPPED [1] tests\test_creation_attestation_consistency.py:122: catalog 2 requires explicit Guard and Ledger development opt-ins
Action policy / windows-latest / Python 3.14	UNKNOWN STEP	2026-09-13T17:52:56.8923834Z SKIPPED [1] tests\test_ledger_v2_authority_runtime.py:931: Linux post-callback substitution evidence
Action policy / windows-latest / Python 3.14	UNKNOWN STEP	2026-09-13T17:52:56.8924582Z 583 passed, 152 skipped in 70.93s (0:01:10)
Action policy / windows-latest / Python 3.14	UNKNOWN STEP	2026-09-13T17:53:05.5805522Z ........................................................................ [  9%]
Action policy / windows-latest / Python 3.14	UNKNOWN STEP	2026-09-13T17:53:38.5515454Z ........................................................................ [ 19%]
Action policy / windows-latest / Python 3.14	UNKNOWN STEP	2026-09-13T17:54:19.9864263Z .............................s.......................................... [ 29%]
Action policy / windows-latest / Python 3.14	UNKNOWN STEP	2026-09-13T17:54:21.8313511Z ........................................................................ [ 39%]
Action policy / windows-latest / Python 3.14	UNKNOWN STEP	2026-09-13T17:54:23.9832839Z .....................................sssssssss.......................... [ 48%]
Action policy / windows-latest / Python 3.14	UNKNOWN STEP	2026-09-13T17:54:26.8255497Z ........s..........................................s.................... [ 58%]
Action policy / windows-latest / Python 3.14	UNKNOWN STEP	2026-09-13T17:54:36.2613106Z ......................s................................................. [ 68%]
Action policy / windows-latest / Python 3.14	UNKNOWN STEP	2026-09-13T17:54:41.6678113Z ........................................................................ [ 78%]
Action policy / windows-latest / Python 3.14	UNKNOWN STEP	2026-09-13T17:54:43.6651063Z ........................................................................ [ 88%]
Action policy / windows-latest / Python 3.14	UNKNOWN STEP	2026-09-13T17:55:01.0522102Z .........s.............................................................. [ 97%]
Action policy / windows-latest / Python 3.14	UNKNOWN STEP	2026-09-13T17:55:05.0952004Z ...............                                                          [100%]
Action policy / windows-latest / Python 3.14	UNKNOWN STEP	2026-09-13T17:55:05.0952512Z =========================== short test summary info ===========================
Action policy / windows-latest / Python 3.14	UNKNOWN STEP	2026-09-13T17:55:05.0953195Z SKIPPED [1] tests\test_native_cloud_connection.py:213: requires the released Ledger installation; covered by released CI
Action policy / windows-latest / Python 3.14	UNKNOWN STEP	2026-09-13T17:55:05.0953918Z SKIPPED [1] tests\test_repository_workspace.py:303: Linux mount namespace
Action policy / windows-latest / Python 3.14	UNKNOWN STEP	2026-09-13T17:55:05.0954523Z SKIPPED [6] tests\test_repository_workspace.py:338: Linux detected namespace substitution
Action policy / windows-latest / Python 3.14	UNKNOWN STEP	2026-09-13T17:55:05.0955184Z SKIPPED [2] tests\test_repository_workspace.py:366: Linux post-callback namespace check
Action policy / windows-latest / Python 3.14	UNKNOWN STEP	2026-09-13T17:55:05.0956057Z SKIPPED [3] tests\test_repository_execution_evidence.py:169: Windows namespace locks prevent this replacement; fault injection runs on both OSes
Action policy / windows-latest / Python 3.14	UNKNOWN STEP	2026-09-13T17:55:05.0956981Z SKIPPED [1] tests\test_ledger_v2_authority_runtime.py:931: Linux post-callback substitution evidence
Action policy / windows-latest / Python 3.14	UNKNOWN STEP	2026-09-13T17:55:05.0957522Z 721 passed, 14 skipped in 125.75s (0:02:05)
Action policy / windows-latest / Python 3.14	UNKNOWN STEP	2026-09-13T17:55:07.9160701Z ##[group]Run actions/checkout@3d3c42e5aac5ba805825da76410c181273ba90b1
Action policy / windows-latest / Python 3.14	UNKNOWN STEP	2026-09-13T17:55:07.9161204Z with:
Action policy / windows-latest / Python 3.14	UNKNOWN STEP	2026-09-13T17:55:07.9161483Z   repository: Waveframe-Labs/Waveframe-Ledger
Action policy / windows-latest / Python 3.14	UNKNOWN STEP	2026-09-13T17:55:07.9161852Z   ref: 3cc34e7b3cb6efca5102e0e22d559ec0c0fd583f
Action policy / windows-latest / Python 3.14	UNKNOWN STEP	2026-09-13T17:55:07.9162211Z   path: .candidate50/ledger
Action policy / windows-latest / Python 3.14	UNKNOWN STEP	2026-09-13T17:55:07.9162501Z   persist-credentials: false
Action policy / windows-latest / Python 3.14	UNKNOWN STEP	2026-09-13T17:55:07.9164959Z   token: ***
Action policy / windows-latest / Python 3.14	UNKNOWN STEP	2026-09-13T17:55:07.9165226Z   ssh-strict: true
Action policy / windows-latest / Python 3.14	UNKNOWN STEP	2026-09-13T17:55:07.9165455Z   ssh-user: git
Action policy / windows-latest / Python 3.14	UNKNOWN STEP	2026-09-13T17:55:07.9165673Z   clean: true
Action policy / windows-latest / Python 3.14	UNKNOWN STEP	2026-09-13T17:55:07.9165911Z   sparse-checkout-cone-mode: true
Action policy / windows-latest / Python 3.14	UNKNOWN STEP	2026-09-13T17:55:07.9166410Z   fetch-depth: 1
Action policy / windows-latest / Python 3.14	UNKNOWN STEP	2026-09-13T17:55:07.9166659Z   fetch-tags: false
Action policy / windows-latest / Python 3.14	UNKNOWN STEP	2026-09-13T17:55:07.9166910Z   show-progress: true
Action policy / windows-latest / Python 3.14	UNKNOWN STEP	2026-09-13T17:55:07.9167203Z   lfs: false
Action policy / windows-latest / Python 3.14	UNKNOWN STEP	2026-09-13T17:55:07.9167445Z   submodules: false
Action policy / windows-latest / Python 3.14	UNKNOWN STEP	2026-09-13T17:55:07.9167697Z   set-safe-directory: true
Action policy / windows-latest / Python 3.14	UNKNOWN STEP	2026-09-13T17:55:07.9167983Z   allow-unsafe-pr-checkout: false
Action policy / windows-latest / Python 3.14	UNKNOWN STEP	2026-09-13T17:55:07.9168308Z env:
Action policy / windows-latest / Python 3.14	UNKNOWN STEP	2026-09-13T17:55:07.9168520Z   CLOUD_TEST_ACCESS: true
Action policy / windows-latest / Python 3.14	UNKNOWN STEP	2026-09-13T17:55:07.9168840Z   pythonLocation: C:\hostedtoolcache\windows\Python\3.14.7\x64
Action policy / windows-latest / Python 3.14	UNKNOWN STEP	2026-09-13T17:55:07.9169332Z   PKG_CONFIG_PATH: C:\hostedtoolcache\windows\Python\3.14.7\x64/lib/pkgconfig
Action policy / windows-latest / Python 3.14	UNKNOWN STEP	2026-09-13T17:55:07.9169814Z   Python_ROOT_DIR: C:\hostedtoolcache\windows\Python\3.14.7\x64
Action policy / windows-latest / Python 3.14	UNKNOWN STEP	2026-09-13T17:55:07.9170275Z   Python2_ROOT_DIR: C:\hostedtoolcache\windows\Python\3.14.7\x64
Action policy / windows-latest / Python 3.14	UNKNOWN STEP	2026-09-13T17:55:07.9170711Z   Python3_ROOT_DIR: C:\hostedtoolcache\windows\Python\3.14.7\x64
Action policy / windows-latest / Python 3.14	UNKNOWN STEP	2026-09-13T17:55:07.9171064Z ##[endgroup]
Action policy / windows-latest / Python 3.14	UNKNOWN STEP	2026-09-13T17:55:08.0370204Z Syncing repository: Waveframe-Labs/Waveframe-Ledger
Action policy / windows-latest / Python 3.14	UNKNOWN STEP	2026-09-13T17:55:08.0380960Z ##[group]Getting Git version info
Action policy / windows-latest / Python 3.14	UNKNOWN STEP	2026-09-13T17:55:08.0381484Z Working directory is 'D:\a\Waveframe-Guard\Waveframe-Guard\.candidate50\ledger'
Action policy / windows-latest / Python 3.14	UNKNOWN STEP	2026-09-13T17:55:08.1269754Z [command]"C:\Program Files\Git\bin\git.exe" version
Action policy / windows-latest / Python 3.14	UNKNOWN STEP	2026-09-13T17:55:08.1553513Z git version 2.55.0.windows.5
Action policy / windows-latest / Python 3.14	UNKNOWN STEP	2026-09-13T17:55:08.1599653Z ##[endgroup]
Action policy / windows-latest / Python 3.14	UNKNOWN STEP	2026-09-13T17:55:08.1616155Z Temporarily overriding HOME='D:\a\_temp\c762bdcc-88c3-44f6-8b8b-b403574bf2c8' before making global git config changes
Action policy / windows-latest / Python 3.14	UNKNOWN STEP	2026-09-13T17:55:08.1616944Z Adding repository directory to the temporary git global config as a safe directory
Action policy / windows-latest / Python 3.14	UNKNOWN STEP	2026-09-13T17:55:08.1627135Z [command]"C:\Program Files\Git\bin\git.exe" config --global --add safe.directory D:\a\Waveframe-Guard\Waveframe-Guard\.candidate50\ledger
Action policy / windows-latest / Python 3.14	UNKNOWN STEP	2026-09-13T17:55:08.1945976Z ##[group]Determining repository object format
Action policy / windows-latest / Python 3.14	UNKNOWN STEP	2026-09-13T17:55:08.1948395Z ##[endgroup]
Action policy / windows-latest / Python 3.14	UNKNOWN STEP	2026-09-13T17:55:08.1948821Z ##[group]Initializing the repository
Action policy / windows-latest / Python 3.14	UNKNOWN STEP	2026-09-13T17:55:08.1958347Z [command]"C:\Program Files\Git\bin\git.exe" init D:\a\Waveframe-Guard\Waveframe-Guard\.candidate50\ledger
Action policy / windows-latest / Python 3.14	UNKNOWN STEP	2026-09-13T17:55:08.2320643Z Initialized empty Git repository in D:/a/Waveframe-Guard/Waveframe-Guard/.candidate50/ledger/.git/
Action policy / windows-latest / Python 3.14	UNKNOWN STEP	2026-09-13T17:55:08.2373271Z [command]"C:\Program Files\Git\bin\git.exe" remote add origin https://github.com/Waveframe-Labs/Waveframe-Ledger
Action policy / windows-latest / Python 3.14	UNKNOWN STEP	2026-09-13T17:55:08.2730979Z ##[endgroup]
Action policy / windows-latest / Python 3.14	UNKNOWN STEP	2026-09-13T17:55:08.2731718Z ##[group]Disabling automatic garbage collection
Action policy / windows-latest / Python 3.14	UNKNOWN STEP	2026-09-13T17:55:08.2741605Z [command]"C:\Program Files\Git\bin\git.exe" config --local gc.auto 0
Action policy / windows-latest / Python 3.14	UNKNOWN STEP	2026-09-13T17:55:08.3153777Z ##[endgroup]
Action policy / windows-latest / Python 3.14	UNKNOWN STEP	2026-09-13T17:55:08.3154389Z ##[group]Setting up auth
Action policy / windows-latest / Python 3.14	UNKNOWN STEP	2026-09-13T17:55:08.3155148Z Removing SSH command configuration
Action policy / windows-latest / Python 3.14	UNKNOWN STEP	2026-09-13T17:55:08.3173317Z [command]"C:\Program Files\Git\bin\git.exe" config --local --name-only --get-regexp core\.sshCommand
Action policy / windows-latest / Python 3.14	UNKNOWN STEP	2026-09-13T17:55:08.3551703Z [command]"C:\Program Files\Git\bin\git.exe" submodule foreach --recursive "sh -c \"git config --local --name-only --get-regexp 'core\.sshCommand' && git config --local --unset-all 'core.sshCommand' || :\""
Action policy / windows-latest / Python 3.14	UNKNOWN STEP	2026-09-13T17:55:08.9389039Z Removing HTTP extra header
Action policy / windows-latest / Python 3.14	UNKNOWN STEP	2026-09-13T17:55:08.9398338Z [command]"C:\Program Files\Git\bin\git.exe" config --local --name-only --get-regexp http\.https\:\/\/github\.com\/\.extraheader
Action policy / windows-latest / Python 3.14	UNKNOWN STEP	2026-09-13T17:55:08.9712891Z [command]"C:\Program Files\Git\bin\git.exe" submodule foreach --recursive "sh -c \"git config --local --name-only --get-regexp 'http\.https\:\/\/github\.com\/\.extraheader' && git config --local --unset-all 'http.https://github.com/.extraheader' || :\""
Action policy / windows-latest / Python 3.14	UNKNOWN STEP	2026-09-13T17:55:09.5328046Z Removing includeIf entries pointing to credentials config files
Action policy / windows-latest / Python 3.14	UNKNOWN STEP	2026-09-13T17:55:09.5339109Z [command]"C:\Program Files\Git\bin\git.exe" config --local --name-only --get-regexp ^includeIf\.gitdir:
Action policy / windows-latest / Python 3.14	UNKNOWN STEP	2026-09-13T17:55:09.5655393Z [command]"C:\Program Files\Git\bin\git.exe" submodule foreach --recursive "git config --local --show-origin --name-only --get-regexp remote.origin.url"
Action policy / windows-latest / Python 3.14	UNKNOWN STEP	2026-09-13T17:55:10.1122778Z [command]"C:\Program Files\Git\bin\git.exe" config --file D:\a\_temp\git-credentials-59835553-ba93-4066-b1ac-4acd0ce0dcb4.config http.https://github.com/.extraheader "AUTHORIZATION: basic ***"
Action policy / windows-latest / Python 3.14	UNKNOWN STEP	2026-09-13T17:55:10.1418890Z [command]"C:\Program Files\Git\bin\git.exe" config --local includeIf.gitdir:D:/a/Waveframe-Guard/Waveframe-Guard/.candidate50/ledger/.git.path D:\a\_temp\git-credentials-59835553-ba93-4066-b1ac-4acd0ce0dcb4.config
Action policy / windows-latest / Python 3.14	UNKNOWN STEP	2026-09-13T17:55:10.1706416Z [command]"C:\Program Files\Git\bin\git.exe" config --local includeIf.gitdir:D:/a/Waveframe-Guard/Waveframe-Guard/.candidate50/ledger/.git/worktrees/*.path D:\a\_temp\git-credentials-59835553-ba93-4066-b1ac-4acd0ce0dcb4.config
Action policy / windows-latest / Python 3.14	UNKNOWN STEP	2026-09-13T17:55:10.2002227Z [command]"C:\Program Files\Git\bin\git.exe" config --local includeIf.gitdir:/github/workspace/.candidate50/ledger/.git.path /github/runner_temp/git-credentials-59835553-ba93-4066-b1ac-4acd0ce0dcb4.config
Action policy / windows-latest / Python 3.14	UNKNOWN STEP	2026-09-13T17:55:10.2299349Z [command]"C:\Program Files\Git\bin\git.exe" config --local includeIf.gitdir:/github/workspace/.candidate50/ledger/.git/worktrees/*.path /github/runner_temp/git-credentials-59835553-ba93-4066-b1ac-4acd0ce0dcb4.config
Action policy / windows-latest / Python 3.14	UNKNOWN STEP	2026-09-13T17:55:10.2609559Z ##[endgroup]
Action policy / windows-latest / Python 3.14	UNKNOWN STEP	2026-09-13T17:55:10.2610398Z ##[group]Fetching the repository
Action policy / windows-latest / Python 3.14	UNKNOWN STEP	2026-09-13T17:55:10.2621816Z [command]"C:\Program Files\Git\bin\git.exe" -c protocol.version=2 fetch --no-tags --prune --no-recurse-submodules --depth=1 origin 3cc34e7b3cb6efca5102e0e22d559ec0c0fd583f
Action policy / windows-latest / Python 3.14	UNKNOWN STEP	2026-09-13T17:55:10.7446922Z From https://github.com/Waveframe-Labs/Waveframe-Ledger
Action policy / windows-latest / Python 3.14	UNKNOWN STEP	2026-09-13T17:55:10.7447743Z  * branch            3cc34e7b3cb6efca5102e0e22d559ec0c0fd583f -> FETCH_HEAD
Action policy / windows-latest / Python 3.14	UNKNOWN STEP	2026-09-13T17:55:10.7515116Z [command]"C:\Program Files\Git\bin\git.exe" rev-parse --verify --quiet 3cc34e7b3cb6efca5102e0e22d559ec0c0fd583f^{object}
Action policy / windows-latest / Python 3.14	UNKNOWN STEP	2026-09-13T17:55:10.7802625Z 3cc34e7b3cb6efca5102e0e22d559ec0c0fd583f
Action policy / windows-latest / Python 3.14	UNKNOWN STEP	2026-09-13T17:55:10.7835805Z ##[endgroup]
Action policy / windows-latest / Python 3.14	UNKNOWN STEP	2026-09-13T17:55:10.7836405Z ##[group]Determining the checkout info
Action policy / windows-latest / Python 3.14	UNKNOWN STEP	2026-09-13T17:55:10.7837072Z ##[endgroup]
Action policy / windows-latest / Python 3.14	UNKNOWN STEP	2026-09-13T17:55:10.7847976Z [command]"C:\Program Files\Git\bin\git.exe" sparse-checkout disable
Action policy / windows-latest / Python 3.14	UNKNOWN STEP	2026-09-13T17:55:10.8189927Z [command]"C:\Program Files\Git\bin\git.exe" config --local --unset-all extensions.worktreeConfig
Action policy / windows-latest / Python 3.14	UNKNOWN STEP	2026-09-13T17:55:10.8482590Z ##[group]Checking out the ref
Action policy / windows-latest / Python 3.14	UNKNOWN STEP	2026-09-13T17:55:10.8491535Z [command]"C:\Program Files\Git\bin\git.exe" checkout --progress --force 3cc34e7b3cb6efca5102e0e22d559ec0c0fd583f
Action policy / windows-latest / Python 3.14	UNKNOWN STEP	2026-09-13T17:55:10.9736045Z Note: switching to '3cc34e7b3cb6efca5102e0e22d559ec0c0fd583f'.
Action policy / windows-latest / Python 3.14	UNKNOWN STEP	2026-09-13T17:55:10.9736570Z 
Action policy / windows-latest / Python 3.14	UNKNOWN STEP	2026-09-13T17:55:10.9736968Z You are in 'detached HEAD' state. You can look around, make experimental
Action policy / windows-latest / Python 3.14	UNKNOWN STEP	2026-09-13T17:55:10.9737846Z changes and commit them, and you can discard any commits you make in this
Action policy / windows-latest / Python 3.14	UNKNOWN STEP	2026-09-13T17:55:10.9738676Z state without impacting any branches by switching back to a branch.
Action policy / windows-latest / Python 3.14	UNKNOWN STEP	2026-09-13T17:55:10.9739178Z 
Action policy / windows-latest / Python 3.14	UNKNOWN STEP	2026-09-13T17:55:10.9739505Z If you want to create a new branch to retain commits you create, you may
Action policy / windows-latest / Python 3.14	UNKNOWN STEP	2026-09-13T17:55:10.9740311Z do so (now or later) by using -c with the switch command. Example:
Action policy / windows-latest / Python 3.14	UNKNOWN STEP	2026-09-13T17:55:10.9740766Z 
Action policy / windows-latest / Python 3.14	UNKNOWN STEP	2026-09-13T17:55:10.9740942Z   git switch -c <new-branch-name>
Action policy / windows-latest / Python 3.14	UNKNOWN STEP	2026-09-13T17:55:10.9741238Z 
Action policy / windows-latest / Python 3.14	UNKNOWN STEP	2026-09-13T17:55:10.9741407Z Or undo this operation with:
Action policy / windows-latest / Python 3.14	UNKNOWN STEP	2026-09-13T17:55:10.9741672Z 
Action policy / windows-latest / Python 3.14	UNKNOWN STEP	2026-09-13T17:55:10.9741819Z   git switch -
Action policy / windows-latest / Python 3.14	UNKNOWN STEP	2026-09-13T17:55:10.9743217Z 
Action policy / windows-latest / Python 3.14	UNKNOWN STEP	2026-09-13T17:55:10.9743638Z Turn off this advice by setting config variable advice.detachedHead to false
Action policy / windows-latest / Python 3.14	UNKNOWN STEP	2026-09-13T17:55:10.9744196Z 
Action policy / windows-latest / Python 3.14	UNKNOWN STEP	2026-09-13T17:55:10.9744659Z HEAD is now at 3cc34e7 release: prepare Ledger 0.9.0 and separate pending Guard 0.19 acceptance
Action policy / windows-latest / Python 3.14	UNKNOWN STEP	2026-09-13T17:55:10.9801137Z ##[endgroup]
Action policy / windows-latest / Python 3.14	UNKNOWN STEP	2026-09-13T17:55:11.0123996Z [command]"C:\Program Files\Git\bin\git.exe" log -1 --format=%H
Action policy / windows-latest / Python 3.14	UNKNOWN STEP	2026-09-13T17:55:11.0391252Z 3cc34e7b3cb6efca5102e0e22d559ec0c0fd583f
Action policy / windows-latest / Python 3.14	UNKNOWN STEP	2026-09-13T17:55:11.0429765Z ##[group]Removing auth
Action policy / windows-latest / Python 3.14	UNKNOWN STEP	2026-09-13T17:55:11.0430080Z Removing SSH command configuration
Action policy / windows-latest / Python 3.14	UNKNOWN STEP	2026-09-13T17:55:11.0438759Z [command]"C:\Program Files\Git\bin\git.exe" config --local --name-only --get-regexp core\.sshCommand
Action policy / windows-latest / Python 3.14	UNKNOWN STEP	2026-09-13T17:55:11.0740354Z [command]"C:\Program Files\Git\bin\git.exe" submodule foreach --recursive "sh -c \"git config --local --name-only --get-regexp 'core\.sshCommand' && git config --local --unset-all 'core.sshCommand' || :\""
Action policy / windows-latest / Python 3.14	UNKNOWN STEP	2026-09-13T17:55:11.6075255Z Removing HTTP extra header
Action policy / windows-latest / Python 3.14	UNKNOWN STEP	2026-09-13T17:55:11.6085051Z [command]"C:\Program Files\Git\bin\git.exe" config --local --name-only --get-regexp http\.https\:\/\/github\.com\/\.extraheader
Action policy / windows-latest / Python 3.14	UNKNOWN STEP	2026-09-13T17:55:11.6421803Z [command]"C:\Program Files\Git\bin\git.exe" submodule foreach --recursive "sh -c \"git config --local --name-only --get-regexp 'http\.https\:\/\/github\.com\/\.extraheader' && git config --local --unset-all 'http.https://github.com/.extraheader' || :\""
Action policy / windows-latest / Python 3.14	UNKNOWN STEP	2026-09-13T17:55:12.1760070Z Removing includeIf entries pointing to credentials config files
Action policy / windows-latest / Python 3.14	UNKNOWN STEP	2026-09-13T17:55:12.1769182Z [command]"C:\Program Files\Git\bin\git.exe" config --local --name-only --get-regexp ^includeIf\.gitdir:
Action policy / windows-latest / Python 3.14	UNKNOWN STEP	2026-09-13T17:55:12.2049958Z includeif.gitdir:D:/a/Waveframe-Guard/Waveframe-Guard/.candidate50/ledger/.git.path
Action policy / windows-latest / Python 3.14	UNKNOWN STEP	2026-09-13T17:55:12.2051092Z includeif.gitdir:D:/a/Waveframe-Guard/Waveframe-Guard/.candidate50/ledger/.git/worktrees/*.path
Action policy / windows-latest / Python 3.14	UNKNOWN STEP	2026-09-13T17:55:12.2051727Z includeif.gitdir:/github/workspace/.candidate50/ledger/.git.path
Action policy / windows-latest / Python 3.14	UNKNOWN STEP	2026-09-13T17:55:12.2052227Z includeif.gitdir:/github/workspace/.candidate50/ledger/.git/worktrees/*.path
Action policy / windows-latest / Python 3.14	UNKNOWN STEP	2026-09-13T17:55:12.2100548Z [command]"C:\Program Files\Git\bin\git.exe" config --local --get-all includeif.gitdir:D:/a/Waveframe-Guard/Waveframe-Guard/.candidate50/ledger/.git.path
Action policy / windows-latest / Python 3.14	UNKNOWN STEP	2026-09-13T17:55:12.2357957Z D:\a\_temp\git-credentials-59835553-ba93-4066-b1ac-4acd0ce0dcb4.config
Action policy / windows-latest / Python 3.14	UNKNOWN STEP	2026-09-13T17:55:12.2403129Z [command]"C:\Program Files\Git\bin\git.exe" config --local --unset includeif.gitdir:D:/a/Waveframe-Guard/Waveframe-Guard/.candidate50/ledger/.git.path D\:\\a\\_temp\\git\-credentials\-59835553\-ba93\-4066\-b1ac\-4acd0ce0dcb4\.config
Action policy / windows-latest / Python 3.14	UNKNOWN STEP	2026-09-13T17:55:12.2717655Z [command]"C:\Program Files\Git\bin\git.exe" config --local --get-all includeif.gitdir:D:/a/Waveframe-Guard/Waveframe-Guard/.candidate50/ledger/.git/worktrees/*.path
Action policy / windows-latest / Python 3.14	UNKNOWN STEP	2026-09-13T17:55:12.2978740Z D:\a\_temp\git-credentials-59835553-ba93-4066-b1ac-4acd0ce0dcb4.config
Action policy / windows-latest / Python 3.14	UNKNOWN STEP	2026-09-13T17:55:12.3023942Z [command]"C:\Program Files\Git\bin\git.exe" config --local --unset includeif.gitdir:D:/a/Waveframe-Guard/Waveframe-Guard/.candidate50/ledger/.git/worktrees/*.path D\:\\a\\_temp\\git\-credentials\-59835553\-ba93\-4066\-b1ac\-4acd0ce0dcb4\.config
Action policy / windows-latest / Python 3.14	UNKNOWN STEP	2026-09-13T17:55:12.3337652Z [command]"C:\Program Files\Git\bin\git.exe" config --local --get-all includeif.gitdir:/github/workspace/.candidate50/ledger/.git.path
Action policy / windows-latest / Python 3.14	UNKNOWN STEP	2026-09-13T17:55:12.3599998Z /github/runner_temp/git-credentials-59835553-ba93-4066-b1ac-4acd0ce0dcb4.config
Action policy / windows-latest / Python 3.14	UNKNOWN STEP	2026-09-13T17:55:12.3641146Z [command]"C:\Program Files\Git\bin\git.exe" config --local --unset includeif.gitdir:/github/workspace/.candidate50/ledger/.git.path \/github\/runner_temp\/git\-credentials\-59835553\-ba93\-4066\-b1ac\-4acd0ce0dcb4\.config
Action policy / windows-latest / Python 3.14	UNKNOWN STEP	2026-09-13T17:55:12.3960269Z [command]"C:\Program Files\Git\bin\git.exe" config --local --get-all includeif.gitdir:/github/workspace/.candidate50/ledger/.git/worktrees/*.path
Action policy / windows-latest / Python 3.14	UNKNOWN STEP	2026-09-13T17:55:12.4217952Z /github/runner_temp/git-credentials-59835553-ba93-4066-b1ac-4acd0ce0dcb4.config
Action policy / windows-latest / Python 3.14	UNKNOWN STEP	2026-09-13T17:55:12.4260108Z [command]"C:\Program Files\Git\bin\git.exe" config --local --unset includeif.gitdir:/github/workspace/.candidate50/ledger/.git/worktrees/*.path \/github\/runner_temp\/git\-credentials\-59835553\-ba93\-4066\-b1ac\-4acd0ce0dcb4\.config
Action policy / windows-latest / Python 3.14	UNKNOWN STEP	2026-09-13T17:55:12.4564318Z [command]"C:\Program Files\Git\bin\git.exe" submodule foreach --recursive "git config --local --show-origin --name-only --get-regexp remote.origin.url"
Action policy / windows-latest / Python 3.14	UNKNOWN STEP	2026-09-13T17:55:13.0002362Z Removing credentials config 'D:\a\_temp\git-credentials-59835553-ba93-4066-b1ac-4acd0ce0dcb4.config'
Action policy / windows-latest / Python 3.14	UNKNOWN STEP	2026-09-13T17:55:13.0014106Z ##[endgroup]
Action policy / windows-latest / Python 3.14	UNKNOWN STEP	2026-09-13T17:55:13.0334490Z ##[group]Run actions/checkout@3d3c42e5aac5ba805825da76410c181273ba90b1
Action policy / windows-latest / Python 3.14	UNKNOWN STEP	2026-09-13T17:55:13.0334936Z with:
Action policy / windows-latest / Python 3.14	UNKNOWN STEP	2026-09-13T17:55:13.0335158Z   repository: Waveframe-Labs/Waveframe-Cloud
Action policy / windows-latest / Python 3.14	UNKNOWN STEP	2026-09-13T17:55:13.0335468Z   ref: 547291b525e2f1d05d92ed65b6058c4ca91588a8
Action policy / windows-latest / Python 3.14	UNKNOWN STEP	2026-09-13T17:55:13.0336113Z   token: ***
Action policy / windows-latest / Python 3.14	UNKNOWN STEP	2026-09-13T17:55:13.0336309Z   path: .cloud-test-source
Action policy / windows-latest / Python 3.14	UNKNOWN STEP	2026-09-13T17:55:13.0336547Z   persist-credentials: false
Action policy / windows-latest / Python 3.14	UNKNOWN STEP	2026-09-13T17:55:13.0336769Z   ssh-strict: true
Action policy / windows-latest / Python 3.14	UNKNOWN STEP	2026-09-13T17:55:13.0336947Z   ssh-user: git
Action policy / windows-latest / Python 3.14	UNKNOWN STEP	2026-09-13T17:55:13.0337116Z   clean: true
Action policy / windows-latest / Python 3.14	UNKNOWN STEP	2026-09-13T17:55:13.0337309Z   sparse-checkout-cone-mode: true
Action policy / windows-latest / Python 3.14	UNKNOWN STEP	2026-09-13T17:55:13.0337546Z   fetch-depth: 1
Action policy / windows-latest / Python 3.14	UNKNOWN STEP	2026-09-13T17:55:13.0337723Z   fetch-tags: false
Action policy / windows-latest / Python 3.14	UNKNOWN STEP	2026-09-13T17:55:13.0337920Z   show-progress: true
Action policy / windows-latest / Python 3.14	UNKNOWN STEP	2026-09-13T17:55:13.0338112Z   lfs: false
Action policy / windows-latest / Python 3.14	UNKNOWN STEP	2026-09-13T17:55:13.0338279Z   submodules: false
Action policy / windows-latest / Python 3.14	UNKNOWN STEP	2026-09-13T17:55:13.0338479Z   set-safe-directory: true
Action policy / windows-latest / Python 3.14	UNKNOWN STEP	2026-09-13T17:55:13.0338710Z   allow-unsafe-pr-checkout: false
Action policy / windows-latest / Python 3.14	UNKNOWN STEP	2026-09-13T17:55:13.0338974Z env:
Action policy / windows-latest / Python 3.14	UNKNOWN STEP	2026-09-13T17:55:13.0339153Z   CLOUD_TEST_ACCESS: true
Action policy / windows-latest / Python 3.14	UNKNOWN STEP	2026-09-13T17:55:13.0339440Z   pythonLocation: C:\hostedtoolcache\windows\Python\3.14.7\x64
Action policy / windows-latest / Python 3.14	UNKNOWN STEP	2026-09-13T17:55:13.0339883Z   PKG_CONFIG_PATH: C:\hostedtoolcache\windows\Python\3.14.7\x64/lib/pkgconfig
Action policy / windows-latest / Python 3.14	UNKNOWN STEP	2026-09-13T17:55:13.0340321Z   Python_ROOT_DIR: C:\hostedtoolcache\windows\Python\3.14.7\x64
Action policy / windows-latest / Python 3.14	UNKNOWN STEP	2026-09-13T17:55:13.0340718Z   Python2_ROOT_DIR: C:\hostedtoolcache\windows\Python\3.14.7\x64
Action policy / windows-latest / Python 3.14	UNKNOWN STEP	2026-09-13T17:55:13.0341108Z   Python3_ROOT_DIR: C:\hostedtoolcache\windows\Python\3.14.7\x64
Action policy / windows-latest / Python 3.14	UNKNOWN STEP	2026-09-13T17:55:13.0341415Z ##[endgroup]
Action policy / windows-latest / Python 3.14	UNKNOWN STEP	2026-09-13T17:55:13.1476877Z Syncing repository: Waveframe-Labs/Waveframe-Cloud
Action policy / windows-latest / Python 3.14	UNKNOWN STEP	2026-09-13T17:55:13.1477404Z ##[group]Getting Git version info
Action policy / windows-latest / Python 3.14	UNKNOWN STEP	2026-09-13T17:55:13.1477806Z Working directory is 'D:\a\Waveframe-Guard\Waveframe-Guard\.cloud-test-source'
Action policy / windows-latest / Python 3.14	UNKNOWN STEP	2026-09-13T17:55:13.2348130Z [command]"C:\Program Files\Git\bin\git.exe" version
Action policy / windows-latest / Python 3.14	UNKNOWN STEP	2026-09-13T17:55:13.2625371Z git version 2.55.0.windows.5
Action policy / windows-latest / Python 3.14	UNKNOWN STEP	2026-09-13T17:55:13.2675075Z ##[endgroup]
Action policy / windows-latest / Python 3.14	UNKNOWN STEP	2026-09-13T17:55:13.2690489Z Temporarily overriding HOME='D:\a\_temp\8e430fe4-4359-4bb3-b4c2-0bddbb29c056' before making global git config changes
Action policy / windows-latest / Python 3.14	UNKNOWN STEP	2026-09-13T17:55:13.2691955Z Adding repository directory to the temporary git global config as a safe directory
Action policy / windows-latest / Python 3.14	UNKNOWN STEP	2026-09-13T17:55:13.2703501Z [command]"C:\Program Files\Git\bin\git.exe" config --global --add safe.directory D:\a\Waveframe-Guard\Waveframe-Guard\.cloud-test-source
Action policy / windows-latest / Python 3.14	UNKNOWN STEP	2026-09-13T17:55:13.3020980Z ##[group]Determining repository object format
Action policy / windows-latest / Python 3.14	UNKNOWN STEP	2026-09-13T17:55:13.3023259Z ##[endgroup]
Action policy / windows-latest / Python 3.14	UNKNOWN STEP	2026-09-13T17:55:13.3023689Z ##[group]Initializing the repository
Action policy / windows-latest / Python 3.14	UNKNOWN STEP	2026-09-13T17:55:13.3033262Z [command]"C:\Program Files\Git\bin\git.exe" init D:\a\Waveframe-Guard\Waveframe-Guard\.cloud-test-source
Action policy / windows-latest / Python 3.14	UNKNOWN STEP	2026-09-13T17:55:13.3379812Z Initialized empty Git repository in D:/a/Waveframe-Guard/Waveframe-Guard/.cloud-test-source/.git/
Action policy / windows-latest / Python 3.14	UNKNOWN STEP	2026-09-13T17:55:13.3437110Z [command]"C:\Program Files\Git\bin\git.exe" remote add origin https://github.com/Waveframe-Labs/Waveframe-Cloud
Action policy / windows-latest / Python 3.14	UNKNOWN STEP	2026-09-13T17:55:13.3777556Z ##[endgroup]
Action policy / windows-latest / Python 3.14	UNKNOWN STEP	2026-09-13T17:55:13.3778229Z ##[group]Disabling automatic garbage collection
Action policy / windows-latest / Python 3.14	UNKNOWN STEP	2026-09-13T17:55:13.3787847Z [command]"C:\Program Files\Git\bin\git.exe" config --local gc.auto 0
Action policy / windows-latest / Python 3.14	UNKNOWN STEP	2026-09-13T17:55:13.4087001Z ##[endgroup]
Action policy / windows-latest / Python 3.14	UNKNOWN STEP	2026-09-13T17:55:13.4087796Z ##[group]Setting up auth
Action policy / windows-latest / Python 3.14	UNKNOWN STEP	2026-09-13T17:55:13.4089592Z Removing SSH command configuration
Action policy / windows-latest / Python 3.14	UNKNOWN STEP	2026-09-13T17:55:13.4105128Z [command]"C:\Program Files\Git\bin\git.exe" config --local --name-only --get-regexp core\.sshCommand
Action policy / windows-latest / Python 3.14	UNKNOWN STEP	2026-09-13T17:55:13.4406402Z [command]"C:\Program Files\Git\bin\git.exe" submodule foreach --recursive "sh -c \"git config --local --name-only --get-regexp 'core\.sshCommand' && git config --local --unset-all 'core.sshCommand' || :\""
Action policy / windows-latest / Python 3.14	UNKNOWN STEP	2026-09-13T17:55:13.9671785Z Removing HTTP extra header
Action policy / windows-latest / Python 3.14	UNKNOWN STEP	2026-09-13T17:55:13.9681615Z [command]"C:\Program Files\Git\bin\git.exe" config --local --name-only --get-regexp http\.https\:\/\/github\.com\/\.extraheader
Action policy / windows-latest / Python 3.14	UNKNOWN STEP	2026-09-13T17:55:13.9976949Z [command]"C:\Program Files\Git\bin\git.exe" submodule foreach --recursive "sh -c \"git config --local --name-only --get-regexp 'http\.https\:\/\/github\.com\/\.extraheader' && git config --local --unset-all 'http.https://github.com/.extraheader' || :\""
Action policy / windows-latest / Python 3.14	UNKNOWN STEP	2026-09-13T17:55:14.5529510Z Removing includeIf entries pointing to credentials config files
Action policy / windows-latest / Python 3.14	UNKNOWN STEP	2026-09-13T17:55:14.5540408Z [command]"C:\Program Files\Git\bin\git.exe" config --local --name-only --get-regexp ^includeIf\.gitdir:
Action policy / windows-latest / Python 3.14	UNKNOWN STEP	2026-09-13T17:55:14.5834139Z [command]"C:\Program Files\Git\bin\git.exe" submodule foreach --recursive "git config --local --show-origin --name-only --get-regexp remote.origin.url"
Action policy / windows-latest / Python 3.14	UNKNOWN STEP	2026-09-13T17:55:15.1256630Z [command]"C:\Program Files\Git\bin\git.exe" config --file D:\a\_temp\git-credentials-3d701106-d38f-4206-a4fc-5a197ef548cd.config http.https://github.com/.extraheader "AUTHORIZATION: basic ***"
Action policy / windows-latest / Python 3.14	UNKNOWN STEP	2026-09-13T17:55:15.1557290Z [command]"C:\Program Files\Git\bin\git.exe" config --local includeIf.gitdir:D:/a/Waveframe-Guard/Waveframe-Guard/.cloud-test-source/.git.path D:\a\_temp\git-credentials-3d701106-d38f-4206-a4fc-5a197ef548cd.config
Action policy / windows-latest / Python 3.14	UNKNOWN STEP	2026-09-13T17:55:15.1848860Z [command]"C:\Program Files\Git\bin\git.exe" config --local includeIf.gitdir:D:/a/Waveframe-Guard/Waveframe-Guard/.cloud-test-source/.git/worktrees/*.path D:\a\_temp\git-credentials-3d701106-d38f-4206-a4fc-5a197ef548cd.config
Action policy / windows-latest / Python 3.14	UNKNOWN STEP	2026-09-13T17:55:15.2144949Z [command]"C:\Program Files\Git\bin\git.exe" config --local includeIf.gitdir:/github/workspace/.cloud-test-source/.git.path /github/runner_temp/git-credentials-3d701106-d38f-4206-a4fc-5a197ef548cd.config
Action policy / windows-latest / Python 3.14	UNKNOWN STEP	2026-09-13T17:55:15.2488979Z [command]"C:\Program Files\Git\bin\git.exe" config --local includeIf.gitdir:/github/workspace/.cloud-test-source/.git/worktrees/*.path /github/runner_temp/git-credentials-3d701106-d38f-4206-a4fc-5a197ef548cd.config
Action policy / windows-latest / Python 3.14	UNKNOWN STEP	2026-09-13T17:55:15.2781169Z ##[endgroup]
Action policy / windows-latest / Python 3.14	UNKNOWN STEP	2026-09-13T17:55:15.2781801Z ##[group]Fetching the repository
Action policy / windows-latest / Python 3.14	UNKNOWN STEP	2026-09-13T17:55:15.2793619Z [command]"C:\Program Files\Git\bin\git.exe" -c protocol.version=2 fetch --no-tags --prune --no-recurse-submodules --depth=1 origin 547291b525e2f1d05d92ed65b6058c4ca91588a8
Action policy / windows-latest / Python 3.14	UNKNOWN STEP	2026-09-13T17:55:16.1431531Z From https://github.com/Waveframe-Labs/Waveframe-Cloud
Action policy / windows-latest / Python 3.14	UNKNOWN STEP	2026-09-13T17:55:16.1432097Z  * branch            547291b525e2f1d05d92ed65b6058c4ca91588a8 -> FETCH_HEAD
Action policy / windows-latest / Python 3.14	UNKNOWN STEP	2026-09-13T17:55:16.1481458Z [command]"C:\Program Files\Git\bin\git.exe" rev-parse --verify --quiet 547291b525e2f1d05d92ed65b6058c4ca91588a8^{object}
Action policy / windows-latest / Python 3.14	UNKNOWN STEP	2026-09-13T17:55:16.1740524Z 547291b525e2f1d05d92ed65b6058c4ca91588a8
Action policy / windows-latest / Python 3.14	UNKNOWN STEP	2026-09-13T17:55:16.1773771Z ##[endgroup]
Action policy / windows-latest / Python 3.14	UNKNOWN STEP	2026-09-13T17:55:16.1774389Z ##[group]Determining the checkout info
Action policy / windows-latest / Python 3.14	UNKNOWN STEP	2026-09-13T17:55:16.1775396Z ##[endgroup]
Action policy / windows-latest / Python 3.14	UNKNOWN STEP	2026-09-13T17:55:16.1783403Z [command]"C:\Program Files\Git\bin\git.exe" sparse-checkout disable
Action policy / windows-latest / Python 3.14	UNKNOWN STEP	2026-09-13T17:55:16.2122258Z [command]"C:\Program Files\Git\bin\git.exe" config --local --unset-all extensions.worktreeConfig
Action policy / windows-latest / Python 3.14	UNKNOWN STEP	2026-09-13T17:55:16.2419405Z ##[group]Checking out the ref
Action policy / windows-latest / Python 3.14	UNKNOWN STEP	2026-09-13T17:55:16.2429141Z [command]"C:\Program Files\Git\bin\git.exe" checkout --progress --force 547291b525e2f1d05d92ed65b6058c4ca91588a8
Action policy / windows-latest / Python 3.14	UNKNOWN STEP	2026-09-13T17:55:16.4868893Z Note: switching to '547291b525e2f1d05d92ed65b6058c4ca91588a8'.
Action policy / windows-latest / Python 3.14	UNKNOWN STEP	2026-09-13T17:55:16.4869458Z 
Action policy / windows-latest / Python 3.14	UNKNOWN STEP	2026-09-13T17:55:16.4869847Z You are in 'detached HEAD' state. You can look around, make experimental
Action policy / windows-latest / Python 3.14	UNKNOWN STEP	2026-09-13T17:55:16.4871061Z changes and commit them, and you can discard any commits you make in this
Action policy / windows-latest / Python 3.14	UNKNOWN STEP	2026-09-13T17:55:16.4871935Z state without impacting any branches by switching back to a branch.
Action policy / windows-latest / Python 3.14	UNKNOWN STEP	2026-09-13T17:55:16.4872432Z 
Action policy / windows-latest / Python 3.14	UNKNOWN STEP	2026-09-13T17:55:16.4872760Z If you want to create a new branch to retain commits you create, you may
Action policy / windows-latest / Python 3.14	UNKNOWN STEP	2026-09-13T17:55:16.4873553Z do so (now or later) by using -c with the switch command. Example:
Action policy / windows-latest / Python 3.14	UNKNOWN STEP	2026-09-13T17:55:16.4874019Z 
Action policy / windows-latest / Python 3.14	UNKNOWN STEP	2026-09-13T17:55:16.4874190Z   git switch -c <new-branch-name>
Action policy / windows-latest / Python 3.14	UNKNOWN STEP	2026-09-13T17:55:16.4874497Z 
Action policy / windows-latest / Python 3.14	UNKNOWN STEP	2026-09-13T17:55:16.4874666Z Or undo this operation with:
Action policy / windows-latest / Python 3.14	UNKNOWN STEP	2026-09-13T17:55:16.4874932Z 
Action policy / windows-latest / Python 3.14	UNKNOWN STEP	2026-09-13T17:55:16.4875073Z   git switch -
Action policy / windows-latest / Python 3.14	UNKNOWN STEP	2026-09-13T17:55:16.4876338Z 
Action policy / windows-latest / Python 3.14	UNKNOWN STEP	2026-09-13T17:55:16.4876939Z Turn off this advice by setting config variable advice.detachedHead to false
Action policy / windows-latest / Python 3.14	UNKNOWN STEP	2026-09-13T17:55:16.4877506Z 
Action policy / windows-latest / Python 3.14	UNKNOWN STEP	2026-09-13T17:55:16.4877845Z HEAD is now at 547291b Create fixture workspace on fresh CI checkouts
Action policy / windows-latest / Python 3.14	UNKNOWN STEP	2026-09-13T17:55:16.4951650Z ##[endgroup]
Action policy / windows-latest / Python 3.14	UNKNOWN STEP	2026-09-13T17:55:16.5277111Z [command]"C:\Program Files\Git\bin\git.exe" log -1 --format=%H
Action policy / windows-latest / Python 3.14	UNKNOWN STEP	2026-09-13T17:55:16.5586628Z 547291b525e2f1d05d92ed65b6058c4ca91588a8
Action policy / windows-latest / Python 3.14	UNKNOWN STEP	2026-09-13T17:55:16.5631946Z ##[group]Removing auth
Action policy / windows-latest / Python 3.14	UNKNOWN STEP	2026-09-13T17:55:16.5632381Z Removing SSH command configuration
Action policy / windows-latest / Python 3.14	UNKNOWN STEP	2026-09-13T17:55:16.5641610Z [command]"C:\Program Files\Git\bin\git.exe" config --local --name-only --get-regexp core\.sshCommand
Action policy / windows-latest / Python 3.14	UNKNOWN STEP	2026-09-13T17:55:16.5964423Z [command]"C:\Program Files\Git\bin\git.exe" submodule foreach --recursive "sh -c \"git config --local --name-only --get-regexp 'core\.sshCommand' && git config --local --unset-all 'core.sshCommand' || :\""
Action policy / windows-latest / Python 3.14	UNKNOWN STEP	2026-09-13T17:55:17.1413105Z Removing HTTP extra header
Action policy / windows-latest / Python 3.14	UNKNOWN STEP	2026-09-13T17:55:17.1423072Z [command]"C:\Program Files\Git\bin\git.exe" config --local --name-only --get-regexp http\.https\:\/\/github\.com\/\.extraheader
Action policy / windows-latest / Python 3.14	UNKNOWN STEP	2026-09-13T17:55:17.1729944Z [command]"C:\Program Files\Git\bin\git.exe" submodule foreach --recursive "sh -c \"git config --local --name-only --get-regexp 'http\.https\:\/\/github\.com\/\.extraheader' && git config --local --unset-all 'http.https://github.com/.extraheader' || :\""
Action policy / windows-latest / Python 3.14	UNKNOWN STEP	2026-09-13T17:55:17.7114900Z Removing includeIf entries pointing to credentials config files
Action policy / windows-latest / Python 3.14	UNKNOWN STEP	2026-09-13T17:55:17.7123761Z [command]"C:\Program Files\Git\bin\git.exe" config --local --name-only --get-regexp ^includeIf\.gitdir:
Action policy / windows-latest / Python 3.14	UNKNOWN STEP	2026-09-13T17:55:17.7388825Z includeif.gitdir:D:/a/Waveframe-Guard/Waveframe-Guard/.cloud-test-source/.git.path
Action policy / windows-latest / Python 3.14	UNKNOWN STEP	2026-09-13T17:55:17.7389977Z includeif.gitdir:D:/a/Waveframe-Guard/Waveframe-Guard/.cloud-test-source/.git/worktrees/*.path
Action policy / windows-latest / Python 3.14	UNKNOWN STEP	2026-09-13T17:55:17.7390672Z includeif.gitdir:/github/workspace/.cloud-test-source/.git.path
Action policy / windows-latest / Python 3.14	UNKNOWN STEP	2026-09-13T17:55:17.7391179Z includeif.gitdir:/github/workspace/.cloud-test-source/.git/worktrees/*.path
Action policy / windows-latest / Python 3.14	UNKNOWN STEP	2026-09-13T17:55:17.7433104Z [command]"C:\Program Files\Git\bin\git.exe" config --local --get-all includeif.gitdir:D:/a/Waveframe-Guard/Waveframe-Guard/.cloud-test-source/.git.path
Action policy / windows-latest / Python 3.14	UNKNOWN STEP	2026-09-13T17:55:17.7691202Z D:\a\_temp\git-credentials-3d701106-d38f-4206-a4fc-5a197ef548cd.config
Action policy / windows-latest / Python 3.14	UNKNOWN STEP	2026-09-13T17:55:17.7733573Z [command]"C:\Program Files\Git\bin\git.exe" config --local --unset includeif.gitdir:D:/a/Waveframe-Guard/Waveframe-Guard/.cloud-test-source/.git.path D\:\\a\\_temp\\git\-credentials\-3d701106\-d38f\-4206\-a4fc\-5a197ef548cd\.config
Action policy / windows-latest / Python 3.14	UNKNOWN STEP	2026-09-13T17:55:17.8051249Z [command]"C:\Program Files\Git\bin\git.exe" config --local --get-all includeif.gitdir:D:/a/Waveframe-Guard/Waveframe-Guard/.cloud-test-source/.git/worktrees/*.path
Action policy / windows-latest / Python 3.14	UNKNOWN STEP	2026-09-13T17:55:17.8308990Z D:\a\_temp\git-credentials-3d701106-d38f-4206-a4fc-5a197ef548cd.config
Action policy / windows-latest / Python 3.14	UNKNOWN STEP	2026-09-13T17:55:17.8358878Z [command]"C:\Program Files\Git\bin\git.exe" config --local --unset includeif.gitdir:D:/a/Waveframe-Guard/Waveframe-Guard/.cloud-test-source/.git/worktrees/*.path D\:\\a\\_temp\\git\-credentials\-3d701106\-d38f\-4206\-a4fc\-5a197ef548cd\.config
Action policy / windows-latest / Python 3.14	UNKNOWN STEP	2026-09-13T17:55:17.8660331Z [command]"C:\Program Files\Git\bin\git.exe" config --local --get-all includeif.gitdir:/github/workspace/.cloud-test-source/.git.path
Action policy / windows-latest / Python 3.14	UNKNOWN STEP	2026-09-13T17:55:17.8919226Z /github/runner_temp/git-credentials-3d701106-d38f-4206-a4fc-5a197ef548cd.config
Action policy / windows-latest / Python 3.14	UNKNOWN STEP	2026-09-13T17:55:17.8959933Z [command]"C:\Program Files\Git\bin\git.exe" config --local --unset includeif.gitdir:/github/workspace/.cloud-test-source/.git.path \/github\/runner_temp\/git\-credentials\-3d701106\-d38f\-4206\-a4fc\-5a197ef548cd\.config
Action policy / windows-latest / Python 3.14	UNKNOWN STEP	2026-09-13T17:55:17.9264966Z [command]"C:\Program Files\Git\bin\git.exe" config --local --get-all includeif.gitdir:/github/workspace/.cloud-test-source/.git/worktrees/*.path
Action policy / windows-latest / Python 3.14	UNKNOWN STEP	2026-09-13T17:55:17.9521208Z /github/runner_temp/git-credentials-3d701106-d38f-4206-a4fc-5a197ef548cd.config
Action policy / windows-latest / Python 3.14	UNKNOWN STEP	2026-09-13T17:55:17.9561740Z [command]"C:\Program Files\Git\bin\git.exe" config --local --unset includeif.gitdir:/github/workspace/.cloud-test-source/.git/worktrees/*.path \/github\/runner_temp\/git\-credentials\-3d701106\-d38f\-4206\-a4fc\-5a197ef548cd\.config
Action policy / windows-latest / Python 3.14	UNKNOWN STEP	2026-09-13T17:55:17.9860648Z [command]"C:\Program Files\Git\bin\git.exe" submodule foreach --recursive "git config --local --show-origin --name-only --get-regexp remote.origin.url"
Action policy / windows-latest / Python 3.14	UNKNOWN STEP	2026-09-13T17:55:18.5348890Z Removing credentials config 'D:\a\_temp\git-credentials-3d701106-d38f-4206-a4fc-5a197ef548cd.config'
Action policy / windows-latest / Python 3.14	UNKNOWN STEP	2026-09-13T17:55:18.5360897Z ##[endgroup]
Action policy / windows-latest / Python 3.14	UNKNOWN STEP	2026-09-13T17:55:18.5724856Z ##[group]Run actions/setup-python@ece7cb06caefa5fff74198d8649806c4678c61a1
Action policy / windows-latest / Python 3.14	UNKNOWN STEP	2026-09-13T17:55:18.5725583Z with:
Action policy / windows-latest / Python 3.14	UNKNOWN STEP	2026-09-13T17:55:18.5725886Z   python-version: 3.14
Action policy / windows-latest / Python 3.14	UNKNOWN STEP	2026-09-13T17:55:18.5726241Z   check-latest: false
Action policy / windows-latest / Python 3.14	UNKNOWN STEP	2026-09-13T17:55:18.5730784Z   token: ***
Action policy / windows-latest / Python 3.14	UNKNOWN STEP	2026-09-13T17:55:18.5731133Z   update-environment: true
Action policy / windows-latest / Python 3.14	UNKNOWN STEP	2026-09-13T17:55:18.5731525Z   allow-prereleases: false
Action policy / windows-latest / Python 3.14	UNKNOWN STEP	2026-09-13T17:55:18.5731903Z   freethreaded: false
Action policy / windows-latest / Python 3.14	UNKNOWN STEP	2026-09-13T17:55:18.5732241Z env:
Action policy / windows-latest / Python 3.14	UNKNOWN STEP	2026-09-13T17:55:18.5732536Z   CLOUD_TEST_ACCESS: true
Action policy / windows-latest / Python 3.14	UNKNOWN STEP	2026-09-13T17:55:18.5733019Z   pythonLocation: C:\hostedtoolcache\windows\Python\3.14.7\x64
Action policy / windows-latest / Python 3.14	UNKNOWN STEP	2026-09-13T17:55:18.5733801Z   PKG_CONFIG_PATH: C:\hostedtoolcache\windows\Python\3.14.7\x64/lib/pkgconfig
Action policy / windows-latest / Python 3.14	UNKNOWN STEP	2026-09-13T17:55:18.5734967Z   Python_ROOT_DIR: C:\hostedtoolcache\windows\Python\3.14.7\x64
Action policy / windows-latest / Python 3.14	UNKNOWN STEP	2026-09-13T17:55:18.5735692Z   Python2_ROOT_DIR: C:\hostedtoolcache\windows\Python\3.14.7\x64
Action policy / windows-latest / Python 3.14	UNKNOWN STEP	2026-09-13T17:55:18.5736570Z   Python3_ROOT_DIR: C:\hostedtoolcache\windows\Python\3.14.7\x64
Action policy / windows-latest / Python 3.14	UNKNOWN STEP	2026-09-13T17:55:18.5737159Z ##[endgroup]
Action policy / windows-latest / Python 3.14	UNKNOWN STEP	2026-09-13T17:55:18.7499660Z ##[group]Installed versions
Action policy / windows-latest / Python 3.14	UNKNOWN STEP	2026-09-13T17:55:18.7603222Z Successfully set up CPython (3.14.7)
Action policy / windows-latest / Python 3.14	UNKNOWN STEP	2026-09-13T17:55:18.7603983Z ##[endgroup]
Action policy / windows-latest / Python 3.14	UNKNOWN STEP	2026-09-13T17:55:18.7888682Z ##[group]Run python -c "import os,subprocess; subprocess.run([os.environ['SDK_PYTHON'], 'tools/acceptance/native_cloud_package.py', '--wheel', 'acceptance-output/package/waveframe_guard-0.19.0-py3-none-any.whl', '--output', 'acceptance-output/connected', '--cloud-source', '.cloud-test-source', '--server-base-python', os.environ['CLOUD_PYTHON']], check=True)"
Action policy / windows-latest / Python 3.14	UNKNOWN STEP	2026-09-13T17:55:18.7891206Z ^[[36;1mpython -c "import os,subprocess; subprocess.run([os.environ['SDK_PYTHON'], 'tools/acceptance/native_cloud_package.py', '--wheel', 'acceptance-output/package/waveframe_guard-0.19.0-py3-none-any.whl', '--output', 'acceptance-output/connected', '--cloud-source', '.cloud-test-source', '--server-base-python', os.environ['CLOUD_PYTHON']], check=True)"^[[0m
Action policy / windows-latest / Python 3.14	UNKNOWN STEP	2026-09-13T17:55:18.7970554Z shell: C:\Program Files\PowerShell\7\pwsh.EXE -command ". '{0}'"
Action policy / windows-latest / Python 3.14	UNKNOWN STEP	2026-09-13T17:55:18.7970897Z env:
Action policy / windows-latest / Python 3.14	UNKNOWN STEP	2026-09-13T17:55:18.7971072Z   CLOUD_TEST_ACCESS: true
Action policy / windows-latest / Python 3.14	UNKNOWN STEP	2026-09-13T17:55:18.7971411Z   pythonLocation: C:\hostedtoolcache\windows\Python\3.14.7\x64
Action policy / windows-latest / Python 3.14	UNKNOWN STEP	2026-09-13T17:55:18.7971868Z   PKG_CONFIG_PATH: C:\hostedtoolcache\windows\Python\3.14.7\x64/lib/pkgconfig
Action policy / windows-latest / Python 3.14	UNKNOWN STEP	2026-09-13T17:55:18.7972316Z   Python_ROOT_DIR: C:\hostedtoolcache\windows\Python\3.14.7\x64
Action policy / windows-latest / Python 3.14	UNKNOWN STEP	2026-09-13T17:55:18.7972713Z   Python2_ROOT_DIR: C:\hostedtoolcache\windows\Python\3.14.7\x64
Action policy / windows-latest / Python 3.14	UNKNOWN STEP	2026-09-13T17:55:18.7973109Z   Python3_ROOT_DIR: C:\hostedtoolcache\windows\Python\3.14.7\x64
Action policy / windows-latest / Python 3.14	UNKNOWN STEP	2026-09-13T17:55:18.7973508Z   SDK_PYTHON: C:\hostedtoolcache\windows\Python\3.14.7\x64\python.exe
Action policy / windows-latest / Python 3.14	UNKNOWN STEP	2026-09-13T17:55:18.7973930Z   CLOUD_PYTHON: C:\hostedtoolcache\windows\Python\3.14.7\x64\python.exe
Action policy / windows-latest / Python 3.14	UNKNOWN STEP	2026-09-13T17:55:18.7974272Z ##[endgroup]
Action policy / windows-latest / Python 3.14	UNKNOWN STEP	2026-09-13T17:55:23.9326784Z Processing D:\a\Waveframe-Guard\Waveframe-Guard\acceptance-output\package\waveframe_guard-0.19.0-py3-none-any.whl
Action policy / windows-latest / Python 3.14	UNKNOWN STEP	2026-09-13T17:55:23.9598470Z Collecting cricore-contract-compiler @ git+https://github.com/Waveframe-Labs/cricore-contract-compiler.git@ae590dee058d3481e384dea850d5b7d980f533ff (from -r D:\a\Waveframe-Guard\Waveframe-Guard\.github\requirements\action-policy-release.txt (line 4))
Action policy / windows-latest / Python 3.14	UNKNOWN STEP	2026-09-13T17:55:23.9600740Z   Using cached cricore_contract_compiler-0.5.0-py3-none-any.whl
Action policy / windows-latest / Python 3.14	UNKNOWN STEP	2026-09-13T17:55:23.9629178Z Collecting governance-ledger @ git+https://github.com/Waveframe-Labs/Waveframe-Ledger.git@3cc34e7b3cb6efca5102e0e22d559ec0c0fd583f (from -r D:\a\Waveframe-Guard\Waveframe-Guard\.github\requirements\action-policy-release.txt (line 5))
Action policy / windows-latest / Python 3.14	UNKNOWN STEP	2026-09-13T17:55:23.9631229Z   Using cached governance_ledger-0.9.0-py3-none-any.whl
Action policy / windows-latest / Python 3.14	UNKNOWN STEP	2026-09-13T17:55:23.9699051Z Collecting cricore<0.15.0,>=0.13.0 (from -r D:\a\Waveframe-Guard\Waveframe-Guard\.github\requirements\action-policy-release.txt (line 2))
Action policy / windows-latest / Python 3.14	UNKNOWN STEP	2026-09-13T17:55:23.9722226Z   Using cached cricore-0.14.0-py3-none-any.whl.metadata (9.2 kB)
Action policy / windows-latest / Python 3.14	UNKNOWN STEP	2026-09-13T17:55:23.9784378Z Collecting cricore-proposal-normalizer==0.2.0 (from -r D:\a\Waveframe-Guard\Waveframe-Guard\.github\requirements\action-policy-release.txt (line 3))
Action policy / windows-latest / Python 3.14	UNKNOWN STEP	2026-09-13T17:55:23.9804644Z   Using cached cricore_proposal_normalizer-0.2.0-py3-none-any.whl.metadata (4.6 kB)
Action policy / windows-latest / Python 3.14	UNKNOWN STEP	2026-09-13T17:55:23.9980525Z Collecting requests<3.0.0,>=2.33.0 (from waveframe-guard==0.19.0)
Action policy / windows-latest / Python 3.14	UNKNOWN STEP	2026-09-13T17:55:24.0001240Z   Using cached requests-2.34.2-py3-none-any.whl.metadata (4.8 kB)
Action policy / windows-latest / Python 3.14	UNKNOWN STEP	2026-09-13T17:55:24.0204816Z Collecting jsonschema>=4 (from cricore-contract-compiler @ git+https://github.com/Waveframe-Labs/cricore-contract-compiler.git@ae590dee058d3481e384dea850d5b7d980f533ff->-r D:\a\Waveframe-Guard\Waveframe-Guard\.github\requirements\action-policy-release.txt (line 4))
Action policy / windows-latest / Python 3.14	UNKNOWN STEP	2026-09-13T17:55:24.0226665Z   Using cached jsonschema-4.26.0-py3-none-any.whl.metadata (7.6 kB)
Action policy / windows-latest / Python 3.14	UNKNOWN STEP	2026-09-13T17:55:24.1501696Z Collecting charset_normalizer<4,>=2 (from requests<3.0.0,>=2.33.0->waveframe-guard==0.19.0)
Action policy / windows-latest / Python 3.14	UNKNOWN STEP	2026-09-13T17:55:24.1525347Z   Using cached charset_normalizer-3.5.1-cp314-cp314-win_amd64.whl.metadata (46 kB)
Action policy / windows-latest / Python 3.14	UNKNOWN STEP	2026-09-13T17:55:24.1649676Z Collecting idna<4,>=2.5 (from requests<3.0.0,>=2.33.0->waveframe-guard==0.19.0)
Action policy / windows-latest / Python 3.14	UNKNOWN STEP	2026-09-13T17:55:24.1673327Z   Using cached idna-3.19-py3-none-any.whl.metadata (9.2 kB)
Action policy / windows-latest / Python 3.14	UNKNOWN STEP	2026-09-13T17:55:24.1837832Z Collecting urllib3<3,>=1.26 (from requests<3.0.0,>=2.33.0->waveframe-guard==0.19.0)
Action policy / windows-latest / Python 3.14	UNKNOWN STEP	2026-09-13T17:55:24.1858474Z   Using cached urllib3-2.7.0-py3-none-any.whl.metadata (6.9 kB)
Action policy / windows-latest / Python 3.14	UNKNOWN STEP	2026-09-13T17:55:24.1986485Z Collecting certifi>=2023.5.7 (from requests<3.0.0,>=2.33.0->waveframe-guard==0.19.0)
Action policy / windows-latest / Python 3.14	UNKNOWN STEP	2026-09-13T17:55:24.2006970Z   Using cached certifi-2026.7.22-py3-none-any.whl.metadata (2.5 kB)
Action policy / windows-latest / Python 3.14	UNKNOWN STEP	2026-09-13T17:55:24.2108447Z Collecting attrs>=22.2.0 (from jsonschema>=4->cricore-contract-compiler @ git+https://github.com/Waveframe-Labs/cricore-contract-compiler.git@ae590dee058d3481e384dea850d5b7d980f533ff->-r D:\a\Waveframe-Guard\Waveframe-Guard\.github\requirements\action-policy-release.txt (line 4))
Action policy / windows-latest / Python 3.14	UNKNOWN STEP	2026-09-13T17:55:24.2128824Z   Using cached attrs-26.1.0-py3-none-any.whl.metadata (8.8 kB)
Action policy / windows-latest / Python 3.14	UNKNOWN STEP	2026-09-13T17:55:24.2213320Z Collecting jsonschema-specifications>=2023.03.6 (from jsonschema>=4->cricore-contract-compiler @ git+https://github.com/Waveframe-Labs/cricore-contract-compiler.git@ae590dee058d3481e384dea850d5b7d980f533ff->-r D:\a\Waveframe-Guard\Waveframe-Guard\.github\requirements\action-policy-release.txt (line 4))
Action policy / windows-latest / Python 3.14	UNKNOWN STEP	2026-09-13T17:55:24.2232771Z   Using cached jsonschema_specifications-2025.9.1-py3-none-any.whl.metadata (2.9 kB)
Action policy / windows-latest / Python 3.14	UNKNOWN STEP	2026-09-13T17:55:24.2442598Z Collecting referencing>=0.28.4 (from jsonschema>=4->cricore-contract-compiler @ git+https://github.com/Waveframe-Labs/cricore-contract-compiler.git@ae590dee058d3481e384dea850d5b7d980f533ff->-r D:\a\Waveframe-Guard\Waveframe-Guard\.github\requirements\action-policy-release.txt (line 4))
Action policy / windows-latest / Python 3.14	UNKNOWN STEP	2026-09-13T17:55:24.2462368Z   Using cached referencing-0.37.0-py3-none-any.whl.metadata (2.8 kB)
Action policy / windows-latest / Python 3.14	UNKNOWN STEP	2026-09-13T17:55:24.5264004Z Collecting rpds-py>=0.25.0 (from jsonschema>=4->cricore-contract-compiler @ git+https://github.com/Waveframe-Labs/cricore-contract-compiler.git@ae590dee058d3481e384dea850d5b7d980f533ff->-r D:\a\Waveframe-Guard\Waveframe-Guard\.github\requirements\action-policy-release.txt (line 4))
Action policy / windows-latest / Python 3.14	UNKNOWN STEP	2026-09-13T17:55:24.5287364Z   Using cached rpds_py-2026.6.3-cp314-cp314-win_amd64.whl.metadata (4.2 kB)
Action policy / windows-latest / Python 3.14	UNKNOWN STEP	2026-09-13T17:55:24.5374933Z Using cached cricore_proposal_normalizer-0.2.0-py3-none-any.whl (10 kB)
Action policy / windows-latest / Python 3.14	UNKNOWN STEP	2026-09-13T17:55:24.5411396Z Using cached cricore-0.14.0-py3-none-any.whl (45 kB)
Action policy / windows-latest / Python 3.14	UNKNOWN STEP	2026-09-13T17:55:24.5430123Z Using cached requests-2.34.2-py3-none-any.whl (73 kB)
Action policy / windows-latest / Python 3.14	UNKNOWN STEP	2026-09-13T17:55:24.5449205Z Using cached charset_normalizer-3.5.1-cp314-cp314-win_amd64.whl (204 kB)
Action policy / windows-latest / Python 3.14	UNKNOWN STEP	2026-09-13T17:55:24.5470116Z Using cached idna-3.19-py3-none-any.whl (68 kB)
Action policy / windows-latest / Python 3.14	UNKNOWN STEP	2026-09-13T17:55:24.5488813Z Using cached urllib3-2.7.0-py3-none-any.whl (131 kB)
Action policy / windows-latest / Python 3.14	UNKNOWN STEP	2026-09-13T17:55:24.5507519Z Using cached certifi-2026.7.22-py3-none-any.whl (136 kB)
Action policy / windows-latest / Python 3.14	UNKNOWN STEP	2026-09-13T17:55:24.5526478Z Using cached jsonschema-4.26.0-py3-none-any.whl (90 kB)
Action policy / windows-latest / Python 3.14	UNKNOWN STEP	2026-09-13T17:55:24.5545145Z Using cached attrs-26.1.0-py3-none-any.whl (67 kB)
Action policy / windows-latest / Python 3.14	UNKNOWN STEP	2026-09-13T17:55:24.5563485Z Using cached jsonschema_specifications-2025.9.1-py3-none-any.whl (18 kB)
Action policy / windows-latest / Python 3.14	UNKNOWN STEP	2026-09-13T17:55:24.5582238Z Using cached referencing-0.37.0-py3-none-any.whl (26 kB)
Action policy / windows-latest / Python 3.14	UNKNOWN STEP	2026-09-13T17:55:24.5600073Z Using cached rpds_py-2026.6.3-cp314-cp314-win_amd64.whl (220 kB)
Action policy / windows-latest / Python 3.14	UNKNOWN STEP	2026-09-13T17:55:24.6431280Z Installing collected packages: urllib3, rpds-py, idna, cricore-proposal-normalizer, cricore, charset_normalizer, certifi, attrs, requests, referencing, jsonschema-specifications, jsonschema, cricore-contract-compiler, governance-ledger, waveframe-guard
Action policy / windows-latest / Python 3.14	UNKNOWN STEP	2026-09-13T17:55:27.5339965Z 
Action policy / windows-latest / Python 3.14	UNKNOWN STEP	2026-09-13T17:55:27.5365341Z Successfully installed attrs-26.1.0 certifi-2026.7.22 charset_normalizer-3.5.1 cricore-0.14.0 cricore-contract-compiler-0.5.0 cricore-proposal-normalizer-0.2.0 governance-ledger-0.9.0 idna-3.19 jsonschema-4.26.0 jsonschema-specifications-2025.9.1 referencing-0.37.0 requests-2.34.2 rpds-py-2026.6.3 urllib3-2.7.0 waveframe-guard-0.19.0
Action policy / windows-latest / Python 3.14	UNKNOWN STEP	2026-09-13T17:55:33.1551656Z Collecting cricore-contract-compiler @ git+https://github.com/Waveframe-Labs/cricore-contract-compiler.git@3b91fcc03c804804b2ace7302f37340a787496d9 (from -r D:\a\Waveframe-Guard\Waveframe-Guard\.cloud-test-source\requirements-action-policy-dev.txt (line 4))
Action policy / windows-latest / Python 3.14	UNKNOWN STEP	2026-09-13T17:55:33.1557052Z   Cloning https://github.com/Waveframe-Labs/cricore-contract-compiler.git (to revision 3b91fcc03c804804b2ace7302f37340a787496d9) to C:\Users\runneradmin\AppData\Local\Temp\pip-install-4chpc6zy\cricore-contract-compiler_b08fda08bd0c4e71a0c95a614ece178c
Action policy / windows-latest / Python 3.14	UNKNOWN STEP	2026-09-13T17:55:33.1882250Z   Running command git clone --filter=blob:none --quiet https://github.com/Waveframe-Labs/cricore-contract-compiler.git 'C:\Users\runneradmin\AppData\Local\Temp\pip-install-4chpc6zy\cricore-contract-compiler_b08fda08bd0c4e71a0c95a614ece178c'
Action policy / windows-latest / Python 3.14	UNKNOWN STEP	2026-09-13T17:55:34.0160404Z   Running command git rev-parse -q --verify '3b91fcc03c804804b2ace7302f37340a787496d9^{commit}'
Action policy / windows-latest / Python 3.14	UNKNOWN STEP	2026-09-13T17:55:34.0458608Z   3b91fcc03c804804b2ace7302f37340a787496d9
Action policy / windows-latest / Python 3.14	UNKNOWN STEP	2026-09-13T17:55:34.0842370Z   Running command git checkout -q 3b91fcc03c804804b2ace7302f37340a787496d9
Action policy / windows-latest / Python 3.14	UNKNOWN STEP	2026-09-13T17:55:34.4501437Z   Resolved https://github.com/Waveframe-Labs/cricore-contract-compiler.git to commit 3b91fcc03c804804b2ace7302f37340a787496d9
Action policy / windows-latest / Python 3.14	UNKNOWN STEP	2026-09-13T17:55:34.4841181Z   Installing build dependencies: started
Action policy / windows-latest / Python 3.14	UNKNOWN STEP	2026-09-13T17:55:35.9055260Z   Installing build dependencies: finished with status 'done'
Action policy / windows-latest / Python 3.14	UNKNOWN STEP	2026-09-13T17:55:35.9075913Z   Getting requirements to build wheel: started
Action policy / windows-latest / Python 3.14	UNKNOWN STEP	2026-09-13T17:55:36.7755467Z   Getting requirements to build wheel: finished with status 'done'
Action policy / windows-latest / Python 3.14	UNKNOWN STEP	2026-09-13T17:55:36.7788332Z   Preparing metadata (pyproject.toml): started
Action policy / windows-latest / Python 3.14	UNKNOWN STEP	2026-09-13T17:55:37.1621875Z   Preparing metadata (pyproject.toml): finished with status 'done'
Action policy / windows-latest / Python 3.14	UNKNOWN STEP	2026-09-13T17:55:37.1669605Z Collecting governance-ledger @ git+https://github.com/Waveframe-Labs/Waveframe-Ledger.git@54379d9c8044544fc1b8f32109bdfce35c1c6a05 (from -r D:\a\Waveframe-Guard\Waveframe-Guard\.cloud-test-source\requirements-action-policy-dev.txt (line 5))
Action policy / windows-latest / Python 3.14	UNKNOWN STEP	2026-09-13T17:55:37.1675183Z   Cloning https://github.com/Waveframe-Labs/Waveframe-Ledger.git (to revision 54379d9c8044544fc1b8f32109bdfce35c1c6a05) to C:\Users\runneradmin\AppData\Local\Temp\pip-install-4chpc6zy\governance-ledger_ea8cfa56aa7647a499364ba70fa0898b
Action policy / windows-latest / Python 3.14	UNKNOWN STEP	2026-09-13T17:55:37.1982112Z   Running command git clone --filter=blob:none --quiet https://github.com/Waveframe-Labs/Waveframe-Ledger.git 'C:\Users\runneradmin\AppData\Local\Temp\pip-install-4chpc6zy\governance-ledger_ea8cfa56aa7647a499364ba70fa0898b'
Action policy / windows-latest / Python 3.14	UNKNOWN STEP	2026-09-13T17:55:38.5710609Z   Running command git rev-parse -q --verify '54379d9c8044544fc1b8f32109bdfce35c1c6a05^{commit}'
Action policy / windows-latest / Python 3.14	UNKNOWN STEP	2026-09-13T17:55:38.5976354Z   54379d9c8044544fc1b8f32109bdfce35c1c6a05
Action policy / windows-latest / Python 3.14	UNKNOWN STEP	2026-09-13T17:55:38.6295300Z   Running command git checkout -q 54379d9c8044544fc1b8f32109bdfce35c1c6a05
Action policy / windows-latest / Python 3.14	UNKNOWN STEP	2026-09-13T17:55:39.1391284Z   Resolved https://github.com/Waveframe-Labs/Waveframe-Ledger.git to commit 54379d9c8044544fc1b8f32109bdfce35c1c6a05
Action policy / windows-latest / Python 3.14	UNKNOWN STEP	2026-09-13T17:55:39.1755920Z   Installing build dependencies: started
Action policy / windows-latest / Python 3.14	UNKNOWN STEP	2026-09-13T17:55:40.2304206Z   Installing build dependencies: finished with status 'done'
Action policy / windows-latest / Python 3.14	UNKNOWN STEP	2026-09-13T17:55:40.2323149Z   Getting requirements to build wheel: started
Action policy / windows-latest / Python 3.14	UNKNOWN STEP	2026-09-13T17:55:41.3205450Z   Getting requirements to build wheel: finished with status 'done'
Action policy / windows-latest / Python 3.14	UNKNOWN STEP	2026-09-13T17:55:41.3243120Z   Preparing metadata (pyproject.toml): started
Action policy / windows-latest / Python 3.14	UNKNOWN STEP	2026-09-13T17:55:41.7470010Z   Preparing metadata (pyproject.toml): finished with status 'done'
Action policy / windows-latest / Python 3.14	UNKNOWN STEP	2026-09-13T17:55:41.9101282Z Collecting governance-ledger==0.8.0 (from -r D:\a\Waveframe-Guard\Waveframe-Guard\.cloud-test-source\requirements.txt (line 4))
Action policy / windows-latest / Python 3.14	UNKNOWN STEP	2026-09-13T17:55:41.9537454Z   Downloading governance_ledger-0.8.0-py3-none-any.whl.metadata (35 kB)
Action policy / windows-latest / Python 3.14	UNKNOWN STEP	2026-09-13T17:55:42.0665660Z Collecting openai==3.8.0 (from -r D:\a\Waveframe-Guard\Waveframe-Guard\.cloud-test-source\requirements.txt (line 7))
Action policy / windows-latest / Python 3.14	UNKNOWN STEP	2026-09-13T17:55:42.0712265Z   Downloading openai-3.8.0-py3-none-any.whl.metadata (41 kB)
Action policy / windows-latest / Python 3.14	UNKNOWN STEP	2026-09-13T17:55:42.1288660Z Collecting pytest (from -r D:\a\Waveframe-Guard\Waveframe-Guard\.cloud-test-source\requirements.txt (line 13))
Action policy / windows-latest / Python 3.14	UNKNOWN STEP	2026-09-13T17:55:42.1311890Z   Using cached pytest-9.1.1-py3-none-any.whl.metadata (7.6 kB)
Action policy / windows-latest / Python 3.14	UNKNOWN STEP	2026-09-13T17:55:42.1652001Z Collecting psycopg[binary] (from -r D:\a\Waveframe-Guard\Waveframe-Guard\.cloud-test-source\requirements.txt (line 10))
Action policy / windows-latest / Python 3.14	UNKNOWN STEP	2026-09-13T17:55:42.1699913Z   Downloading psycopg-3.3.5-py3-none-any.whl.metadata (4.3 kB)
Action policy / windows-latest / Python 3.14	UNKNOWN STEP	2026-09-13T17:55:42.2401925Z Collecting jsonschema>=4 (from cricore-contract-compiler @ git+https://github.com/Waveframe-Labs/cricore-contract-compiler.git@3b91fcc03c804804b2ace7302f37340a787496d9->-r D:\a\Waveframe-Guard\Waveframe-Guard\.cloud-test-source\requirements-action-policy-dev.txt (line 4))
Action policy / windows-latest / Python 3.14	UNKNOWN STEP	2026-09-13T17:55:42.2423434Z   Using cached jsonschema-4.26.0-py3-none-any.whl.metadata (7.6 kB)
Action policy / windows-latest / Python 3.14	UNKNOWN STEP	2026-09-13T17:55:42.2872713Z Collecting anyio<5,>=4.10.0 (from openai==3.8.0->-r D:\a\Waveframe-Guard\Waveframe-Guard\.cloud-test-source\requirements.txt (line 7))
Action policy / windows-latest / Python 3.14	UNKNOWN STEP	2026-09-13T17:55:42.2915973Z   Downloading anyio-4.15.1-py3-none-any.whl.metadata (4.7 kB)
Action policy / windows-latest / Python 3.14	UNKNOWN STEP	2026-09-13T17:55:42.3398339Z Collecting httpx2<3,>=2.7.0 (from openai==3.8.0->-r D:\a\Waveframe-Guard\Waveframe-Guard\.cloud-test-source\requirements.txt (line 7))
Action policy / windows-latest / Python 3.14	UNKNOWN STEP	2026-09-13T17:55:42.3439858Z   Downloading httpx2-2.12.0-py3-none-any.whl.metadata (9.5 kB)
Action policy / windows-latest / Python 3.14	UNKNOWN STEP	2026-09-13T17:55:42.5643147Z Collecting jiter<1,>=0.16.0 (from openai==3.8.0->-r D:\a\Waveframe-Guard\Waveframe-Guard\.cloud-test-source\requirements.txt (line 7))
Action policy / windows-latest / Python 3.14	UNKNOWN STEP	2026-09-13T17:55:42.5700272Z   Downloading jiter-0.17.0-cp314-cp314-win_amd64.whl.metadata (5.3 kB)
Action policy / windows-latest / Python 3.14	UNKNOWN STEP	2026-09-13T17:55:42.7713842Z Collecting pydantic!=2.0.*,!=2.1.*,!=2.2.*,!=2.3.*,<3,>=1.10.13 (from openai==3.8.0->-r D:\a\Waveframe-Guard\Waveframe-Guard\.cloud-test-source\requirements.txt (line 7))
Action policy / windows-latest / Python 3.14	UNKNOWN STEP	2026-09-13T17:55:42.7762300Z   Downloading pydantic-2.13.5-py3-none-any.whl.metadata (110 kB)
Action policy / windows-latest / Python 3.14	UNKNOWN STEP	2026-09-13T17:55:42.8327851Z Collecting sniffio (from openai==3.8.0->-r D:\a\Waveframe-Guard\Waveframe-Guard\.cloud-test-source\requirements.txt (line 7))
Action policy / windows-latest / Python 3.14	UNKNOWN STEP	2026-09-13T17:55:42.8372407Z   Downloading sniffio-1.3.1-py3-none-any.whl.metadata (3.9 kB)
Action policy / windows-latest / Python 3.14	UNKNOWN STEP	2026-09-13T17:55:42.8795518Z Collecting typing-extensions<5,>=4.14 (from openai==3.8.0->-r D:\a\Waveframe-Guard\Waveframe-Guard\.cloud-test-source\requirements.txt (line 7))
Action policy / windows-latest / Python 3.14	UNKNOWN STEP	2026-09-13T17:55:42.8842167Z   Downloading typing_extensions-4.16.0-py3-none-any.whl.metadata (3.3 kB)
Action policy / windows-latest / Python 3.14	UNKNOWN STEP	2026-09-13T17:55:42.9205943Z Collecting idna>=2.8 (from anyio<5,>=4.10.0->openai==3.8.0->-r D:\a\Waveframe-Guard\Waveframe-Guard\.cloud-test-source\requirements.txt (line 7))
Action policy / windows-latest / Python 3.14	UNKNOWN STEP	2026-09-13T17:55:42.9234905Z   Using cached idna-3.19-py3-none-any.whl.metadata (9.2 kB)
Action policy / windows-latest / Python 3.14	UNKNOWN STEP	2026-09-13T17:55:42.9596538Z Collecting httpcore2==2.12.0 (from httpx2<3,>=2.7.0->openai==3.8.0->-r D:\a\Waveframe-Guard\Waveframe-Guard\.cloud-test-source\requirements.txt (line 7))
Action policy / windows-latest / Python 3.14	UNKNOWN STEP	2026-09-13T17:55:42.9652727Z   Downloading httpcore2-2.12.0-py3-none-any.whl.metadata (25 kB)
Action policy / windows-latest / Python 3.14	UNKNOWN STEP	2026-09-13T17:55:43.1648853Z Collecting truststore>=0.10 (from httpx2<3,>=2.7.0->openai==3.8.0->-r D:\a\Waveframe-Guard\Waveframe-Guard\.cloud-test-source\requirements.txt (line 7))
Action policy / windows-latest / Python 3.14	UNKNOWN STEP	2026-09-13T17:55:43.1692556Z   Downloading truststore-0.10.4-py3-none-any.whl.metadata (4.4 kB)
Action policy / windows-latest / Python 3.14	UNKNOWN STEP	2026-09-13T17:55:43.2849977Z Collecting h11>=0.16 (from httpcore2==2.12.0->httpx2<3,>=2.7.0->openai==3.8.0->-r D:\a\Waveframe-Guard\Waveframe-Guard\.cloud-test-source\requirements.txt (line 7))
Action policy / windows-latest / Python 3.14	UNKNOWN STEP	2026-09-13T17:55:43.2894828Z   Downloading h11-0.16.0-py3-none-any.whl.metadata (8.3 kB)
Action policy / windows-latest / Python 3.14	UNKNOWN STEP	2026-09-13T17:55:43.3601251Z Collecting annotated-types>=0.6.0 (from pydantic!=2.0.*,!=2.1.*,!=2.2.*,!=2.3.*,<3,>=1.10.13->openai==3.8.0->-r D:\a\Waveframe-Guard\Waveframe-Guard\.cloud-test-source\requirements.txt (line 7))
Action policy / windows-latest / Python 3.14	UNKNOWN STEP	2026-09-13T17:55:43.3646163Z   Downloading annotated_types-0.8.0-py3-none-any.whl.metadata (15 kB)
Action policy / windows-latest / Python 3.14	UNKNOWN STEP	2026-09-13T17:55:44.1485641Z Collecting pydantic-core==2.46.5 (from pydantic!=2.0.*,!=2.1.*,!=2.2.*,!=2.3.*,<3,>=1.10.13->openai==3.8.0->-r D:\a\Waveframe-Guard\Waveframe-Guard\.cloud-test-source\requirements.txt (line 7))
Action policy / windows-latest / Python 3.14	UNKNOWN STEP	2026-09-13T17:55:44.1563331Z   Downloading pydantic_core-2.46.5-cp314-cp314-win_amd64.whl.metadata (6.7 kB)
Action policy / windows-latest / Python 3.14	UNKNOWN STEP	2026-09-13T17:55:44.2035426Z Collecting typing-inspection>=0.4.2 (from pydantic!=2.0.*,!=2.1.*,!=2.2.*,!=2.3.*,<3,>=1.10.13->openai==3.8.0->-r D:\a\Waveframe-Guard\Waveframe-Guard\.cloud-test-source\requirements.txt (line 7))
Action policy / windows-latest / Python 3.14	UNKNOWN STEP	2026-09-13T17:55:44.2077362Z   Downloading typing_inspection-0.4.4-py3-none-any.whl.metadata (2.6 kB)
Action policy / windows-latest / Python 3.14	UNKNOWN STEP	2026-09-13T17:55:44.2475522Z Collecting tzdata (from psycopg[binary]->-r D:\a\Waveframe-Guard\Waveframe-Guard\.cloud-test-source\requirements.txt (line 10))
Action policy / windows-latest / Python 3.14	UNKNOWN STEP	2026-09-13T17:55:44.2515736Z   Downloading tzdata-2026.4-py2.py3-none-any.whl.metadata (1.4 kB)
Action policy / windows-latest / Python 3.14	UNKNOWN STEP	2026-09-13T17:55:44.4595677Z Collecting psycopg-binary==3.3.5 (from psycopg[binary]->-r D:\a\Waveframe-Guard\Waveframe-Guard\.cloud-test-source\requirements.txt (line 10))
Action policy / windows-latest / Python 3.14	UNKNOWN STEP	2026-09-13T17:55:44.4647228Z   Downloading psycopg_binary-3.3.5-cp314-cp314-win_amd64.whl.metadata (2.7 kB)
Action policy / windows-latest / Python 3.14	UNKNOWN STEP	2026-09-13T17:55:44.4896360Z Collecting colorama>=0.4 (from pytest->-r D:\a\Waveframe-Guard\Waveframe-Guard\.cloud-test-source\requirements.txt (line 13))
Action policy / windows-latest / Python 3.14	UNKNOWN STEP	2026-09-13T17:55:44.4925816Z   Using cached colorama-0.4.6-py2.py3-none-any.whl.metadata (17 kB)
Action policy / windows-latest / Python 3.14	UNKNOWN STEP	2026-09-13T17:55:44.4989376Z Collecting iniconfig>=1.0.1 (from pytest->-r D:\a\Waveframe-Guard\Waveframe-Guard\.cloud-test-source\requirements.txt (line 13))
Action policy / windows-latest / Python 3.14	UNKNOWN STEP	2026-09-13T17:55:44.5009398Z   Using cached iniconfig-2.3.0-py3-none-any.whl.metadata (2.5 kB)
Action policy / windows-latest / Python 3.14	UNKNOWN STEP	2026-09-13T17:55:44.5111377Z Collecting packaging>=22 (from pytest->-r D:\a\Waveframe-Guard\Waveframe-Guard\.cloud-test-source\requirements.txt (line 13))
Action policy / windows-latest / Python 3.14	UNKNOWN STEP	2026-09-13T17:55:44.5132036Z   Using cached packaging-26.3-py3-none-any.whl.metadata (3.5 kB)
Action policy / windows-latest / Python 3.14	UNKNOWN STEP	2026-09-13T17:55:44.5204085Z Collecting pluggy<2,>=1.5 (from pytest->-r D:\a\Waveframe-Guard\Waveframe-Guard\.cloud-test-source\requirements.txt (line 13))
Action policy / windows-latest / Python 3.14	UNKNOWN STEP	2026-09-13T17:55:44.5224181Z   Using cached pluggy-1.6.0-py3-none-any.whl.metadata (4.8 kB)
Action policy / windows-latest / Python 3.14	UNKNOWN STEP	2026-09-13T17:55:44.5356291Z Collecting pygments>=2.7.2 (from pytest->-r D:\a\Waveframe-Guard\Waveframe-Guard\.cloud-test-source\requirements.txt (line 13))
Action policy / windows-latest / Python 3.14	UNKNOWN STEP	2026-09-13T17:55:44.5376829Z   Using cached pygments-2.21.0-py3-none-any.whl.metadata (2.5 kB)
Action policy / windows-latest / Python 3.14	UNKNOWN STEP	2026-09-13T17:55:44.5488165Z Collecting attrs>=22.2.0 (from jsonschema>=4->cricore-contract-compiler @ git+https://github.com/Waveframe-Labs/cricore-contract-compiler.git@3b91fcc03c804804b2ace7302f37340a787496d9->-r D:\a\Waveframe-Guard\Waveframe-Guard\.cloud-test-source\requirements-action-policy-dev.txt (line 4))
Action policy / windows-latest / Python 3.14	UNKNOWN STEP	2026-09-13T17:55:44.5507972Z   Using cached attrs-26.1.0-py3-none-any.whl.metadata (8.8 kB)
Action policy / windows-latest / Python 3.14	UNKNOWN STEP	2026-09-13T17:55:44.5593724Z Collecting jsonschema-specifications>=2023.03.6 (from jsonschema>=4->cricore-contract-compiler @ git+https://github.com/Waveframe-Labs/cricore-contract-compiler.git@3b91fcc03c804804b2ace7302f37340a787496d9->-r D:\a\Waveframe-Guard\Waveframe-Guard\.cloud-test-source\requirements-action-policy-dev.txt (line 4))
Action policy / windows-latest / Python 3.14	UNKNOWN STEP	2026-09-13T17:55:44.5616137Z   Using cached jsonschema_specifications-2025.9.1-py3-none-any.whl.metadata (2.9 kB)
Action policy / windows-latest / Python 3.14	UNKNOWN STEP	2026-09-13T17:55:44.5772443Z Collecting referencing>=0.28.4 (from jsonschema>=4->cricore-contract-compiler @ git+https://github.com/Waveframe-Labs/cricore-contract-compiler.git@3b91fcc03c804804b2ace7302f37340a787496d9->-r D:\a\Waveframe-Guard\Waveframe-Guard\.cloud-test-source\requirements-action-policy-dev.txt (line 4))
Action policy / windows-latest / Python 3.14	UNKNOWN STEP	2026-09-13T17:55:44.5792448Z   Using cached referencing-0.37.0-py3-none-any.whl.metadata (2.8 kB)
Action policy / windows-latest / Python 3.14	UNKNOWN STEP	2026-09-13T17:55:44.8718025Z Collecting rpds-py>=0.25.0 (from jsonschema>=4->cricore-contract-compiler @ git+https://github.com/Waveframe-Labs/cricore-contract-compiler.git@3b91fcc03c804804b2ace7302f37340a787496d9->-r D:\a\Waveframe-Guard\Waveframe-Guard\.cloud-test-source\requirements-action-policy-dev.txt (line 4))
Action policy / windows-latest / Python 3.14	UNKNOWN STEP	2026-09-13T17:55:44.8741721Z   Using cached rpds_py-2026.6.3-cp314-cp314-win_amd64.whl.metadata (4.2 kB)
Action policy / windows-latest / Python 3.14	UNKNOWN STEP	2026-09-13T17:55:44.8900930Z Downloading openai-3.8.0-py3-none-any.whl (1.7 MB)
Action policy / windows-latest / Python 3.14	UNKNOWN STEP	2026-09-13T17:55:44.9297273Z    ---------------------------------------- 1.7/1.7 MB 41.1 MB/s  0:00:00
Action policy / windows-latest / Python 3.14	UNKNOWN STEP	2026-09-13T17:55:44.9337110Z Downloading anyio-4.15.1-py3-none-any.whl (132 kB)
Action policy / windows-latest / Python 3.14	UNKNOWN STEP	2026-09-13T17:55:44.9539963Z Downloading httpx2-2.12.0-py3-none-any.whl (95 kB)
Action policy / windows-latest / Python 3.14	UNKNOWN STEP	2026-09-13T17:55:44.9766944Z Downloading httpcore2-2.12.0-py3-none-any.whl (83 kB)
Action policy / windows-latest / Python 3.14	UNKNOWN STEP	2026-09-13T17:55:44.9981555Z Downloading jiter-0.17.0-cp314-cp314-win_amd64.whl (227 kB)
Action policy / windows-latest / Python 3.14	UNKNOWN STEP	2026-09-13T17:55:45.0184190Z Downloading pydantic-2.13.5-py3-none-any.whl (472 kB)
Action policy / windows-latest / Python 3.14	UNKNOWN STEP	2026-09-13T17:55:45.0494028Z Downloading pydantic_core-2.46.5-cp314-cp314-win_amd64.whl (2.0 MB)
Action policy / windows-latest / Python 3.14	UNKNOWN STEP	2026-09-13T17:55:45.0835072Z    ---------------------------------------- 2.0/2.0 MB 57.9 MB/s  0:00:00
Action policy / windows-latest / Python 3.14	UNKNOWN STEP	2026-09-13T17:55:45.0873908Z Downloading typing_extensions-4.16.0-py3-none-any.whl (45 kB)
Action policy / windows-latest / Python 3.14	UNKNOWN STEP	2026-09-13T17:55:45.1053988Z Downloading psycopg-3.3.5-py3-none-any.whl (213 kB)
Action policy / windows-latest / Python 3.14	UNKNOWN STEP	2026-09-13T17:55:45.1294264Z Downloading psycopg_binary-3.3.5-cp314-cp314-win_amd64.whl (3.7 MB)
Action policy / windows-latest / Python 3.14	UNKNOWN STEP	2026-09-13T17:55:45.1712292Z    ---------------------------------------- 3.7/3.7 MB 90.1 MB/s  0:00:00
Action policy / windows-latest / Python 3.14	UNKNOWN STEP	2026-09-13T17:55:45.1731851Z Using cached pytest-9.1.1-py3-none-any.whl (386 kB)
Action policy / windows-latest / Python 3.14	UNKNOWN STEP	2026-09-13T17:55:45.1752870Z Using cached pluggy-1.6.0-py3-none-any.whl (20 kB)
Action policy / windows-latest / Python 3.14	UNKNOWN STEP	2026-09-13T17:55:45.1793014Z Downloading annotated_types-0.8.0-py3-none-any.whl (13 kB)
Action policy / windows-latest / Python 3.14	UNKNOWN STEP	2026-09-13T17:55:45.1968829Z Using cached colorama-0.4.6-py2.py3-none-any.whl (25 kB)
Action policy / windows-latest / Python 3.14	UNKNOWN STEP	2026-09-13T17:55:45.2014952Z Downloading h11-0.16.0-py3-none-any.whl (37 kB)
Action policy / windows-latest / Python 3.14	UNKNOWN STEP	2026-09-13T17:55:45.2173046Z Using cached idna-3.19-py3-none-any.whl (68 kB)
Action policy / windows-latest / Python 3.14	UNKNOWN STEP	2026-09-13T17:55:45.2190978Z Using cached iniconfig-2.3.0-py3-none-any.whl (7.5 kB)
Action policy / windows-latest / Python 3.14	UNKNOWN STEP	2026-09-13T17:55:45.2209947Z Using cached jsonschema-4.26.0-py3-none-any.whl (90 kB)
Action policy / windows-latest / Python 3.14	UNKNOWN STEP	2026-09-13T17:55:45.2228136Z Using cached attrs-26.1.0-py3-none-any.whl (67 kB)
Action policy / windows-latest / Python 3.14	UNKNOWN STEP	2026-09-13T17:55:45.2247251Z Using cached jsonschema_specifications-2025.9.1-py3-none-any.whl (18 kB)
Action policy / windows-latest / Python 3.14	UNKNOWN STEP	2026-09-13T17:55:45.2265698Z Using cached packaging-26.3-py3-none-any.whl (129 kB)
Action policy / windows-latest / Python 3.14	UNKNOWN STEP	2026-09-13T17:55:45.2284700Z Using cached pygments-2.21.0-py3-none-any.whl (1.3 MB)
Action policy / windows-latest / Python 3.14	UNKNOWN STEP	2026-09-13T17:55:45.2310219Z Using cached referencing-0.37.0-py3-none-any.whl (26 kB)
Action policy / windows-latest / Python 3.14	UNKNOWN STEP	2026-09-13T17:55:45.2328629Z Using cached rpds_py-2026.6.3-cp314-cp314-win_amd64.whl (220 kB)
Action policy / windows-latest / Python 3.14	UNKNOWN STEP	2026-09-13T17:55:45.2372743Z Downloading truststore-0.10.4-py3-none-any.whl (18 kB)
Action policy / windows-latest / Python 3.14	UNKNOWN STEP	2026-09-13T17:55:45.2649075Z Downloading typing_inspection-0.4.4-py3-none-any.whl (14 kB)
Action policy / windows-latest / Python 3.14	UNKNOWN STEP	2026-09-13T17:55:45.2810319Z Downloading sniffio-1.3.1-py3-none-any.whl (10 kB)
Action policy / windows-latest / Python 3.14	UNKNOWN STEP	2026-09-13T17:55:45.2963940Z Downloading tzdata-2026.4-py2.py3-none-any.whl (347 kB)
Action policy / windows-latest / Python 3.14	UNKNOWN STEP	2026-09-13T17:55:45.4560893Z Building wheels for collected packages: governance-ledger, cricore-contract-compiler
Action policy / windows-latest / Python 3.14	UNKNOWN STEP	2026-09-13T17:55:45.5165724Z   Building wheel for governance-ledger (pyproject.toml): started
Action policy / windows-latest / Python 3.14	UNKNOWN STEP	2026-09-13T17:55:46.0806808Z   Building wheel for governance-ledger (pyproject.toml): finished with status 'done'
Action policy / windows-latest / Python 3.14	UNKNOWN STEP	2026-09-13T17:55:46.0843753Z   Created wheel for governance-ledger: filename=governance_ledger-0.8.0-py3-none-any.whl size=188317 sha256=580c77b6143feadefb436610bf5c5b5037d1d5e7da3e5e95698289af90ff0811
Action policy / windows-latest / Python 3.14	UNKNOWN STEP	2026-09-13T17:55:46.0845713Z   Stored in directory: c:\users\runneradmin\appdata\local\pip\cache\wheels\17\4f\59\2dc5441a585b883479cd2f1d3c96675c13066ae9cf9df06ad7
Action policy / windows-latest / Python 3.14	UNKNOWN STEP	2026-09-13T17:55:46.1493157Z   Building wheel for cricore-contract-compiler (pyproject.toml): started
Action policy / windows-latest / Python 3.14	UNKNOWN STEP	2026-09-13T17:55:46.5441727Z   Building wheel for cricore-contract-compiler (pyproject.toml): finished with status 'done'
Action policy / windows-latest / Python 3.14	UNKNOWN STEP	2026-09-13T17:55:46.5508091Z   Created wheel for cricore-contract-compiler: filename=cricore_contract_compiler-0.4.0-py3-none-any.whl size=19715 sha256=eddbbf28bfdc70be4412737ed2136ba8035671379266a00b310813fb0f630633
Action policy / windows-latest / Python 3.14	UNKNOWN STEP	2026-09-13T17:55:46.5509679Z   Stored in directory: c:\users\runneradmin\appdata\local\pip\cache\wheels\e6\b1\91\70f05bcb790c8e2d69e9ac79192ab0dd60b04f1df74aa321ed
Action policy / windows-latest / Python 3.14	UNKNOWN STEP	2026-09-13T17:55:46.5545374Z Successfully built governance-ledger cricore-contract-compiler
Action policy / windows-latest / Python 3.14	UNKNOWN STEP	2026-09-13T17:55:46.6357087Z Installing collected packages: tzdata, typing-extensions, truststore, sniffio, rpds-py, pygments, psycopg-binary, pluggy, packaging, jiter, iniconfig, idna, h11, colorama, attrs, annotated-types, typing-inspection, referencing, pytest, pydantic-core, psycopg, httpcore2, anyio, pydantic, jsonschema-specifications, httpx2, openai, jsonschema, cricore-contract-compiler, governance-ledger
Action policy / windows-latest / Python 3.14	UNKNOWN STEP	2026-09-13T17:56:02.3169405Z 
Action policy / windows-latest / Python 3.14	UNKNOWN STEP	2026-09-13T17:56:02.3208012Z Successfully installed annotated-types-0.8.0 anyio-4.15.1 attrs-26.1.0 colorama-0.4.6 cricore-contract-compiler-0.4.0 governance-ledger-0.8.0 h11-0.16.0 httpcore2-2.12.0 httpx2-2.12.0 idna-3.19 iniconfig-2.3.0 jiter-0.17.0 jsonschema-4.26.0 jsonschema-specifications-2025.9.1 openai-3.8.0 packaging-26.3 pluggy-1.6.0 psycopg-3.3.5 psycopg-binary-3.3.5 pydantic-2.13.5 pydantic-core-2.46.5 pygments-2.21.0 pytest-9.1.1 referencing-0.37.0 rpds-py-2026.6.3 sniffio-1.3.1 truststore-0.10.4 typing-extensions-4.16.0 typing-inspection-0.4.4 tzdata-2026.4
Action policy / windows-latest / Python 3.14	UNKNOWN STEP	2026-09-13T17:56:32.7815764Z {
Action policy / windows-latest / Python 3.14	UNKNOWN STEP	2026-09-13T17:56:32.7816145Z   "created": {
Action policy / windows-latest / Python 3.14	UNKNOWN STEP	2026-09-13T17:56:32.7816554Z     "run_id": "guard_run_7a785e6d0ea2874f62bfb915",
Action policy / windows-latest / Python 3.14	UNKNOWN STEP	2026-09-13T17:56:32.7817076Z     "callback_count": 1,
Action policy / windows-latest / Python 3.14	UNKNOWN STEP	2026-09-13T17:56:32.7817463Z     "decision": "ALLOWED",
Action policy / windows-latest / Python 3.14	UNKNOWN STEP	2026-09-13T17:56:32.7817838Z     "preserve_status": 201,
Action policy / windows-latest / Python 3.14	UNKNOWN STEP	2026-09-13T17:56:32.7818167Z     "retrieve_status": 200,
Action policy / windows-latest / Python 3.14	UNKNOWN STEP	2026-09-13T17:56:32.7818479Z     "report_status": 201,
Action policy / windows-latest / Python 3.14	UNKNOWN STEP	2026-09-13T17:56:32.7818808Z     "execution_status": "succeeded",
Action policy / windows-latest / Python 3.14	UNKNOWN STEP	2026-09-13T17:56:32.7819174Z     "mutation_executed": true,
Action policy / windows-latest / Python 3.14	UNKNOWN STEP	2026-09-13T17:56:32.7819555Z     "exact_package_roundtrip": true
Action policy / windows-latest / Python 3.14	UNKNOWN STEP	2026-09-13T17:56:32.7819886Z   },
Action policy / windows-latest / Python 3.14	UNKNOWN STEP	2026-09-13T17:56:32.7820132Z   "empty": {
Action policy / windows-latest / Python 3.14	UNKNOWN STEP	2026-09-13T17:56:32.7820446Z     "run_id": "guard_run_173feed2f9047a085842fe00",
Action policy / windows-latest / Python 3.14	UNKNOWN STEP	2026-09-13T17:56:32.7820873Z     "callback_count": 1,
Action policy / windows-latest / Python 3.14	UNKNOWN STEP	2026-09-13T17:56:32.7821183Z     "decision": "ALLOWED",
Action policy / windows-latest / Python 3.14	UNKNOWN STEP	2026-09-13T17:56:32.7821489Z     "preserve_status": 201,
Action policy / windows-latest / Python 3.14	UNKNOWN STEP	2026-09-13T17:56:32.7821790Z     "retrieve_status": 200,
Action policy / windows-latest / Python 3.14	UNKNOWN STEP	2026-09-13T17:56:32.7822099Z     "report_status": 201,
Action policy / windows-latest / Python 3.14	UNKNOWN STEP	2026-09-13T17:56:32.7822420Z     "execution_status": "succeeded",
Action policy / windows-latest / Python 3.14	UNKNOWN STEP	2026-09-13T17:56:32.7822774Z     "mutation_executed": true,
Action policy / windows-latest / Python 3.14	UNKNOWN STEP	2026-09-13T17:56:32.7823109Z     "exact_package_roundtrip": true
Action policy / windows-latest / Python 3.14	UNKNOWN STEP	2026-09-13T17:56:32.7823431Z   },
Action policy / windows-latest / Python 3.14	UNKNOWN STEP	2026-09-13T17:56:32.7823677Z   "denied-role": {
Action policy / windows-latest / Python 3.14	UNKNOWN STEP	2026-09-13T17:56:32.7824012Z     "run_id": "guard_run_c2d6ac6831d15a31032bd942",
Action policy / windows-latest / Python 3.14	UNKNOWN STEP	2026-09-13T17:56:32.7824397Z     "callback_count": 0,
Action policy / windows-latest / Python 3.14	UNKNOWN STEP	2026-09-13T17:56:32.7824695Z     "decision": "BLOCKED",
Action policy / windows-latest / Python 3.14	UNKNOWN STEP	2026-09-13T17:56:32.7825009Z     "preserve_status": 201,
Action policy / windows-latest / Python 3.14	UNKNOWN STEP	2026-09-13T17:56:32.7825661Z     "retrieve_status": 200,
Action policy / windows-latest / Python 3.14	UNKNOWN STEP	2026-09-13T17:56:32.7825966Z     "report_status": 201,
Action policy / windows-latest / Python 3.14	UNKNOWN STEP	2026-09-13T17:56:32.7826587Z     "execution_status": "blocked",
Action policy / windows-latest / Python 3.14	UNKNOWN STEP	2026-09-13T17:56:32.7826971Z     "mutation_executed": false,
Action policy / windows-latest / Python 3.14	UNKNOWN STEP	2026-09-13T17:56:32.7827385Z     "exact_package_roundtrip": true
Action policy / windows-latest / Python 3.14	UNKNOWN STEP	2026-09-13T17:56:32.7827711Z   },
Action policy / windows-latest / Python 3.14	UNKNOWN STEP	2026-09-13T17:56:32.7827940Z   "denied-path": {
Action policy / windows-latest / Python 3.14	UNKNOWN STEP	2026-09-13T17:56:32.7828254Z     "run_id": "guard_run_c22c4619dd24525ac732d46e",
Action policy / windows-latest / Python 3.14	UNKNOWN STEP	2026-09-13T17:56:32.7828651Z     "callback_count": 0,
Action policy / windows-latest / Python 3.14	UNKNOWN STEP	2026-09-13T17:56:32.7828943Z     "decision": "BLOCKED",
Action policy / windows-latest / Python 3.14	UNKNOWN STEP	2026-09-13T17:56:32.7829255Z     "preserve_status": 201,
Action policy / windows-latest / Python 3.14	UNKNOWN STEP	2026-09-13T17:56:32.7829596Z     "retrieve_status": 200,
Action policy / windows-latest / Python 3.14	UNKNOWN STEP	2026-09-13T17:56:32.7829903Z     "report_status": 201,
Action policy / windows-latest / Python 3.14	UNKNOWN STEP	2026-09-13T17:56:32.7830209Z     "execution_status": "blocked",
Action policy / windows-latest / Python 3.14	UNKNOWN STEP	2026-09-13T17:56:32.7830549Z     "mutation_executed": false,
Action policy / windows-latest / Python 3.14	UNKNOWN STEP	2026-09-13T17:56:32.7830884Z     "exact_package_roundtrip": true
Action policy / windows-latest / Python 3.14	UNKNOWN STEP	2026-09-13T17:56:32.7831215Z   },
Action policy / windows-latest / Python 3.14	UNKNOWN STEP	2026-09-13T17:56:32.7831466Z   "default-deny": {
Action policy / windows-latest / Python 3.14	UNKNOWN STEP	2026-09-13T17:56:32.7831783Z     "run_id": "guard_run_54bcfb2bd57adcdd84bdcc87",
Action policy / windows-latest / Python 3.14	UNKNOWN STEP	2026-09-13T17:56:32.7832179Z     "callback_count": 0,
Action policy / windows-latest / Python 3.14	UNKNOWN STEP	2026-09-13T17:56:32.7832469Z     "decision": "BLOCKED",
Action policy / windows-latest / Python 3.14	UNKNOWN STEP	2026-09-13T17:56:32.7832778Z     "preserve_status": 201,
Action policy / windows-latest / Python 3.14	UNKNOWN STEP	2026-09-13T17:56:32.7833092Z     "retrieve_status": 200,
Action policy / windows-latest / Python 3.14	UNKNOWN STEP	2026-09-13T17:56:32.7833409Z     "report_status": 201,
Action policy / windows-latest / Python 3.14	UNKNOWN STEP	2026-09-13T17:56:32.7833722Z     "execution_status": "blocked",
Action policy / windows-latest / Python 3.14	UNKNOWN STEP	2026-09-13T17:56:32.7834078Z     "mutation_executed": false,
Action policy / windows-latest / Python 3.14	UNKNOWN STEP	2026-09-13T17:56:32.7834410Z     "exact_package_roundtrip": true
Action policy / windows-latest / Python 3.14	UNKNOWN STEP	2026-09-13T17:56:32.7834742Z   },
Action policy / windows-latest / Python 3.14	UNKNOWN STEP	2026-09-13T17:56:32.7834973Z   "collision": {
Action policy / windows-latest / Python 3.14	UNKNOWN STEP	2026-09-13T17:56:32.7835493Z     "run_id": "guard_run_2e0ecf45b020de7bbb06c990",
Action policy / windows-latest / Python 3.14	UNKNOWN STEP	2026-09-13T17:56:32.7835902Z     "callback_count": 1,
Action policy / windows-latest / Python 3.14	UNKNOWN STEP	2026-09-13T17:56:32.7836187Z     "decision": "ALLOWED",
Action policy / windows-latest / Python 3.14	UNKNOWN STEP	2026-09-13T17:56:32.7836487Z     "preserve_status": 201,
Action policy / windows-latest / Python 3.14	UNKNOWN STEP	2026-09-13T17:56:32.7836789Z     "retrieve_status": 200,
Action policy / windows-latest / Python 3.14	UNKNOWN STEP	2026-09-13T17:56:32.7837098Z     "report_status": 201,
Action policy / windows-latest / Python 3.14	UNKNOWN STEP	2026-09-13T17:56:32.7837406Z     "execution_status": "failed",
Action policy / windows-latest / Python 3.14	UNKNOWN STEP	2026-09-13T17:56:32.7837734Z     "mutation_executed": false,
Action policy / windows-latest / Python 3.14	UNKNOWN STEP	2026-09-13T17:56:32.7838081Z     "exact_package_roundtrip": true
Action policy / windows-latest / Python 3.14	UNKNOWN STEP	2026-09-13T17:56:32.7838533Z   },
Action policy / windows-latest / Python 3.14	UNKNOWN STEP	2026-09-13T17:56:32.7838755Z   "partial": {
Action policy / windows-latest / Python 3.14	UNKNOWN STEP	2026-09-13T17:56:32.7839057Z     "run_id": "guard_run_d448a0431f643a65ddb84a71",
Action policy / windows-latest / Python 3.14	UNKNOWN STEP	2026-09-13T17:56:32.7839454Z     "callback_count": 1,
Action policy / windows-latest / Python 3.14	UNKNOWN STEP	2026-09-13T17:56:32.7839761Z     "decision": "ALLOWED",
Action policy / windows-latest / Python 3.14	UNKNOWN STEP	2026-09-13T17:56:32.7840055Z     "preserve_status": 201,
Action policy / windows-latest / Python 3.14	UNKNOWN STEP	2026-09-13T17:56:32.7840360Z     "retrieve_status": 200,
Action policy / windows-latest / Python 3.14	UNKNOWN STEP	2026-09-13T17:56:32.7840660Z     "report_status": 201,
Action policy / windows-latest / Python 3.14	UNKNOWN STEP	2026-09-13T17:56:32.7840984Z     "execution_status": "failed",
Action policy / windows-latest / Python 3.14	UNKNOWN STEP	2026-09-13T17:56:32.7841347Z     "mutation_executed": true,
Action policy / windows-latest / Python 3.14	UNKNOWN STEP	2026-09-13T17:56:32.7841704Z     "exact_package_roundtrip": true
Action policy / windows-latest / Python 3.14	UNKNOWN STEP	2026-09-13T17:56:32.7842050Z   },
Action policy / windows-latest / Python 3.14	UNKNOWN STEP	2026-09-13T17:56:32.7842278Z   "unknown": {
Action policy / windows-latest / Python 3.14	UNKNOWN STEP	2026-09-13T17:56:32.7842588Z     "run_id": "guard_run_d5db71843cb446a3e842fefd",
Action policy / windows-latest / Python 3.14	UNKNOWN STEP	2026-09-13T17:56:32.7843994Z     "callback_count": 1,
Action policy / windows-latest / Python 3.14	UNKNOWN STEP	2026-09-13T17:56:32.7844321Z     "decision": "ALLOWED",
Action policy / windows-latest / Python 3.14	UNKNOWN STEP	2026-09-13T17:56:32.7844644Z     "preserve_status": 201,
Action policy / windows-latest / Python 3.14	UNKNOWN STEP	2026-09-13T17:56:32.7844969Z     "retrieve_status": 200,
Action policy / windows-latest / Python 3.14	UNKNOWN STEP	2026-09-13T17:56:32.7845294Z     "report_status": 201,
Action policy / windows-latest / Python 3.14	UNKNOWN STEP	2026-09-13T17:56:32.7845617Z     "execution_status": "failed",
Action policy / windows-latest / Python 3.14	UNKNOWN STEP	2026-09-13T17:56:32.7845980Z     "mutation_executed": null,
Action policy / windows-latest / Python 3.14	UNKNOWN STEP	2026-09-13T17:56:32.7846344Z     "exact_package_roundtrip": true
Action policy / windows-latest / Python 3.14	UNKNOWN STEP	2026-09-13T17:56:32.7847080Z   },
Action policy / windows-latest / Python 3.14	UNKNOWN STEP	2026-09-13T17:56:32.7847346Z   "returned-summary": {
Action policy / windows-latest / Python 3.14	UNKNOWN STEP	2026-09-13T17:56:32.7847705Z     "run_id": "guard_run_dc7e464ea0a3c3428488e5d1",
Action policy / windows-latest / Python 3.14	UNKNOWN STEP	2026-09-13T17:56:32.7848118Z     "callback_count": 1,
Action policy / windows-latest / Python 3.14	UNKNOWN STEP	2026-09-13T17:56:32.7848433Z     "decision": "ALLOWED",
Action policy / windows-latest / Python 3.14	UNKNOWN STEP	2026-09-13T17:56:32.7848766Z     "preserve_status": 201,
Action policy / windows-latest / Python 3.14	UNKNOWN STEP	2026-09-13T17:56:32.7849100Z     "retrieve_status": 200,
Action policy / windows-latest / Python 3.14	UNKNOWN STEP	2026-09-13T17:56:32.7849438Z     "report_status": 201,
Action policy / windows-latest / Python 3.14	UNKNOWN STEP	2026-09-13T17:56:32.7849765Z     "execution_status": "failed",
Action policy / windows-latest / Python 3.14	UNKNOWN STEP	2026-09-13T17:56:32.7850120Z     "mutation_executed": null,
Action policy / windows-latest / Python 3.14	UNKNOWN STEP	2026-09-13T17:56:32.7850694Z     "exact_package_roundtrip": true
Action policy / windows-latest / Python 3.14	UNKNOWN STEP	2026-09-13T17:56:32.7851036Z   },
Action policy / windows-latest / Python 3.14	UNKNOWN STEP	2026-09-13T17:56:32.7851293Z   "post-validation": {
Action policy / windows-latest / Python 3.14	UNKNOWN STEP	2026-09-13T17:56:32.7851645Z     "run_id": "guard_run_142e6e30aa5be99d987654d7",
Action policy / windows-latest / Python 3.14	UNKNOWN STEP	2026-09-13T17:56:32.7852077Z     "callback_count": 1,
Action policy / windows-latest / Python 3.14	UNKNOWN STEP	2026-09-13T17:56:32.7852399Z     "decision": "ALLOWED",
Action policy / windows-latest / Python 3.14	UNKNOWN STEP	2026-09-13T17:56:32.7852723Z     "preserve_status": 201,
Action policy / windows-latest / Python 3.14	UNKNOWN STEP	2026-09-13T17:56:32.7853041Z     "retrieve_status": 200,
Action policy / windows-latest / Python 3.14	UNKNOWN STEP	2026-09-13T17:56:32.7853360Z     "report_status": 201,
Action policy / windows-latest / Python 3.14	UNKNOWN STEP	2026-09-13T17:56:32.7853697Z     "execution_status": "failed",
Action policy / windows-latest / Python 3.14	UNKNOWN STEP	2026-09-13T17:56:32.7854055Z     "mutation_executed": true,
Action policy / windows-latest / Python 3.14	UNKNOWN STEP	2026-09-13T17:56:32.7854407Z     "exact_package_roundtrip": true
Action policy / windows-latest / Python 3.14	UNKNOWN STEP	2026-09-13T17:56:32.7854755Z   },
Action policy / windows-latest / Python 3.14	UNKNOWN STEP	2026-09-13T17:56:32.7854998Z   "pre-callback": {
Action policy / windows-latest / Python 3.14	UNKNOWN STEP	2026-09-13T17:56:32.7855337Z     "run_id": "guard_run_bfbb32a0cc34df2ba21d57eb",
Action policy / windows-latest / Python 3.14	UNKNOWN STEP	2026-09-13T17:56:32.7855764Z     "callback_count": 0,
Action policy / windows-latest / Python 3.14	UNKNOWN STEP	2026-09-13T17:56:32.7856070Z     "decision": "ALLOWED",
Action policy / windows-latest / Python 3.14	UNKNOWN STEP	2026-09-13T17:56:32.7856395Z     "preserve_status": 201,
Action policy / windows-latest / Python 3.14	UNKNOWN STEP	2026-09-13T17:56:32.7856719Z     "retrieve_status": 200,
Action policy / windows-latest / Python 3.14	UNKNOWN STEP	2026-09-13T17:56:32.7857023Z     "report_status": 201,
Action policy / windows-latest / Python 3.14	UNKNOWN STEP	2026-09-13T17:56:32.7857370Z     "execution_status": "not_executed",
Action policy / windows-latest / Python 3.14	UNKNOWN STEP	2026-09-13T17:56:32.7857762Z     "mutation_executed": false,
Action policy / windows-latest / Python 3.14	UNKNOWN STEP	2026-09-13T17:56:32.7858113Z     "exact_package_roundtrip": true
Action policy / windows-latest / Python 3.14	UNKNOWN STEP	2026-09-13T17:56:32.7858460Z   },
Action policy / windows-latest / Python 3.14	UNKNOWN STEP	2026-09-13T17:56:32.7858720Z   "create-only-no-modify": {
Action policy / windows-latest / Python 3.14	UNKNOWN STEP	2026-09-13T17:56:32.7859113Z     "run_id": "guard_run_40b5cfda18ae587f351f38af",
Action policy / windows-latest / Python 3.14	UNKNOWN STEP	2026-09-13T17:56:32.7859526Z     "callback_count": 0,
Action policy / windows-latest / Python 3.14	UNKNOWN STEP	2026-09-13T17:56:32.7859847Z     "decision": "BLOCKED",
Action policy / windows-latest / Python 3.14	UNKNOWN STEP	2026-09-13T17:56:32.7860158Z     "preserve_status": 201,
Action policy / windows-latest / Python 3.14	UNKNOWN STEP	2026-09-13T17:56:32.7860642Z     "retrieve_status": 200,
Action policy / windows-latest / Python 3.14	UNKNOWN STEP	2026-09-13T17:56:32.7860971Z     "report_status": 201,
Action policy / windows-latest / Python 3.14	UNKNOWN STEP	2026-09-13T17:56:32.7861297Z     "execution_status": "blocked",
Action policy / windows-latest / Python 3.14	UNKNOWN STEP	2026-09-13T17:56:32.7861670Z     "mutation_executed": false,
Action policy / windows-latest / Python 3.14	UNKNOWN STEP	2026-09-13T17:56:32.7862019Z     "exact_package_roundtrip": true
Action policy / windows-latest / Python 3.14	UNKNOWN STEP	2026-09-13T17:56:32.7862360Z   },
Action policy / windows-latest / Python 3.14	UNKNOWN STEP	2026-09-13T17:56:32.7862609Z   "modify-only-no-create": {
Action policy / windows-latest / Python 3.14	UNKNOWN STEP	2026-09-13T17:56:32.7863012Z     "run_id": "guard_run_5c34ca63acc845594125d68f",
Action policy / windows-latest / Python 3.14	UNKNOWN STEP	2026-09-13T17:56:32.7863482Z     "callback_count": 0,
Action policy / windows-latest / Python 3.14	UNKNOWN STEP	2026-09-13T17:56:32.7863821Z     "decision": "BLOCKED",
Action policy / windows-latest / Python 3.14	UNKNOWN STEP	2026-09-13T17:56:32.7864513Z     "preserve_status": 201,
Action policy / windows-latest / Python 3.14	UNKNOWN STEP	2026-09-13T17:56:32.7864854Z     "retrieve_status": 200,
Action policy / windows-latest / Python 3.14	UNKNOWN STEP	2026-09-13T17:56:32.7865183Z     "report_status": 201,
Action policy / windows-latest / Python 3.14	UNKNOWN STEP	2026-09-13T17:56:32.7865514Z     "execution_status": "blocked",
Action policy / windows-latest / Python 3.14	UNKNOWN STEP	2026-09-13T17:56:32.7865877Z     "mutation_executed": false,
Action policy / windows-latest / Python 3.14	UNKNOWN STEP	2026-09-13T17:56:32.7866233Z     "exact_package_roundtrip": true
Action policy / windows-latest / Python 3.14	UNKNOWN STEP	2026-09-13T17:56:32.7866582Z   },
Action policy / windows-latest / Python 3.14	UNKNOWN STEP	2026-09-13T17:56:32.7866813Z   "modified": {
Action policy / windows-latest / Python 3.14	UNKNOWN STEP	2026-09-13T17:56:32.7867128Z     "run_id": "guard_run_7b15dd1f140637909bfd006c",
Action policy / windows-latest / Python 3.14	UNKNOWN STEP	2026-09-13T17:56:32.7867544Z     "callback_count": 1,
Action policy / windows-latest / Python 3.14	UNKNOWN STEP	2026-09-13T17:56:32.7867849Z     "decision": "ALLOWED",
Action policy / windows-latest / Python 3.14	UNKNOWN STEP	2026-09-13T17:56:32.7868165Z     "preserve_status": 201,
Action policy / windows-latest / Python 3.14	UNKNOWN STEP	2026-09-13T17:56:32.7868490Z     "retrieve_status": 200,
Action policy / windows-latest / Python 3.14	UNKNOWN STEP	2026-09-13T17:56:32.7868891Z     "report_status": 201,
Action policy / windows-latest / Python 3.14	UNKNOWN STEP	2026-09-13T17:56:32.7869211Z     "execution_status": "succeeded",
Action policy / windows-latest / Python 3.14	UNKNOWN STEP	2026-09-13T17:56:32.7869574Z     "mutation_executed": true,
Action policy / windows-latest / Python 3.14	UNKNOWN STEP	2026-09-13T17:56:32.7869931Z     "exact_package_roundtrip": true
Action policy / windows-latest / Python 3.14	UNKNOWN STEP	2026-09-13T17:56:32.7870266Z   },
Action policy / windows-latest / Python 3.14	UNKNOWN STEP	2026-09-13T17:56:32.7870513Z   "modify-denied-path": {
Action policy / windows-latest / Python 3.14	UNKNOWN STEP	2026-09-13T17:56:32.7870883Z     "run_id": "guard_run_5d7e9ffc83a761eaf98be133",
Action policy / windows-latest / Python 3.14	UNKNOWN STEP	2026-09-13T17:56:32.7871305Z     "callback_count": 0,
Action policy / windows-latest / Python 3.14	UNKNOWN STEP	2026-09-13T17:56:32.7871623Z     "decision": "BLOCKED",
Action policy / windows-latest / Python 3.14	UNKNOWN STEP	2026-09-13T17:56:32.7871932Z     "preserve_status": 201,
Action policy / windows-latest / Python 3.14	UNKNOWN STEP	2026-09-13T17:56:32.7872259Z     "retrieve_status": 200,
Action policy / windows-latest / Python 3.14	UNKNOWN STEP	2026-09-13T17:56:32.7872581Z     "report_status": 201,
Action policy / windows-latest / Python 3.14	UNKNOWN STEP	2026-09-13T17:56:32.7872921Z     "execution_status": "blocked",
Action policy / windows-latest / Python 3.14	UNKNOWN STEP	2026-09-13T17:56:32.7873273Z     "mutation_executed": false,
Action policy / windows-latest / Python 3.14	UNKNOWN STEP	2026-09-13T17:56:32.7873622Z     "exact_package_roundtrip": true
Action policy / windows-latest / Python 3.14	UNKNOWN STEP	2026-09-13T17:56:32.7873948Z   },
Action policy / windows-latest / Python 3.14	UNKNOWN STEP	2026-09-13T17:56:32.7874204Z   "modify-denied-role": {
Action policy / windows-latest / Python 3.14	UNKNOWN STEP	2026-09-13T17:56:32.7874574Z     "run_id": "guard_run_e955bf1a106ae881c3db83bc",
Action policy / windows-latest / Python 3.14	UNKNOWN STEP	2026-09-13T17:56:32.7876051Z     "callback_count": 0,
Action policy / windows-latest / Python 3.14	UNKNOWN STEP	2026-09-13T17:56:32.7876364Z     "decision": "BLOCKED",
Action policy / windows-latest / Python 3.14	UNKNOWN STEP	2026-09-13T17:56:32.7876683Z     "preserve_status": 201,
Action policy / windows-latest / Python 3.14	UNKNOWN STEP	2026-09-13T17:56:32.7877012Z     "retrieve_status": 200,
Action policy / windows-latest / Python 3.14	UNKNOWN STEP	2026-09-13T17:56:32.7877328Z     "report_status": 201,
Action policy / windows-latest / Python 3.14	UNKNOWN STEP	2026-09-13T17:56:32.7877654Z     "execution_status": "blocked",
Action policy / windows-latest / Python 3.14	UNKNOWN STEP	2026-09-13T17:56:32.7878006Z     "mutation_executed": false,
Action policy / windows-latest / Python 3.14	UNKNOWN STEP	2026-09-13T17:56:32.7878363Z     "exact_package_roundtrip": true
Action policy / windows-latest / Python 3.14	UNKNOWN STEP	2026-09-13T17:56:32.7878706Z   },
Action policy / windows-latest / Python 3.14	UNKNOWN STEP	2026-09-13T17:56:32.7878953Z   "mixed-created": {
Action policy / windows-latest / Python 3.14	UNKNOWN STEP	2026-09-13T17:56:32.7879292Z     "run_id": "guard_run_a627e13f590873b5227f8065",
Action policy / windows-latest / Python 3.14	UNKNOWN STEP	2026-09-13T17:56:32.7879714Z     "callback_count": 1,
Action policy / windows-latest / Python 3.14	UNKNOWN STEP	2026-09-13T17:56:32.7880046Z     "decision": "ALLOWED",
Action policy / windows-latest / Python 3.14	UNKNOWN STEP	2026-09-13T17:56:32.7880352Z     "preserve_status": 201,
Action policy / windows-latest / Python 3.14	UNKNOWN STEP	2026-09-13T17:56:32.7880647Z     "retrieve_status": 200,
Action policy / windows-latest / Python 3.14	UNKNOWN STEP	2026-09-13T17:56:32.7880960Z     "report_status": 201,
Action policy / windows-latest / Python 3.14	UNKNOWN STEP	2026-09-13T17:56:32.7881274Z     "execution_status": "succeeded",
Action policy / windows-latest / Python 3.14	UNKNOWN STEP	2026-09-13T17:56:32.7881651Z     "mutation_executed": true,
Action policy / windows-latest / Python 3.14	UNKNOWN STEP	2026-09-13T17:56:32.7881993Z     "exact_package_roundtrip": true
Action policy / windows-latest / Python 3.14	UNKNOWN STEP	2026-09-13T17:56:32.7882334Z   },
Action policy / windows-latest / Python 3.14	UNKNOWN STEP	2026-09-13T17:56:32.7882584Z   "mixed-modified": {
Action policy / windows-latest / Python 3.14	UNKNOWN STEP	2026-09-13T17:56:32.7882941Z     "run_id": "guard_run_57a775b370459eadf2e087f0",
Action policy / windows-latest / Python 3.14	UNKNOWN STEP	2026-09-13T17:56:32.7883361Z     "callback_count": 1,
Action policy / windows-latest / Python 3.14	UNKNOWN STEP	2026-09-13T17:56:32.7883668Z     "decision": "ALLOWED",
Action policy / windows-latest / Python 3.14	UNKNOWN STEP	2026-09-13T17:56:32.7883988Z     "preserve_status": 201,
Action policy / windows-latest / Python 3.14	UNKNOWN STEP	2026-09-13T17:56:32.7884657Z     "retrieve_status": 200,
Action policy / windows-latest / Python 3.14	UNKNOWN STEP	2026-09-13T17:56:32.7885018Z     "report_status": 201,
Action policy / windows-latest / Python 3.14	UNKNOWN STEP	2026-09-13T17:56:32.7885363Z     "execution_status": "succeeded",
Action policy / windows-latest / Python 3.14	UNKNOWN STEP	2026-09-13T17:56:32.7885765Z     "mutation_executed": true,
Action policy / windows-latest / Python 3.14	UNKNOWN STEP	2026-09-13T17:56:32.7886850Z     "exact_package_roundtrip": true
Action policy / windows-latest / Python 3.14	UNKNOWN STEP	2026-09-13T17:56:32.7887272Z   },
Action policy / windows-latest / Python 3.14	UNKNOWN STEP	2026-09-13T17:56:32.7887540Z   "mixed-create-role": {
Action policy / windows-latest / Python 3.14	UNKNOWN STEP	2026-09-13T17:56:32.7887918Z     "run_id": "guard_run_59f255a15fb4117eeb28f0b9",
Action policy / windows-latest / Python 3.14	UNKNOWN STEP	2026-09-13T17:56:32.7888353Z     "callback_count": 0,
Action policy / windows-latest / Python 3.14	UNKNOWN STEP	2026-09-13T17:56:32.7888682Z     "decision": "BLOCKED",
Action policy / windows-latest / Python 3.14	UNKNOWN STEP	2026-09-13T17:56:32.7889004Z     "preserve_status": 201,
Action policy / windows-latest / Python 3.14	UNKNOWN STEP	2026-09-13T17:56:32.7889351Z     "retrieve_status": 200,
Action policy / windows-latest / Python 3.14	UNKNOWN STEP	2026-09-13T17:56:32.7889704Z     "report_status": 201,
Action policy / windows-latest / Python 3.14	UNKNOWN STEP	2026-09-13T17:56:32.7890035Z     "execution_status": "blocked",
Action policy / windows-latest / Python 3.14	UNKNOWN STEP	2026-09-13T17:56:32.7890415Z     "mutation_executed": false,
Action policy / windows-latest / Python 3.14	UNKNOWN STEP	2026-09-13T17:56:32.7890775Z     "exact_package_roundtrip": true
Action policy / windows-latest / Python 3.14	UNKNOWN STEP	2026-09-13T17:56:32.7891134Z   },
Action policy / windows-latest / Python 3.14	UNKNOWN STEP	2026-09-13T17:56:32.7891397Z   "mixed-modify-role": {
Action policy / windows-latest / Python 3.14	UNKNOWN STEP	2026-09-13T17:56:32.7891781Z     "run_id": "guard_run_f789d80256c795e41f09f590",
Action policy / windows-latest / Python 3.14	UNKNOWN STEP	2026-09-13T17:56:32.7892221Z     "callback_count": 0,
Action policy / windows-latest / Python 3.14	UNKNOWN STEP	2026-09-13T17:56:32.7892537Z     "decision": "BLOCKED",
Action policy / windows-latest / Python 3.14	UNKNOWN STEP	2026-09-13T17:56:32.7892878Z     "preserve_status": 201,
Action policy / windows-latest / Python 3.14	UNKNOWN STEP	2026-09-13T17:56:32.7893216Z     "retrieve_status": 200,
Action policy / windows-latest / Python 3.14	UNKNOWN STEP	2026-09-13T17:56:32.7893541Z     "report_status": 201,
Action policy / windows-latest / Python 3.14	UNKNOWN STEP	2026-09-13T17:56:32.7893872Z     "execution_status": "blocked",
Action policy / windows-latest / Python 3.14	UNKNOWN STEP	2026-09-13T17:56:32.7894242Z     "mutation_executed": false,
Action policy / windows-latest / Python 3.14	UNKNOWN STEP	2026-09-13T17:56:32.7894628Z     "exact_package_roundtrip": true
Action policy / windows-latest / Python 3.14	UNKNOWN STEP	2026-09-13T17:56:32.7894975Z   },
Action policy / windows-latest / Python 3.14	UNKNOWN STEP	2026-09-13T17:56:32.7895213Z   "no-report": {
Action policy / windows-latest / Python 3.14	UNKNOWN STEP	2026-09-13T17:56:32.7895544Z     "run_id": "guard_run_93d6dd5eb84eefa63484dc54",
Action policy / windows-latest / Python 3.14	UNKNOWN STEP	2026-09-13T17:56:32.7895994Z     "callback_count": 0,
Action policy / windows-latest / Python 3.14	UNKNOWN STEP	2026-09-13T17:56:32.7896317Z     "decision": "ALLOWED",
Action policy / windows-latest / Python 3.14	UNKNOWN STEP	2026-09-13T17:56:32.7896646Z     "preserve_status": 201,
Action policy / windows-latest / Python 3.14	UNKNOWN STEP	2026-09-13T17:56:32.7896984Z     "retrieve_status": 200,
Action policy / windows-latest / Python 3.14	UNKNOWN STEP	2026-09-13T17:56:32.7897307Z     "report_status": null,
Action policy / windows-latest / Python 3.14	UNKNOWN STEP	2026-09-13T17:56:32.7897652Z     "execution_status": null,
Action policy / windows-latest / Python 3.14	UNKNOWN STEP	2026-09-13T17:56:32.7898015Z     "mutation_executed": null,
Action policy / windows-latest / Python 3.14	UNKNOWN STEP	2026-09-13T17:56:32.7898385Z     "exact_package_roundtrip": true
Action policy / windows-latest / Python 3.14	UNKNOWN STEP	2026-09-13T17:56:32.7898739Z   },
Action policy / windows-latest / Python 3.14	UNKNOWN STEP	2026-09-13T17:56:32.7899001Z   "wrong-runtime": {
Action policy / windows-latest / Python 3.14	UNKNOWN STEP	2026-09-13T17:56:32.7899370Z     "run_id": "guard_run_356404dbe58185d76eabd5b2",
Action policy / windows-latest / Python 3.14	UNKNOWN STEP	2026-09-13T17:56:32.7899803Z     "callback_count": 1,
Action policy / windows-latest / Python 3.14	UNKNOWN STEP	2026-09-13T17:56:32.7900140Z     "decision": "ALLOWED",
Action policy / windows-latest / Python 3.14	UNKNOWN STEP	2026-09-13T17:56:32.7900485Z     "preserve_status": 403,
Action policy / windows-latest / Python 3.14	UNKNOWN STEP	2026-09-13T17:56:32.7901007Z     "report_status": 403,
Action policy / windows-latest / Python 3.14	UNKNOWN STEP	2026-09-13T17:56:32.7901348Z     "preserved": false
Action policy / windows-latest / Python 3.14	UNKNOWN STEP	2026-09-13T17:56:32.7901650Z   },
Action policy / windows-latest / Python 3.14	UNKNOWN STEP	2026-09-13T17:56:32.7901927Z   "legacy-cannot-create": {
Action policy / windows-latest / Python 3.14	UNKNOWN STEP	2026-09-13T17:56:32.7902285Z     "callback_count": 0,
Action policy / windows-latest / Python 3.14	UNKNOWN STEP	2026-09-13T17:56:32.7902634Z     "decision": "not_evaluated",
Action policy / windows-latest / Python 3.14	UNKNOWN STEP	2026-09-13T17:56:32.7903008Z     "authorization_event": false,
Action policy / windows-latest / Python 3.14	UNKNOWN STEP	2026-09-13T17:56:32.7903385Z     "report_status": null,
Action policy / windows-latest / Python 3.14	UNKNOWN STEP	2026-09-13T17:56:32.7903725Z     "mutation_executed": false
Action policy / windows-latest / Python 3.14	UNKNOWN STEP	2026-09-13T17:56:32.7904054Z   }
Action policy / windows-latest / Python 3.14	UNKNOWN STEP	2026-09-13T17:56:32.7904295Z }
Action policy / windows-latest / Python 3.14	UNKNOWN STEP	2026-09-13T17:56:39.0901183Z ##[group]Run python -c "import os,subprocess; subprocess.run([os.environ['SDK_PYTHON'], 'tools/acceptance/ledger_guard_extra.py', '--ledger-source', '.candidate50/ledger', '--guard-candidate', 'acceptance-output/package/guard-candidate.json', '--output', 'acceptance-output/ledger-extra'], check=True)"
Action policy / windows-latest / Python 3.14	UNKNOWN STEP	2026-09-13T17:56:39.0903654Z ^[[36;1mpython -c "import os,subprocess; subprocess.run([os.environ['SDK_PYTHON'], 'tools/acceptance/ledger_guard_extra.py', '--ledger-source', '.candidate50/ledger', '--guard-candidate', 'acceptance-output/package/guard-candidate.json', '--output', 'acceptance-output/ledger-extra'], check=True)"^[[0m
Action policy / windows-latest / Python 3.14	UNKNOWN STEP	2026-09-13T17:56:39.0976246Z shell: C:\Program Files\PowerShell\7\pwsh.EXE -command ". '{0}'"
Action policy / windows-latest / Python 3.14	UNKNOWN STEP	2026-09-13T17:56:39.0976629Z env:
Action policy / windows-latest / Python 3.14	UNKNOWN STEP	2026-09-13T17:56:39.0976828Z   CLOUD_TEST_ACCESS: true
Action policy / windows-latest / Python 3.14	UNKNOWN STEP	2026-09-13T17:56:39.0977164Z   pythonLocation: C:\hostedtoolcache\windows\Python\3.14.7\x64
Action policy / windows-latest / Python 3.14	UNKNOWN STEP	2026-09-13T17:56:39.0977699Z   PKG_CONFIG_PATH: C:\hostedtoolcache\windows\Python\3.14.7\x64/lib/pkgconfig
Action policy / windows-latest / Python 3.14	UNKNOWN STEP	2026-09-13T17:56:39.0978197Z   Python_ROOT_DIR: C:\hostedtoolcache\windows\Python\3.14.7\x64
Action policy / windows-latest / Python 3.14	UNKNOWN STEP	2026-09-13T17:56:39.0978636Z   Python2_ROOT_DIR: C:\hostedtoolcache\windows\Python\3.14.7\x64
Action policy / windows-latest / Python 3.14	UNKNOWN STEP	2026-09-13T17:56:39.0979079Z   Python3_ROOT_DIR: C:\hostedtoolcache\windows\Python\3.14.7\x64
Action policy / windows-latest / Python 3.14	UNKNOWN STEP	2026-09-13T17:56:39.0979524Z   SDK_PYTHON: C:\hostedtoolcache\windows\Python\3.14.7\x64\python.exe
Action policy / windows-latest / Python 3.14	UNKNOWN STEP	2026-09-13T17:56:39.0979886Z ##[endgroup]
Action policy / windows-latest / Python 3.14	UNKNOWN STEP	2026-09-13T17:58:32.0279487Z Traceback (most recent call last):
Action policy / windows-latest / Python 3.14	UNKNOWN STEP	2026-09-13T17:58:32.0290654Z   File "<string>", line 1, in <module>
Action policy / windows-latest / Python 3.14	UNKNOWN STEP	2026-09-13T17:58:32.0291905Z     import os,subprocess; subprocess.run([os.environ['SDK_PYTHON'], 'tools/acceptance/ledger_guard_extra.py', '--ledger-source', '.candidate50/ledger', '--guard-candidate', 'acceptance-output/package/guard-candidate.json', '--output', 'acceptance-output/ledger-extra'], check=True)
Action policy / windows-latest / Python 3.14	UNKNOWN STEP	2026-09-13T17:58:32.0293456Z                           ~~~~~~~~~~~~~~^^^^^^^^^^^^^^^^^^^^^^^^^^^^^^^^^^^^^^^^^^^^^^^^^^^^^^^^^^^^^^^^^^^^^^^^^^^^^^^^^^^^^^^^^^^^^^^^^^^^^^^^^^^^^^^^^^^^^^^^^^^^^^^^^^^^^^^^^^^^^^^^^^^^^^^^^^^^^^^^^^^^^^^^^^^^^^^^^^^^^^^^^^^^^^^^^^^^^^^^^^^^^^^^^^^^^^^^^^^^^^^^^^^^^^^^^^^^^^^^^
Action policy / windows-latest / Python 3.14	UNKNOWN STEP	2026-09-13T17:58:32.0294263Z   File "C:\hostedtoolcache\windows\Python\3.14.7\x64\Lib\subprocess.py", line 578, in run
Action policy / windows-latest / Python 3.14	UNKNOWN STEP	2026-09-13T17:58:32.0294815Z     raise CalledProcessError(retcode, process.args,
Action policy / windows-latest / Python 3.14	UNKNOWN STEP	2026-09-13T17:58:32.0295163Z                              output=stdout, stderr=stderr)
Action policy / windows-latest / Python 3.14	UNKNOWN STEP	2026-09-13T17:58:32.0296602Z subprocess.CalledProcessError: Command '['C:\\hostedtoolcache\\windows\\Python\\3.14.7\\x64\\python.exe', 'tools/acceptance/ledger_guard_extra.py', '--ledger-source', '.candidate50/ledger', '--guard-candidate', 'acceptance-output/package/guard-candidate.json', '--output', 'acceptance-output/ledger-extra']' returned non-zero exit status 1.
Action policy / windows-latest / Python 3.14	UNKNOWN STEP	2026-09-13T17:58:32.1378284Z ##[error]Process completed with exit code 1.
Action policy / windows-latest / Python 3.14	UNKNOWN STEP	2026-09-13T17:58:32.1590319Z Node 20 is being deprecated. This workflow is running with Node 24 by default. If you need to temporarily use Node 20, you can set the ACTIONS_ALLOW_USE_UNSECURE_NODE_VERSION=true environment variable. For more information see: https://github.blog/changelog/2025-09-19-deprecation-of-node-20-on-github-actions-runners/
Action policy / windows-latest / Python 3.14	UNKNOWN STEP	2026-09-13T17:58:32.1591830Z ##[group]Run actions/upload-artifact@ea165f8d65b6e75b540449e92b4886f43607fa02
Action policy / windows-latest / Python 3.14	UNKNOWN STEP	2026-09-13T17:58:32.1592258Z with:
Action policy / windows-latest / Python 3.14	UNKNOWN STEP	2026-09-13T17:58:32.1592481Z   name: action-policy-windows-latest-3.14
Action policy / windows-latest / Python 3.14	UNKNOWN STEP	2026-09-13T17:58:32.1593009Z   include-hidden-files: true
Action policy / windows-latest / Python 3.14	UNKNOWN STEP	2026-09-13T17:58:32.1594637Z   path: acceptance-output/
Action policy / windows-latest / Python 3.14	UNKNOWN STEP	!acceptance-output/ledger-extra/combined/combined-extra/
Action policy / windows-latest / Python 3.14	UNKNOWN STEP	!acceptance-output/ledger-extra/upgrade-environment/
Action policy / windows-latest / Python 3.14	UNKNOWN STEP	!acceptance-output/ledger-extra/fresh-base/source/
Action policy / windows-latest / Python 3.14	UNKNOWN STEP	!acceptance-output/ledger-extra/fresh-base/installed/
Action policy / windows-latest / Python 3.14	UNKNOWN STEP	!acceptance-output/ledger-extra/fresh-base/historical-*/
Action policy / windows-latest / Python 3.14	UNKNOWN STEP	
Action policy / windows-latest / Python 3.14	UNKNOWN STEP	2026-09-13T17:58:32.1596049Z   if-no-files-found: warn
Action policy / windows-latest / Python 3.14	UNKNOWN STEP	2026-09-13T17:58:32.1596321Z   compression-level: 6
Action policy / windows-latest / Python 3.14	UNKNOWN STEP	2026-09-13T17:58:32.1596539Z   overwrite: false
Action policy / windows-latest / Python 3.14	UNKNOWN STEP	2026-09-13T17:58:32.1596725Z env:
Action policy / windows-latest / Python 3.14	UNKNOWN STEP	2026-09-13T17:58:32.1596902Z   CLOUD_TEST_ACCESS: true
Action policy / windows-latest / Python 3.14	UNKNOWN STEP	2026-09-13T17:58:32.1597236Z   pythonLocation: C:\hostedtoolcache\windows\Python\3.14.7\x64
Action policy / windows-latest / Python 3.14	UNKNOWN STEP	2026-09-13T17:58:32.1597757Z   PKG_CONFIG_PATH: C:\hostedtoolcache\windows\Python\3.14.7\x64/lib/pkgconfig
Action policy / windows-latest / Python 3.14	UNKNOWN STEP	2026-09-13T17:58:32.1598259Z   Python_ROOT_DIR: C:\hostedtoolcache\windows\Python\3.14.7\x64
Action policy / windows-latest / Python 3.14	UNKNOWN STEP	2026-09-13T17:58:32.1598703Z   Python2_ROOT_DIR: C:\hostedtoolcache\windows\Python\3.14.7\x64
Action policy / windows-latest / Python 3.14	UNKNOWN STEP	2026-09-13T17:58:32.1599148Z   Python3_ROOT_DIR: C:\hostedtoolcache\windows\Python\3.14.7\x64
Action policy / windows-latest / Python 3.14	UNKNOWN STEP	2026-09-13T17:58:32.1599647Z ##[endgroup]
Action policy / windows-latest / Python 3.14	UNKNOWN STEP	2026-09-13T17:58:32.3572235Z (node:8004) [DEP0040] DeprecationWarning: The `punycode` module is deprecated. Please use a userland alternative instead.
Action policy / windows-latest / Python 3.14	UNKNOWN STEP	2026-09-13T17:58:32.3573444Z (Use `node --trace-deprecation ...` to show where the warning was created)
Action policy / windows-latest / Python 3.14	UNKNOWN STEP	2026-09-13T17:58:34.0695325Z With the provided path, there will be 487 files uploaded
Action policy / windows-latest / Python 3.14	UNKNOWN STEP	2026-09-13T17:58:34.0701552Z Artifact name is valid!
Action policy / windows-latest / Python 3.14	UNKNOWN STEP	2026-09-13T17:58:34.0703345Z Root directory input is valid!
Action policy / windows-latest / Python 3.14	UNKNOWN STEP	2026-09-13T17:58:34.3240927Z Beginning upload of artifact content to blob storage
Action policy / windows-latest / Python 3.14	UNKNOWN STEP	2026-09-13T17:58:35.1345905Z (node:8004) [DEP0169] DeprecationWarning: `url.parse()` behavior is not standardized and prone to errors that have security implications. Use the WHATWG URL API instead. CVEs are not issued for `url.parse()` vulnerabilities.
Action policy / windows-latest / Python 3.14	UNKNOWN STEP	2026-09-13T17:58:35.5049746Z Uploaded bytes 6604453
Action policy / windows-latest / Python 3.14	UNKNOWN STEP	2026-09-13T17:58:35.5329281Z Finished uploading artifact content to blob storage!
Action policy / windows-latest / Python 3.14	UNKNOWN STEP	2026-09-13T17:58:35.5331225Z SHA256 digest of uploaded artifact zip is a8e4ff0670056461be5aa7d8f71e460af43daf1d103fc6708c9c57926265adb7
Action policy / windows-latest / Python 3.14	UNKNOWN STEP	2026-09-13T17:58:35.5333281Z Finalizing artifact upload
Action policy / windows-latest / Python 3.14	UNKNOWN STEP	2026-09-13T17:58:35.7641630Z Artifact action-policy-windows-latest-3.14.zip successfully finalized. Artifact ID 10323135446
Action policy / windows-latest / Python 3.14	UNKNOWN STEP	2026-09-13T17:58:35.7643475Z Artifact action-policy-windows-latest-3.14 has been successfully uploaded! Final size is 6604453 bytes. Artifact ID is 10323135446
Action policy / windows-latest / Python 3.14	UNKNOWN STEP	2026-09-13T17:58:35.7653034Z Artifact download URL: https://github.com/Waveframe-Labs/Waveframe-Guard/actions/runs/34772598555/artifacts/10323135446
Action policy / windows-latest / Python 3.14	UNKNOWN STEP	2026-09-13T17:58:35.8054139Z Post job cleanup.
Action policy / windows-latest / Python 3.14	UNKNOWN STEP	2026-09-13T17:58:36.0111140Z [command]"C:\Program Files\Git\bin\git.exe" version
Action policy / windows-latest / Python 3.14	UNKNOWN STEP	2026-09-13T17:58:36.0414254Z git version 2.55.0.windows.5
Action policy / windows-latest / Python 3.14	UNKNOWN STEP	2026-09-13T17:58:36.0486308Z Temporarily overriding HOME='D:\a\_temp\16d46cdd-c5bf-47a6-9bea-98e64e4b45cd' before making global git config changes
Action policy / windows-latest / Python 3.14	UNKNOWN STEP	2026-09-13T17:58:36.0487173Z Adding repository directory to the temporary git global config as a safe directory
Action policy / windows-latest / Python 3.14	UNKNOWN STEP	2026-09-13T17:58:36.0496964Z [command]"C:\Program Files\Git\bin\git.exe" config --global --add safe.directory D:\a\Waveframe-Guard\Waveframe-Guard\.cloud-test-source
Action policy / windows-latest / Python 3.14	UNKNOWN STEP	2026-09-13T17:58:36.0783585Z Removing SSH command configuration
Action policy / windows-latest / Python 3.14	UNKNOWN STEP	2026-09-13T17:58:36.0793293Z [command]"C:\Program Files\Git\bin\git.exe" config --local --name-only --get-regexp core\.sshCommand
Action policy / windows-latest / Python 3.14	UNKNOWN STEP	2026-09-13T17:58:36.1082290Z [command]"C:\Program Files\Git\bin\git.exe" submodule foreach --recursive "sh -c \"git config --local --name-only --get-regexp 'core\.sshCommand' && git config --local --unset-all 'core.sshCommand' || :\""
Action policy / windows-latest / Python 3.14	UNKNOWN STEP	2026-09-13T17:58:36.6554100Z Removing HTTP extra header
Action policy / windows-latest / Python 3.14	UNKNOWN STEP	2026-09-13T17:58:36.6564218Z [command]"C:\Program Files\Git\bin\git.exe" config --local --name-only --get-regexp http\.https\:\/\/github\.com\/\.extraheader
Action policy / windows-latest / Python 3.14	UNKNOWN STEP	2026-09-13T17:58:36.6853032Z [command]"C:\Program Files\Git\bin\git.exe" submodule foreach --recursive "sh -c \"git config --local --name-only --get-regexp 'http\.https\:\/\/github\.com\/\.extraheader' && git config --local --unset-all 'http.https://github.com/.extraheader' || :\""
Action policy / windows-latest / Python 3.14	UNKNOWN STEP	2026-09-13T17:58:37.2156479Z Removing includeIf entries pointing to credentials config files
Action policy / windows-latest / Python 3.14	UNKNOWN STEP	2026-09-13T17:58:37.2173236Z [command]"C:\Program Files\Git\bin\git.exe" config --local --name-only --get-regexp ^includeIf\.gitdir:
Action policy / windows-latest / Python 3.14	UNKNOWN STEP	2026-09-13T17:58:37.2466992Z [command]"C:\Program Files\Git\bin\git.exe" submodule foreach --recursive "git config --local --show-origin --name-only --get-regexp remote.origin.url"
Action policy / windows-latest / Python 3.14	UNKNOWN STEP	2026-09-13T17:58:37.7973898Z Post job cleanup.
Action policy / windows-latest / Python 3.14	UNKNOWN STEP	2026-09-13T17:58:38.0076047Z [command]"C:\Program Files\Git\bin\git.exe" version
Action policy / windows-latest / Python 3.14	UNKNOWN STEP	2026-09-13T17:58:38.0344000Z git version 2.55.0.windows.5
Action policy / windows-latest / Python 3.14	UNKNOWN STEP	2026-09-13T17:58:38.0411393Z Temporarily overriding HOME='D:\a\_temp\5fc54353-4a09-4d8c-b3f8-5c77794ec5c0' before making global git config changes
Action policy / windows-latest / Python 3.14	UNKNOWN STEP	2026-09-13T17:58:38.0412597Z Adding repository directory to the temporary git global config as a safe directory
Action policy / windows-latest / Python 3.14	UNKNOWN STEP	2026-09-13T17:58:38.0422899Z [command]"C:\Program Files\Git\bin\git.exe" config --global --add safe.directory D:\a\Waveframe-Guard\Waveframe-Guard\.candidate50\ledger
Action policy / windows-latest / Python 3.14	UNKNOWN STEP	2026-09-13T17:58:38.0707439Z Removing SSH command configuration
Action policy / windows-latest / Python 3.14	UNKNOWN STEP	2026-09-13T17:58:38.0718130Z [command]"C:\Program Files\Git\bin\git.exe" config --local --name-only --get-regexp core\.sshCommand
Action policy / windows-latest / Python 3.14	UNKNOWN STEP	2026-09-13T17:58:38.1019577Z [command]"C:\Program Files\Git\bin\git.exe" submodule foreach --recursive "sh -c \"git config --local --name-only --get-regexp 'core\.sshCommand' && git config --local --unset-all 'core.sshCommand' || :\""
Action policy / windows-latest / Python 3.14	UNKNOWN STEP	2026-09-13T17:58:38.6537567Z Removing HTTP extra header
Action policy / windows-latest / Python 3.14	UNKNOWN STEP	2026-09-13T17:58:38.6548371Z [command]"C:\Program Files\Git\bin\git.exe" config --local --name-only --get-regexp http\.https\:\/\/github\.com\/\.extraheader
Action policy / windows-latest / Python 3.14	UNKNOWN STEP	2026-09-13T17:58:38.6843972Z [command]"C:\Program Files\Git\bin\git.exe" submodule foreach --recursive "sh -c \"git config --local --name-only --get-regexp 'http\.https\:\/\/github\.com\/\.extraheader' && git config --local --unset-all 'http.https://github.com/.extraheader' || :\""
Action policy / windows-latest / Python 3.14	UNKNOWN STEP	2026-09-13T17:58:39.2415797Z Removing includeIf entries pointing to credentials config files
Action policy / windows-latest / Python 3.14	UNKNOWN STEP	2026-09-13T17:58:39.2428269Z [command]"C:\Program Files\Git\bin\git.exe" config --local --name-only --get-regexp ^includeIf\.gitdir:
Action policy / windows-latest / Python 3.14	UNKNOWN STEP	2026-09-13T17:58:39.2732030Z [command]"C:\Program Files\Git\bin\git.exe" submodule foreach --recursive "git config --local --show-origin --name-only --get-regexp remote.origin.url"
Action policy / windows-latest / Python 3.14	UNKNOWN STEP	2026-09-13T17:58:39.8197917Z Post job cleanup.
Action policy / windows-latest / Python 3.14	UNKNOWN STEP	2026-09-13T17:58:40.0283286Z [command]"C:\Program Files\Git\bin\git.exe" version
Action policy / windows-latest / Python 3.14	UNKNOWN STEP	2026-09-13T17:58:40.0568324Z git version 2.55.0.windows.5
Action policy / windows-latest / Python 3.14	UNKNOWN STEP	2026-09-13T17:58:40.0642345Z Temporarily overriding HOME='D:\a\_temp\b03de8a3-ceda-4e4f-ae01-ea100fbdc955' before making global git config changes
Action policy / windows-latest / Python 3.14	UNKNOWN STEP	2026-09-13T17:58:40.0643586Z Adding repository directory to the temporary git global config as a safe directory
Action policy / windows-latest / Python 3.14	UNKNOWN STEP	2026-09-13T17:58:40.0654667Z [command]"C:\Program Files\Git\bin\git.exe" config --global --add safe.directory D:\a\Waveframe-Guard\Waveframe-Guard
Action policy / windows-latest / Python 3.14	UNKNOWN STEP	2026-09-13T17:58:40.0957255Z Removing SSH command configuration
Action policy / windows-latest / Python 3.14	UNKNOWN STEP	2026-09-13T17:58:40.0967974Z [command]"C:\Program Files\Git\bin\git.exe" config --local --name-only --get-regexp core\.sshCommand
Action policy / windows-latest / Python 3.14	UNKNOWN STEP	2026-09-13T17:58:40.1274433Z [command]"C:\Program Files\Git\bin\git.exe" submodule foreach --recursive "sh -c \"git config --local --name-only --get-regexp 'core\.sshCommand' && git config --local --unset-all 'core.sshCommand' || :\""
Action policy / windows-latest / Python 3.14	UNKNOWN STEP	2026-09-13T17:58:40.6549207Z Removing HTTP extra header
Action policy / windows-latest / Python 3.14	UNKNOWN STEP	2026-09-13T17:58:40.6560026Z [command]"C:\Program Files\Git\bin\git.exe" config --local --name-only --get-regexp http\.https\:\/\/github\.com\/\.extraheader
Action policy / windows-latest / Python 3.14	UNKNOWN STEP	2026-09-13T17:58:40.6874669Z [command]"C:\Program Files\Git\bin\git.exe" submodule foreach --recursive "sh -c \"git config --local --name-only --get-regexp 'http\.https\:\/\/github\.com\/\.extraheader' && git config --local --unset-all 'http.https://github.com/.extraheader' || :\""
Action policy / windows-latest / Python 3.14	UNKNOWN STEP	2026-09-13T17:58:41.2491287Z Removing includeIf entries pointing to credentials config files
Action policy / windows-latest / Python 3.14	UNKNOWN STEP	2026-09-13T17:58:41.2502464Z [command]"C:\Program Files\Git\bin\git.exe" config --local --name-only --get-regexp ^includeIf\.gitdir:
Action policy / windows-latest / Python 3.14	UNKNOWN STEP	2026-09-13T17:58:41.2805889Z [command]"C:\Program Files\Git\bin\git.exe" submodule foreach --recursive "git config --local --show-origin --name-only --get-regexp remote.origin.url"
Action policy / windows-latest / Python 3.14	UNKNOWN STEP	2026-09-13T17:58:41.8498795Z Cleaning up orphan processes
Action policy / windows-latest / Python 3.14	UNKNOWN STEP	2026-09-13T17:58:41.9417956Z ##[warning]Node.js 20 is deprecated. The following actions target Node.js 20 but are being forced to run on Node.js 24: actions/upload-artifact@ea165f8d65b6e75b540449e92b4886f43607fa02. For more information see: https://github.blog/changelog/2025-09-19-deprecation-of-node-20-on-github-actions-runners/
Action policy / ubuntu-latest / Python 3.10	UNKNOWN STEP	﻿2026-09-13T17:46:33.0084021Z Current runner version: '2.337.0'
Action policy / ubuntu-latest / Python 3.10	UNKNOWN STEP	2026-09-13T17:46:33.0110750Z ##[group]Runner Image Provisioner
Action policy / ubuntu-latest / Python 3.10	UNKNOWN STEP	2026-09-13T17:46:33.0111768Z Hosted Compute Agent
Action policy / ubuntu-latest / Python 3.10	UNKNOWN STEP	2026-09-13T17:46:33.0112387Z Version: 20260828.587
Action policy / ubuntu-latest / Python 3.10	UNKNOWN STEP	2026-09-13T17:46:33.0113037Z Commit: abac92662cab4cc7352de4f9f9d2e2419aad9c29
Action policy / ubuntu-latest / Python 3.10	UNKNOWN STEP	2026-09-13T17:46:33.0113854Z Build Date: 2026-08-28T16:44:25Z
Action policy / ubuntu-latest / Python 3.10	UNKNOWN STEP	2026-09-13T17:46:33.0114596Z Worker ID: {8e37980d-7446-467b-aa1b-e59e5b6ac839}
Action policy / ubuntu-latest / Python 3.10	UNKNOWN STEP	2026-09-13T17:46:33.0115437Z Azure Region: westcentralus
Action policy / ubuntu-latest / Python 3.10	UNKNOWN STEP	2026-09-13T17:46:33.0116342Z ##[endgroup]
Action policy / ubuntu-latest / Python 3.10	UNKNOWN STEP	2026-09-13T17:46:33.0117863Z ##[group]Operating System
Action policy / ubuntu-latest / Python 3.10	UNKNOWN STEP	2026-09-13T17:46:33.0118681Z Ubuntu
Action policy / ubuntu-latest / Python 3.10	UNKNOWN STEP	2026-09-13T17:46:33.0119252Z 24.04.5
Action policy / ubuntu-latest / Python 3.10	UNKNOWN STEP	2026-09-13T17:46:33.0119811Z LTS
Action policy / ubuntu-latest / Python 3.10	UNKNOWN STEP	2026-09-13T17:46:33.0120392Z ##[endgroup]
Action policy / ubuntu-latest / Python 3.10	UNKNOWN STEP	2026-09-13T17:46:33.0120943Z ##[group]Runner Image
Action policy / ubuntu-latest / Python 3.10	UNKNOWN STEP	2026-09-13T17:46:33.0121611Z Image: ubuntu-24.04
Action policy / ubuntu-latest / Python 3.10	UNKNOWN STEP	2026-09-13T17:46:33.0122225Z Version: 20260907.300.1
Action policy / ubuntu-latest / Python 3.10	UNKNOWN STEP	2026-09-13T17:46:33.0123590Z Included Software: https://github.com/actions/runner-images/blob/ubuntu24/20260907.300/images/ubuntu/Ubuntu2404-Readme.md
Action policy / ubuntu-latest / Python 3.10	UNKNOWN STEP	2026-09-13T17:46:33.0125134Z Image Release: https://github.com/actions/runner-images/releases/tag/ubuntu24%2F20260907.300
Action policy / ubuntu-latest / Python 3.10	UNKNOWN STEP	2026-09-13T17:46:33.0126438Z ##[endgroup]
Action policy / ubuntu-latest / Python 3.10	UNKNOWN STEP	2026-09-13T17:46:33.0127613Z ##[group]GITHUB_TOKEN Permissions
Action policy / ubuntu-latest / Python 3.10	UNKNOWN STEP	2026-09-13T17:46:33.0129658Z Contents: read
Action policy / ubuntu-latest / Python 3.10	UNKNOWN STEP	2026-09-13T17:46:33.0130350Z Metadata: read
Action policy / ubuntu-latest / Python 3.10	UNKNOWN STEP	2026-09-13T17:46:33.0131010Z ##[endgroup]
Action policy / ubuntu-latest / Python 3.10	UNKNOWN STEP	2026-09-13T17:46:33.0133265Z Secret source: Actions
Action policy / ubuntu-latest / Python 3.10	UNKNOWN STEP	2026-09-13T17:46:33.0134335Z Cache mode: write
Action policy / ubuntu-latest / Python 3.10	UNKNOWN STEP	2026-09-13T17:46:33.0135061Z Prepare workflow directory
Action policy / ubuntu-latest / Python 3.10	UNKNOWN STEP	2026-09-13T17:46:33.0744912Z Prepare all required actions
Action policy / ubuntu-latest / Python 3.10	UNKNOWN STEP	2026-09-13T17:46:33.0803737Z Getting action download info
Action policy / ubuntu-latest / Python 3.10	UNKNOWN STEP	2026-09-13T17:46:33.3896083Z Download action repository 'actions/checkout@3d3c42e5aac5ba805825da76410c181273ba90b1' (SHA:3d3c42e5aac5ba805825da76410c181273ba90b1)
Action policy / ubuntu-latest / Python 3.10	UNKNOWN STEP	2026-09-13T17:46:33.5332560Z Download action repository 'actions/setup-python@ece7cb06caefa5fff74198d8649806c4678c61a1' (SHA:ece7cb06caefa5fff74198d8649806c4678c61a1)
Action policy / ubuntu-latest / Python 3.10	UNKNOWN STEP	2026-09-13T17:46:33.6517322Z Download action repository 'actions/upload-artifact@ea165f8d65b6e75b540449e92b4886f43607fa02' (SHA:ea165f8d65b6e75b540449e92b4886f43607fa02)
Action policy / ubuntu-latest / Python 3.10	UNKNOWN STEP	2026-09-13T17:46:33.9364936Z Complete job name: Action policy / ubuntu-latest / Python 3.10
Action policy / ubuntu-latest / Python 3.10	UNKNOWN STEP	2026-09-13T17:46:34.0315268Z ##[group]Run actions/checkout@3d3c42e5aac5ba805825da76410c181273ba90b1
Action policy / ubuntu-latest / Python 3.10	UNKNOWN STEP	2026-09-13T17:46:34.0316933Z with:
Action policy / ubuntu-latest / Python 3.10	UNKNOWN STEP	2026-09-13T17:46:34.0317487Z   ref: 0161ef8a52e052d1bc1366cdc93ce13a9bd535ed
Action policy / ubuntu-latest / Python 3.10	UNKNOWN STEP	2026-09-13T17:46:34.0318144Z   persist-credentials: false
Action policy / ubuntu-latest / Python 3.10	UNKNOWN STEP	2026-09-13T17:46:34.0318725Z   repository: Waveframe-Labs/Waveframe-Guard
Action policy / ubuntu-latest / Python 3.10	UNKNOWN STEP	2026-09-13T17:46:34.0322995Z   token: ***
Action policy / ubuntu-latest / Python 3.10	UNKNOWN STEP	2026-09-13T17:46:34.0323480Z   ssh-strict: true
Action policy / ubuntu-latest / Python 3.10	UNKNOWN STEP	2026-09-13T17:46:34.0323965Z   ssh-user: git
Action policy / ubuntu-latest / Python 3.10	UNKNOWN STEP	2026-09-13T17:46:34.0324420Z   clean: true
Action policy / ubuntu-latest / Python 3.10	UNKNOWN STEP	2026-09-13T17:46:34.0324896Z   sparse-checkout-cone-mode: true
Action policy / ubuntu-latest / Python 3.10	UNKNOWN STEP	2026-09-13T17:46:34.0325468Z   fetch-depth: 1
Action policy / ubuntu-latest / Python 3.10	UNKNOWN STEP	2026-09-13T17:46:34.0326279Z   fetch-tags: false
Action policy / ubuntu-latest / Python 3.10	UNKNOWN STEP	2026-09-13T17:46:34.0326760Z   show-progress: true
Action policy / ubuntu-latest / Python 3.10	UNKNOWN STEP	2026-09-13T17:46:34.0327242Z   lfs: false
Action policy / ubuntu-latest / Python 3.10	UNKNOWN STEP	2026-09-13T17:46:34.0327691Z   submodules: false
Action policy / ubuntu-latest / Python 3.10	UNKNOWN STEP	2026-09-13T17:46:34.0328200Z   set-safe-directory: true
Action policy / ubuntu-latest / Python 3.10	UNKNOWN STEP	2026-09-13T17:46:34.0328727Z   allow-unsafe-pr-checkout: false
Action policy / ubuntu-latest / Python 3.10	UNKNOWN STEP	2026-09-13T17:46:34.0329590Z env:
Action policy / ubuntu-latest / Python 3.10	UNKNOWN STEP	2026-09-13T17:46:34.0330102Z   CLOUD_TEST_ACCESS: true
Action policy / ubuntu-latest / Python 3.10	UNKNOWN STEP	2026-09-13T17:46:34.0330606Z ##[endgroup]
Action policy / ubuntu-latest / Python 3.10	UNKNOWN STEP	2026-09-13T17:46:34.1415491Z Syncing repository: Waveframe-Labs/Waveframe-Guard
Action policy / ubuntu-latest / Python 3.10	UNKNOWN STEP	2026-09-13T17:46:34.1418596Z ##[group]Getting Git version info
Action policy / ubuntu-latest / Python 3.10	UNKNOWN STEP	2026-09-13T17:46:34.1419497Z Working directory is '/home/runner/work/Waveframe-Guard/Waveframe-Guard'
Action policy / ubuntu-latest / Python 3.10	UNKNOWN STEP	2026-09-13T17:46:34.1420802Z [command]/usr/bin/git version
Action policy / ubuntu-latest / Python 3.10	UNKNOWN STEP	2026-09-13T17:46:34.1476332Z git version 2.55.0
Action policy / ubuntu-latest / Python 3.10	UNKNOWN STEP	2026-09-13T17:46:34.1537143Z ##[endgroup]
Action policy / ubuntu-latest / Python 3.10	UNKNOWN STEP	2026-09-13T17:46:34.1548672Z Temporarily overriding HOME='/home/runner/work/_temp/a50a34b2-60ec-4c4d-b259-289ffbbb469f' before making global git config changes
Action policy / ubuntu-latest / Python 3.10	UNKNOWN STEP	2026-09-13T17:46:34.1551157Z Adding repository directory to the temporary git global config as a safe directory
Action policy / ubuntu-latest / Python 3.10	UNKNOWN STEP	2026-09-13T17:46:34.1556298Z [command]/usr/bin/git config --global --add safe.directory /home/runner/work/Waveframe-Guard/Waveframe-Guard
Action policy / ubuntu-latest / Python 3.10	UNKNOWN STEP	2026-09-13T17:46:34.1609004Z Deleting the contents of '/home/runner/work/Waveframe-Guard/Waveframe-Guard'
Action policy / ubuntu-latest / Python 3.10	UNKNOWN STEP	2026-09-13T17:46:34.1619098Z ##[group]Determining repository object format
Action policy / ubuntu-latest / Python 3.10	UNKNOWN STEP	2026-09-13T17:46:34.1620671Z ##[endgroup]
Action policy / ubuntu-latest / Python 3.10	UNKNOWN STEP	2026-09-13T17:46:34.1627662Z ##[group]Initializing the repository
Action policy / ubuntu-latest / Python 3.10	UNKNOWN STEP	2026-09-13T17:46:34.1629436Z [command]/usr/bin/git init /home/runner/work/Waveframe-Guard/Waveframe-Guard
Action policy / ubuntu-latest / Python 3.10	UNKNOWN STEP	2026-09-13T17:46:34.1732347Z hint: Using 'master' as the name for the initial branch. This default branch name
Action policy / ubuntu-latest / Python 3.10	UNKNOWN STEP	2026-09-13T17:46:34.1734302Z hint: will change to "main" in Git 3.0. To configure the initial branch name
Action policy / ubuntu-latest / Python 3.10	UNKNOWN STEP	2026-09-13T17:46:34.1736500Z hint: to use in all of your new repositories, which will suppress this warning,
Action policy / ubuntu-latest / Python 3.10	UNKNOWN STEP	2026-09-13T17:46:34.1737957Z hint: call:
Action policy / ubuntu-latest / Python 3.10	UNKNOWN STEP	2026-09-13T17:46:34.1738818Z hint:
Action policy / ubuntu-latest / Python 3.10	UNKNOWN STEP	2026-09-13T17:46:34.1739935Z hint: 	git config --global init.defaultBranch <name>
Action policy / ubuntu-latest / Python 3.10	UNKNOWN STEP	2026-09-13T17:46:34.1741167Z hint:
Action policy / ubuntu-latest / Python 3.10	UNKNOWN STEP	2026-09-13T17:46:34.1742340Z hint: Names commonly chosen instead of 'master' are 'main', 'trunk' and
Action policy / ubuntu-latest / Python 3.10	UNKNOWN STEP	2026-09-13T17:46:34.1744221Z hint: 'development'. The just-created branch can be renamed via this command:
Action policy / ubuntu-latest / Python 3.10	UNKNOWN STEP	2026-09-13T17:46:34.1746026Z hint:
Action policy / ubuntu-latest / Python 3.10	UNKNOWN STEP	2026-09-13T17:46:34.1747180Z hint: 	git branch -m <name>
Action policy / ubuntu-latest / Python 3.10	UNKNOWN STEP	2026-09-13T17:46:34.1748254Z hint:
Action policy / ubuntu-latest / Python 3.10	UNKNOWN STEP	2026-09-13T17:46:34.1749626Z hint: Disable this message with "git config set advice.defaultBranchName false"
Action policy / ubuntu-latest / Python 3.10	UNKNOWN STEP	2026-09-13T17:46:34.1751706Z Initialized empty Git repository in /home/runner/work/Waveframe-Guard/Waveframe-Guard/.git/
Action policy / ubuntu-latest / Python 3.10	UNKNOWN STEP	2026-09-13T17:46:34.1776893Z [command]/usr/bin/git remote add origin https://github.com/Waveframe-Labs/Waveframe-Guard
Action policy / ubuntu-latest / Python 3.10	UNKNOWN STEP	2026-09-13T17:46:34.1843048Z ##[endgroup]
Action policy / ubuntu-latest / Python 3.10	UNKNOWN STEP	2026-09-13T17:46:34.1844369Z ##[group]Disabling automatic garbage collection
Action policy / ubuntu-latest / Python 3.10	UNKNOWN STEP	2026-09-13T17:46:34.1845975Z [command]/usr/bin/git config --local gc.auto 0
Action policy / ubuntu-latest / Python 3.10	UNKNOWN STEP	2026-09-13T17:46:34.1884431Z ##[endgroup]
Action policy / ubuntu-latest / Python 3.10	UNKNOWN STEP	2026-09-13T17:46:34.1886206Z ##[group]Setting up auth
Action policy / ubuntu-latest / Python 3.10	UNKNOWN STEP	2026-09-13T17:46:34.1887107Z Removing SSH command configuration
Action policy / ubuntu-latest / Python 3.10	UNKNOWN STEP	2026-09-13T17:46:34.1891063Z [command]/usr/bin/git config --local --name-only --get-regexp core\.sshCommand
Action policy / ubuntu-latest / Python 3.10	UNKNOWN STEP	2026-09-13T17:46:34.1937276Z [command]/usr/bin/git submodule foreach --recursive sh -c "git config --local --name-only --get-regexp 'core\.sshCommand' && git config --local --unset-all 'core.sshCommand' || :"
Action policy / ubuntu-latest / Python 3.10	UNKNOWN STEP	2026-09-13T17:46:34.2321646Z Removing HTTP extra header
Action policy / ubuntu-latest / Python 3.10	UNKNOWN STEP	2026-09-13T17:46:34.2327693Z [command]/usr/bin/git config --local --name-only --get-regexp http\.https\:\/\/github\.com\/\.extraheader
Action policy / ubuntu-latest / Python 3.10	UNKNOWN STEP	2026-09-13T17:46:34.2374621Z [command]/usr/bin/git submodule foreach --recursive sh -c "git config --local --name-only --get-regexp 'http\.https\:\/\/github\.com\/\.extraheader' && git config --local --unset-all 'http.https://github.com/.extraheader' || :"
Action policy / ubuntu-latest / Python 3.10	UNKNOWN STEP	2026-09-13T17:46:34.2611237Z Removing includeIf entries pointing to credentials config files
Action policy / ubuntu-latest / Python 3.10	UNKNOWN STEP	2026-09-13T17:46:34.2616860Z [command]/usr/bin/git config --local --name-only --get-regexp ^includeIf\.gitdir:
Action policy / ubuntu-latest / Python 3.10	UNKNOWN STEP	2026-09-13T17:46:34.2658746Z [command]/usr/bin/git submodule foreach --recursive git config --local --show-origin --name-only --get-regexp remote.origin.url
Action policy / ubuntu-latest / Python 3.10	UNKNOWN STEP	2026-09-13T17:46:34.2908533Z [command]/usr/bin/git config --file /home/runner/work/_temp/git-credentials-e72776b4-7ab1-4b96-a56f-369b07a1dcf0.config http.https://github.com/.extraheader AUTHORIZATION: basic ***
Action policy / ubuntu-latest / Python 3.10	UNKNOWN STEP	2026-09-13T17:46:34.2956293Z [command]/usr/bin/git config --local includeIf.gitdir:/home/runner/work/Waveframe-Guard/Waveframe-Guard/.git.path /home/runner/work/_temp/git-credentials-e72776b4-7ab1-4b96-a56f-369b07a1dcf0.config
Action policy / ubuntu-latest / Python 3.10	UNKNOWN STEP	2026-09-13T17:46:34.2995798Z [command]/usr/bin/git config --local includeIf.gitdir:/home/runner/work/Waveframe-Guard/Waveframe-Guard/.git/worktrees/*.path /home/runner/work/_temp/git-credentials-e72776b4-7ab1-4b96-a56f-369b07a1dcf0.config
Action policy / ubuntu-latest / Python 3.10	UNKNOWN STEP	2026-09-13T17:46:34.3038183Z [command]/usr/bin/git config --local includeIf.gitdir:/github/workspace/.git.path /github/runner_temp/git-credentials-e72776b4-7ab1-4b96-a56f-369b07a1dcf0.config
Action policy / ubuntu-latest / Python 3.10	UNKNOWN STEP	2026-09-13T17:46:34.3080042Z [command]/usr/bin/git config --local includeIf.gitdir:/github/workspace/.git/worktrees/*.path /github/runner_temp/git-credentials-e72776b4-7ab1-4b96-a56f-369b07a1dcf0.config
Action policy / ubuntu-latest / Python 3.10	UNKNOWN STEP	2026-09-13T17:46:34.3115946Z ##[endgroup]
Action policy / ubuntu-latest / Python 3.10	UNKNOWN STEP	2026-09-13T17:46:34.3116923Z ##[group]Fetching the repository
Action policy / ubuntu-latest / Python 3.10	UNKNOWN STEP	2026-09-13T17:46:34.3123410Z [command]/usr/bin/git -c protocol.version=2 fetch --no-tags --prune --no-recurse-submodules --depth=1 origin 0161ef8a52e052d1bc1366cdc93ce13a9bd535ed
Action policy / ubuntu-latest / Python 3.10	UNKNOWN STEP	2026-09-13T17:46:35.0136154Z From https://github.com/Waveframe-Labs/Waveframe-Guard
Action policy / ubuntu-latest / Python 3.10	UNKNOWN STEP	2026-09-13T17:46:35.0138347Z  * branch            0161ef8a52e052d1bc1366cdc93ce13a9bd535ed -> FETCH_HEAD
Action policy / ubuntu-latest / Python 3.10	UNKNOWN STEP	2026-09-13T17:46:35.0146068Z [command]/usr/bin/git rev-parse --verify --quiet 0161ef8a52e052d1bc1366cdc93ce13a9bd535ed^{object}
Action policy / ubuntu-latest / Python 3.10	UNKNOWN STEP	2026-09-13T17:46:35.0178953Z 0161ef8a52e052d1bc1366cdc93ce13a9bd535ed
Action policy / ubuntu-latest / Python 3.10	UNKNOWN STEP	2026-09-13T17:46:35.0188803Z ##[endgroup]
Action policy / ubuntu-latest / Python 3.10	UNKNOWN STEP	2026-09-13T17:46:35.0190663Z ##[group]Determining the checkout info
Action policy / ubuntu-latest / Python 3.10	UNKNOWN STEP	2026-09-13T17:46:35.0192501Z ##[endgroup]
Action policy / ubuntu-latest / Python 3.10	UNKNOWN STEP	2026-09-13T17:46:35.0193666Z [command]/usr/bin/git sparse-checkout disable
Action policy / ubuntu-latest / Python 3.10	UNKNOWN STEP	2026-09-13T17:46:35.0251172Z [command]/usr/bin/git config --local --unset-all extensions.worktreeConfig
Action policy / ubuntu-latest / Python 3.10	UNKNOWN STEP	2026-09-13T17:46:35.0290826Z ##[group]Checking out the ref
Action policy / ubuntu-latest / Python 3.10	UNKNOWN STEP	2026-09-13T17:46:35.0294558Z [command]/usr/bin/git checkout --progress --force 0161ef8a52e052d1bc1366cdc93ce13a9bd535ed
Action policy / ubuntu-latest / Python 3.10	UNKNOWN STEP	2026-09-13T17:46:35.0533987Z Note: switching to '0161ef8a52e052d1bc1366cdc93ce13a9bd535ed'.
Action policy / ubuntu-latest / Python 3.10	UNKNOWN STEP	2026-09-13T17:46:35.0536124Z 
Action policy / ubuntu-latest / Python 3.10	UNKNOWN STEP	2026-09-13T17:46:35.0537428Z You are in 'detached HEAD' state. You can look around, make experimental
Action policy / ubuntu-latest / Python 3.10	UNKNOWN STEP	2026-09-13T17:46:35.0540743Z changes and commit them, and you can discard any commits you make in this
Action policy / ubuntu-latest / Python 3.10	UNKNOWN STEP	2026-09-13T17:46:35.0543115Z state without impacting any branches by switching back to a branch.
Action policy / ubuntu-latest / Python 3.10	UNKNOWN STEP	2026-09-13T17:46:35.0544672Z 
Action policy / ubuntu-latest / Python 3.10	UNKNOWN STEP	2026-09-13T17:46:35.0546016Z If you want to create a new branch to retain commits you create, you may
Action policy / ubuntu-latest / Python 3.10	UNKNOWN STEP	2026-09-13T17:46:35.0548452Z do so (now or later) by using -c with the switch command. Example:
Action policy / ubuntu-latest / Python 3.10	UNKNOWN STEP	2026-09-13T17:46:35.0549878Z 
Action policy / ubuntu-latest / Python 3.10	UNKNOWN STEP	2026-09-13T17:46:35.0550473Z   git switch -c <new-branch-name>
Action policy / ubuntu-latest / Python 3.10	UNKNOWN STEP	2026-09-13T17:46:35.0551444Z 
Action policy / ubuntu-latest / Python 3.10	UNKNOWN STEP	2026-09-13T17:46:35.0552098Z Or undo this operation with:
Action policy / ubuntu-latest / Python 3.10	UNKNOWN STEP	2026-09-13T17:46:35.0553161Z 
Action policy / ubuntu-latest / Python 3.10	UNKNOWN STEP	2026-09-13T17:46:35.0553851Z   git switch -
Action policy / ubuntu-latest / Python 3.10	UNKNOWN STEP	2026-09-13T17:46:35.0554545Z 
Action policy / ubuntu-latest / Python 3.10	UNKNOWN STEP	2026-09-13T17:46:35.0556296Z Turn off this advice by setting config variable advice.detachedHead to false
Action policy / ubuntu-latest / Python 3.10	UNKNOWN STEP	2026-09-13T17:46:35.0557969Z 
Action policy / ubuntu-latest / Python 3.10	UNKNOWN STEP	2026-09-13T17:46:35.0559151Z HEAD is now at 0161ef8 Verify archive digests from both supported pip report formats
Action policy / ubuntu-latest / Python 3.10	UNKNOWN STEP	2026-09-13T17:46:35.0563890Z ##[endgroup]
Action policy / ubuntu-latest / Python 3.10	UNKNOWN STEP	2026-09-13T17:46:35.0610782Z [command]/usr/bin/git log -1 --format=%H
Action policy / ubuntu-latest / Python 3.10	UNKNOWN STEP	2026-09-13T17:46:35.0652399Z 0161ef8a52e052d1bc1366cdc93ce13a9bd535ed
Action policy / ubuntu-latest / Python 3.10	UNKNOWN STEP	2026-09-13T17:46:35.0665760Z ##[group]Removing auth
Action policy / ubuntu-latest / Python 3.10	UNKNOWN STEP	2026-09-13T17:46:35.0667623Z Removing SSH command configuration
Action policy / ubuntu-latest / Python 3.10	UNKNOWN STEP	2026-09-13T17:46:35.0677948Z [command]/usr/bin/git config --local --name-only --get-regexp core\.sshCommand
Action policy / ubuntu-latest / Python 3.10	UNKNOWN STEP	2026-09-13T17:46:35.0728360Z [command]/usr/bin/git submodule foreach --recursive sh -c "git config --local --name-only --get-regexp 'core\.sshCommand' && git config --local --unset-all 'core.sshCommand' || :"
Action policy / ubuntu-latest / Python 3.10	UNKNOWN STEP	2026-09-13T17:46:35.1004685Z Removing HTTP extra header
Action policy / ubuntu-latest / Python 3.10	UNKNOWN STEP	2026-09-13T17:46:35.1015127Z [command]/usr/bin/git config --local --name-only --get-regexp http\.https\:\/\/github\.com\/\.extraheader
Action policy / ubuntu-latest / Python 3.10	UNKNOWN STEP	2026-09-13T17:46:35.1059001Z [command]/usr/bin/git submodule foreach --recursive sh -c "git config --local --name-only --get-regexp 'http\.https\:\/\/github\.com\/\.extraheader' && git config --local --unset-all 'http.https://github.com/.extraheader' || :"
Action policy / ubuntu-latest / Python 3.10	UNKNOWN STEP	2026-09-13T17:46:35.1306306Z Removing includeIf entries pointing to credentials config files
Action policy / ubuntu-latest / Python 3.10	UNKNOWN STEP	2026-09-13T17:46:35.1310205Z [command]/usr/bin/git config --local --name-only --get-regexp ^includeIf\.gitdir:
Action policy / ubuntu-latest / Python 3.10	UNKNOWN STEP	2026-09-13T17:46:35.1343896Z includeif.gitdir:/home/runner/work/Waveframe-Guard/Waveframe-Guard/.git.path
Action policy / ubuntu-latest / Python 3.10	UNKNOWN STEP	2026-09-13T17:46:35.1347794Z includeif.gitdir:/home/runner/work/Waveframe-Guard/Waveframe-Guard/.git/worktrees/*.path
Action policy / ubuntu-latest / Python 3.10	UNKNOWN STEP	2026-09-13T17:46:35.1350168Z includeif.gitdir:/github/workspace/.git.path
Action policy / ubuntu-latest / Python 3.10	UNKNOWN STEP	2026-09-13T17:46:35.1352440Z includeif.gitdir:/github/workspace/.git/worktrees/*.path
Action policy / ubuntu-latest / Python 3.10	UNKNOWN STEP	2026-09-13T17:46:35.1360301Z [command]/usr/bin/git config --local --get-all includeif.gitdir:/home/runner/work/Waveframe-Guard/Waveframe-Guard/.git.path
Action policy / ubuntu-latest / Python 3.10	UNKNOWN STEP	2026-09-13T17:46:35.1388876Z /home/runner/work/_temp/git-credentials-e72776b4-7ab1-4b96-a56f-369b07a1dcf0.config
Action policy / ubuntu-latest / Python 3.10	UNKNOWN STEP	2026-09-13T17:46:35.1401162Z [command]/usr/bin/git config --local --unset includeif.gitdir:/home/runner/work/Waveframe-Guard/Waveframe-Guard/.git.path \/home\/runner\/work\/_temp\/git\-credentials\-e72776b4\-7ab1\-4b96\-a56f\-369b07a1dcf0\.config
Action policy / ubuntu-latest / Python 3.10	UNKNOWN STEP	2026-09-13T17:46:35.1440577Z [command]/usr/bin/git config --local --get-all includeif.gitdir:/home/runner/work/Waveframe-Guard/Waveframe-Guard/.git/worktrees/*.path
Action policy / ubuntu-latest / Python 3.10	UNKNOWN STEP	2026-09-13T17:46:35.1471490Z /home/runner/work/_temp/git-credentials-e72776b4-7ab1-4b96-a56f-369b07a1dcf0.config
Action policy / ubuntu-latest / Python 3.10	UNKNOWN STEP	2026-09-13T17:46:35.1482555Z [command]/usr/bin/git config --local --unset includeif.gitdir:/home/runner/work/Waveframe-Guard/Waveframe-Guard/.git/worktrees/*.path \/home\/runner\/work\/_temp\/git\-credentials\-e72776b4\-7ab1\-4b96\-a56f\-369b07a1dcf0\.config
Action policy / ubuntu-latest / Python 3.10	UNKNOWN STEP	2026-09-13T17:46:35.1527736Z [command]/usr/bin/git config --local --get-all includeif.gitdir:/github/workspace/.git.path
Action policy / ubuntu-latest / Python 3.10	UNKNOWN STEP	2026-09-13T17:46:35.1561096Z /github/runner_temp/git-credentials-e72776b4-7ab1-4b96-a56f-369b07a1dcf0.config
Action policy / ubuntu-latest / Python 3.10	UNKNOWN STEP	2026-09-13T17:46:35.1570651Z [command]/usr/bin/git config --local --unset includeif.gitdir:/github/workspace/.git.path \/github\/runner_temp\/git\-credentials\-e72776b4\-7ab1\-4b96\-a56f\-369b07a1dcf0\.config
Action policy / ubuntu-latest / Python 3.10	UNKNOWN STEP	2026-09-13T17:46:35.1669336Z [command]/usr/bin/git config --local --get-all includeif.gitdir:/github/workspace/.git/worktrees/*.path
Action policy / ubuntu-latest / Python 3.10	UNKNOWN STEP	2026-09-13T17:46:35.1701359Z /github/runner_temp/git-credentials-e72776b4-7ab1-4b96-a56f-369b07a1dcf0.config
Action policy / ubuntu-latest / Python 3.10	UNKNOWN STEP	2026-09-13T17:46:35.1712315Z [command]/usr/bin/git config --local --unset includeif.gitdir:/github/workspace/.git/worktrees/*.path \/github\/runner_temp\/git\-credentials\-e72776b4\-7ab1\-4b96\-a56f\-369b07a1dcf0\.config
Action policy / ubuntu-latest / Python 3.10	UNKNOWN STEP	2026-09-13T17:46:35.1754478Z [command]/usr/bin/git submodule foreach --recursive git config --local --show-origin --name-only --get-regexp remote.origin.url
Action policy / ubuntu-latest / Python 3.10	UNKNOWN STEP	2026-09-13T17:46:35.1989634Z Removing credentials config '/home/runner/work/_temp/git-credentials-e72776b4-7ab1-4b96-a56f-369b07a1dcf0.config'
Action policy / ubuntu-latest / Python 3.10	UNKNOWN STEP	2026-09-13T17:46:35.1996957Z ##[endgroup]
Action policy / ubuntu-latest / Python 3.10	UNKNOWN STEP	2026-09-13T17:46:35.2373380Z ##[group]Run actions/setup-python@ece7cb06caefa5fff74198d8649806c4678c61a1
Action policy / ubuntu-latest / Python 3.10	UNKNOWN STEP	2026-09-13T17:46:35.2375866Z with:
Action policy / ubuntu-latest / Python 3.10	UNKNOWN STEP	2026-09-13T17:46:35.2376821Z   python-version: 3.10
Action policy / ubuntu-latest / Python 3.10	UNKNOWN STEP	2026-09-13T17:46:35.2378159Z   check-latest: false
Action policy / ubuntu-latest / Python 3.10	UNKNOWN STEP	2026-09-13T17:46:35.2389659Z   token: ***
Action policy / ubuntu-latest / Python 3.10	UNKNOWN STEP	2026-09-13T17:46:35.2390619Z   update-environment: true
Action policy / ubuntu-latest / Python 3.10	UNKNOWN STEP	2026-09-13T17:46:35.2391733Z   allow-prereleases: false
Action policy / ubuntu-latest / Python 3.10	UNKNOWN STEP	2026-09-13T17:46:35.2392802Z   freethreaded: false
Action policy / ubuntu-latest / Python 3.10	UNKNOWN STEP	2026-09-13T17:46:35.2393761Z env:
Action policy / ubuntu-latest / Python 3.10	UNKNOWN STEP	2026-09-13T17:46:35.2394624Z   CLOUD_TEST_ACCESS: true
Action policy / ubuntu-latest / Python 3.10	UNKNOWN STEP	2026-09-13T17:46:35.2395838Z ##[endgroup]
Action policy / ubuntu-latest / Python 3.10	UNKNOWN STEP	2026-09-13T17:46:35.3790769Z ##[group]Installed versions
Action policy / ubuntu-latest / Python 3.10	UNKNOWN STEP	2026-09-13T17:46:35.3885499Z Successfully set up CPython (3.10.21)
Action policy / ubuntu-latest / Python 3.10	UNKNOWN STEP	2026-09-13T17:46:35.3888130Z ##[endgroup]
Action policy / ubuntu-latest / Python 3.10	UNKNOWN STEP	2026-09-13T17:46:35.4109782Z ##[group]Run python -c "import pathlib,subprocess; p=pathlib.Path('acceptance-output'); p.mkdir(exist_ok=True); (p/'guard-head.txt').write_bytes(subprocess.check_output(['git','rev-parse','HEAD']))"
Action policy / ubuntu-latest / Python 3.10	UNKNOWN STEP	2026-09-13T17:46:35.4116784Z ^[[36;1mpython -c "import pathlib,subprocess; p=pathlib.Path('acceptance-output'); p.mkdir(exist_ok=True); (p/'guard-head.txt').write_bytes(subprocess.check_output(['git','rev-parse','HEAD']))"^[[0m
Action policy / ubuntu-latest / Python 3.10	UNKNOWN STEP	2026-09-13T17:46:35.4240127Z shell: /usr/bin/bash -e {0}
Action policy / ubuntu-latest / Python 3.10	UNKNOWN STEP	2026-09-13T17:46:35.4241880Z env:
Action policy / ubuntu-latest / Python 3.10	UNKNOWN STEP	2026-09-13T17:46:35.4243314Z   CLOUD_TEST_ACCESS: true
Action policy / ubuntu-latest / Python 3.10	UNKNOWN STEP	2026-09-13T17:46:35.4245398Z   pythonLocation: /opt/hostedtoolcache/Python/3.10.21/x64
Action policy / ubuntu-latest / Python 3.10	UNKNOWN STEP	2026-09-13T17:46:35.4248667Z   PKG_CONFIG_PATH: /opt/hostedtoolcache/Python/3.10.21/x64/lib/pkgconfig
Action policy / ubuntu-latest / Python 3.10	UNKNOWN STEP	2026-09-13T17:46:35.4251682Z   Python_ROOT_DIR: /opt/hostedtoolcache/Python/3.10.21/x64
Action policy / ubuntu-latest / Python 3.10	UNKNOWN STEP	2026-09-13T17:46:35.4253402Z   Python2_ROOT_DIR: /opt/hostedtoolcache/Python/3.10.21/x64
Action policy / ubuntu-latest / Python 3.10	UNKNOWN STEP	2026-09-13T17:46:35.4255142Z   Python3_ROOT_DIR: /opt/hostedtoolcache/Python/3.10.21/x64
Action policy / ubuntu-latest / Python 3.10	UNKNOWN STEP	2026-09-13T17:46:35.4257393Z   LD_LIBRARY_PATH: /opt/hostedtoolcache/Python/3.10.21/x64/lib
Action policy / ubuntu-latest / Python 3.10	UNKNOWN STEP	2026-09-13T17:46:35.4258828Z ##[endgroup]
Action policy / ubuntu-latest / Python 3.10	UNKNOWN STEP	2026-09-13T17:46:35.8722981Z ##[group]Run python -m pip install -e ".[test]" -r .github/requirements/action-policy-release.txt --report acceptance-output/source-install.json
Action policy / ubuntu-latest / Python 3.10	UNKNOWN STEP	2026-09-13T17:46:35.8724083Z ^[[36;1mpython -m pip install -e ".[test]" -r .github/requirements/action-policy-release.txt --report acceptance-output/source-install.json^[[0m
Action policy / ubuntu-latest / Python 3.10	UNKNOWN STEP	2026-09-13T17:46:35.8762691Z shell: /usr/bin/bash -e {0}
Action policy / ubuntu-latest / Python 3.10	UNKNOWN STEP	2026-09-13T17:46:35.8762993Z env:
Action policy / ubuntu-latest / Python 3.10	UNKNOWN STEP	2026-09-13T17:46:35.8763210Z   CLOUD_TEST_ACCESS: true
Action policy / ubuntu-latest / Python 3.10	UNKNOWN STEP	2026-09-13T17:46:35.8763544Z   pythonLocation: /opt/hostedtoolcache/Python/3.10.21/x64
Action policy / ubuntu-latest / Python 3.10	UNKNOWN STEP	2026-09-13T17:46:35.8764001Z   PKG_CONFIG_PATH: /opt/hostedtoolcache/Python/3.10.21/x64/lib/pkgconfig
Action policy / ubuntu-latest / Python 3.10	UNKNOWN STEP	2026-09-13T17:46:35.8764448Z   Python_ROOT_DIR: /opt/hostedtoolcache/Python/3.10.21/x64
Action policy / ubuntu-latest / Python 3.10	UNKNOWN STEP	2026-09-13T17:46:35.8764854Z   Python2_ROOT_DIR: /opt/hostedtoolcache/Python/3.10.21/x64
Action policy / ubuntu-latest / Python 3.10	UNKNOWN STEP	2026-09-13T17:46:35.8765292Z   Python3_ROOT_DIR: /opt/hostedtoolcache/Python/3.10.21/x64
Action policy / ubuntu-latest / Python 3.10	UNKNOWN STEP	2026-09-13T17:46:35.8765955Z   LD_LIBRARY_PATH: /opt/hostedtoolcache/Python/3.10.21/x64/lib
Action policy / ubuntu-latest / Python 3.10	UNKNOWN STEP	2026-09-13T17:46:35.8766305Z ##[endgroup]
Action policy / ubuntu-latest / Python 3.10	UNKNOWN STEP	2026-09-13T17:46:38.0420052Z Obtaining file:///home/runner/work/Waveframe-Guard/Waveframe-Guard
Action policy / ubuntu-latest / Python 3.10	UNKNOWN STEP	2026-09-13T17:46:38.0440582Z   Installing build dependencies: started
Action policy / ubuntu-latest / Python 3.10	UNKNOWN STEP	2026-09-13T17:46:39.1107245Z   Installing build dependencies: finished with status 'done'
Action policy / ubuntu-latest / Python 3.10	UNKNOWN STEP	2026-09-13T17:46:39.1114698Z   Checking if build backend supports build_editable: started
Action policy / ubuntu-latest / Python 3.10	UNKNOWN STEP	2026-09-13T17:46:39.4816575Z   Checking if build backend supports build_editable: finished with status 'done'
Action policy / ubuntu-latest / Python 3.10	UNKNOWN STEP	2026-09-13T17:46:39.4825850Z   Getting requirements to build editable: started
Action policy / ubuntu-latest / Python 3.10	UNKNOWN STEP	2026-09-13T17:46:39.9021312Z   Getting requirements to build editable: finished with status 'done'
Action policy / ubuntu-latest / Python 3.10	UNKNOWN STEP	2026-09-13T17:46:39.9031434Z   Preparing editable metadata (pyproject.toml): started
Action policy / ubuntu-latest / Python 3.10	UNKNOWN STEP	2026-09-13T17:46:40.1049576Z   Preparing editable metadata (pyproject.toml): finished with status 'done'
Action policy / ubuntu-latest / Python 3.10	UNKNOWN STEP	2026-09-13T17:46:40.1110769Z Collecting cricore-contract-compiler @ git+https://github.com/Waveframe-Labs/cricore-contract-compiler.git@ae590dee058d3481e384dea850d5b7d980f533ff (from -r .github/requirements/action-policy-release.txt (line 4))
Action policy / ubuntu-latest / Python 3.10	UNKNOWN STEP	2026-09-13T17:46:40.1116397Z   Cloning https://github.com/Waveframe-Labs/cricore-contract-compiler.git (to revision ae590dee058d3481e384dea850d5b7d980f533ff) to /tmp/pip-install-140jrv_3/cricore-contract-compiler_5999d41ade464b079c287c5b5174b093
Action policy / ubuntu-latest / Python 3.10	UNKNOWN STEP	2026-09-13T17:46:40.1139729Z   Running command git clone --filter=blob:none --quiet https://github.com/Waveframe-Labs/cricore-contract-compiler.git /tmp/pip-install-140jrv_3/cricore-contract-compiler_5999d41ade464b079c287c5b5174b093
Action policy / ubuntu-latest / Python 3.10	UNKNOWN STEP	2026-09-13T17:46:40.8876703Z   Running command git rev-parse -q --verify 'ae590dee058d3481e384dea850d5b7d980f533ff^{commit}'
Action policy / ubuntu-latest / Python 3.10	UNKNOWN STEP	2026-09-13T17:46:40.8897687Z   ae590dee058d3481e384dea850d5b7d980f533ff
Action policy / ubuntu-latest / Python 3.10	UNKNOWN STEP	2026-09-13T17:46:40.8919316Z   Running command git checkout -q ae590dee058d3481e384dea850d5b7d980f533ff
Action policy / ubuntu-latest / Python 3.10	UNKNOWN STEP	2026-09-13T17:46:41.2676240Z   Resolved https://github.com/Waveframe-Labs/cricore-contract-compiler.git to commit ae590dee058d3481e384dea850d5b7d980f533ff
Action policy / ubuntu-latest / Python 3.10	UNKNOWN STEP	2026-09-13T17:46:41.2717352Z   Installing build dependencies: started
Action policy / ubuntu-latest / Python 3.10	UNKNOWN STEP	2026-09-13T17:46:42.3150371Z   Installing build dependencies: finished with status 'done'
Action policy / ubuntu-latest / Python 3.10	UNKNOWN STEP	2026-09-13T17:46:42.3156517Z   Getting requirements to build wheel: started
Action policy / ubuntu-latest / Python 3.10	UNKNOWN STEP	2026-09-13T17:46:42.8095112Z   Getting requirements to build wheel: finished with status 'done'
Action policy / ubuntu-latest / Python 3.10	UNKNOWN STEP	2026-09-13T17:46:42.8104515Z   Preparing metadata (pyproject.toml): started
Action policy / ubuntu-latest / Python 3.10	UNKNOWN STEP	2026-09-13T17:46:43.0225833Z   Preparing metadata (pyproject.toml): finished with status 'done'
Action policy / ubuntu-latest / Python 3.10	UNKNOWN STEP	2026-09-13T17:46:43.0253560Z Collecting governance-ledger @ git+https://github.com/Waveframe-Labs/Waveframe-Ledger.git@3cc34e7b3cb6efca5102e0e22d559ec0c0fd583f (from -r .github/requirements/action-policy-release.txt (line 5))
Action policy / ubuntu-latest / Python 3.10	UNKNOWN STEP	2026-09-13T17:46:43.0258036Z   Cloning https://github.com/Waveframe-Labs/Waveframe-Ledger.git (to revision 3cc34e7b3cb6efca5102e0e22d559ec0c0fd583f) to /tmp/pip-install-140jrv_3/governance-ledger_032ce995cedc45fe81a98957033940da
Action policy / ubuntu-latest / Python 3.10	UNKNOWN STEP	2026-09-13T17:46:43.0279716Z   Running command git clone --filter=blob:none --quiet https://github.com/Waveframe-Labs/Waveframe-Ledger.git /tmp/pip-install-140jrv_3/governance-ledger_032ce995cedc45fe81a98957033940da
Action policy / ubuntu-latest / Python 3.10	UNKNOWN STEP	2026-09-13T17:46:44.2558505Z   Running command git rev-parse -q --verify '3cc34e7b3cb6efca5102e0e22d559ec0c0fd583f^{commit}'
Action policy / ubuntu-latest / Python 3.10	UNKNOWN STEP	2026-09-13T17:46:44.2579542Z   3cc34e7b3cb6efca5102e0e22d559ec0c0fd583f
Action policy / ubuntu-latest / Python 3.10	UNKNOWN STEP	2026-09-13T17:46:44.2601047Z   Running command git checkout -q 3cc34e7b3cb6efca5102e0e22d559ec0c0fd583f
Action policy / ubuntu-latest / Python 3.10	UNKNOWN STEP	2026-09-13T17:46:44.7270469Z   Resolved https://github.com/Waveframe-Labs/Waveframe-Ledger.git to commit 3cc34e7b3cb6efca5102e0e22d559ec0c0fd583f
Action policy / ubuntu-latest / Python 3.10	UNKNOWN STEP	2026-09-13T17:46:44.7307508Z   Installing build dependencies: started
Action policy / ubuntu-latest / Python 3.10	UNKNOWN STEP	2026-09-13T17:46:45.3133443Z   Installing build dependencies: finished with status 'done'
Action policy / ubuntu-latest / Python 3.10	UNKNOWN STEP	2026-09-13T17:46:45.3140222Z   Getting requirements to build wheel: started
Action policy / ubuntu-latest / Python 3.10	UNKNOWN STEP	2026-09-13T17:46:45.7588346Z   Getting requirements to build wheel: finished with status 'done'
Action policy / ubuntu-latest / Python 3.10	UNKNOWN STEP	2026-09-13T17:46:45.7598069Z   Preparing metadata (pyproject.toml): started
Action policy / ubuntu-latest / Python 3.10	UNKNOWN STEP	2026-09-13T17:46:45.9632823Z   Preparing metadata (pyproject.toml): finished with status 'done'
Action policy / ubuntu-latest / Python 3.10	UNKNOWN STEP	2026-09-13T17:46:46.0759970Z Collecting cricore<0.15.0,>=0.13.0 (from -r .github/requirements/action-policy-release.txt (line 2))
Action policy / ubuntu-latest / Python 3.10	UNKNOWN STEP	2026-09-13T17:46:46.1711188Z   Downloading cricore-0.14.0-py3-none-any.whl.metadata (9.2 kB)
Action policy / ubuntu-latest / Python 3.10	UNKNOWN STEP	2026-09-13T17:46:46.2040118Z Collecting cricore-proposal-normalizer==0.2.0 (from -r .github/requirements/action-policy-release.txt (line 3))
Action policy / ubuntu-latest / Python 3.10	UNKNOWN STEP	2026-09-13T17:46:46.2267543Z   Downloading cricore_proposal_normalizer-0.2.0-py3-none-any.whl.metadata (4.6 kB)
Action policy / ubuntu-latest / Python 3.10	UNKNOWN STEP	2026-09-13T17:46:46.2952932Z Collecting requests<3.0.0,>=2.33.0 (from waveframe-guard==0.19.0)
Action policy / ubuntu-latest / Python 3.10	UNKNOWN STEP	2026-09-13T17:46:46.3155455Z   Downloading requests-2.34.2-py3-none-any.whl.metadata (4.8 kB)
Action policy / ubuntu-latest / Python 3.10	UNKNOWN STEP	2026-09-13T17:46:46.3662101Z Collecting jsonschema>=4 (from cricore-contract-compiler @ git+https://github.com/Waveframe-Labs/cricore-contract-compiler.git@ae590dee058d3481e384dea850d5b7d980f533ff->-r .github/requirements/action-policy-release.txt (line 4))
Action policy / ubuntu-latest / Python 3.10	UNKNOWN STEP	2026-09-13T17:46:46.3855273Z   Downloading jsonschema-4.26.0-py3-none-any.whl.metadata (7.6 kB)
Action policy / ubuntu-latest / Python 3.10	UNKNOWN STEP	2026-09-13T17:46:46.4226947Z Collecting build (from waveframe-guard==0.19.0)
Action policy / ubuntu-latest / Python 3.10	UNKNOWN STEP	2026-09-13T17:46:46.4421870Z   Downloading build-1.6.1-py3-none-any.whl.metadata (5.6 kB)
Action policy / ubuntu-latest / Python 3.10	UNKNOWN STEP	2026-09-13T17:46:46.5045411Z Collecting pytest (from waveframe-guard==0.19.0)
Action policy / ubuntu-latest / Python 3.10	UNKNOWN STEP	2026-09-13T17:46:46.5248568Z   Downloading pytest-9.1.1-py3-none-any.whl.metadata (7.6 kB)
Action policy / ubuntu-latest / Python 3.10	UNKNOWN STEP	2026-09-13T17:46:46.5715521Z Collecting tomli>=2.0.0 (from waveframe-guard==0.19.0)
Action policy / ubuntu-latest / Python 3.10	UNKNOWN STEP	2026-09-13T17:46:46.5918443Z   Downloading tomli-2.4.1-py3-none-any.whl.metadata (10 kB)
Action policy / ubuntu-latest / Python 3.10	UNKNOWN STEP	2026-09-13T17:46:46.6298972Z Collecting twine (from waveframe-guard==0.19.0)
Action policy / ubuntu-latest / Python 3.10	UNKNOWN STEP	2026-09-13T17:46:46.6495786Z   Downloading twine-7.0.0-py3-none-any.whl.metadata (3.5 kB)
Action policy / ubuntu-latest / Python 3.10	UNKNOWN STEP	2026-09-13T17:46:46.8363126Z Collecting charset_normalizer<4,>=2 (from requests<3.0.0,>=2.33.0->waveframe-guard==0.19.0)
Action policy / ubuntu-latest / Python 3.10	UNKNOWN STEP	2026-09-13T17:46:46.8565839Z   Downloading charset_normalizer-3.5.1-cp310-cp310-manylinux2014_x86_64.manylinux_2_17_x86_64.manylinux_2_28_x86_64.whl.metadata (45 kB)
Action policy / ubuntu-latest / Python 3.10	UNKNOWN STEP	2026-09-13T17:46:46.9057642Z Collecting idna<4,>=2.5 (from requests<3.0.0,>=2.33.0->waveframe-guard==0.19.0)
Action policy / ubuntu-latest / Python 3.10	UNKNOWN STEP	2026-09-13T17:46:46.9254107Z   Downloading idna-3.19-py3-none-any.whl.metadata (9.2 kB)
Action policy / ubuntu-latest / Python 3.10	UNKNOWN STEP	2026-09-13T17:46:46.9678803Z Collecting urllib3<3,>=1.26 (from requests<3.0.0,>=2.33.0->waveframe-guard==0.19.0)
Action policy / ubuntu-latest / Python 3.10	UNKNOWN STEP	2026-09-13T17:46:46.9879012Z   Downloading urllib3-2.7.0-py3-none-any.whl.metadata (6.9 kB)
Action policy / ubuntu-latest / Python 3.10	UNKNOWN STEP	2026-09-13T17:46:47.0276268Z Collecting certifi>=2023.5.7 (from requests<3.0.0,>=2.33.0->waveframe-guard==0.19.0)
Action policy / ubuntu-latest / Python 3.10	UNKNOWN STEP	2026-09-13T17:46:47.0485983Z   Downloading certifi-2026.7.22-py3-none-any.whl.metadata (2.5 kB)
Action policy / ubuntu-latest / Python 3.10	UNKNOWN STEP	2026-09-13T17:46:47.0830971Z Collecting attrs>=22.2.0 (from jsonschema>=4->cricore-contract-compiler @ git+https://github.com/Waveframe-Labs/cricore-contract-compiler.git@ae590dee058d3481e384dea850d5b7d980f533ff->-r .github/requirements/action-policy-release.txt (line 4))
Action policy / ubuntu-latest / Python 3.10	UNKNOWN STEP	2026-09-13T17:46:47.1027945Z   Downloading attrs-26.1.0-py3-none-any.whl.metadata (8.8 kB)
Action policy / ubuntu-latest / Python 3.10	UNKNOWN STEP	2026-09-13T17:46:47.1337610Z Collecting jsonschema-specifications>=2023.03.6 (from jsonschema>=4->cricore-contract-compiler @ git+https://github.com/Waveframe-Labs/cricore-contract-compiler.git@ae590dee058d3481e384dea850d5b7d980f533ff->-r .github/requirements/action-policy-release.txt (line 4))
Action policy / ubuntu-latest / Python 3.10	UNKNOWN STEP	2026-09-13T17:46:47.1528124Z   Downloading jsonschema_specifications-2025.9.1-py3-none-any.whl.metadata (2.9 kB)
Action policy / ubuntu-latest / Python 3.10	UNKNOWN STEP	2026-09-13T17:46:47.1928142Z Collecting referencing>=0.28.4 (from jsonschema>=4->cricore-contract-compiler @ git+https://github.com/Waveframe-Labs/cricore-contract-compiler.git@ae590dee058d3481e384dea850d5b7d980f533ff->-r .github/requirements/action-policy-release.txt (line 4))
Action policy / ubuntu-latest / Python 3.10	UNKNOWN STEP	2026-09-13T17:46:47.2122081Z   Downloading referencing-0.37.0-py3-none-any.whl.metadata (2.8 kB)
Action policy / ubuntu-latest / Python 3.10	UNKNOWN STEP	2026-09-13T17:46:47.5864879Z Collecting rpds-py>=0.25.0 (from jsonschema>=4->cricore-contract-compiler @ git+https://github.com/Waveframe-Labs/cricore-contract-compiler.git@ae590dee058d3481e384dea850d5b7d980f533ff->-r .github/requirements/action-policy-release.txt (line 4))
Action policy / ubuntu-latest / Python 3.10	UNKNOWN STEP	2026-09-13T17:46:47.6065152Z   Downloading rpds_py-0.30.0-cp310-cp310-manylinux_2_17_x86_64.manylinux2014_x86_64.whl.metadata (4.1 kB)
Action policy / ubuntu-latest / Python 3.10	UNKNOWN STEP	2026-09-13T17:46:47.6486687Z Collecting typing-extensions>=4.4.0 (from referencing>=0.28.4->jsonschema>=4->cricore-contract-compiler @ git+https://github.com/Waveframe-Labs/cricore-contract-compiler.git@ae590dee058d3481e384dea850d5b7d980f533ff->-r .github/requirements/action-policy-release.txt (line 4))
Action policy / ubuntu-latest / Python 3.10	UNKNOWN STEP	2026-09-13T17:46:47.6848544Z   Downloading typing_extensions-4.16.0-py3-none-any.whl.metadata (3.3 kB)
Action policy / ubuntu-latest / Python 3.10	UNKNOWN STEP	2026-09-13T17:46:47.7215547Z Collecting packaging>=24.0 (from build->waveframe-guard==0.19.0)
Action policy / ubuntu-latest / Python 3.10	UNKNOWN STEP	2026-09-13T17:46:47.7421155Z   Downloading packaging-26.3-py3-none-any.whl.metadata (3.5 kB)
Action policy / ubuntu-latest / Python 3.10	UNKNOWN STEP	2026-09-13T17:46:47.7709589Z Collecting pyproject_hooks (from build->waveframe-guard==0.19.0)
Action policy / ubuntu-latest / Python 3.10	UNKNOWN STEP	2026-09-13T17:46:47.7908587Z   Downloading pyproject_hooks-1.2.0-py3-none-any.whl.metadata (1.3 kB)
Action policy / ubuntu-latest / Python 3.10	UNKNOWN STEP	2026-09-13T17:46:47.8240046Z Collecting exceptiongroup>=1 (from pytest->waveframe-guard==0.19.0)
Action policy / ubuntu-latest / Python 3.10	UNKNOWN STEP	2026-09-13T17:46:47.8434770Z   Downloading exceptiongroup-1.3.1-py3-none-any.whl.metadata (6.7 kB)
Action policy / ubuntu-latest / Python 3.10	UNKNOWN STEP	2026-09-13T17:46:47.8729887Z Collecting iniconfig>=1.0.1 (from pytest->waveframe-guard==0.19.0)
Action policy / ubuntu-latest / Python 3.10	UNKNOWN STEP	2026-09-13T17:46:47.8926104Z   Downloading iniconfig-2.3.0-py3-none-any.whl.metadata (2.5 kB)
Action policy / ubuntu-latest / Python 3.10	UNKNOWN STEP	2026-09-13T17:46:47.9252968Z Collecting pluggy<2,>=1.5 (from pytest->waveframe-guard==0.19.0)
Action policy / ubuntu-latest / Python 3.10	UNKNOWN STEP	2026-09-13T17:46:47.9454421Z   Downloading pluggy-1.6.0-py3-none-any.whl.metadata (4.8 kB)
Action policy / ubuntu-latest / Python 3.10	UNKNOWN STEP	2026-09-13T17:46:47.9842505Z Collecting pygments>=2.7.2 (from pytest->waveframe-guard==0.19.0)
Action policy / ubuntu-latest / Python 3.10	UNKNOWN STEP	2026-09-13T17:46:48.0060801Z   Downloading pygments-2.21.0-py3-none-any.whl.metadata (2.5 kB)
Action policy / ubuntu-latest / Python 3.10	UNKNOWN STEP	2026-09-13T17:46:48.0463519Z Collecting readme-renderer>=35.0 (from twine->waveframe-guard==0.19.0)
Action policy / ubuntu-latest / Python 3.10	UNKNOWN STEP	2026-09-13T17:46:48.0658599Z   Downloading readme_renderer-46.0-py3-none-any.whl.metadata (3.0 kB)
Action policy / ubuntu-latest / Python 3.10	UNKNOWN STEP	2026-09-13T17:46:48.1001286Z Collecting requests-toolbelt!=0.9.0,>=0.8.0 (from twine->waveframe-guard==0.19.0)
Action policy / ubuntu-latest / Python 3.10	UNKNOWN STEP	2026-09-13T17:46:48.1194460Z   Downloading requests_toolbelt-1.0.0-py2.py3-none-any.whl.metadata (14 kB)
Action policy / ubuntu-latest / Python 3.10	UNKNOWN STEP	2026-09-13T17:46:48.1689227Z Collecting keyring>=21.2.0 (from twine->waveframe-guard==0.19.0)
Action policy / ubuntu-latest / Python 3.10	UNKNOWN STEP	2026-09-13T17:46:48.1887462Z   Downloading keyring-25.7.0-py3-none-any.whl.metadata (21 kB)
Action policy / ubuntu-latest / Python 3.10	UNKNOWN STEP	2026-09-13T17:46:48.2215417Z Collecting rfc3986>=1.4.0 (from twine->waveframe-guard==0.19.0)
Action policy / ubuntu-latest / Python 3.10	UNKNOWN STEP	2026-09-13T17:46:48.2426875Z   Downloading rfc3986-2.0.0-py2.py3-none-any.whl.metadata (6.6 kB)
Action policy / ubuntu-latest / Python 3.10	UNKNOWN STEP	2026-09-13T17:46:48.2919011Z Collecting rich>=14.3.3 (from twine->waveframe-guard==0.19.0)
Action policy / ubuntu-latest / Python 3.10	UNKNOWN STEP	2026-09-13T17:46:48.3110846Z   Downloading rich-15.0.0-py3-none-any.whl.metadata (18 kB)
Action policy / ubuntu-latest / Python 3.10	UNKNOWN STEP	2026-09-13T17:46:48.3415022Z Collecting id (from twine->waveframe-guard==0.19.0)
Action policy / ubuntu-latest / Python 3.10	UNKNOWN STEP	2026-09-13T17:46:48.3605641Z   Downloading id-1.6.1-py3-none-any.whl.metadata (5.1 kB)
Action policy / ubuntu-latest / Python 3.10	UNKNOWN STEP	2026-09-13T17:46:48.3930749Z Collecting SecretStorage>=3.2 (from keyring>=21.2.0->twine->waveframe-guard==0.19.0)
Action policy / ubuntu-latest / Python 3.10	UNKNOWN STEP	2026-09-13T17:46:48.4132552Z   Downloading secretstorage-3.5.0-py3-none-any.whl.metadata (4.0 kB)
Action policy / ubuntu-latest / Python 3.10	UNKNOWN STEP	2026-09-13T17:46:48.4410100Z Collecting jeepney>=0.4.2 (from keyring>=21.2.0->twine->waveframe-guard==0.19.0)
Action policy / ubuntu-latest / Python 3.10	UNKNOWN STEP	2026-09-13T17:46:48.4600204Z   Downloading jeepney-0.9.0-py3-none-any.whl.metadata (1.2 kB)
Action policy / ubuntu-latest / Python 3.10	UNKNOWN STEP	2026-09-13T17:46:48.5038978Z Collecting importlib_metadata>=4.11.4 (from keyring>=21.2.0->twine->waveframe-guard==0.19.0)
Action policy / ubuntu-latest / Python 3.10	UNKNOWN STEP	2026-09-13T17:46:48.5234309Z   Downloading importlib_metadata-9.0.1-py3-none-any.whl.metadata (4.5 kB)
Action policy / ubuntu-latest / Python 3.10	UNKNOWN STEP	2026-09-13T17:46:48.5544831Z Collecting jaraco.classes (from keyring>=21.2.0->twine->waveframe-guard==0.19.0)
Action policy / ubuntu-latest / Python 3.10	UNKNOWN STEP	2026-09-13T17:46:48.5732826Z   Downloading jaraco.classes-3.4.0-py3-none-any.whl.metadata (2.6 kB)
Action policy / ubuntu-latest / Python 3.10	UNKNOWN STEP	2026-09-13T17:46:48.6091705Z Collecting jaraco.functools (from keyring>=21.2.0->twine->waveframe-guard==0.19.0)
Action policy / ubuntu-latest / Python 3.10	UNKNOWN STEP	2026-09-13T17:46:48.6285191Z   Downloading jaraco_functools-4.6.0-py3-none-any.whl.metadata (2.9 kB)
Action policy / ubuntu-latest / Python 3.10	UNKNOWN STEP	2026-09-13T17:46:48.6599932Z Collecting jaraco.context (from keyring>=21.2.0->twine->waveframe-guard==0.19.0)
Action policy / ubuntu-latest / Python 3.10	UNKNOWN STEP	2026-09-13T17:46:48.6792850Z   Downloading jaraco_context-6.1.2-py3-none-any.whl.metadata (4.2 kB)
Action policy / ubuntu-latest / Python 3.10	UNKNOWN STEP	2026-09-13T17:46:48.7151166Z Collecting zipp>=3.20 (from importlib_metadata>=4.11.4->keyring>=21.2.0->twine->waveframe-guard==0.19.0)
Action policy / ubuntu-latest / Python 3.10	UNKNOWN STEP	2026-09-13T17:46:48.7340811Z   Downloading zipp-4.1.0-py3-none-any.whl.metadata (3.6 kB)
Action policy / ubuntu-latest / Python 3.10	UNKNOWN STEP	2026-09-13T17:46:48.7993629Z Collecting nh3>=0.2.14 (from readme-renderer>=35.0->twine->waveframe-guard==0.19.0)
Action policy / ubuntu-latest / Python 3.10	UNKNOWN STEP	2026-09-13T17:46:48.8189972Z   Downloading nh3-0.3.7-cp38-abi3-manylinux_2_17_x86_64.manylinux2014_x86_64.whl.metadata (2.0 kB)
Action policy / ubuntu-latest / Python 3.10	UNKNOWN STEP	2026-09-13T17:46:48.8547519Z Collecting docutils>=0.21.2 (from readme-renderer>=35.0->twine->waveframe-guard==0.19.0)
Action policy / ubuntu-latest / Python 3.10	UNKNOWN STEP	2026-09-13T17:46:48.8753161Z   Downloading docutils-0.23-py3-none-any.whl.metadata (15 kB)
Action policy / ubuntu-latest / Python 3.10	UNKNOWN STEP	2026-09-13T17:46:48.9186813Z Collecting markdown-it-py>=2.2.0 (from rich>=14.3.3->twine->waveframe-guard==0.19.0)
Action policy / ubuntu-latest / Python 3.10	UNKNOWN STEP	2026-09-13T17:46:48.9390824Z   Downloading markdown_it_py-4.2.0-py3-none-any.whl.metadata (7.4 kB)
Action policy / ubuntu-latest / Python 3.10	UNKNOWN STEP	2026-09-13T17:46:48.9733010Z Collecting mdurl~=0.1 (from markdown-it-py>=2.2.0->rich>=14.3.3->twine->waveframe-guard==0.19.0)
Action policy / ubuntu-latest / Python 3.10	UNKNOWN STEP	2026-09-13T17:46:48.9925326Z   Downloading mdurl-0.1.2-py3-none-any.whl.metadata (1.6 kB)
Action policy / ubuntu-latest / Python 3.10	UNKNOWN STEP	2026-09-13T17:46:49.2622182Z Collecting cryptography>=2.0 (from SecretStorage>=3.2->keyring>=21.2.0->twine->waveframe-guard==0.19.0)
Action policy / ubuntu-latest / Python 3.10	UNKNOWN STEP	2026-09-13T17:46:49.2859049Z   Downloading cryptography-50.0.1-cp39-abi3-manylinux_2_34_x86_64.whl.metadata (4.3 kB)
Action policy / ubuntu-latest / Python 3.10	UNKNOWN STEP	2026-09-13T17:46:49.4301924Z Collecting cffi>=2.0.0 (from cryptography>=2.0->SecretStorage>=3.2->keyring>=21.2.0->twine->waveframe-guard==0.19.0)
Action policy / ubuntu-latest / Python 3.10	UNKNOWN STEP	2026-09-13T17:46:49.4499857Z   Downloading cffi-2.1.1-cp310-cp310-manylinux2014_x86_64.manylinux_2_17_x86_64.whl.metadata (2.5 kB)
Action policy / ubuntu-latest / Python 3.10	UNKNOWN STEP	2026-09-13T17:46:49.4812110Z Collecting pycparser (from cffi>=2.0.0->cryptography>=2.0->SecretStorage>=3.2->keyring>=21.2.0->twine->waveframe-guard==0.19.0)
Action policy / ubuntu-latest / Python 3.10	UNKNOWN STEP	2026-09-13T17:46:49.5002942Z   Downloading pycparser-3.0-py3-none-any.whl.metadata (8.2 kB)
Action policy / ubuntu-latest / Python 3.10	UNKNOWN STEP	2026-09-13T17:46:49.5418150Z Collecting more-itertools (from jaraco.classes->keyring>=21.2.0->twine->waveframe-guard==0.19.0)
Action policy / ubuntu-latest / Python 3.10	UNKNOWN STEP	2026-09-13T17:46:49.5612378Z   Downloading more_itertools-11.1.0-py3-none-any.whl.metadata (41 kB)
Action policy / ubuntu-latest / Python 3.10	UNKNOWN STEP	2026-09-13T17:46:49.5930327Z Collecting backports.tarfile (from jaraco.context->keyring>=21.2.0->twine->waveframe-guard==0.19.0)
Action policy / ubuntu-latest / Python 3.10	UNKNOWN STEP	2026-09-13T17:46:49.6121077Z   Downloading backports.tarfile-1.2.0-py3-none-any.whl.metadata (2.0 kB)
Action policy / ubuntu-latest / Python 3.10	UNKNOWN STEP	2026-09-13T17:46:49.6565963Z Downloading cricore_proposal_normalizer-0.2.0-py3-none-any.whl (10 kB)
Action policy / ubuntu-latest / Python 3.10	UNKNOWN STEP	2026-09-13T17:46:49.6798488Z Downloading cricore-0.14.0-py3-none-any.whl (45 kB)
Action policy / ubuntu-latest / Python 3.10	UNKNOWN STEP	2026-09-13T17:46:49.7049688Z Downloading requests-2.34.2-py3-none-any.whl (73 kB)
Action policy / ubuntu-latest / Python 3.10	UNKNOWN STEP	2026-09-13T17:46:49.7314324Z Downloading charset_normalizer-3.5.1-cp310-cp310-manylinux2014_x86_64.manylinux_2_17_x86_64.manylinux_2_28_x86_64.whl (261 kB)
Action policy / ubuntu-latest / Python 3.10	UNKNOWN STEP	2026-09-13T17:46:49.7862722Z Downloading idna-3.19-py3-none-any.whl (68 kB)
Action policy / ubuntu-latest / Python 3.10	UNKNOWN STEP	2026-09-13T17:46:49.8087034Z Downloading urllib3-2.7.0-py3-none-any.whl (131 kB)
Action policy / ubuntu-latest / Python 3.10	UNKNOWN STEP	2026-09-13T17:46:49.8329486Z Downloading certifi-2026.7.22-py3-none-any.whl (136 kB)
Action policy / ubuntu-latest / Python 3.10	UNKNOWN STEP	2026-09-13T17:46:49.8566154Z Downloading jsonschema-4.26.0-py3-none-any.whl (90 kB)
Action policy / ubuntu-latest / Python 3.10	UNKNOWN STEP	2026-09-13T17:46:49.8789039Z Downloading attrs-26.1.0-py3-none-any.whl (67 kB)
Action policy / ubuntu-latest / Python 3.10	UNKNOWN STEP	2026-09-13T17:46:49.9010078Z Downloading jsonschema_specifications-2025.9.1-py3-none-any.whl (18 kB)
Action policy / ubuntu-latest / Python 3.10	UNKNOWN STEP	2026-09-13T17:46:49.9224864Z Downloading referencing-0.37.0-py3-none-any.whl (26 kB)
Action policy / ubuntu-latest / Python 3.10	UNKNOWN STEP	2026-09-13T17:46:49.9436970Z Downloading rpds_py-0.30.0-cp310-cp310-manylinux_2_17_x86_64.manylinux2014_x86_64.whl (390 kB)
Action policy / ubuntu-latest / Python 3.10	UNKNOWN STEP	2026-09-13T17:46:49.9874116Z Downloading tomli-2.4.1-py3-none-any.whl (14 kB)
Action policy / ubuntu-latest / Python 3.10	UNKNOWN STEP	2026-09-13T17:46:50.0088156Z Downloading typing_extensions-4.16.0-py3-none-any.whl (45 kB)
Action policy / ubuntu-latest / Python 3.10	UNKNOWN STEP	2026-09-13T17:46:50.0299403Z Downloading build-1.6.1-py3-none-any.whl (31 kB)
Action policy / ubuntu-latest / Python 3.10	UNKNOWN STEP	2026-09-13T17:46:50.0510069Z Downloading packaging-26.3-py3-none-any.whl (129 kB)
Action policy / ubuntu-latest / Python 3.10	UNKNOWN STEP	2026-09-13T17:46:50.0742518Z Downloading pyproject_hooks-1.2.0-py3-none-any.whl (10 kB)
Action policy / ubuntu-latest / Python 3.10	UNKNOWN STEP	2026-09-13T17:46:50.0960531Z Downloading pytest-9.1.1-py3-none-any.whl (386 kB)
Action policy / ubuntu-latest / Python 3.10	UNKNOWN STEP	2026-09-13T17:46:50.1220463Z Downloading pluggy-1.6.0-py3-none-any.whl (20 kB)
Action policy / ubuntu-latest / Python 3.10	UNKNOWN STEP	2026-09-13T17:46:50.1441050Z Downloading exceptiongroup-1.3.1-py3-none-any.whl (16 kB)
Action policy / ubuntu-latest / Python 3.10	UNKNOWN STEP	2026-09-13T17:46:50.1653590Z Downloading iniconfig-2.3.0-py3-none-any.whl (7.5 kB)
Action policy / ubuntu-latest / Python 3.10	UNKNOWN STEP	2026-09-13T17:46:50.1868660Z Downloading pygments-2.21.0-py3-none-any.whl (1.3 MB)
Action policy / ubuntu-latest / Python 3.10	UNKNOWN STEP	2026-09-13T17:46:50.2134862Z    ━━━━━━━━━━━━━━━━━━━━━━━━━━━━━━━━━━━━━━━━ 1.3/1.3 MB 43.2 MB/s  0:00:00
Action policy / ubuntu-latest / Python 3.10	UNKNOWN STEP	2026-09-13T17:46:50.2327745Z Downloading twine-7.0.0-py3-none-any.whl (43 kB)
Action policy / ubuntu-latest / Python 3.10	UNKNOWN STEP	2026-09-13T17:46:50.2551383Z Downloading keyring-25.7.0-py3-none-any.whl (39 kB)
Action policy / ubuntu-latest / Python 3.10	UNKNOWN STEP	2026-09-13T17:46:50.2770362Z Downloading importlib_metadata-9.0.1-py3-none-any.whl (27 kB)
Action policy / ubuntu-latest / Python 3.10	UNKNOWN STEP	2026-09-13T17:46:50.2988488Z Downloading jeepney-0.9.0-py3-none-any.whl (49 kB)
Action policy / ubuntu-latest / Python 3.10	UNKNOWN STEP	2026-09-13T17:46:50.3202253Z Downloading readme_renderer-46.0-py3-none-any.whl (14 kB)
Action policy / ubuntu-latest / Python 3.10	UNKNOWN STEP	2026-09-13T17:46:50.3425121Z Downloading docutils-0.23-py3-none-any.whl (634 kB)
Action policy / ubuntu-latest / Python 3.10	UNKNOWN STEP	2026-09-13T17:46:50.3490331Z    ━━━━━━━━━━━━━━━━━━━━━━━━━━━━━━━━━━━━━━━━ 634.7/634.7 kB 103.6 MB/s  0:00:00
Action policy / ubuntu-latest / Python 3.10	UNKNOWN STEP	2026-09-13T17:46:50.3687797Z Downloading nh3-0.3.7-cp38-abi3-manylinux_2_17_x86_64.manylinux2014_x86_64.whl (832 kB)
Action policy / ubuntu-latest / Python 3.10	UNKNOWN STEP	2026-09-13T17:46:50.3760727Z    ━━━━━━━━━━━━━━━━━━━━━━━━━━━━━━━━━━━━━━━━ 832.2/832.2 kB 126.7 MB/s  0:00:00
Action policy / ubuntu-latest / Python 3.10	UNKNOWN STEP	2026-09-13T17:46:50.3957684Z Downloading requests_toolbelt-1.0.0-py2.py3-none-any.whl (54 kB)
Action policy / ubuntu-latest / Python 3.10	UNKNOWN STEP	2026-09-13T17:46:50.4179024Z Downloading rfc3986-2.0.0-py2.py3-none-any.whl (31 kB)
Action policy / ubuntu-latest / Python 3.10	UNKNOWN STEP	2026-09-13T17:46:50.4402364Z Downloading rich-15.0.0-py3-none-any.whl (310 kB)
Action policy / ubuntu-latest / Python 3.10	UNKNOWN STEP	2026-09-13T17:46:50.4636970Z Downloading markdown_it_py-4.2.0-py3-none-any.whl (91 kB)
Action policy / ubuntu-latest / Python 3.10	UNKNOWN STEP	2026-09-13T17:46:50.4859996Z Downloading mdurl-0.1.2-py3-none-any.whl (10.0 kB)
Action policy / ubuntu-latest / Python 3.10	UNKNOWN STEP	2026-09-13T17:46:50.5079872Z Downloading secretstorage-3.5.0-py3-none-any.whl (15 kB)
Action policy / ubuntu-latest / Python 3.10	UNKNOWN STEP	2026-09-13T17:46:50.5297082Z Downloading cryptography-50.0.1-cp39-abi3-manylinux_2_34_x86_64.whl (4.8 MB)
Action policy / ubuntu-latest / Python 3.10	UNKNOWN STEP	2026-09-13T17:46:50.5755894Z    ━━━━━━━━━━━━━━━━━━━━━━━━━━━━━━━━━━━━━━━━ 4.8/4.8 MB 105.7 MB/s  0:00:00
Action policy / ubuntu-latest / Python 3.10	UNKNOWN STEP	2026-09-13T17:46:50.5952308Z Downloading cffi-2.1.1-cp310-cp310-manylinux2014_x86_64.manylinux_2_17_x86_64.whl (218 kB)
Action policy / ubuntu-latest / Python 3.10	UNKNOWN STEP	2026-09-13T17:46:50.6206445Z Downloading zipp-4.1.0-py3-none-any.whl (10 kB)
Action policy / ubuntu-latest / Python 3.10	UNKNOWN STEP	2026-09-13T17:46:50.6421984Z Downloading id-1.6.1-py3-none-any.whl (14 kB)
Action policy / ubuntu-latest / Python 3.10	UNKNOWN STEP	2026-09-13T17:46:50.6634549Z Downloading jaraco.classes-3.4.0-py3-none-any.whl (6.8 kB)
Action policy / ubuntu-latest / Python 3.10	UNKNOWN STEP	2026-09-13T17:46:50.6855174Z Downloading jaraco_context-6.1.2-py3-none-any.whl (7.9 kB)
Action policy / ubuntu-latest / Python 3.10	UNKNOWN STEP	2026-09-13T17:46:50.7071282Z Downloading backports.tarfile-1.2.0-py3-none-any.whl (30 kB)
Action policy / ubuntu-latest / Python 3.10	UNKNOWN STEP	2026-09-13T17:46:50.7291819Z Downloading jaraco_functools-4.6.0-py3-none-any.whl (11 kB)
Action policy / ubuntu-latest / Python 3.10	UNKNOWN STEP	2026-09-13T17:46:50.7511282Z Downloading more_itertools-11.1.0-py3-none-any.whl (72 kB)
Action policy / ubuntu-latest / Python 3.10	UNKNOWN STEP	2026-09-13T17:46:50.7729561Z Downloading pycparser-3.0-py3-none-any.whl (48 kB)
Action policy / ubuntu-latest / Python 3.10	UNKNOWN STEP	2026-09-13T17:46:50.8921993Z Building wheels for collected packages: waveframe-guard, governance-ledger, cricore-contract-compiler
Action policy / ubuntu-latest / Python 3.10	UNKNOWN STEP	2026-09-13T17:46:50.8931215Z   Building editable for waveframe-guard (pyproject.toml): started
Action policy / ubuntu-latest / Python 3.10	UNKNOWN STEP	2026-09-13T17:46:51.1197836Z   Building editable for waveframe-guard (pyproject.toml): finished with status 'done'
Action policy / ubuntu-latest / Python 3.10	UNKNOWN STEP	2026-09-13T17:46:51.1205127Z   Created wheel for waveframe-guard: filename=waveframe_guard-0.19.0-0.editable-py3-none-any.whl size=16133 sha256=5e2b1c360e10bd242c93e570d312f36b018ae5c4e975e9cdbf0c0d73732afff3
Action policy / ubuntu-latest / Python 3.10	UNKNOWN STEP	2026-09-13T17:46:51.1207480Z   Stored in directory: /tmp/pip-ephem-wheel-cache-c2_crj02/wheels/10/61/cb/95fb627e21f255846b19d9b65eaeca59b9f2d33e4101c1ad97
Action policy / ubuntu-latest / Python 3.10	UNKNOWN STEP	2026-09-13T17:46:51.1275864Z   Building wheel for governance-ledger (pyproject.toml): started
Action policy / ubuntu-latest / Python 3.10	UNKNOWN STEP	2026-09-13T17:46:51.4041172Z   Building wheel for governance-ledger (pyproject.toml): finished with status 'done'
Action policy / ubuntu-latest / Python 3.10	UNKNOWN STEP	2026-09-13T17:46:51.4048218Z   Created wheel for governance-ledger: filename=governance_ledger-0.9.0-py3-none-any.whl size=188908 sha256=4d85b00d4cfb854e6a0915a29cd6ad8dbcb07bbb32a8437e5c876625488818b3
Action policy / ubuntu-latest / Python 3.10	UNKNOWN STEP	2026-09-13T17:46:51.4049938Z   Stored in directory: /home/runner/.cache/pip/wheels/2c/41/e9/75153dda184f485afe4cc7f04d86ef33c399a6a55025d4e550
Action policy / ubuntu-latest / Python 3.10	UNKNOWN STEP	2026-09-13T17:46:51.4119897Z   Building wheel for cricore-contract-compiler (pyproject.toml): started
Action policy / ubuntu-latest / Python 3.10	UNKNOWN STEP	2026-09-13T17:46:51.6444772Z   Building wheel for cricore-contract-compiler (pyproject.toml): finished with status 'done'
Action policy / ubuntu-latest / Python 3.10	UNKNOWN STEP	2026-09-13T17:46:51.6451559Z   Created wheel for cricore-contract-compiler: filename=cricore_contract_compiler-0.5.0-py3-none-any.whl size=20193 sha256=d744748e94c3401a313c64e3c066a5594c29e0327ec8ba853728af2b263e2baf
Action policy / ubuntu-latest / Python 3.10	UNKNOWN STEP	2026-09-13T17:46:51.6453673Z   Stored in directory: /home/runner/.cache/pip/wheels/f0/fb/ef/933d2af2c093264e9c4ccf1b69c6c8d5a043ec70245f22ad62
Action policy / ubuntu-latest / Python 3.10	UNKNOWN STEP	2026-09-13T17:46:51.6472852Z Successfully built waveframe-guard governance-ledger cricore-contract-compiler
Action policy / ubuntu-latest / Python 3.10	UNKNOWN STEP	2026-09-13T17:46:51.7431900Z Installing collected packages: zipp, urllib3, typing-extensions, tomli, rpds-py, rfc3986, pyproject_hooks, pygments, pycparser, pluggy, packaging, nh3, more-itertools, mdurl, jeepney, iniconfig, idna, docutils, cricore-proposal-normalizer, cricore, charset_normalizer, certifi, backports.tarfile, attrs, requests, referencing, readme-renderer, markdown-it-py, jaraco.functools, jaraco.context, jaraco.classes, importlib_metadata, id, exceptiongroup, cffi, build, rich, requests-toolbelt, pytest, jsonschema-specifications, cryptography, SecretStorage, jsonschema, keyring, cricore-contract-compiler, twine, governance-ledger, waveframe-guard
Action policy / ubuntu-latest / Python 3.10	UNKNOWN STEP	2026-09-13T17:46:54.3958958Z 
Action policy / ubuntu-latest / Python 3.10	UNKNOWN STEP	2026-09-13T17:46:54.4029192Z Successfully installed SecretStorage-3.5.0 attrs-26.1.0 backports.tarfile-1.2.0 build-1.6.1 certifi-2026.7.22 cffi-2.1.1 charset_normalizer-3.5.1 cricore-0.14.0 cricore-contract-compiler-0.5.0 cricore-proposal-normalizer-0.2.0 cryptography-50.0.1 docutils-0.23 exceptiongroup-1.3.1 governance-ledger-0.9.0 id-1.6.1 idna-3.19 importlib_metadata-9.0.1 iniconfig-2.3.0 jaraco.classes-3.4.0 jaraco.context-6.1.2 jaraco.functools-4.6.0 jeepney-0.9.0 jsonschema-4.26.0 jsonschema-specifications-2025.9.1 keyring-25.7.0 markdown-it-py-4.2.0 mdurl-0.1.2 more-itertools-11.1.0 nh3-0.3.7 packaging-26.3 pluggy-1.6.0 pycparser-3.0 pygments-2.21.0 pyproject_hooks-1.2.0 pytest-9.1.1 readme-renderer-46.0 referencing-0.37.0 requests-2.34.2 requests-toolbelt-1.0.0 rfc3986-2.0.0 rich-15.0.0 rpds-py-0.30.0 tomli-2.4.1 twine-7.0.0 typing-extensions-4.16.0 urllib3-2.7.0 waveframe-guard-0.19.0 zipp-4.1.0
Action policy / ubuntu-latest / Python 3.10	UNKNOWN STEP	2026-09-13T17:46:54.5696711Z ##[group]Run python -m pip check
Action policy / ubuntu-latest / Python 3.10	UNKNOWN STEP	2026-09-13T17:46:54.5697066Z ^[[36;1mpython -m pip check^[[0m
Action policy / ubuntu-latest / Python 3.10	UNKNOWN STEP	2026-09-13T17:46:54.5733370Z shell: /usr/bin/bash -e {0}
Action policy / ubuntu-latest / Python 3.10	UNKNOWN STEP	2026-09-13T17:46:54.5733632Z env:
Action policy / ubuntu-latest / Python 3.10	UNKNOWN STEP	2026-09-13T17:46:54.5733827Z   CLOUD_TEST_ACCESS: true
Action policy / ubuntu-latest / Python 3.10	UNKNOWN STEP	2026-09-13T17:46:54.5734139Z   pythonLocation: /opt/hostedtoolcache/Python/3.10.21/x64
Action policy / ubuntu-latest / Python 3.10	UNKNOWN STEP	2026-09-13T17:46:54.5734592Z   PKG_CONFIG_PATH: /opt/hostedtoolcache/Python/3.10.21/x64/lib/pkgconfig
Action policy / ubuntu-latest / Python 3.10	UNKNOWN STEP	2026-09-13T17:46:54.5735029Z   Python_ROOT_DIR: /opt/hostedtoolcache/Python/3.10.21/x64
Action policy / ubuntu-latest / Python 3.10	UNKNOWN STEP	2026-09-13T17:46:54.5735431Z   Python2_ROOT_DIR: /opt/hostedtoolcache/Python/3.10.21/x64
Action policy / ubuntu-latest / Python 3.10	UNKNOWN STEP	2026-09-13T17:46:54.5735964Z   Python3_ROOT_DIR: /opt/hostedtoolcache/Python/3.10.21/x64
Action policy / ubuntu-latest / Python 3.10	UNKNOWN STEP	2026-09-13T17:46:54.5736366Z   LD_LIBRARY_PATH: /opt/hostedtoolcache/Python/3.10.21/x64/lib
Action policy / ubuntu-latest / Python 3.10	UNKNOWN STEP	2026-09-13T17:46:54.5736878Z ##[endgroup]
Action policy / ubuntu-latest / Python 3.10	UNKNOWN STEP	2026-09-13T17:46:54.8713941Z No broken requirements found.
Action policy / ubuntu-latest / Python 3.10	UNKNOWN STEP	2026-09-13T17:46:54.9014350Z ##[group]Run python -m pytest -q --junitxml=acceptance-output/default.xml
Action policy / ubuntu-latest / Python 3.10	UNKNOWN STEP	2026-09-13T17:46:54.9014921Z ^[[36;1mpython -m pytest -q --junitxml=acceptance-output/default.xml^[[0m
Action policy / ubuntu-latest / Python 3.10	UNKNOWN STEP	2026-09-13T17:46:54.9051511Z shell: /usr/bin/bash -e {0}
Action policy / ubuntu-latest / Python 3.10	UNKNOWN STEP	2026-09-13T17:46:54.9051760Z env:
Action policy / ubuntu-latest / Python 3.10	UNKNOWN STEP	2026-09-13T17:46:54.9051955Z   CLOUD_TEST_ACCESS: true
Action policy / ubuntu-latest / Python 3.10	UNKNOWN STEP	2026-09-13T17:46:54.9052255Z   pythonLocation: /opt/hostedtoolcache/Python/3.10.21/x64
Action policy / ubuntu-latest / Python 3.10	UNKNOWN STEP	2026-09-13T17:46:54.9052713Z   PKG_CONFIG_PATH: /opt/hostedtoolcache/Python/3.10.21/x64/lib/pkgconfig
Action policy / ubuntu-latest / Python 3.10	UNKNOWN STEP	2026-09-13T17:46:54.9053159Z   Python_ROOT_DIR: /opt/hostedtoolcache/Python/3.10.21/x64
Action policy / ubuntu-latest / Python 3.10	UNKNOWN STEP	2026-09-13T17:46:54.9053560Z   Python2_ROOT_DIR: /opt/hostedtoolcache/Python/3.10.21/x64
Action policy / ubuntu-latest / Python 3.10	UNKNOWN STEP	2026-09-13T17:46:54.9053945Z   Python3_ROOT_DIR: /opt/hostedtoolcache/Python/3.10.21/x64
Action policy / ubuntu-latest / Python 3.10	UNKNOWN STEP	2026-09-13T17:46:54.9054333Z   LD_LIBRARY_PATH: /opt/hostedtoolcache/Python/3.10.21/x64/lib
Action policy / ubuntu-latest / Python 3.10	UNKNOWN STEP	2026-09-13T17:46:54.9054680Z ##[endgroup]
Action policy / ubuntu-latest / Python 3.10	UNKNOWN STEP	2026-09-13T17:47:00.3778269Z ...s.ssssssssss..........s.s.s.sssss....s.ssss....sssssssss.........s.s. [  4%]
Action policy / ubuntu-latest / Python 3.10	UNKNOWN STEP	2026-09-13T17:47:01.0534738Z s.s.s..sssss.....s.ss................................................... [  9%]
Action policy / ubuntu-latest / Python 3.10	UNKNOWN STEP	2026-09-13T17:47:07.4636082Z ........................................................................ [ 13%]
Action policy / ubuntu-latest / Python 3.10	UNKNOWN STEP	2026-09-13T17:47:20.5520444Z ..................................sssssssssssssssss.................ssss [ 18%]
Action policy / ubuntu-latest / Python 3.10	UNKNOWN STEP	2026-09-13T17:47:24.7512516Z ssssssssssss................s........................................... [ 22%]
Action policy / ubuntu-latest / Python 3.10	UNKNOWN STEP	2026-09-13T17:47:27.7143285Z ........................................................................ [ 27%]
Action policy / ubuntu-latest / Python 3.10	UNKNOWN STEP	2026-09-13T17:47:30.3289658Z ........................................................................ [ 32%]
Action policy / ubuntu-latest / Python 3.10	UNKNOWN STEP	2026-09-13T17:47:37.4927902Z ........................................................................ [ 36%]
Action policy / ubuntu-latest / Python 3.10	UNKNOWN STEP	2026-09-13T17:47:40.0896891Z ........................................................................ [ 41%]
Action policy / ubuntu-latest / Python 3.10	UNKNOWN STEP	2026-09-13T17:47:40.3121039Z ........................................................................ [ 45%]
Action policy / ubuntu-latest / Python 3.10	UNKNOWN STEP	2026-09-13T17:47:40.4037341Z ........................................................................ [ 50%]
Action policy / ubuntu-latest / Python 3.10	UNKNOWN STEP	2026-09-13T17:47:41.1555555Z ........................................................................ [ 55%]
Action policy / ubuntu-latest / Python 3.10	UNKNOWN STEP	2026-09-13T17:47:41.2430789Z ........................................................................ [ 59%]
Action policy / ubuntu-latest / Python 3.10	UNKNOWN STEP	2026-09-13T17:47:43.1983430Z ........................................................................ [ 64%]
Action policy / ubuntu-latest / Python 3.10	UNKNOWN STEP	2026-09-13T17:48:01.5748356Z ....ssssssssss..........sssssssss.........ssssssssssssssssssss.......... [ 68%]
Action policy / ubuntu-latest / Python 3.10	UNKNOWN STEP	2026-09-13T17:48:19.1212081Z ............ssssssssssss...........s.s.sssss.s.......................... [ 73%]
Action policy / ubuntu-latest / Python 3.10	UNKNOWN STEP	2026-09-13T17:48:21.7068432Z ........................................................................ [ 78%]
Action policy / ubuntu-latest / Python 3.10	UNKNOWN STEP	2026-09-13T17:48:24.7418719Z ........................................................................ [ 82%]
Action policy / ubuntu-latest / Python 3.10	UNKNOWN STEP	2026-09-13T17:48:25.0644594Z .....................................................................s.. [ 87%]
Action policy / ubuntu-latest / Python 3.10	UNKNOWN STEP	2026-09-13T17:48:25.3669184Z ..ss........ss..s.....s................................................. [ 91%]
Action policy / ubuntu-latest / Python 3.10	UNKNOWN STEP	2026-09-13T17:48:25.7400095Z ........................................................................ [ 96%]
Action policy / ubuntu-latest / Python 3.10	UNKNOWN STEP	2026-09-13T17:48:26.0208624Z ........................................................                 [100%]
Action policy / ubuntu-latest / Python 3.10	UNKNOWN STEP	2026-09-13T17:48:26.0209255Z 1422 passed, 146 skipped in 90.27s (0:01:30)
Action policy / ubuntu-latest / Python 3.10	UNKNOWN STEP	2026-09-13T17:48:26.1473045Z ##[group]Run python -c "from pathlib import Path; from tools.acceptance.release_catalog_package import summarize; summarize(Path('acceptance-output/default.xml'))"
Action policy / ubuntu-latest / Python 3.10	UNKNOWN STEP	2026-09-13T17:48:26.1475279Z ^[[36;1mpython -c "from pathlib import Path; from tools.acceptance.release_catalog_package import summarize; summarize(Path('acceptance-output/default.xml'))"^[[0m
Action policy / ubuntu-latest / Python 3.10	UNKNOWN STEP	2026-09-13T17:48:26.1530632Z shell: /usr/bin/bash -e {0}
Action policy / ubuntu-latest / Python 3.10	UNKNOWN STEP	2026-09-13T17:48:26.1531055Z env:
Action policy / ubuntu-latest / Python 3.10	UNKNOWN STEP	2026-09-13T17:48:26.1531389Z   CLOUD_TEST_ACCESS: true
Action policy / ubuntu-latest / Python 3.10	UNKNOWN STEP	2026-09-13T17:48:26.1531938Z   pythonLocation: /opt/hostedtoolcache/Python/3.10.21/x64
Action policy / ubuntu-latest / Python 3.10	UNKNOWN STEP	2026-09-13T17:48:26.1532974Z   PKG_CONFIG_PATH: /opt/hostedtoolcache/Python/3.10.21/x64/lib/pkgconfig
Action policy / ubuntu-latest / Python 3.10	UNKNOWN STEP	2026-09-13T17:48:26.1533763Z   Python_ROOT_DIR: /opt/hostedtoolcache/Python/3.10.21/x64
Action policy / ubuntu-latest / Python 3.10	UNKNOWN STEP	2026-09-13T17:48:26.1534514Z   Python2_ROOT_DIR: /opt/hostedtoolcache/Python/3.10.21/x64
Action policy / ubuntu-latest / Python 3.10	UNKNOWN STEP	2026-09-13T17:48:26.1535250Z   Python3_ROOT_DIR: /opt/hostedtoolcache/Python/3.10.21/x64
Action policy / ubuntu-latest / Python 3.10	UNKNOWN STEP	2026-09-13T17:48:26.1536350Z   LD_LIBRARY_PATH: /opt/hostedtoolcache/Python/3.10.21/x64/lib
Action policy / ubuntu-latest / Python 3.10	UNKNOWN STEP	2026-09-13T17:48:26.1536967Z ##[endgroup]
Action policy / ubuntu-latest / Python 3.10	UNKNOWN STEP	2026-09-13T17:48:26.2321289Z ##[group]Run python -m pytest -q --junitxml=acceptance-output/development.xml
Action policy / ubuntu-latest / Python 3.10	UNKNOWN STEP	2026-09-13T17:48:26.2322096Z ^[[36;1mpython -m pytest -q --junitxml=acceptance-output/development.xml^[[0m
Action policy / ubuntu-latest / Python 3.10	UNKNOWN STEP	2026-09-13T17:48:26.2359600Z shell: /usr/bin/bash -e {0}
Action policy / ubuntu-latest / Python 3.10	UNKNOWN STEP	2026-09-13T17:48:26.2360056Z env:
Action policy / ubuntu-latest / Python 3.10	UNKNOWN STEP	2026-09-13T17:48:26.2360352Z   CLOUD_TEST_ACCESS: true
Action policy / ubuntu-latest / Python 3.10	UNKNOWN STEP	2026-09-13T17:48:26.2360792Z   pythonLocation: /opt/hostedtoolcache/Python/3.10.21/x64
Action policy / ubuntu-latest / Python 3.10	UNKNOWN STEP	2026-09-13T17:48:26.2361423Z   PKG_CONFIG_PATH: /opt/hostedtoolcache/Python/3.10.21/x64/lib/pkgconfig
Action policy / ubuntu-latest / Python 3.10	UNKNOWN STEP	2026-09-13T17:48:26.2361966Z   Python_ROOT_DIR: /opt/hostedtoolcache/Python/3.10.21/x64
Action policy / ubuntu-latest / Python 3.10	UNKNOWN STEP	2026-09-13T17:48:26.2362511Z   Python2_ROOT_DIR: /opt/hostedtoolcache/Python/3.10.21/x64
Action policy / ubuntu-latest / Python 3.10	UNKNOWN STEP	2026-09-13T17:48:26.2362991Z   Python3_ROOT_DIR: /opt/hostedtoolcache/Python/3.10.21/x64
Action policy / ubuntu-latest / Python 3.10	UNKNOWN STEP	2026-09-13T17:48:26.2377597Z   LD_LIBRARY_PATH: /opt/hostedtoolcache/Python/3.10.21/x64/lib
Action policy / ubuntu-latest / Python 3.10	UNKNOWN STEP	2026-09-13T17:48:26.2377999Z   WAVEFRAME_GUARD_ACTION_POLICY_DEV: 1
Action policy / ubuntu-latest / Python 3.10	UNKNOWN STEP	2026-09-13T17:48:26.2378331Z   WAVEFRAME_LEDGER_ACTION_POLICY_DEV: 1
Action policy / ubuntu-latest / Python 3.10	UNKNOWN STEP	2026-09-13T17:48:26.2378613Z ##[endgroup]
Action policy / ubuntu-latest / Python 3.10	UNKNOWN STEP	2026-09-13T17:48:32.7803915Z ........................................................................ [  4%]
Action policy / ubuntu-latest / Python 3.10	UNKNOWN STEP	2026-09-13T17:48:33.9606943Z ........................................................................ [  9%]
Action policy / ubuntu-latest / Python 3.10	UNKNOWN STEP	2026-09-13T17:48:40.3461908Z ........................................................................ [ 13%]
Action policy / ubuntu-latest / Python 3.10	UNKNOWN STEP	2026-09-13T17:48:55.6064560Z ........................................................................ [ 18%]
Action policy / ubuntu-latest / Python 3.10	UNKNOWN STEP	2026-09-13T17:49:01.1001292Z ........................................................................ [ 22%]
Action policy / ubuntu-latest / Python 3.10	UNKNOWN STEP	2026-09-13T17:49:04.0521320Z ........................................................................ [ 27%]
Action policy / ubuntu-latest / Python 3.10	UNKNOWN STEP	2026-09-13T17:49:06.5547967Z ........................................................................ [ 32%]
Action policy / ubuntu-latest / Python 3.10	UNKNOWN STEP	2026-09-13T17:49:13.6019259Z ........................................................................ [ 36%]
Action policy / ubuntu-latest / Python 3.10	UNKNOWN STEP	2026-09-13T17:49:16.1397871Z ........................................................................ [ 41%]
Action policy / ubuntu-latest / Python 3.10	UNKNOWN STEP	2026-09-13T17:49:16.3583305Z ........................................................................ [ 45%]
Action policy / ubuntu-latest / Python 3.10	UNKNOWN STEP	2026-09-13T17:49:16.4485481Z ........................................................................ [ 50%]
Action policy / ubuntu-latest / Python 3.10	UNKNOWN STEP	2026-09-13T17:49:17.1734917Z ........................................................................ [ 55%]
Action policy / ubuntu-latest / Python 3.10	UNKNOWN STEP	2026-09-13T17:49:17.2612526Z ........................................................................ [ 59%]
Action policy / ubuntu-latest / Python 3.10	UNKNOWN STEP	2026-09-13T17:49:19.1861793Z ........................................................................ [ 64%]
Action policy / ubuntu-latest / Python 3.10	UNKNOWN STEP	2026-09-13T17:50:02.7410462Z ........................................................................ [ 68%]
Action policy / ubuntu-latest / Python 3.10	UNKNOWN STEP	2026-09-13T17:50:30.9860179Z ............s........................................................... [ 73%]
Action policy / ubuntu-latest / Python 3.10	UNKNOWN STEP	2026-09-13T17:50:33.5211301Z ........................................................................ [ 78%]
Action policy / ubuntu-latest / Python 3.10	UNKNOWN STEP	2026-09-13T17:50:36.4291130Z ........................................................................ [ 82%]
Action policy / ubuntu-latest / Python 3.10	UNKNOWN STEP	2026-09-13T17:50:36.6985491Z .....................................................................s.. [ 87%]
Action policy / ubuntu-latest / Python 3.10	UNKNOWN STEP	2026-09-13T17:50:36.9803308Z ..ss........ss..s.....s................................................. [ 91%]
Action policy / ubuntu-latest / Python 3.10	UNKNOWN STEP	2026-09-13T17:50:37.3473522Z ........................................................................ [ 96%]
Action policy / ubuntu-latest / Python 3.10	UNKNOWN STEP	2026-09-13T17:50:37.6270619Z ........................................................                 [100%]
Action policy / ubuntu-latest / Python 3.10	UNKNOWN STEP	2026-09-13T17:50:37.6271182Z 1560 passed, 8 skipped in 131.08s (0:02:11)
Action policy / ubuntu-latest / Python 3.10	UNKNOWN STEP	2026-09-13T17:50:37.7317971Z ##[group]Run python tools/acceptance/release_catalog_package.py --output acceptance-output/package
Action policy / ubuntu-latest / Python 3.10	UNKNOWN STEP	2026-09-13T17:50:37.7318748Z ^[[36;1mpython tools/acceptance/release_catalog_package.py --output acceptance-output/package^[[0m
Action policy / ubuntu-latest / Python 3.10	UNKNOWN STEP	2026-09-13T17:50:37.7355220Z shell: /usr/bin/bash -e {0}
Action policy / ubuntu-latest / Python 3.10	UNKNOWN STEP	2026-09-13T17:50:37.7355466Z env:
Action policy / ubuntu-latest / Python 3.10	UNKNOWN STEP	2026-09-13T17:50:37.7355943Z   CLOUD_TEST_ACCESS: true
Action policy / ubuntu-latest / Python 3.10	UNKNOWN STEP	2026-09-13T17:50:37.7356264Z   pythonLocation: /opt/hostedtoolcache/Python/3.10.21/x64
Action policy / ubuntu-latest / Python 3.10	UNKNOWN STEP	2026-09-13T17:50:37.7356705Z   PKG_CONFIG_PATH: /opt/hostedtoolcache/Python/3.10.21/x64/lib/pkgconfig
Action policy / ubuntu-latest / Python 3.10	UNKNOWN STEP	2026-09-13T17:50:37.7357141Z   Python_ROOT_DIR: /opt/hostedtoolcache/Python/3.10.21/x64
Action policy / ubuntu-latest / Python 3.10	UNKNOWN STEP	2026-09-13T17:50:37.7357524Z   Python2_ROOT_DIR: /opt/hostedtoolcache/Python/3.10.21/x64
Action policy / ubuntu-latest / Python 3.10	UNKNOWN STEP	2026-09-13T17:50:37.7357903Z   Python3_ROOT_DIR: /opt/hostedtoolcache/Python/3.10.21/x64
Action policy / ubuntu-latest / Python 3.10	UNKNOWN STEP	2026-09-13T17:50:37.7358289Z   LD_LIBRARY_PATH: /opt/hostedtoolcache/Python/3.10.21/x64/lib
Action policy / ubuntu-latest / Python 3.10	UNKNOWN STEP	2026-09-13T17:50:37.7358613Z ##[endgroup]
Action policy / ubuntu-latest / Python 3.10	UNKNOWN STEP	2026-09-13T17:50:41.5701896Z Checking 
Action policy / ubuntu-latest / Python 3.10	UNKNOWN STEP	2026-09-13T17:50:41.5702698Z /home/runner/work/Waveframe-Guard/Waveframe-Guard/acceptance-output/package/wave
Action policy / ubuntu-latest / Python 3.10	UNKNOWN STEP	2026-09-13T17:50:41.5739039Z frame_guard-0.19.0-py3-none-any.whl: ^[[32mPASSED^[[0m
Action policy / ubuntu-latest / Python 3.10	UNKNOWN STEP	2026-09-13T17:50:41.5740345Z Checking 
Action policy / ubuntu-latest / Python 3.10	UNKNOWN STEP	2026-09-13T17:50:41.5741050Z /home/runner/work/Waveframe-Guard/Waveframe-Guard/acceptance-output/package/wave
Action policy / ubuntu-latest / Python 3.10	UNKNOWN STEP	2026-09-13T17:50:41.5932819Z frame_guard-0.19.0.tar.gz: ^[[32mPASSED^[[0m
Action policy / ubuntu-latest / Python 3.10	UNKNOWN STEP	2026-09-13T17:50:45.4453498Z Processing /home/runner/work/Waveframe-Guard/Waveframe-Guard/acceptance-output/package/waveframe_guard-0.19.0-py3-none-any.whl
Action policy / ubuntu-latest / Python 3.10	UNKNOWN STEP	2026-09-13T17:50:45.4566342Z Collecting cricore-contract-compiler@ git+https://github.com/Waveframe-Labs/cricore-contract-compiler.git@ae590dee058d3481e384dea850d5b7d980f533ff
Action policy / ubuntu-latest / Python 3.10	UNKNOWN STEP	2026-09-13T17:50:45.4567904Z   Using cached cricore_contract_compiler-0.5.0-py3-none-any.whl
Action policy / ubuntu-latest / Python 3.10	UNKNOWN STEP	2026-09-13T17:50:45.4636814Z Collecting governance-ledger@ git+https://github.com/Waveframe-Labs/Waveframe-Ledger.git@3cc34e7b3cb6efca5102e0e22d559ec0c0fd583f
Action policy / ubuntu-latest / Python 3.10	UNKNOWN STEP	2026-09-13T17:50:45.4638446Z   Using cached governance_ledger-0.9.0-py3-none-any.whl
Action policy / ubuntu-latest / Python 3.10	UNKNOWN STEP	2026-09-13T17:50:45.5595516Z Collecting cricore<0.15.0,>=0.13.0
Action policy / ubuntu-latest / Python 3.10	UNKNOWN STEP	2026-09-13T17:50:45.6403632Z   Downloading cricore-0.14.0-py3-none-any.whl (45 kB)
Action policy / ubuntu-latest / Python 3.10	UNKNOWN STEP	2026-09-13T17:50:45.6621299Z      ━━━━━━━━━━━━━━━━━━━━━━━━━━━━━━━━━━━━━━━━ 45.9/45.9 kB 2.1 MB/s eta 0:00:00
Action policy / ubuntu-latest / Python 3.10	UNKNOWN STEP	2026-09-13T17:50:45.6922692Z Collecting cricore-proposal-normalizer==0.2.0
Action policy / ubuntu-latest / Python 3.10	UNKNOWN STEP	2026-09-13T17:50:45.7131438Z   Downloading cricore_proposal_normalizer-0.2.0-py3-none-any.whl (10 kB)
Action policy / ubuntu-latest / Python 3.10	UNKNOWN STEP	2026-09-13T17:50:45.8071646Z Collecting requests<3.0.0,>=2.33.0
Action policy / ubuntu-latest / Python 3.10	UNKNOWN STEP	2026-09-13T17:50:45.8259674Z   Downloading requests-2.34.2-py3-none-any.whl (73 kB)
Action policy / ubuntu-latest / Python 3.10	UNKNOWN STEP	2026-09-13T17:50:45.8380118Z      ━━━━━━━━━━━━━━━━━━━━━━━━━━━━━━━━━━━━━━━━ 73.1/73.1 kB 6.6 MB/s eta 0:00:00
Action policy / ubuntu-latest / Python 3.10	UNKNOWN STEP	2026-09-13T17:50:45.9084235Z Collecting tomli>=2.0.0
Action policy / ubuntu-latest / Python 3.10	UNKNOWN STEP	2026-09-13T17:50:45.9271717Z   Downloading tomli-2.4.1-py3-none-any.whl (14 kB)
Action policy / ubuntu-latest / Python 3.10	UNKNOWN STEP	2026-09-13T17:50:46.0335374Z Collecting pytest
Action policy / ubuntu-latest / Python 3.10	UNKNOWN STEP	2026-09-13T17:50:46.0524633Z   Downloading pytest-9.1.1-py3-none-any.whl (386 kB)
Action policy / ubuntu-latest / Python 3.10	UNKNOWN STEP	2026-09-13T17:50:46.0912738Z      ━━━━━━━━━━━━━━━━━━━━━━━━━━━━━━━━━━━━━━ 386.5/386.5 kB 10.4 MB/s eta 0:00:00
Action policy / ubuntu-latest / Python 3.10	UNKNOWN STEP	2026-09-13T17:50:46.1380138Z Collecting build
Action policy / ubuntu-latest / Python 3.10	UNKNOWN STEP	2026-09-13T17:50:46.1573766Z   Downloading build-1.6.1-py3-none-any.whl (31 kB)
Action policy / ubuntu-latest / Python 3.10	UNKNOWN STEP	2026-09-13T17:50:46.2083639Z Collecting twine
Action policy / ubuntu-latest / Python 3.10	UNKNOWN STEP	2026-09-13T17:50:46.2271340Z   Downloading twine-7.0.0-py3-none-any.whl (43 kB)
Action policy / ubuntu-latest / Python 3.10	UNKNOWN STEP	2026-09-13T17:50:46.2307513Z      ━━━━━━━━━━━━━━━━━━━━━━━━━━━━━━━━━━━━━━━━ 43.2/43.2 kB 22.5 MB/s eta 0:00:00
Action policy / ubuntu-latest / Python 3.10	UNKNOWN STEP	2026-09-13T17:50:46.3038201Z Collecting jsonschema>=4
Action policy / ubuntu-latest / Python 3.10	UNKNOWN STEP	2026-09-13T17:50:46.3228698Z   Downloading jsonschema-4.26.0-py3-none-any.whl (90 kB)
Action policy / ubuntu-latest / Python 3.10	UNKNOWN STEP	2026-09-13T17:50:46.3268174Z      ━━━━━━━━━━━━━━━━━━━━━━━━━━━━━━━━━━━━━━━━ 90.6/90.6 kB 45.6 MB/s eta 0:00:00
Action policy / ubuntu-latest / Python 3.10	UNKNOWN STEP	2026-09-13T17:50:47.1521485Z Collecting rpds-py>=0.25.0
Action policy / ubuntu-latest / Python 3.10	UNKNOWN STEP	2026-09-13T17:50:47.1733765Z   Downloading rpds_py-0.30.0-cp310-cp310-manylinux_2_17_x86_64.manylinux2014_x86_64.whl (390 kB)
Action policy / ubuntu-latest / Python 3.10	UNKNOWN STEP	2026-09-13T17:50:47.1969541Z      ━━━━━━━━━━━━━━━━━━━━━━━━━━━━━━━━━━━━━━ 390.5/390.5 kB 18.1 MB/s eta 0:00:00
Action policy / ubuntu-latest / Python 3.10	UNKNOWN STEP	2026-09-13T17:50:47.2631840Z Collecting referencing>=0.28.4
Action policy / ubuntu-latest / Python 3.10	UNKNOWN STEP	2026-09-13T17:50:47.2824758Z   Downloading referencing-0.37.0-py3-none-any.whl (26 kB)
Action policy / ubuntu-latest / Python 3.10	UNKNOWN STEP	2026-09-13T17:50:47.3219082Z Collecting jsonschema-specifications>=2023.03.6
Action policy / ubuntu-latest / Python 3.10	UNKNOWN STEP	2026-09-13T17:50:47.3408459Z   Downloading jsonschema_specifications-2025.9.1-py3-none-any.whl (18 kB)
Action policy / ubuntu-latest / Python 3.10	UNKNOWN STEP	2026-09-13T17:50:47.3868313Z Collecting attrs>=22.2.0
Action policy / ubuntu-latest / Python 3.10	UNKNOWN STEP	2026-09-13T17:50:47.4083660Z   Downloading attrs-26.1.0-py3-none-any.whl (67 kB)
Action policy / ubuntu-latest / Python 3.10	UNKNOWN STEP	2026-09-13T17:50:47.4122923Z      ━━━━━━━━━━━━━━━━━━━━━━━━━━━━━━━━━━━━━━━━ 67.5/67.5 kB 32.8 MB/s eta 0:00:00
Action policy / ubuntu-latest / Python 3.10	UNKNOWN STEP	2026-09-13T17:50:47.4680588Z Collecting certifi>=2023.5.7
Action policy / ubuntu-latest / Python 3.10	UNKNOWN STEP	2026-09-13T17:50:47.4871150Z   Downloading certifi-2026.7.22-py3-none-any.whl (136 kB)
Action policy / ubuntu-latest / Python 3.10	UNKNOWN STEP	2026-09-13T17:50:47.4915332Z      ━━━━━━━━━━━━━━━━━━━━━━━━━━━━━━━━━━━━━━ 137.0/137.0 kB 59.4 MB/s eta 0:00:00
Action policy / ubuntu-latest / Python 3.10	UNKNOWN STEP	2026-09-13T17:50:47.5646225Z Collecting urllib3<3,>=1.26
Action policy / ubuntu-latest / Python 3.10	UNKNOWN STEP	2026-09-13T17:50:47.5837750Z   Downloading urllib3-2.7.0-py3-none-any.whl (131 kB)
Action policy / ubuntu-latest / Python 3.10	UNKNOWN STEP	2026-09-13T17:50:47.5884530Z      ━━━━━━━━━━━━━━━━━━━━━━━━━━━━━━━━━━━━━━ 131.1/131.1 kB 56.1 MB/s eta 0:00:00
Action policy / ubuntu-latest / Python 3.10	UNKNOWN STEP	2026-09-13T17:50:47.6300365Z Collecting idna<4,>=2.5
Action policy / ubuntu-latest / Python 3.10	UNKNOWN STEP	2026-09-13T17:50:47.6490104Z   Downloading idna-3.19-py3-none-any.whl (68 kB)
Action policy / ubuntu-latest / Python 3.10	UNKNOWN STEP	2026-09-13T17:50:47.6526797Z      ━━━━━━━━━━━━━━━━━━━━━━━━━━━━━━━━━━━━━━━━ 68.5/68.5 kB 34.8 MB/s eta 0:00:00
Action policy / ubuntu-latest / Python 3.10	UNKNOWN STEP	2026-09-13T17:50:47.9786700Z Collecting charset_normalizer<4,>=2
Action policy / ubuntu-latest / Python 3.10	UNKNOWN STEP	2026-09-13T17:50:47.9990111Z   Downloading charset_normalizer-3.5.1-cp310-cp310-manylinux2014_x86_64.manylinux_2_17_x86_64.manylinux_2_28_x86_64.whl (261 kB)
Action policy / ubuntu-latest / Python 3.10	UNKNOWN STEP	2026-09-13T17:50:48.0062088Z      ━━━━━━━━━━━━━━━━━━━━━━━━━━━━━━━━━━━━━━ 261.6/261.6 kB 62.2 MB/s eta 0:00:00
Action policy / ubuntu-latest / Python 3.10	UNKNOWN STEP	2026-09-13T17:50:48.0703029Z Collecting packaging>=24.0
Action policy / ubuntu-latest / Python 3.10	UNKNOWN STEP	2026-09-13T17:50:48.0898927Z   Downloading packaging-26.3-py3-none-any.whl (129 kB)
Action policy / ubuntu-latest / Python 3.10	UNKNOWN STEP	2026-09-13T17:50:48.0946860Z      ━━━━━━━━━━━━━━━━━━━━━━━━━━━━━━━━━━━━━━ 130.0/130.0 kB 49.4 MB/s eta 0:00:00
Action policy / ubuntu-latest / Python 3.10	UNKNOWN STEP	2026-09-13T17:50:48.1241923Z Collecting pyproject_hooks
Action policy / ubuntu-latest / Python 3.10	UNKNOWN STEP	2026-09-13T17:50:48.1429204Z   Downloading pyproject_hooks-1.2.0-py3-none-any.whl (10 kB)
Action policy / ubuntu-latest / Python 3.10	UNKNOWN STEP	2026-09-13T17:50:48.2001451Z Collecting iniconfig>=1.0.1
Action policy / ubuntu-latest / Python 3.10	UNKNOWN STEP	2026-09-13T17:50:48.2186463Z   Downloading iniconfig-2.3.0-py3-none-any.whl (7.5 kB)
Action policy / ubuntu-latest / Python 3.10	UNKNOWN STEP	2026-09-13T17:50:48.2567983Z Collecting exceptiongroup>=1
Action policy / ubuntu-latest / Python 3.10	UNKNOWN STEP	2026-09-13T17:50:48.2754315Z   Downloading exceptiongroup-1.3.1-py3-none-any.whl (16 kB)
Action policy / ubuntu-latest / Python 3.10	UNKNOWN STEP	2026-09-13T17:50:48.3152522Z Collecting pluggy<2,>=1.5
Action policy / ubuntu-latest / Python 3.10	UNKNOWN STEP	2026-09-13T17:50:48.3339506Z   Downloading pluggy-1.6.0-py3-none-any.whl (20 kB)
Action policy / ubuntu-latest / Python 3.10	UNKNOWN STEP	2026-09-13T17:50:48.3868201Z Collecting pygments>=2.7.2
Action policy / ubuntu-latest / Python 3.10	UNKNOWN STEP	2026-09-13T17:50:48.4057940Z   Downloading pygments-2.21.0-py3-none-any.whl (1.3 MB)
Action policy / ubuntu-latest / Python 3.10	UNKNOWN STEP	2026-09-13T17:50:48.4455956Z      ━━━━━━━━━━━━━━━━━━━━━━━━━━━━━━━━━━━━━━━━ 1.3/1.3 MB 33.1 MB/s eta 0:00:00
Action policy / ubuntu-latest / Python 3.10	UNKNOWN STEP	2026-09-13T17:50:48.5780649Z Collecting rich>=14.3.3
Action policy / ubuntu-latest / Python 3.10	UNKNOWN STEP	2026-09-13T17:50:48.5969921Z   Downloading rich-15.0.0-py3-none-any.whl (310 kB)
Action policy / ubuntu-latest / Python 3.10	UNKNOWN STEP	2026-09-13T17:50:48.6026581Z      ━━━━━━━━━━━━━━━━━━━━━━━━━━━━━━━━━━━━━ 310.7/310.7 kB 101.9 MB/s eta 0:00:00
Action policy / ubuntu-latest / Python 3.10	UNKNOWN STEP	2026-09-13T17:50:48.6374909Z Collecting id
Action policy / ubuntu-latest / Python 3.10	UNKNOWN STEP	2026-09-13T17:50:48.6562939Z   Downloading id-1.6.1-py3-none-any.whl (14 kB)
Action policy / ubuntu-latest / Python 3.10	UNKNOWN STEP	2026-09-13T17:50:48.6964831Z Collecting readme-renderer>=35.0
Action policy / ubuntu-latest / Python 3.10	UNKNOWN STEP	2026-09-13T17:50:48.7155646Z   Downloading readme_renderer-46.0-py3-none-any.whl (14 kB)
Action policy / ubuntu-latest / Python 3.10	UNKNOWN STEP	2026-09-13T17:50:48.7513254Z Collecting requests-toolbelt!=0.9.0,>=0.8.0
Action policy / ubuntu-latest / Python 3.10	UNKNOWN STEP	2026-09-13T17:50:48.7713277Z   Downloading requests_toolbelt-1.0.0-py2.py3-none-any.whl (54 kB)
Action policy / ubuntu-latest / Python 3.10	UNKNOWN STEP	2026-09-13T17:50:48.7751311Z      ━━━━━━━━━━━━━━━━━━━━━━━━━━━━━━━━━━━━━━━━ 54.5/54.5 kB 27.5 MB/s eta 0:00:00
Action policy / ubuntu-latest / Python 3.10	UNKNOWN STEP	2026-09-13T17:50:48.8585205Z Collecting keyring>=21.2.0
Action policy / ubuntu-latest / Python 3.10	UNKNOWN STEP	2026-09-13T17:50:48.8787213Z   Downloading keyring-25.7.0-py3-none-any.whl (39 kB)
Action policy / ubuntu-latest / Python 3.10	UNKNOWN STEP	2026-09-13T17:50:48.9429375Z Collecting rfc3986>=1.4.0
Action policy / ubuntu-latest / Python 3.10	UNKNOWN STEP	2026-09-13T17:50:48.9620081Z   Downloading rfc3986-2.0.0-py2.py3-none-any.whl (31 kB)
Action policy / ubuntu-latest / Python 3.10	UNKNOWN STEP	2026-09-13T17:50:49.0322662Z Collecting typing-extensions>=4.6.0
Action policy / ubuntu-latest / Python 3.10	UNKNOWN STEP	2026-09-13T17:50:49.0516632Z   Downloading typing_extensions-4.16.0-py3-none-any.whl (45 kB)
Action policy / ubuntu-latest / Python 3.10	UNKNOWN STEP	2026-09-13T17:50:49.0556477Z      ━━━━━━━━━━━━━━━━━━━━━━━━━━━━━━━━━━━━━━━━ 45.6/45.6 kB 20.9 MB/s eta 0:00:00
Action policy / ubuntu-latest / Python 3.10	UNKNOWN STEP	2026-09-13T17:50:49.1342285Z Collecting SecretStorage>=3.2
Action policy / ubuntu-latest / Python 3.10	UNKNOWN STEP	2026-09-13T17:50:49.1532275Z   Downloading secretstorage-3.5.0-py3-none-any.whl (15 kB)
Action policy / ubuntu-latest / Python 3.10	UNKNOWN STEP	2026-09-13T17:50:49.1880617Z Collecting jaraco.classes
Action policy / ubuntu-latest / Python 3.10	UNKNOWN STEP	2026-09-13T17:50:49.2070693Z   Downloading jaraco.classes-3.4.0-py3-none-any.whl (6.8 kB)
Action policy / ubuntu-latest / Python 3.10	UNKNOWN STEP	2026-09-13T17:50:49.2465699Z Collecting jaraco.context
Action policy / ubuntu-latest / Python 3.10	UNKNOWN STEP	2026-09-13T17:50:49.2657944Z   Downloading jaraco_context-6.1.2-py3-none-any.whl (7.9 kB)
Action policy / ubuntu-latest / Python 3.10	UNKNOWN STEP	2026-09-13T17:50:49.3140747Z Collecting jaraco.functools
Action policy / ubuntu-latest / Python 3.10	UNKNOWN STEP	2026-09-13T17:50:49.3330728Z   Downloading jaraco_functools-4.6.0-py3-none-any.whl (11 kB)
Action policy / ubuntu-latest / Python 3.10	UNKNOWN STEP	2026-09-13T17:50:49.3687838Z Collecting jeepney>=0.4.2
Action policy / ubuntu-latest / Python 3.10	UNKNOWN STEP	2026-09-13T17:50:49.3883685Z   Downloading jeepney-0.9.0-py3-none-any.whl (49 kB)
Action policy / ubuntu-latest / Python 3.10	UNKNOWN STEP	2026-09-13T17:50:49.3921698Z      ━━━━━━━━━━━━━━━━━━━━━━━━━━━━━━━━━━━━━━━━ 49.0/49.0 kB 23.6 MB/s eta 0:00:00
Action policy / ubuntu-latest / Python 3.10	UNKNOWN STEP	2026-09-13T17:50:49.4813115Z Collecting importlib_metadata>=4.11.4
Action policy / ubuntu-latest / Python 3.10	UNKNOWN STEP	2026-09-13T17:50:49.5032359Z   Downloading importlib_metadata-9.0.1-py3-none-any.whl (27 kB)
Action policy / ubuntu-latest / Python 3.10	UNKNOWN STEP	2026-09-13T17:50:49.6388412Z Collecting nh3>=0.2.14
Action policy / ubuntu-latest / Python 3.10	UNKNOWN STEP	2026-09-13T17:50:49.6580132Z   Downloading nh3-0.3.7-cp38-abi3-manylinux_2_17_x86_64.manylinux2014_x86_64.whl (832 kB)
Action policy / ubuntu-latest / Python 3.10	UNKNOWN STEP	2026-09-13T17:50:49.6671050Z      ━━━━━━━━━━━━━━━━━━━━━━━━━━━━━━━━━━━━━ 832.2/832.2 kB 125.5 MB/s eta 0:00:00
Action policy / ubuntu-latest / Python 3.10	UNKNOWN STEP	2026-09-13T17:50:49.7148242Z Collecting docutils>=0.21.2
Action policy / ubuntu-latest / Python 3.10	UNKNOWN STEP	2026-09-13T17:50:49.7340044Z   Downloading docutils-0.23-py3-none-any.whl (634 kB)
Action policy / ubuntu-latest / Python 3.10	UNKNOWN STEP	2026-09-13T17:50:49.7417079Z      ━━━━━━━━━━━━━━━━━━━━━━━━━━━━━━━━━━━━━ 634.7/634.7 kB 117.2 MB/s eta 0:00:00
Action policy / ubuntu-latest / Python 3.10	UNKNOWN STEP	2026-09-13T17:50:49.8381141Z Collecting markdown-it-py>=2.2.0
Action policy / ubuntu-latest / Python 3.10	UNKNOWN STEP	2026-09-13T17:50:49.8579308Z   Downloading markdown_it_py-4.2.0-py3-none-any.whl (91 kB)
Action policy / ubuntu-latest / Python 3.10	UNKNOWN STEP	2026-09-13T17:50:49.8616953Z      ━━━━━━━━━━━━━━━━━━━━━━━━━━━━━━━━━━━━━━━━ 91.7/91.7 kB 48.1 MB/s eta 0:00:00
Action policy / ubuntu-latest / Python 3.10	UNKNOWN STEP	2026-09-13T17:50:49.9747726Z Collecting zipp>=3.20
Action policy / ubuntu-latest / Python 3.10	UNKNOWN STEP	2026-09-13T17:50:49.9936074Z   Downloading zipp-4.1.0-py3-none-any.whl (10 kB)
Action policy / ubuntu-latest / Python 3.10	UNKNOWN STEP	2026-09-13T17:50:50.0581490Z Collecting mdurl~=0.1
Action policy / ubuntu-latest / Python 3.10	UNKNOWN STEP	2026-09-13T17:50:50.0771197Z   Downloading mdurl-0.1.2-py3-none-any.whl (10.0 kB)
Action policy / ubuntu-latest / Python 3.10	UNKNOWN STEP	2026-09-13T17:50:50.6519958Z Collecting cryptography>=2.0
Action policy / ubuntu-latest / Python 3.10	UNKNOWN STEP	2026-09-13T17:50:50.6732870Z   Downloading cryptography-50.0.1-cp39-abi3-manylinux_2_34_x86_64.whl (4.8 MB)
Action policy / ubuntu-latest / Python 3.10	UNKNOWN STEP	2026-09-13T17:50:50.7238929Z      ━━━━━━━━━━━━━━━━━━━━━━━━━━━━━━━━━━━━━━━━ 4.8/4.8 MB 99.5 MB/s eta 0:00:00
Action policy / ubuntu-latest / Python 3.10	UNKNOWN STEP	2026-09-13T17:50:50.7938074Z Collecting more-itertools
Action policy / ubuntu-latest / Python 3.10	UNKNOWN STEP	2026-09-13T17:50:50.8129056Z   Downloading more_itertools-11.1.0-py3-none-any.whl (72 kB)
Action policy / ubuntu-latest / Python 3.10	UNKNOWN STEP	2026-09-13T17:50:50.8166906Z      ━━━━━━━━━━━━━━━━━━━━━━━━━━━━━━━━━━━━━━━━ 72.2/72.2 kB 37.4 MB/s eta 0:00:00
Action policy / ubuntu-latest / Python 3.10	UNKNOWN STEP	2026-09-13T17:50:50.8635627Z Collecting backports.tarfile
Action policy / ubuntu-latest / Python 3.10	UNKNOWN STEP	2026-09-13T17:50:50.8824611Z   Downloading backports.tarfile-1.2.0-py3-none-any.whl (30 kB)
Action policy / ubuntu-latest / Python 3.10	UNKNOWN STEP	2026-09-13T17:50:51.1922787Z Collecting cffi>=2.0.0
Action policy / ubuntu-latest / Python 3.10	UNKNOWN STEP	2026-09-13T17:50:51.2119818Z   Downloading cffi-2.1.1-cp310-cp310-manylinux2014_x86_64.manylinux_2_17_x86_64.whl (218 kB)
Action policy / ubuntu-latest / Python 3.10	UNKNOWN STEP	2026-09-13T17:50:51.2172379Z      ━━━━━━━━━━━━━━━━━━━━━━━━━━━━━━━━━━━━━━ 218.7/218.7 kB 78.6 MB/s eta 0:00:00
Action policy / ubuntu-latest / Python 3.10	UNKNOWN STEP	2026-09-13T17:50:51.3024182Z Collecting pycparser
Action policy / ubuntu-latest / Python 3.10	UNKNOWN STEP	2026-09-13T17:50:51.3212585Z   Downloading pycparser-3.0-py3-none-any.whl (48 kB)
Action policy / ubuntu-latest / Python 3.10	UNKNOWN STEP	2026-09-13T17:50:51.3248354Z      ━━━━━━━━━━━━━━━━━━━━━━━━━━━━━━━━━━━━━━━━ 48.2/48.2 kB 25.2 MB/s eta 0:00:00
Action policy / ubuntu-latest / Python 3.10	UNKNOWN STEP	2026-09-13T17:50:51.6714341Z Installing collected packages: zipp, urllib3, typing-extensions, tomli, rpds-py, rfc3986, pyproject_hooks, pygments, pycparser, pluggy, packaging, nh3, more-itertools, mdurl, jeepney, iniconfig, idna, docutils, cricore-proposal-normalizer, cricore, charset_normalizer, certifi, backports.tarfile, attrs, requests, referencing, readme-renderer, markdown-it-py, jaraco.functools, jaraco.context, jaraco.classes, importlib_metadata, id, exceptiongroup, cffi, build, rich, requests-toolbelt, pytest, jsonschema-specifications, cryptography, SecretStorage, jsonschema, keyring, cricore-contract-compiler, twine, governance-ledger, waveframe-guard
Action policy / ubuntu-latest / Python 3.10	UNKNOWN STEP	2026-09-13T17:50:54.3492126Z Successfully installed SecretStorage-3.5.0 attrs-26.1.0 backports.tarfile-1.2.0 build-1.6.1 certifi-2026.7.22 cffi-2.1.1 charset_normalizer-3.5.1 cricore-0.14.0 cricore-contract-compiler-0.5.0 cricore-proposal-normalizer-0.2.0 cryptography-50.0.1 docutils-0.23 exceptiongroup-1.3.1 governance-ledger-0.9.0 id-1.6.1 idna-3.19 importlib_metadata-9.0.1 iniconfig-2.3.0 jaraco.classes-3.4.0 jaraco.context-6.1.2 jaraco.functools-4.6.0 jeepney-0.9.0 jsonschema-4.26.0 jsonschema-specifications-2025.9.1 keyring-25.7.0 markdown-it-py-4.2.0 mdurl-0.1.2 more-itertools-11.1.0 nh3-0.3.7 packaging-26.3 pluggy-1.6.0 pycparser-3.0 pygments-2.21.0 pyproject_hooks-1.2.0 pytest-9.1.1 readme-renderer-46.0 referencing-0.37.0 requests-2.34.2 requests-toolbelt-1.0.0 rfc3986-2.0.0 rich-15.0.0 rpds-py-0.30.0 tomli-2.4.1 twine-7.0.0 typing-extensions-4.16.0 urllib3-2.7.0 waveframe-guard-0.19.0 zipp-4.1.0
Action policy / ubuntu-latest / Python 3.10	UNKNOWN STEP	2026-09-13T17:50:54.5173472Z 
Action policy / ubuntu-latest / Python 3.10	UNKNOWN STEP	2026-09-13T17:50:54.5174154Z [notice] A new release of pip is available: 23.0.1 -> 26.2.1
Action policy / ubuntu-latest / Python 3.10	UNKNOWN STEP	2026-09-13T17:50:54.5175103Z [notice] To update, run: /tmp/guard50-package-7w6h5_s4/release/bin/python -m pip install --upgrade pip
Action policy / ubuntu-latest / Python 3.10	UNKNOWN STEP	2026-09-13T17:50:55.5140408Z Installed license verified: Apache-2.0; canonical LICENSE and Waveframe NOTICE
Action policy / ubuntu-latest / Python 3.10	UNKNOWN STEP	2026-09-13T17:50:55.5143107Z Installed mediation documentation verified: wrapped boundary and alternate-path limits
Action policy / ubuntu-latest / Python 3.10	UNKNOWN STEP	2026-09-13T17:50:55.5144104Z Clean wheel legacy migration: callback_count=0 permission_returned=false
Action policy / ubuntu-latest / Python 3.10	UNKNOWN STEP	2026-09-13T17:50:55.5145867Z Clean wheel literal-target smoke passed from /tmp/guard50-package-7w6h5_s4/release/lib/python3.10/site-packages/waveframe_guard/__init__.py: authorization_evaluation=admissible callback_execution=executed callback_count=1; denied_authorization_evaluation=blocked denied_callback_execution=blocked denied_callback_count=0
Action policy / ubuntu-latest / Python 3.10	UNKNOWN STEP	2026-09-13T17:50:55.6791730Z evaluation_only authorization_evaluation=admissible target=safe/file.txt
Action policy / ubuntu-latest / Python 3.10	UNKNOWN STEP	2026-09-13T17:50:55.6792711Z evaluation_only authorization_evaluation=blocked target=crypto/key.txt
Action policy / ubuntu-latest / Python 3.10	UNKNOWN STEP	2026-09-13T17:50:55.6793346Z evaluation_only authorization_evaluation=admissible target=safe/new.txt
Action policy / ubuntu-latest / Python 3.10	UNKNOWN STEP	2026-09-13T17:50:55.6793889Z evaluation_only callbacks=0 mutation_not_requested=true
Action policy / ubuntu-latest / Python 3.10	UNKNOWN STEP	2026-09-13T17:50:55.8594841Z authorization_evaluation=admissible mutation_execution=executed target=safe/file.txt callback_count=1
Action policy / ubuntu-latest / Python 3.10	UNKNOWN STEP	2026-09-13T17:50:55.8596676Z authorization_evaluation=blocked mutation_execution=blocked target=crypto/key.txt callback_count=0
Action policy / ubuntu-latest / Python 3.10	UNKNOWN STEP	2026-09-13T17:50:55.8597644Z authorization_evaluation=admissible mutation_execution=unsupported target=safe/new.txt callback_count=0
Action policy / ubuntu-latest / Python 3.10	UNKNOWN STEP	2026-09-13T17:50:55.8598646Z execution_attestation=guard_execution_attestation.v2 authority_basis=compiled_contract reload_validated=true
Action policy / ubuntu-latest / Python 3.10	UNKNOWN STEP	2026-09-13T17:50:56.2394531Z 127.0.0.1 - - [13/Sep/2026 17:50:56] "GET /v1/authorities/budget-quickstart%401.0.0/publication HTTP/1.1" 404 22
Action policy / ubuntu-latest / Python 3.10	UNKNOWN STEP	2026-09-13T17:50:56.2410285Z 127.0.0.1 - - [13/Sep/2026 17:50:56] "GET /v1/contracts/budget-quickstart/1.0.0 HTTP/1.1" 200 471
Action policy / ubuntu-latest / Python 3.10	UNKNOWN STEP	2026-09-13T17:50:56.2444950Z 127.0.0.1 - - [13/Sep/2026 17:50:56] "POST /v1/runtimes/register HTTP/1.1" 200 18
Action policy / ubuntu-latest / Python 3.10	UNKNOWN STEP	2026-09-13T17:50:56.2460821Z 127.0.0.1 - - [13/Sep/2026 17:50:56] "POST /v1/runtimes/budget-agent-runtime/heartbeats HTTP/1.1" 200 18
Action policy / ubuntu-latest / Python 3.10	UNKNOWN STEP	2026-09-13T17:50:56.2529587Z 127.0.0.1 - - [13/Sep/2026 17:50:56] "POST /v1/preserve HTTP/1.1" 200 122
Action policy / ubuntu-latest / Python 3.10	UNKNOWN STEP	2026-09-13T17:50:56.2553252Z 127.0.0.1 - - [13/Sep/2026 17:50:56] "POST /v1/runtime/attestations HTTP/1.1" 200 18
Action policy / ubuntu-latest / Python 3.10	UNKNOWN STEP	2026-09-13T17:50:56.2622630Z 127.0.0.1 - - [13/Sep/2026 17:50:56] "POST /v1/preserve HTTP/1.1" 200 122
Action policy / ubuntu-latest / Python 3.10	UNKNOWN STEP	2026-09-13T17:50:56.2651082Z 127.0.0.1 - - [13/Sep/2026 17:50:56] "POST /v1/runtime/attestations HTTP/1.1" 200 18
Action policy / ubuntu-latest / Python 3.10	UNKNOWN STEP	2026-09-13T17:51:00.9369169Z ...s.ssssssssss..........s.s.s.sssss....s.ssss....sssssssss.........s.s. [  9%]
Action policy / ubuntu-latest / Python 3.10	UNKNOWN STEP	2026-09-13T17:51:13.2396639Z s.s.s..sssss.....s.ssssssssssss..........sssssssss.........sssssssssssss [ 19%]
Action policy / ubuntu-latest / Python 3.10	UNKNOWN STEP	2026-09-13T17:51:36.6139935Z sssssss......................ssssssssssss...........s.s.sssss.s......... [ 29%]
Action policy / ubuntu-latest / Python 3.10	UNKNOWN STEP	2026-09-13T17:51:38.4887544Z ........................................................................ [ 39%]
Action policy / ubuntu-latest / Python 3.10	UNKNOWN STEP	2026-09-13T17:51:38.8299835Z ............s....ss........ss..s.....s.................................. [ 48%]
Action policy / ubuntu-latest / Python 3.10	UNKNOWN STEP	2026-09-13T17:51:41.0768266Z ........................................................................ [ 58%]
Action policy / ubuntu-latest / Python 3.10	UNKNOWN STEP	2026-09-13T17:51:44.3349190Z ..................................sssssssssssssssss.................ssss [ 68%]
Action policy / ubuntu-latest / Python 3.10	UNKNOWN STEP	2026-09-13T17:51:46.4104309Z ssssssssssss................s........................................... [ 78%]
Action policy / ubuntu-latest / Python 3.10	UNKNOWN STEP	2026-09-13T17:51:47.8832468Z ........................................................................ [ 88%]
Action policy / ubuntu-latest / Python 3.10	UNKNOWN STEP	2026-09-13T17:52:03.6293037Z ........................................................................ [ 97%]
Action policy / ubuntu-latest / Python 3.10	UNKNOWN STEP	2026-09-13T17:52:04.2834529Z ...............                                                          [100%]
Action policy / ubuntu-latest / Python 3.10	UNKNOWN STEP	2026-09-13T17:52:04.2835285Z =========================== short test summary info ============================
Action policy / ubuntu-latest / Python 3.10	UNKNOWN STEP	2026-09-13T17:52:04.2836555Z SKIPPED [1] tests/test_action_policy_creation.py:63: catalog 2 requires explicit Guard and Ledger development opt-ins
Action policy / ubuntu-latest / Python 3.10	UNKNOWN STEP	2026-09-13T17:52:04.2837882Z SKIPPED [10] tests/test_action_policy_creation.py:69: catalog 2 requires explicit Guard and Ledger development opt-ins
Action policy / ubuntu-latest / Python 3.10	UNKNOWN STEP	2026-09-13T17:52:04.2839214Z SKIPPED [1] tests/test_action_policy_creation.py:95: catalog 2 requires explicit Guard and Ledger development opt-ins
Action policy / ubuntu-latest / Python 3.10	UNKNOWN STEP	2026-09-13T17:52:04.2840486Z SKIPPED [1] tests/test_action_policy_creation.py:118: catalog 2 requires explicit Guard and Ledger development opt-ins
Action policy / ubuntu-latest / Python 3.10	UNKNOWN STEP	2026-09-13T17:52:04.2841712Z SKIPPED [1] tests/test_action_policy_creation.py:129: catalog 2 requires explicit Guard and Ledger development opt-ins
Action policy / ubuntu-latest / Python 3.10	UNKNOWN STEP	2026-09-13T17:52:04.2842910Z SKIPPED [1] tests/test_action_policy_creation.py:159: requires explicit action policy development environment
Action policy / ubuntu-latest / Python 3.10	UNKNOWN STEP	2026-09-13T17:52:04.2844106Z SKIPPED [4] tests/test_action_policy_creation.py:178: catalog 2 requires explicit Guard and Ledger development opt-ins
Action policy / ubuntu-latest / Python 3.10	UNKNOWN STEP	2026-09-13T17:52:04.2845957Z SKIPPED [1] tests/test_action_policy_creation.py:189: catalog 2 requires explicit Guard and Ledger development opt-ins
Action policy / ubuntu-latest / Python 3.10	UNKNOWN STEP	2026-09-13T17:52:04.2847328Z SKIPPED [4] tests/test_action_policy_creation.py:202: catalog 2 requires explicit Guard and Ledger development opt-ins
Action policy / ubuntu-latest / Python 3.10	UNKNOWN STEP	2026-09-13T17:52:04.2848643Z SKIPPED [9] tests/test_action_policy_creation.py:217: catalog 2 requires explicit Guard and Ledger development opt-ins
Action policy / ubuntu-latest / Python 3.10	UNKNOWN STEP	2026-09-13T17:52:04.2850322Z SKIPPED [1] tests/test_action_policy_creation.py:228: catalog 2 requires explicit Guard and Ledger development opt-ins
Action policy / ubuntu-latest / Python 3.10	UNKNOWN STEP	2026-09-13T17:52:04.2851618Z SKIPPED [1] tests/test_action_policy_creation.py:246: catalog 2 requires explicit Guard and Ledger development opt-ins
Action policy / ubuntu-latest / Python 3.10	UNKNOWN STEP	2026-09-13T17:52:04.2852927Z SKIPPED [1] tests/test_action_policy_creation.py:269: catalog 2 requires explicit Guard and Ledger development opt-ins
Action policy / ubuntu-latest / Python 3.10	UNKNOWN STEP	2026-09-13T17:52:04.2854197Z SKIPPED [1] tests/test_action_policy_creation.py:289: catalog 2 requires explicit Guard and Ledger development opt-ins
Action policy / ubuntu-latest / Python 3.10	UNKNOWN STEP	2026-09-13T17:52:04.2855479Z SKIPPED [1] tests/test_action_policy_creation.py:299: catalog 2 requires explicit Guard and Ledger development opt-ins
Action policy / ubuntu-latest / Python 3.10	UNKNOWN STEP	2026-09-13T17:52:04.2857094Z SKIPPED [5] tests/test_action_policy_creation.py:322: catalog 2 requires explicit Guard and Ledger development opt-ins
Action policy / ubuntu-latest / Python 3.10	UNKNOWN STEP	2026-09-13T17:52:04.2858585Z SKIPPED [1] tests/test_action_policy_creation.py:342: catalog 2 requires explicit Guard and Ledger development opt-ins
Action policy / ubuntu-latest / Python 3.10	UNKNOWN STEP	2026-09-13T17:52:04.2859809Z SKIPPED [1] tests/test_action_policy_creation.py:365: requires explicit action policy development environment
Action policy / ubuntu-latest / Python 3.10	UNKNOWN STEP	2026-09-13T17:52:04.2861001Z SKIPPED [1] tests/test_action_policy_creation.py:378: requires explicit action policy development environment
Action policy / ubuntu-latest / Python 3.10	UNKNOWN STEP	2026-09-13T17:52:04.2862218Z SKIPPED [10] tests/test_native_cloud_connection.py:83: catalog 2 requires explicit Guard and Ledger development opt-ins
Action policy / ubuntu-latest / Python 3.10	UNKNOWN STEP	2026-09-13T17:52:04.2863498Z SKIPPED [9] tests/test_native_cloud_connection.py:150: catalog 2 requires explicit Guard and Ledger development opt-ins
Action policy / ubuntu-latest / Python 3.10	UNKNOWN STEP	2026-09-13T17:52:04.2864807Z SKIPPED [20] tests/test_native_cloud_connection.py:168: catalog 2 requires explicit Guard and Ledger development opt-ins
Action policy / ubuntu-latest / Python 3.10	UNKNOWN STEP	2026-09-13T17:52:04.2866315Z SKIPPED [1] tests/test_native_cloud_connection.py:213: requires the released Ledger installation; covered by released CI
Action policy / ubuntu-latest / Python 3.10	UNKNOWN STEP	2026-09-13T17:52:04.2867625Z SKIPPED [11] tests/test_native_cloud_connection.py:222: catalog 2 requires explicit Guard and Ledger development opt-ins
Action policy / ubuntu-latest / Python 3.10	UNKNOWN STEP	2026-09-13T17:52:04.2868953Z SKIPPED [1] tests/test_native_cloud_connection.py:247: catalog 2 requires explicit Guard and Ledger development opt-ins
Action policy / ubuntu-latest / Python 3.10	UNKNOWN STEP	2026-09-13T17:52:04.2870247Z SKIPPED [1] tests/test_native_cloud_connection.py:260: catalog 2 requires explicit Guard and Ledger development opt-ins
Action policy / ubuntu-latest / Python 3.10	UNKNOWN STEP	2026-09-13T17:52:04.2871496Z SKIPPED [4] tests/test_native_cloud_connection.py:274: requires explicit action policy development environment
Action policy / ubuntu-latest / Python 3.10	UNKNOWN STEP	2026-09-13T17:52:04.2872764Z SKIPPED [1] tests/test_native_cloud_connection.py:296: catalog 2 requires explicit Guard and Ledger development opt-ins
Action policy / ubuntu-latest / Python 3.10	UNKNOWN STEP	2026-09-13T17:52:04.2874065Z SKIPPED [1] tests/test_native_cloud_connection.py:306: catalog 2 requires explicit Guard and Ledger development opt-ins
Action policy / ubuntu-latest / Python 3.10	UNKNOWN STEP	2026-09-13T17:52:04.2875181Z SKIPPED [1] tests/test_repository_workspace.py:117: case-insensitive filesystem required
Action policy / ubuntu-latest / Python 3.10	UNKNOWN STEP	2026-09-13T17:52:04.2876271Z SKIPPED [2] tests/test_repository_workspace.py:147: Windows junction/reparse test
Action policy / ubuntu-latest / Python 3.10	UNKNOWN STEP	2026-09-13T17:52:04.2877153Z SKIPPED [2] tests/test_repository_workspace.py:209: Windows namespace locks
Action policy / ubuntu-latest / Python 3.10	UNKNOWN STEP	2026-09-13T17:52:04.2878026Z SKIPPED [1] tests/test_repository_workspace.py:243: NTFS case-sensitive directory feature
Action policy / ubuntu-latest / Python 3.10	UNKNOWN STEP	2026-09-13T17:52:04.2879028Z SKIPPED [1] tests/test_repository_workspace.py:333: unprivileged mount namespaces unavailable
Action policy / ubuntu-latest / Python 3.10	UNKNOWN STEP	2026-09-13T17:52:04.2880258Z SKIPPED [17] tests/test_creation_attestation_consistency.py:68: catalog 2 requires explicit Guard and Ledger development opt-ins
Action policy / ubuntu-latest / Python 3.10	UNKNOWN STEP	2026-09-13T17:52:04.2881655Z SKIPPED [16] tests/test_creation_attestation_consistency.py:96: catalog 2 requires explicit Guard and Ledger development opt-ins
Action policy / ubuntu-latest / Python 3.10	UNKNOWN STEP	2026-09-13T17:52:04.2883051Z SKIPPED [1] tests/test_creation_attestation_consistency.py:122: catalog 2 requires explicit Guard and Ledger development opt-ins
Action policy / ubuntu-latest / Python 3.10	UNKNOWN STEP	2026-09-13T17:52:04.2883996Z 589 passed, 146 skipped in 66.84s (0:01:06)
Action policy / ubuntu-latest / Python 3.10	UNKNOWN STEP	2026-09-13T17:52:12.4640721Z ........................................................................ [  9%]
Action policy / ubuntu-latest / Python 3.10	UNKNOWN STEP	2026-09-13T17:52:45.3524731Z ........................................................................ [ 19%]
Action policy / ubuntu-latest / Python 3.10	UNKNOWN STEP	2026-09-13T17:53:24.5671632Z .............................s.......................................... [ 29%]
Action policy / ubuntu-latest / Python 3.10	UNKNOWN STEP	2026-09-13T17:53:26.4793975Z ........................................................................ [ 39%]
Action policy / ubuntu-latest / Python 3.10	UNKNOWN STEP	2026-09-13T17:53:26.8296217Z ............s....ss........ss..s.....s.................................. [ 48%]
Action policy / ubuntu-latest / Python 3.10	UNKNOWN STEP	2026-09-13T17:53:29.0882458Z ........................................................................ [ 58%]
Action policy / ubuntu-latest / Python 3.10	UNKNOWN STEP	2026-09-13T17:53:34.6604556Z ........................................................................ [ 68%]
Action policy / ubuntu-latest / Python 3.10	UNKNOWN STEP	2026-09-13T17:53:38.2100335Z ........................................................................ [ 78%]
Action policy / ubuntu-latest / Python 3.10	UNKNOWN STEP	2026-09-13T17:53:39.6813286Z ........................................................................ [ 88%]
Action policy / ubuntu-latest / Python 3.10	UNKNOWN STEP	2026-09-13T17:53:54.9357176Z ........................................................................ [ 97%]
Action policy / ubuntu-latest / Python 3.10	UNKNOWN STEP	2026-09-13T17:53:56.8542332Z ...............                                                          [100%]
Action policy / ubuntu-latest / Python 3.10	UNKNOWN STEP	2026-09-13T17:53:56.8542974Z =========================== short test summary info ============================
Action policy / ubuntu-latest / Python 3.10	UNKNOWN STEP	2026-09-13T17:53:56.8543857Z SKIPPED [1] tests/test_native_cloud_connection.py:213: requires the released Ledger installation; covered by released CI
Action policy / ubuntu-latest / Python 3.10	UNKNOWN STEP	2026-09-13T17:53:56.8544864Z SKIPPED [1] tests/test_repository_workspace.py:117: case-insensitive filesystem required
Action policy / ubuntu-latest / Python 3.10	UNKNOWN STEP	2026-09-13T17:53:56.8546062Z SKIPPED [2] tests/test_repository_workspace.py:147: Windows junction/reparse test
Action policy / ubuntu-latest / Python 3.10	UNKNOWN STEP	2026-09-13T17:53:56.8546845Z SKIPPED [2] tests/test_repository_workspace.py:209: Windows namespace locks
Action policy / ubuntu-latest / Python 3.10	UNKNOWN STEP	2026-09-13T17:53:56.8547623Z SKIPPED [1] tests/test_repository_workspace.py:243: NTFS case-sensitive directory feature
Action policy / ubuntu-latest / Python 3.10	UNKNOWN STEP	2026-09-13T17:53:56.8548484Z SKIPPED [1] tests/test_repository_workspace.py:333: unprivileged mount namespaces unavailable
Action policy / ubuntu-latest / Python 3.10	UNKNOWN STEP	2026-09-13T17:53:56.8549190Z 727 passed, 8 skipped in 110.61s (0:01:50)
Action policy / ubuntu-latest / Python 3.10	UNKNOWN STEP	2026-09-13T17:53:57.8429516Z ##[group]Run actions/checkout@3d3c42e5aac5ba805825da76410c181273ba90b1
Action policy / ubuntu-latest / Python 3.10	UNKNOWN STEP	2026-09-13T17:53:57.8429909Z with:
Action policy / ubuntu-latest / Python 3.10	UNKNOWN STEP	2026-09-13T17:53:57.8430138Z   repository: Waveframe-Labs/Waveframe-Ledger
Action policy / ubuntu-latest / Python 3.10	UNKNOWN STEP	2026-09-13T17:53:57.8430524Z   ref: 3cc34e7b3cb6efca5102e0e22d559ec0c0fd583f
Action policy / ubuntu-latest / Python 3.10	UNKNOWN STEP	2026-09-13T17:53:57.8444831Z   path: .candidate50/ledger
Action policy / ubuntu-latest / Python 3.10	UNKNOWN STEP	2026-09-13T17:53:57.8445145Z   persist-credentials: false
Action policy / ubuntu-latest / Python 3.10	UNKNOWN STEP	2026-09-13T17:53:57.8448166Z   token: ***
Action policy / ubuntu-latest / Python 3.10	UNKNOWN STEP	2026-09-13T17:53:57.8448378Z   ssh-strict: true
Action policy / ubuntu-latest / Python 3.10	UNKNOWN STEP	2026-09-13T17:53:57.8448584Z   ssh-user: git
Action policy / ubuntu-latest / Python 3.10	UNKNOWN STEP	2026-09-13T17:53:57.8448773Z   clean: true
Action policy / ubuntu-latest / Python 3.10	UNKNOWN STEP	2026-09-13T17:53:57.8448984Z   sparse-checkout-cone-mode: true
Action policy / ubuntu-latest / Python 3.10	UNKNOWN STEP	2026-09-13T17:53:57.8449240Z   fetch-depth: 1
Action policy / ubuntu-latest / Python 3.10	UNKNOWN STEP	2026-09-13T17:53:57.8449444Z   fetch-tags: false
Action policy / ubuntu-latest / Python 3.10	UNKNOWN STEP	2026-09-13T17:53:57.8449650Z   show-progress: true
Action policy / ubuntu-latest / Python 3.10	UNKNOWN STEP	2026-09-13T17:53:57.8449857Z   lfs: false
Action policy / ubuntu-latest / Python 3.10	UNKNOWN STEP	2026-09-13T17:53:57.8450045Z   submodules: false
Action policy / ubuntu-latest / Python 3.10	UNKNOWN STEP	2026-09-13T17:53:57.8450251Z   set-safe-directory: true
Action policy / ubuntu-latest / Python 3.10	UNKNOWN STEP	2026-09-13T17:53:57.8450495Z   allow-unsafe-pr-checkout: false
Action policy / ubuntu-latest / Python 3.10	UNKNOWN STEP	2026-09-13T17:53:57.8450787Z env:
Action policy / ubuntu-latest / Python 3.10	UNKNOWN STEP	2026-09-13T17:53:57.8450975Z   CLOUD_TEST_ACCESS: true
Action policy / ubuntu-latest / Python 3.10	UNKNOWN STEP	2026-09-13T17:53:57.8451261Z   pythonLocation: /opt/hostedtoolcache/Python/3.10.21/x64
Action policy / ubuntu-latest / Python 3.10	UNKNOWN STEP	2026-09-13T17:53:57.8451686Z   PKG_CONFIG_PATH: /opt/hostedtoolcache/Python/3.10.21/x64/lib/pkgconfig
Action policy / ubuntu-latest / Python 3.10	UNKNOWN STEP	2026-09-13T17:53:57.8452108Z   Python_ROOT_DIR: /opt/hostedtoolcache/Python/3.10.21/x64
Action policy / ubuntu-latest / Python 3.10	UNKNOWN STEP	2026-09-13T17:53:57.8452480Z   Python2_ROOT_DIR: /opt/hostedtoolcache/Python/3.10.21/x64
Action policy / ubuntu-latest / Python 3.10	UNKNOWN STEP	2026-09-13T17:53:57.8452855Z   Python3_ROOT_DIR: /opt/hostedtoolcache/Python/3.10.21/x64
Action policy / ubuntu-latest / Python 3.10	UNKNOWN STEP	2026-09-13T17:53:57.8453232Z   LD_LIBRARY_PATH: /opt/hostedtoolcache/Python/3.10.21/x64/lib
Action policy / ubuntu-latest / Python 3.10	UNKNOWN STEP	2026-09-13T17:53:57.8453549Z ##[endgroup]
Action policy / ubuntu-latest / Python 3.10	UNKNOWN STEP	2026-09-13T17:53:57.9334693Z Syncing repository: Waveframe-Labs/Waveframe-Ledger
Action policy / ubuntu-latest / Python 3.10	UNKNOWN STEP	2026-09-13T17:53:57.9352632Z ##[group]Getting Git version info
Action policy / ubuntu-latest / Python 3.10	UNKNOWN STEP	2026-09-13T17:53:57.9353639Z Working directory is '/home/runner/work/Waveframe-Guard/Waveframe-Guard/.candidate50/ledger'
Action policy / ubuntu-latest / Python 3.10	UNKNOWN STEP	2026-09-13T17:53:57.9391550Z [command]/usr/bin/git version
Action policy / ubuntu-latest / Python 3.10	UNKNOWN STEP	2026-09-13T17:53:57.9433814Z git version 2.55.0
Action policy / ubuntu-latest / Python 3.10	UNKNOWN STEP	2026-09-13T17:53:57.9454063Z ##[endgroup]
Action policy / ubuntu-latest / Python 3.10	UNKNOWN STEP	2026-09-13T17:53:57.9463610Z Temporarily overriding HOME='/home/runner/work/_temp/16d03159-fa49-4abe-a122-f1b4c847f467' before making global git config changes
Action policy / ubuntu-latest / Python 3.10	UNKNOWN STEP	2026-09-13T17:53:57.9465085Z Adding repository directory to the temporary git global config as a safe directory
Action policy / ubuntu-latest / Python 3.10	UNKNOWN STEP	2026-09-13T17:53:57.9468222Z [command]/usr/bin/git config --global --add safe.directory /home/runner/work/Waveframe-Guard/Waveframe-Guard/.candidate50/ledger
Action policy / ubuntu-latest / Python 3.10	UNKNOWN STEP	2026-09-13T17:53:57.9499975Z ##[group]Determining repository object format
Action policy / ubuntu-latest / Python 3.10	UNKNOWN STEP	2026-09-13T17:53:57.9501470Z ##[endgroup]
Action policy / ubuntu-latest / Python 3.10	UNKNOWN STEP	2026-09-13T17:53:57.9502156Z ##[group]Initializing the repository
Action policy / ubuntu-latest / Python 3.10	UNKNOWN STEP	2026-09-13T17:53:57.9506137Z [command]/usr/bin/git init /home/runner/work/Waveframe-Guard/Waveframe-Guard/.candidate50/ledger
Action policy / ubuntu-latest / Python 3.10	UNKNOWN STEP	2026-09-13T17:53:57.9566641Z hint: Using 'master' as the name for the initial branch. This default branch name
Action policy / ubuntu-latest / Python 3.10	UNKNOWN STEP	2026-09-13T17:53:57.9576199Z hint: will change to "main" in Git 3.0. To configure the initial branch name
Action policy / ubuntu-latest / Python 3.10	UNKNOWN STEP	2026-09-13T17:53:57.9577482Z hint: to use in all of your new repositories, which will suppress this warning,
Action policy / ubuntu-latest / Python 3.10	UNKNOWN STEP	2026-09-13T17:53:57.9578285Z hint: call:
Action policy / ubuntu-latest / Python 3.10	UNKNOWN STEP	2026-09-13T17:53:57.9578712Z hint:
Action policy / ubuntu-latest / Python 3.10	UNKNOWN STEP	2026-09-13T17:53:57.9579244Z hint: 	git config --global init.defaultBranch <name>
Action policy / ubuntu-latest / Python 3.10	UNKNOWN STEP	2026-09-13T17:53:57.9580029Z hint:
Action policy / ubuntu-latest / Python 3.10	UNKNOWN STEP	2026-09-13T17:53:57.9580844Z hint: Names commonly chosen instead of 'master' are 'main', 'trunk' and
Action policy / ubuntu-latest / Python 3.10	UNKNOWN STEP	2026-09-13T17:53:57.9581826Z hint: 'development'. The just-created branch can be renamed via this command:
Action policy / ubuntu-latest / Python 3.10	UNKNOWN STEP	2026-09-13T17:53:57.9582604Z hint:
Action policy / ubuntu-latest / Python 3.10	UNKNOWN STEP	2026-09-13T17:53:57.9583045Z hint: 	git branch -m <name>
Action policy / ubuntu-latest / Python 3.10	UNKNOWN STEP	2026-09-13T17:53:57.9583551Z hint:
Action policy / ubuntu-latest / Python 3.10	UNKNOWN STEP	2026-09-13T17:53:57.9584209Z hint: Disable this message with "git config set advice.defaultBranchName false"
Action policy / ubuntu-latest / Python 3.10	UNKNOWN STEP	2026-09-13T17:53:57.9585525Z Initialized empty Git repository in /home/runner/work/Waveframe-Guard/Waveframe-Guard/.candidate50/ledger/.git/
Action policy / ubuntu-latest / Python 3.10	UNKNOWN STEP	2026-09-13T17:53:57.9588074Z [command]/usr/bin/git remote add origin https://github.com/Waveframe-Labs/Waveframe-Ledger
Action policy / ubuntu-latest / Python 3.10	UNKNOWN STEP	2026-09-13T17:53:57.9597067Z ##[endgroup]
Action policy / ubuntu-latest / Python 3.10	UNKNOWN STEP	2026-09-13T17:53:57.9597857Z ##[group]Disabling automatic garbage collection
Action policy / ubuntu-latest / Python 3.10	UNKNOWN STEP	2026-09-13T17:53:57.9599572Z [command]/usr/bin/git config --local gc.auto 0
Action policy / ubuntu-latest / Python 3.10	UNKNOWN STEP	2026-09-13T17:53:57.9630635Z ##[endgroup]
Action policy / ubuntu-latest / Python 3.10	UNKNOWN STEP	2026-09-13T17:53:57.9631382Z ##[group]Setting up auth
Action policy / ubuntu-latest / Python 3.10	UNKNOWN STEP	2026-09-13T17:53:57.9631944Z Removing SSH command configuration
Action policy / ubuntu-latest / Python 3.10	UNKNOWN STEP	2026-09-13T17:53:57.9635348Z [command]/usr/bin/git config --local --name-only --get-regexp core\.sshCommand
Action policy / ubuntu-latest / Python 3.10	UNKNOWN STEP	2026-09-13T17:53:57.9667518Z [command]/usr/bin/git submodule foreach --recursive sh -c "git config --local --name-only --get-regexp 'core\.sshCommand' && git config --local --unset-all 'core.sshCommand' || :"
Action policy / ubuntu-latest / Python 3.10	UNKNOWN STEP	2026-09-13T17:53:57.9904460Z Removing HTTP extra header
Action policy / ubuntu-latest / Python 3.10	UNKNOWN STEP	2026-09-13T17:53:57.9910065Z [command]/usr/bin/git config --local --name-only --get-regexp http\.https\:\/\/github\.com\/\.extraheader
Action policy / ubuntu-latest / Python 3.10	UNKNOWN STEP	2026-09-13T17:53:57.9943948Z [command]/usr/bin/git submodule foreach --recursive sh -c "git config --local --name-only --get-regexp 'http\.https\:\/\/github\.com\/\.extraheader' && git config --local --unset-all 'http.https://github.com/.extraheader' || :"
Action policy / ubuntu-latest / Python 3.10	UNKNOWN STEP	2026-09-13T17:53:58.0194915Z Removing includeIf entries pointing to credentials config files
Action policy / ubuntu-latest / Python 3.10	UNKNOWN STEP	2026-09-13T17:53:58.0201275Z [command]/usr/bin/git config --local --name-only --get-regexp ^includeIf\.gitdir:
Action policy / ubuntu-latest / Python 3.10	UNKNOWN STEP	2026-09-13T17:53:58.0250303Z [command]/usr/bin/git submodule foreach --recursive git config --local --show-origin --name-only --get-regexp remote.origin.url
Action policy / ubuntu-latest / Python 3.10	UNKNOWN STEP	2026-09-13T17:53:58.0517176Z [command]/usr/bin/git config --file /home/runner/work/_temp/git-credentials-34a3b89f-7030-45e9-bd70-482c0defa70a.config http.https://github.com/.extraheader AUTHORIZATION: basic ***
Action policy / ubuntu-latest / Python 3.10	UNKNOWN STEP	2026-09-13T17:53:58.0560129Z [command]/usr/bin/git config --local includeIf.gitdir:/home/runner/work/Waveframe-Guard/Waveframe-Guard/.candidate50/ledger/.git.path /home/runner/work/_temp/git-credentials-34a3b89f-7030-45e9-bd70-482c0defa70a.config
Action policy / ubuntu-latest / Python 3.10	UNKNOWN STEP	2026-09-13T17:53:58.0600578Z [command]/usr/bin/git config --local includeIf.gitdir:/home/runner/work/Waveframe-Guard/Waveframe-Guard/.candidate50/ledger/.git/worktrees/*.path /home/runner/work/_temp/git-credentials-34a3b89f-7030-45e9-bd70-482c0defa70a.config
Action policy / ubuntu-latest / Python 3.10	UNKNOWN STEP	2026-09-13T17:53:58.0641436Z [command]/usr/bin/git config --local includeIf.gitdir:/github/workspace/.candidate50/ledger/.git.path /github/runner_temp/git-credentials-34a3b89f-7030-45e9-bd70-482c0defa70a.config
Action policy / ubuntu-latest / Python 3.10	UNKNOWN STEP	2026-09-13T17:53:58.0687980Z [command]/usr/bin/git config --local includeIf.gitdir:/github/workspace/.candidate50/ledger/.git/worktrees/*.path /github/runner_temp/git-credentials-34a3b89f-7030-45e9-bd70-482c0defa70a.config
Action policy / ubuntu-latest / Python 3.10	UNKNOWN STEP	2026-09-13T17:53:58.0723001Z ##[endgroup]
Action policy / ubuntu-latest / Python 3.10	UNKNOWN STEP	2026-09-13T17:53:58.0723387Z ##[group]Fetching the repository
Action policy / ubuntu-latest / Python 3.10	UNKNOWN STEP	2026-09-13T17:53:58.0733561Z [command]/usr/bin/git -c protocol.version=2 fetch --no-tags --prune --no-recurse-submodules --depth=1 origin 3cc34e7b3cb6efca5102e0e22d559ec0c0fd583f
Action policy / ubuntu-latest / Python 3.10	UNKNOWN STEP	2026-09-13T17:53:58.7595981Z From https://github.com/Waveframe-Labs/Waveframe-Ledger
Action policy / ubuntu-latest / Python 3.10	UNKNOWN STEP	2026-09-13T17:53:58.7596847Z  * branch            3cc34e7b3cb6efca5102e0e22d559ec0c0fd583f -> FETCH_HEAD
Action policy / ubuntu-latest / Python 3.10	UNKNOWN STEP	2026-09-13T17:53:58.7608265Z [command]/usr/bin/git rev-parse --verify --quiet 3cc34e7b3cb6efca5102e0e22d559ec0c0fd583f^{object}
Action policy / ubuntu-latest / Python 3.10	UNKNOWN STEP	2026-09-13T17:53:58.7644157Z 3cc34e7b3cb6efca5102e0e22d559ec0c0fd583f
Action policy / ubuntu-latest / Python 3.10	UNKNOWN STEP	2026-09-13T17:53:58.7651284Z ##[endgroup]
Action policy / ubuntu-latest / Python 3.10	UNKNOWN STEP	2026-09-13T17:53:58.7652150Z ##[group]Determining the checkout info
Action policy / ubuntu-latest / Python 3.10	UNKNOWN STEP	2026-09-13T17:53:58.7653041Z ##[endgroup]
Action policy / ubuntu-latest / Python 3.10	UNKNOWN STEP	2026-09-13T17:53:58.7658311Z [command]/usr/bin/git sparse-checkout disable
Action policy / ubuntu-latest / Python 3.10	UNKNOWN STEP	2026-09-13T17:53:58.7703952Z [command]/usr/bin/git config --local --unset-all extensions.worktreeConfig
Action policy / ubuntu-latest / Python 3.10	UNKNOWN STEP	2026-09-13T17:53:58.7740738Z ##[group]Checking out the ref
Action policy / ubuntu-latest / Python 3.10	UNKNOWN STEP	2026-09-13T17:53:58.7745564Z [command]/usr/bin/git checkout --progress --force 3cc34e7b3cb6efca5102e0e22d559ec0c0fd583f
Action policy / ubuntu-latest / Python 3.10	UNKNOWN STEP	2026-09-13T17:53:58.8071032Z Note: switching to '3cc34e7b3cb6efca5102e0e22d559ec0c0fd583f'.
Action policy / ubuntu-latest / Python 3.10	UNKNOWN STEP	2026-09-13T17:53:58.8071562Z 
Action policy / ubuntu-latest / Python 3.10	UNKNOWN STEP	2026-09-13T17:53:58.8071921Z You are in 'detached HEAD' state. You can look around, make experimental
Action policy / ubuntu-latest / Python 3.10	UNKNOWN STEP	2026-09-13T17:53:58.8073026Z changes and commit them, and you can discard any commits you make in this
Action policy / ubuntu-latest / Python 3.10	UNKNOWN STEP	2026-09-13T17:53:58.8073869Z state without impacting any branches by switching back to a branch.
Action policy / ubuntu-latest / Python 3.10	UNKNOWN STEP	2026-09-13T17:53:58.8074353Z 
Action policy / ubuntu-latest / Python 3.10	UNKNOWN STEP	2026-09-13T17:53:58.8074669Z If you want to create a new branch to retain commits you create, you may
Action policy / ubuntu-latest / Python 3.10	UNKNOWN STEP	2026-09-13T17:53:58.8075437Z do so (now or later) by using -c with the switch command. Example:
Action policy / ubuntu-latest / Python 3.10	UNKNOWN STEP	2026-09-13T17:53:58.8076113Z 
Action policy / ubuntu-latest / Python 3.10	UNKNOWN STEP	2026-09-13T17:53:58.8076303Z   git switch -c <new-branch-name>
Action policy / ubuntu-latest / Python 3.10	UNKNOWN STEP	2026-09-13T17:53:58.8076526Z 
Action policy / ubuntu-latest / Python 3.10	UNKNOWN STEP	2026-09-13T17:53:58.8076632Z Or undo this operation with:
Action policy / ubuntu-latest / Python 3.10	UNKNOWN STEP	2026-09-13T17:53:58.8076785Z 
Action policy / ubuntu-latest / Python 3.10	UNKNOWN STEP	2026-09-13T17:53:58.8076879Z   git switch -
Action policy / ubuntu-latest / Python 3.10	UNKNOWN STEP	2026-09-13T17:53:58.8076995Z 
Action policy / ubuntu-latest / Python 3.10	UNKNOWN STEP	2026-09-13T17:53:58.8077213Z Turn off this advice by setting config variable advice.detachedHead to false
Action policy / ubuntu-latest / Python 3.10	UNKNOWN STEP	2026-09-13T17:53:58.8077532Z 
Action policy / ubuntu-latest / Python 3.10	UNKNOWN STEP	2026-09-13T17:53:58.8077803Z HEAD is now at 3cc34e7 release: prepare Ledger 0.9.0 and separate pending Guard 0.19 acceptance
Action policy / ubuntu-latest / Python 3.10	UNKNOWN STEP	2026-09-13T17:53:58.8079746Z ##[endgroup]
Action policy / ubuntu-latest / Python 3.10	UNKNOWN STEP	2026-09-13T17:53:58.8134628Z [command]/usr/bin/git log -1 --format=%H
Action policy / ubuntu-latest / Python 3.10	UNKNOWN STEP	2026-09-13T17:53:58.8170616Z 3cc34e7b3cb6efca5102e0e22d559ec0c0fd583f
Action policy / ubuntu-latest / Python 3.10	UNKNOWN STEP	2026-09-13T17:53:58.8187138Z ##[group]Removing auth
Action policy / ubuntu-latest / Python 3.10	UNKNOWN STEP	2026-09-13T17:53:58.8188439Z Removing SSH command configuration
Action policy / ubuntu-latest / Python 3.10	UNKNOWN STEP	2026-09-13T17:53:58.8190119Z [command]/usr/bin/git config --local --name-only --get-regexp core\.sshCommand
Action policy / ubuntu-latest / Python 3.10	UNKNOWN STEP	2026-09-13T17:53:58.8229617Z [command]/usr/bin/git submodule foreach --recursive sh -c "git config --local --name-only --get-regexp 'core\.sshCommand' && git config --local --unset-all 'core.sshCommand' || :"
Action policy / ubuntu-latest / Python 3.10	UNKNOWN STEP	2026-09-13T17:53:58.8513406Z Removing HTTP extra header
Action policy / ubuntu-latest / Python 3.10	UNKNOWN STEP	2026-09-13T17:53:58.8519933Z [command]/usr/bin/git config --local --name-only --get-regexp http\.https\:\/\/github\.com\/\.extraheader
Action policy / ubuntu-latest / Python 3.10	UNKNOWN STEP	2026-09-13T17:53:58.8572694Z [command]/usr/bin/git submodule foreach --recursive sh -c "git config --local --name-only --get-regexp 'http\.https\:\/\/github\.com\/\.extraheader' && git config --local --unset-all 'http.https://github.com/.extraheader' || :"
Action policy / ubuntu-latest / Python 3.10	UNKNOWN STEP	2026-09-13T17:53:58.8820108Z Removing includeIf entries pointing to credentials config files
Action policy / ubuntu-latest / Python 3.10	UNKNOWN STEP	2026-09-13T17:53:58.8824671Z [command]/usr/bin/git config --local --name-only --get-regexp ^includeIf\.gitdir:
Action policy / ubuntu-latest / Python 3.10	UNKNOWN STEP	2026-09-13T17:53:58.8855321Z includeif.gitdir:/home/runner/work/Waveframe-Guard/Waveframe-Guard/.candidate50/ledger/.git.path
Action policy / ubuntu-latest / Python 3.10	UNKNOWN STEP	2026-09-13T17:53:58.8856905Z includeif.gitdir:/home/runner/work/Waveframe-Guard/Waveframe-Guard/.candidate50/ledger/.git/worktrees/*.path
Action policy / ubuntu-latest / Python 3.10	UNKNOWN STEP	2026-09-13T17:53:58.8857776Z includeif.gitdir:/github/workspace/.candidate50/ledger/.git.path
Action policy / ubuntu-latest / Python 3.10	UNKNOWN STEP	2026-09-13T17:53:58.8858461Z includeif.gitdir:/github/workspace/.candidate50/ledger/.git/worktrees/*.path
Action policy / ubuntu-latest / Python 3.10	UNKNOWN STEP	2026-09-13T17:53:58.8873710Z [command]/usr/bin/git config --local --get-all includeif.gitdir:/home/runner/work/Waveframe-Guard/Waveframe-Guard/.candidate50/ledger/.git.path
Action policy / ubuntu-latest / Python 3.10	UNKNOWN STEP	2026-09-13T17:53:58.8913764Z /home/runner/work/_temp/git-credentials-34a3b89f-7030-45e9-bd70-482c0defa70a.config
Action policy / ubuntu-latest / Python 3.10	UNKNOWN STEP	2026-09-13T17:53:58.8923529Z [command]/usr/bin/git config --local --unset includeif.gitdir:/home/runner/work/Waveframe-Guard/Waveframe-Guard/.candidate50/ledger/.git.path \/home\/runner\/work\/_temp\/git\-credentials\-34a3b89f\-7030\-45e9\-bd70\-482c0defa70a\.config
Action policy / ubuntu-latest / Python 3.10	UNKNOWN STEP	2026-09-13T17:53:58.8959014Z [command]/usr/bin/git config --local --get-all includeif.gitdir:/home/runner/work/Waveframe-Guard/Waveframe-Guard/.candidate50/ledger/.git/worktrees/*.path
Action policy / ubuntu-latest / Python 3.10	UNKNOWN STEP	2026-09-13T17:53:58.8987281Z /home/runner/work/_temp/git-credentials-34a3b89f-7030-45e9-bd70-482c0defa70a.config
Action policy / ubuntu-latest / Python 3.10	UNKNOWN STEP	2026-09-13T17:53:58.8997058Z [command]/usr/bin/git config --local --unset includeif.gitdir:/home/runner/work/Waveframe-Guard/Waveframe-Guard/.candidate50/ledger/.git/worktrees/*.path \/home\/runner\/work\/_temp\/git\-credentials\-34a3b89f\-7030\-45e9\-bd70\-482c0defa70a\.config
Action policy / ubuntu-latest / Python 3.10	UNKNOWN STEP	2026-09-13T17:53:58.9034465Z [command]/usr/bin/git config --local --get-all includeif.gitdir:/github/workspace/.candidate50/ledger/.git.path
Action policy / ubuntu-latest / Python 3.10	UNKNOWN STEP	2026-09-13T17:53:58.9060704Z /github/runner_temp/git-credentials-34a3b89f-7030-45e9-bd70-482c0defa70a.config
Action policy / ubuntu-latest / Python 3.10	UNKNOWN STEP	2026-09-13T17:53:58.9069934Z [command]/usr/bin/git config --local --unset includeif.gitdir:/github/workspace/.candidate50/ledger/.git.path \/github\/runner_temp\/git\-credentials\-34a3b89f\-7030\-45e9\-bd70\-482c0defa70a\.config
Action policy / ubuntu-latest / Python 3.10	UNKNOWN STEP	2026-09-13T17:53:58.9160753Z [command]/usr/bin/git config --local --get-all includeif.gitdir:/github/workspace/.candidate50/ledger/.git/worktrees/*.path
Action policy / ubuntu-latest / Python 3.10	UNKNOWN STEP	2026-09-13T17:53:58.9188625Z /github/runner_temp/git-credentials-34a3b89f-7030-45e9-bd70-482c0defa70a.config
Action policy / ubuntu-latest / Python 3.10	UNKNOWN STEP	2026-09-13T17:53:58.9196729Z [command]/usr/bin/git config --local --unset includeif.gitdir:/github/workspace/.candidate50/ledger/.git/worktrees/*.path \/github\/runner_temp\/git\-credentials\-34a3b89f\-7030\-45e9\-bd70\-482c0defa70a\.config
Action policy / ubuntu-latest / Python 3.10	UNKNOWN STEP	2026-09-13T17:53:58.9231918Z [command]/usr/bin/git submodule foreach --recursive git config --local --show-origin --name-only --get-regexp remote.origin.url
Action policy / ubuntu-latest / Python 3.10	UNKNOWN STEP	2026-09-13T17:53:58.9457055Z Removing credentials config '/home/runner/work/_temp/git-credentials-34a3b89f-7030-45e9-bd70-482c0defa70a.config'
Action policy / ubuntu-latest / Python 3.10	UNKNOWN STEP	2026-09-13T17:53:58.9466571Z ##[endgroup]
Action policy / ubuntu-latest / Python 3.10	UNKNOWN STEP	2026-09-13T17:53:58.9624392Z ##[group]Run actions/checkout@3d3c42e5aac5ba805825da76410c181273ba90b1
Action policy / ubuntu-latest / Python 3.10	UNKNOWN STEP	2026-09-13T17:53:58.9624794Z with:
Action policy / ubuntu-latest / Python 3.10	UNKNOWN STEP	2026-09-13T17:53:58.9625023Z   repository: Waveframe-Labs/Waveframe-Cloud
Action policy / ubuntu-latest / Python 3.10	UNKNOWN STEP	2026-09-13T17:53:58.9625338Z   ref: 547291b525e2f1d05d92ed65b6058c4ca91588a8
Action policy / ubuntu-latest / Python 3.10	UNKNOWN STEP	2026-09-13T17:53:58.9626274Z   token: ***
Action policy / ubuntu-latest / Python 3.10	UNKNOWN STEP	2026-09-13T17:53:58.9626494Z   path: .cloud-test-source
Action policy / ubuntu-latest / Python 3.10	UNKNOWN STEP	2026-09-13T17:53:58.9626746Z   persist-credentials: false
Action policy / ubuntu-latest / Python 3.10	UNKNOWN STEP	2026-09-13T17:53:58.9626993Z   ssh-strict: true
Action policy / ubuntu-latest / Python 3.10	UNKNOWN STEP	2026-09-13T17:53:58.9627195Z   ssh-user: git
Action policy / ubuntu-latest / Python 3.10	UNKNOWN STEP	2026-09-13T17:53:58.9627387Z   clean: true
Action policy / ubuntu-latest / Python 3.10	UNKNOWN STEP	2026-09-13T17:53:58.9627597Z   sparse-checkout-cone-mode: true
Action policy / ubuntu-latest / Python 3.10	UNKNOWN STEP	2026-09-13T17:53:58.9627849Z   fetch-depth: 1
Action policy / ubuntu-latest / Python 3.10	UNKNOWN STEP	2026-09-13T17:53:58.9628054Z   fetch-tags: false
Action policy / ubuntu-latest / Python 3.10	UNKNOWN STEP	2026-09-13T17:53:58.9628263Z   show-progress: true
Action policy / ubuntu-latest / Python 3.10	UNKNOWN STEP	2026-09-13T17:53:58.9628471Z   lfs: false
Action policy / ubuntu-latest / Python 3.10	UNKNOWN STEP	2026-09-13T17:53:58.9628657Z   submodules: false
Action policy / ubuntu-latest / Python 3.10	UNKNOWN STEP	2026-09-13T17:53:58.9628867Z   set-safe-directory: true
Action policy / ubuntu-latest / Python 3.10	UNKNOWN STEP	2026-09-13T17:53:58.9629113Z   allow-unsafe-pr-checkout: false
Action policy / ubuntu-latest / Python 3.10	UNKNOWN STEP	2026-09-13T17:53:58.9629391Z env:
Action policy / ubuntu-latest / Python 3.10	UNKNOWN STEP	2026-09-13T17:53:58.9629580Z   CLOUD_TEST_ACCESS: true
Action policy / ubuntu-latest / Python 3.10	UNKNOWN STEP	2026-09-13T17:53:58.9630048Z   pythonLocation: /opt/hostedtoolcache/Python/3.10.21/x64
Action policy / ubuntu-latest / Python 3.10	UNKNOWN STEP	2026-09-13T17:53:58.9630475Z   PKG_CONFIG_PATH: /opt/hostedtoolcache/Python/3.10.21/x64/lib/pkgconfig
Action policy / ubuntu-latest / Python 3.10	UNKNOWN STEP	2026-09-13T17:53:58.9630899Z   Python_ROOT_DIR: /opt/hostedtoolcache/Python/3.10.21/x64
Action policy / ubuntu-latest / Python 3.10	UNKNOWN STEP	2026-09-13T17:53:58.9631276Z   Python2_ROOT_DIR: /opt/hostedtoolcache/Python/3.10.21/x64
Action policy / ubuntu-latest / Python 3.10	UNKNOWN STEP	2026-09-13T17:53:58.9631658Z   Python3_ROOT_DIR: /opt/hostedtoolcache/Python/3.10.21/x64
Action policy / ubuntu-latest / Python 3.10	UNKNOWN STEP	2026-09-13T17:53:58.9632040Z   LD_LIBRARY_PATH: /opt/hostedtoolcache/Python/3.10.21/x64/lib
Action policy / ubuntu-latest / Python 3.10	UNKNOWN STEP	2026-09-13T17:53:58.9633177Z ##[endgroup]
Action policy / ubuntu-latest / Python 3.10	UNKNOWN STEP	2026-09-13T17:53:59.0447644Z Syncing repository: Waveframe-Labs/Waveframe-Cloud
Action policy / ubuntu-latest / Python 3.10	UNKNOWN STEP	2026-09-13T17:53:59.0454640Z ##[group]Getting Git version info
Action policy / ubuntu-latest / Python 3.10	UNKNOWN STEP	2026-09-13T17:53:59.0455797Z Working directory is '/home/runner/work/Waveframe-Guard/Waveframe-Guard/.cloud-test-source'
Action policy / ubuntu-latest / Python 3.10	UNKNOWN STEP	2026-09-13T17:53:59.0498391Z [command]/usr/bin/git version
Action policy / ubuntu-latest / Python 3.10	UNKNOWN STEP	2026-09-13T17:53:59.0544465Z git version 2.55.0
Action policy / ubuntu-latest / Python 3.10	UNKNOWN STEP	2026-09-13T17:53:59.0568471Z ##[endgroup]
Action policy / ubuntu-latest / Python 3.10	UNKNOWN STEP	2026-09-13T17:53:59.0578801Z Temporarily overriding HOME='/home/runner/work/_temp/aa3c9a7d-d961-440e-859d-1e6e75b810e3' before making global git config changes
Action policy / ubuntu-latest / Python 3.10	UNKNOWN STEP	2026-09-13T17:53:59.0579930Z Adding repository directory to the temporary git global config as a safe directory
Action policy / ubuntu-latest / Python 3.10	UNKNOWN STEP	2026-09-13T17:53:59.0584907Z [command]/usr/bin/git config --global --add safe.directory /home/runner/work/Waveframe-Guard/Waveframe-Guard/.cloud-test-source
Action policy / ubuntu-latest / Python 3.10	UNKNOWN STEP	2026-09-13T17:53:59.0617271Z ##[group]Determining repository object format
Action policy / ubuntu-latest / Python 3.10	UNKNOWN STEP	2026-09-13T17:53:59.0619026Z ##[endgroup]
Action policy / ubuntu-latest / Python 3.10	UNKNOWN STEP	2026-09-13T17:53:59.0619401Z ##[group]Initializing the repository
Action policy / ubuntu-latest / Python 3.10	UNKNOWN STEP	2026-09-13T17:53:59.0624372Z [command]/usr/bin/git init /home/runner/work/Waveframe-Guard/Waveframe-Guard/.cloud-test-source
Action policy / ubuntu-latest / Python 3.10	UNKNOWN STEP	2026-09-13T17:53:59.0666608Z hint: Using 'master' as the name for the initial branch. This default branch name
Action policy / ubuntu-latest / Python 3.10	UNKNOWN STEP	2026-09-13T17:53:59.0670292Z hint: will change to "main" in Git 3.0. To configure the initial branch name
Action policy / ubuntu-latest / Python 3.10	UNKNOWN STEP	2026-09-13T17:53:59.0671444Z hint: to use in all of your new repositories, which will suppress this warning,
Action policy / ubuntu-latest / Python 3.10	UNKNOWN STEP	2026-09-13T17:53:59.0672326Z hint: call:
Action policy / ubuntu-latest / Python 3.10	UNKNOWN STEP	2026-09-13T17:53:59.0672903Z hint:
Action policy / ubuntu-latest / Python 3.10	UNKNOWN STEP	2026-09-13T17:53:59.0673379Z hint: 	git config --global init.defaultBranch <name>
Action policy / ubuntu-latest / Python 3.10	UNKNOWN STEP	2026-09-13T17:53:59.0673912Z hint:
Action policy / ubuntu-latest / Python 3.10	UNKNOWN STEP	2026-09-13T17:53:59.0674417Z hint: Names commonly chosen instead of 'master' are 'main', 'trunk' and
Action policy / ubuntu-latest / Python 3.10	UNKNOWN STEP	2026-09-13T17:53:59.0675271Z hint: 'development'. The just-created branch can be renamed via this command:
Action policy / ubuntu-latest / Python 3.10	UNKNOWN STEP	2026-09-13T17:53:59.0676181Z hint:
Action policy / ubuntu-latest / Python 3.10	UNKNOWN STEP	2026-09-13T17:53:59.0676511Z hint: 	git branch -m <name>
Action policy / ubuntu-latest / Python 3.10	UNKNOWN STEP	2026-09-13T17:53:59.0676904Z hint:
Action policy / ubuntu-latest / Python 3.10	UNKNOWN STEP	2026-09-13T17:53:59.0677431Z hint: Disable this message with "git config set advice.defaultBranchName false"
Action policy / ubuntu-latest / Python 3.10	UNKNOWN STEP	2026-09-13T17:53:59.0678163Z Initialized empty Git repository in /home/runner/work/Waveframe-Guard/Waveframe-Guard/.cloud-test-source/.git/
Action policy / ubuntu-latest / Python 3.10	UNKNOWN STEP	2026-09-13T17:53:59.0682525Z [command]/usr/bin/git remote add origin https://github.com/Waveframe-Labs/Waveframe-Cloud
Action policy / ubuntu-latest / Python 3.10	UNKNOWN STEP	2026-09-13T17:53:59.0719071Z ##[endgroup]
Action policy / ubuntu-latest / Python 3.10	UNKNOWN STEP	2026-09-13T17:53:59.0719772Z ##[group]Disabling automatic garbage collection
Action policy / ubuntu-latest / Python 3.10	UNKNOWN STEP	2026-09-13T17:53:59.0724229Z [command]/usr/bin/git config --local gc.auto 0
Action policy / ubuntu-latest / Python 3.10	UNKNOWN STEP	2026-09-13T17:53:59.0756942Z ##[endgroup]
Action policy / ubuntu-latest / Python 3.10	UNKNOWN STEP	2026-09-13T17:53:59.0757596Z ##[group]Setting up auth
Action policy / ubuntu-latest / Python 3.10	UNKNOWN STEP	2026-09-13T17:53:59.0758056Z Removing SSH command configuration
Action policy / ubuntu-latest / Python 3.10	UNKNOWN STEP	2026-09-13T17:53:59.0763476Z [command]/usr/bin/git config --local --name-only --get-regexp core\.sshCommand
Action policy / ubuntu-latest / Python 3.10	UNKNOWN STEP	2026-09-13T17:53:59.0799243Z [command]/usr/bin/git submodule foreach --recursive sh -c "git config --local --name-only --get-regexp 'core\.sshCommand' && git config --local --unset-all 'core.sshCommand' || :"
Action policy / ubuntu-latest / Python 3.10	UNKNOWN STEP	2026-09-13T17:53:59.1057764Z Removing HTTP extra header
Action policy / ubuntu-latest / Python 3.10	UNKNOWN STEP	2026-09-13T17:53:59.1064758Z [command]/usr/bin/git config --local --name-only --get-regexp http\.https\:\/\/github\.com\/\.extraheader
Action policy / ubuntu-latest / Python 3.10	UNKNOWN STEP	2026-09-13T17:53:59.1108896Z [command]/usr/bin/git submodule foreach --recursive sh -c "git config --local --name-only --get-regexp 'http\.https\:\/\/github\.com\/\.extraheader' && git config --local --unset-all 'http.https://github.com/.extraheader' || :"
Action policy / ubuntu-latest / Python 3.10	UNKNOWN STEP	2026-09-13T17:53:59.1360582Z Removing includeIf entries pointing to credentials config files
Action policy / ubuntu-latest / Python 3.10	UNKNOWN STEP	2026-09-13T17:53:59.1368688Z [command]/usr/bin/git config --local --name-only --get-regexp ^includeIf\.gitdir:
Action policy / ubuntu-latest / Python 3.10	UNKNOWN STEP	2026-09-13T17:53:59.1412102Z [command]/usr/bin/git submodule foreach --recursive git config --local --show-origin --name-only --get-regexp remote.origin.url
Action policy / ubuntu-latest / Python 3.10	UNKNOWN STEP	2026-09-13T17:53:59.1674274Z [command]/usr/bin/git config --file /home/runner/work/_temp/git-credentials-bf619d60-b066-48ae-8412-19e4f6e9b7ac.config http.https://github.com/.extraheader AUTHORIZATION: basic ***
Action policy / ubuntu-latest / Python 3.10	UNKNOWN STEP	2026-09-13T17:53:59.1720780Z [command]/usr/bin/git config --local includeIf.gitdir:/home/runner/work/Waveframe-Guard/Waveframe-Guard/.cloud-test-source/.git.path /home/runner/work/_temp/git-credentials-bf619d60-b066-48ae-8412-19e4f6e9b7ac.config
Action policy / ubuntu-latest / Python 3.10	UNKNOWN STEP	2026-09-13T17:53:59.1758885Z [command]/usr/bin/git config --local includeIf.gitdir:/home/runner/work/Waveframe-Guard/Waveframe-Guard/.cloud-test-source/.git/worktrees/*.path /home/runner/work/_temp/git-credentials-bf619d60-b066-48ae-8412-19e4f6e9b7ac.config
Action policy / ubuntu-latest / Python 3.10	UNKNOWN STEP	2026-09-13T17:53:59.1797600Z [command]/usr/bin/git config --local includeIf.gitdir:/github/workspace/.cloud-test-source/.git.path /github/runner_temp/git-credentials-bf619d60-b066-48ae-8412-19e4f6e9b7ac.config
Action policy / ubuntu-latest / Python 3.10	UNKNOWN STEP	2026-09-13T17:53:59.1837159Z [command]/usr/bin/git config --local includeIf.gitdir:/github/workspace/.cloud-test-source/.git/worktrees/*.path /github/runner_temp/git-credentials-bf619d60-b066-48ae-8412-19e4f6e9b7ac.config
Action policy / ubuntu-latest / Python 3.10	UNKNOWN STEP	2026-09-13T17:53:59.1869966Z ##[endgroup]
Action policy / ubuntu-latest / Python 3.10	UNKNOWN STEP	2026-09-13T17:53:59.1870595Z ##[group]Fetching the repository
Action policy / ubuntu-latest / Python 3.10	UNKNOWN STEP	2026-09-13T17:53:59.1878551Z [command]/usr/bin/git -c protocol.version=2 fetch --no-tags --prune --no-recurse-submodules --depth=1 origin 547291b525e2f1d05d92ed65b6058c4ca91588a8
Action policy / ubuntu-latest / Python 3.10	UNKNOWN STEP	2026-09-13T17:54:00.6578567Z From https://github.com/Waveframe-Labs/Waveframe-Cloud
Action policy / ubuntu-latest / Python 3.10	UNKNOWN STEP	2026-09-13T17:54:00.6579253Z  * branch            547291b525e2f1d05d92ed65b6058c4ca91588a8 -> FETCH_HEAD
Action policy / ubuntu-latest / Python 3.10	UNKNOWN STEP	2026-09-13T17:54:00.6589704Z [command]/usr/bin/git rev-parse --verify --quiet 547291b525e2f1d05d92ed65b6058c4ca91588a8^{object}
Action policy / ubuntu-latest / Python 3.10	UNKNOWN STEP	2026-09-13T17:54:00.6620781Z 547291b525e2f1d05d92ed65b6058c4ca91588a8
Action policy / ubuntu-latest / Python 3.10	UNKNOWN STEP	2026-09-13T17:54:00.6626197Z ##[endgroup]
Action policy / ubuntu-latest / Python 3.10	UNKNOWN STEP	2026-09-13T17:54:00.6626897Z ##[group]Determining the checkout info
Action policy / ubuntu-latest / Python 3.10	UNKNOWN STEP	2026-09-13T17:54:00.6627739Z ##[endgroup]
Action policy / ubuntu-latest / Python 3.10	UNKNOWN STEP	2026-09-13T17:54:00.6632877Z [command]/usr/bin/git sparse-checkout disable
Action policy / ubuntu-latest / Python 3.10	UNKNOWN STEP	2026-09-13T17:54:00.6678277Z [command]/usr/bin/git config --local --unset-all extensions.worktreeConfig
Action policy / ubuntu-latest / Python 3.10	UNKNOWN STEP	2026-09-13T17:54:00.6710687Z ##[group]Checking out the ref
Action policy / ubuntu-latest / Python 3.10	UNKNOWN STEP	2026-09-13T17:54:00.6714784Z [command]/usr/bin/git checkout --progress --force 547291b525e2f1d05d92ed65b6058c4ca91588a8
Action policy / ubuntu-latest / Python 3.10	UNKNOWN STEP	2026-09-13T17:54:00.7424555Z Note: switching to '547291b525e2f1d05d92ed65b6058c4ca91588a8'.
Action policy / ubuntu-latest / Python 3.10	UNKNOWN STEP	2026-09-13T17:54:00.7425197Z 
Action policy / ubuntu-latest / Python 3.10	UNKNOWN STEP	2026-09-13T17:54:00.7426013Z You are in 'detached HEAD' state. You can look around, make experimental
Action policy / ubuntu-latest / Python 3.10	UNKNOWN STEP	2026-09-13T17:54:00.7426828Z changes and commit them, and you can discard any commits you make in this
Action policy / ubuntu-latest / Python 3.10	UNKNOWN STEP	2026-09-13T17:54:00.7427901Z state without impacting any branches by switching back to a branch.
Action policy / ubuntu-latest / Python 3.10	UNKNOWN STEP	2026-09-13T17:54:00.7428421Z 
Action policy / ubuntu-latest / Python 3.10	UNKNOWN STEP	2026-09-13T17:54:00.7428734Z If you want to create a new branch to retain commits you create, you may
Action policy / ubuntu-latest / Python 3.10	UNKNOWN STEP	2026-09-13T17:54:00.7429537Z do so (now or later) by using -c with the switch command. Example:
Action policy / ubuntu-latest / Python 3.10	UNKNOWN STEP	2026-09-13T17:54:00.7429975Z 
Action policy / ubuntu-latest / Python 3.10	UNKNOWN STEP	2026-09-13T17:54:00.7430146Z   git switch -c <new-branch-name>
Action policy / ubuntu-latest / Python 3.10	UNKNOWN STEP	2026-09-13T17:54:00.7430449Z 
Action policy / ubuntu-latest / Python 3.10	UNKNOWN STEP	2026-09-13T17:54:00.7430621Z Or undo this operation with:
Action policy / ubuntu-latest / Python 3.10	UNKNOWN STEP	2026-09-13T17:54:00.7430890Z 
Action policy / ubuntu-latest / Python 3.10	UNKNOWN STEP	2026-09-13T17:54:00.7431035Z   git switch -
Action policy / ubuntu-latest / Python 3.10	UNKNOWN STEP	2026-09-13T17:54:00.7431244Z 
Action policy / ubuntu-latest / Python 3.10	UNKNOWN STEP	2026-09-13T17:54:00.7431607Z Turn off this advice by setting config variable advice.detachedHead to false
Action policy / ubuntu-latest / Python 3.10	UNKNOWN STEP	2026-09-13T17:54:00.7432135Z 
Action policy / ubuntu-latest / Python 3.10	UNKNOWN STEP	2026-09-13T17:54:00.7432423Z HEAD is now at 547291b Create fixture workspace on fresh CI checkouts
Action policy / ubuntu-latest / Python 3.10	UNKNOWN STEP	2026-09-13T17:54:00.7436079Z ##[endgroup]
Action policy / ubuntu-latest / Python 3.10	UNKNOWN STEP	2026-09-13T17:54:00.7483040Z [command]/usr/bin/git log -1 --format=%H
Action policy / ubuntu-latest / Python 3.10	UNKNOWN STEP	2026-09-13T17:54:00.7511974Z 547291b525e2f1d05d92ed65b6058c4ca91588a8
Action policy / ubuntu-latest / Python 3.10	UNKNOWN STEP	2026-09-13T17:54:00.7522212Z ##[group]Removing auth
Action policy / ubuntu-latest / Python 3.10	UNKNOWN STEP	2026-09-13T17:54:00.7522774Z Removing SSH command configuration
Action policy / ubuntu-latest / Python 3.10	UNKNOWN STEP	2026-09-13T17:54:00.7526398Z [command]/usr/bin/git config --local --name-only --get-regexp core\.sshCommand
Action policy / ubuntu-latest / Python 3.10	UNKNOWN STEP	2026-09-13T17:54:00.7561374Z [command]/usr/bin/git submodule foreach --recursive sh -c "git config --local --name-only --get-regexp 'core\.sshCommand' && git config --local --unset-all 'core.sshCommand' || :"
Action policy / ubuntu-latest / Python 3.10	UNKNOWN STEP	2026-09-13T17:54:00.7789325Z Removing HTTP extra header
Action policy / ubuntu-latest / Python 3.10	UNKNOWN STEP	2026-09-13T17:54:00.7793319Z [command]/usr/bin/git config --local --name-only --get-regexp http\.https\:\/\/github\.com\/\.extraheader
Action policy / ubuntu-latest / Python 3.10	UNKNOWN STEP	2026-09-13T17:54:00.7833330Z [command]/usr/bin/git submodule foreach --recursive sh -c "git config --local --name-only --get-regexp 'http\.https\:\/\/github\.com\/\.extraheader' && git config --local --unset-all 'http.https://github.com/.extraheader' || :"
Action policy / ubuntu-latest / Python 3.10	UNKNOWN STEP	2026-09-13T17:54:00.8061938Z Removing includeIf entries pointing to credentials config files
Action policy / ubuntu-latest / Python 3.10	UNKNOWN STEP	2026-09-13T17:54:00.8065220Z [command]/usr/bin/git config --local --name-only --get-regexp ^includeIf\.gitdir:
Action policy / ubuntu-latest / Python 3.10	UNKNOWN STEP	2026-09-13T17:54:00.8119471Z includeif.gitdir:/home/runner/work/Waveframe-Guard/Waveframe-Guard/.cloud-test-source/.git.path
Action policy / ubuntu-latest / Python 3.10	UNKNOWN STEP	2026-09-13T17:54:00.8120273Z includeif.gitdir:/home/runner/work/Waveframe-Guard/Waveframe-Guard/.cloud-test-source/.git/worktrees/*.path
Action policy / ubuntu-latest / Python 3.10	UNKNOWN STEP	2026-09-13T17:54:00.8121060Z includeif.gitdir:/github/workspace/.cloud-test-source/.git.path
Action policy / ubuntu-latest / Python 3.10	UNKNOWN STEP	2026-09-13T17:54:00.8121630Z includeif.gitdir:/github/workspace/.cloud-test-source/.git/worktrees/*.path
Action policy / ubuntu-latest / Python 3.10	UNKNOWN STEP	2026-09-13T17:54:00.8139635Z [command]/usr/bin/git config --local --get-all includeif.gitdir:/home/runner/work/Waveframe-Guard/Waveframe-Guard/.cloud-test-source/.git.path
Action policy / ubuntu-latest / Python 3.10	UNKNOWN STEP	2026-09-13T17:54:00.8155328Z /home/runner/work/_temp/git-credentials-bf619d60-b066-48ae-8412-19e4f6e9b7ac.config
Action policy / ubuntu-latest / Python 3.10	UNKNOWN STEP	2026-09-13T17:54:00.8164505Z [command]/usr/bin/git config --local --unset includeif.gitdir:/home/runner/work/Waveframe-Guard/Waveframe-Guard/.cloud-test-source/.git.path \/home\/runner\/work\/_temp\/git\-credentials\-bf619d60\-b066\-48ae\-8412\-19e4f6e9b7ac\.config
Action policy / ubuntu-latest / Python 3.10	UNKNOWN STEP	2026-09-13T17:54:00.8201273Z [command]/usr/bin/git config --local --get-all includeif.gitdir:/home/runner/work/Waveframe-Guard/Waveframe-Guard/.cloud-test-source/.git/worktrees/*.path
Action policy / ubuntu-latest / Python 3.10	UNKNOWN STEP	2026-09-13T17:54:00.8229068Z /home/runner/work/_temp/git-credentials-bf619d60-b066-48ae-8412-19e4f6e9b7ac.config
Action policy / ubuntu-latest / Python 3.10	UNKNOWN STEP	2026-09-13T17:54:00.8237158Z [command]/usr/bin/git config --local --unset includeif.gitdir:/home/runner/work/Waveframe-Guard/Waveframe-Guard/.cloud-test-source/.git/worktrees/*.path \/home\/runner\/work\/_temp\/git\-credentials\-bf619d60\-b066\-48ae\-8412\-19e4f6e9b7ac\.config
Action policy / ubuntu-latest / Python 3.10	UNKNOWN STEP	2026-09-13T17:54:00.8276021Z [command]/usr/bin/git config --local --get-all includeif.gitdir:/github/workspace/.cloud-test-source/.git.path
Action policy / ubuntu-latest / Python 3.10	UNKNOWN STEP	2026-09-13T17:54:00.8301413Z /github/runner_temp/git-credentials-bf619d60-b066-48ae-8412-19e4f6e9b7ac.config
Action policy / ubuntu-latest / Python 3.10	UNKNOWN STEP	2026-09-13T17:54:00.8309843Z [command]/usr/bin/git config --local --unset includeif.gitdir:/github/workspace/.cloud-test-source/.git.path \/github\/runner_temp\/git\-credentials\-bf619d60\-b066\-48ae\-8412\-19e4f6e9b7ac\.config
Action policy / ubuntu-latest / Python 3.10	UNKNOWN STEP	2026-09-13T17:54:00.8387962Z [command]/usr/bin/git config --local --get-all includeif.gitdir:/github/workspace/.cloud-test-source/.git/worktrees/*.path
Action policy / ubuntu-latest / Python 3.10	UNKNOWN STEP	2026-09-13T17:54:00.8426085Z /github/runner_temp/git-credentials-bf619d60-b066-48ae-8412-19e4f6e9b7ac.config
Action policy / ubuntu-latest / Python 3.10	UNKNOWN STEP	2026-09-13T17:54:00.8431136Z [command]/usr/bin/git config --local --unset includeif.gitdir:/github/workspace/.cloud-test-source/.git/worktrees/*.path \/github\/runner_temp\/git\-credentials\-bf619d60\-b066\-48ae\-8412\-19e4f6e9b7ac\.config
Action policy / ubuntu-latest / Python 3.10	UNKNOWN STEP	2026-09-13T17:54:00.8472955Z [command]/usr/bin/git submodule foreach --recursive git config --local --show-origin --name-only --get-regexp remote.origin.url
Action policy / ubuntu-latest / Python 3.10	UNKNOWN STEP	2026-09-13T17:54:00.8700507Z Removing credentials config '/home/runner/work/_temp/git-credentials-bf619d60-b066-48ae-8412-19e4f6e9b7ac.config'
Action policy / ubuntu-latest / Python 3.10	UNKNOWN STEP	2026-09-13T17:54:00.8709679Z ##[endgroup]
Action policy / ubuntu-latest / Python 3.10	UNKNOWN STEP	2026-09-13T17:54:00.8856089Z ##[group]Run actions/setup-python@ece7cb06caefa5fff74198d8649806c4678c61a1
Action policy / ubuntu-latest / Python 3.10	UNKNOWN STEP	2026-09-13T17:54:00.8856523Z with:
Action policy / ubuntu-latest / Python 3.10	UNKNOWN STEP	2026-09-13T17:54:00.8856735Z   python-version: 3.14
Action policy / ubuntu-latest / Python 3.10	UNKNOWN STEP	2026-09-13T17:54:00.8857141Z   check-latest: false
Action policy / ubuntu-latest / Python 3.10	UNKNOWN STEP	2026-09-13T17:54:00.8859799Z   token: ***
Action policy / ubuntu-latest / Python 3.10	UNKNOWN STEP	2026-09-13T17:54:00.8860022Z   update-environment: true
Action policy / ubuntu-latest / Python 3.10	UNKNOWN STEP	2026-09-13T17:54:00.8860272Z   allow-prereleases: false
Action policy / ubuntu-latest / Python 3.10	UNKNOWN STEP	2026-09-13T17:54:00.8860503Z   freethreaded: false
Action policy / ubuntu-latest / Python 3.10	UNKNOWN STEP	2026-09-13T17:54:00.8860711Z env:
Action policy / ubuntu-latest / Python 3.10	UNKNOWN STEP	2026-09-13T17:54:00.8860903Z   CLOUD_TEST_ACCESS: true
Action policy / ubuntu-latest / Python 3.10	UNKNOWN STEP	2026-09-13T17:54:00.8861198Z   pythonLocation: /opt/hostedtoolcache/Python/3.10.21/x64
Action policy / ubuntu-latest / Python 3.10	UNKNOWN STEP	2026-09-13T17:54:00.8861633Z   PKG_CONFIG_PATH: /opt/hostedtoolcache/Python/3.10.21/x64/lib/pkgconfig
Action policy / ubuntu-latest / Python 3.10	UNKNOWN STEP	2026-09-13T17:54:00.8862055Z   Python_ROOT_DIR: /opt/hostedtoolcache/Python/3.10.21/x64
Action policy / ubuntu-latest / Python 3.10	UNKNOWN STEP	2026-09-13T17:54:00.8862434Z   Python2_ROOT_DIR: /opt/hostedtoolcache/Python/3.10.21/x64
Action policy / ubuntu-latest / Python 3.10	UNKNOWN STEP	2026-09-13T17:54:00.8862824Z   Python3_ROOT_DIR: /opt/hostedtoolcache/Python/3.10.21/x64
Action policy / ubuntu-latest / Python 3.10	UNKNOWN STEP	2026-09-13T17:54:00.8863242Z   LD_LIBRARY_PATH: /opt/hostedtoolcache/Python/3.10.21/x64/lib
Action policy / ubuntu-latest / Python 3.10	UNKNOWN STEP	2026-09-13T17:54:00.8863568Z ##[endgroup]
Action policy / ubuntu-latest / Python 3.10	UNKNOWN STEP	2026-09-13T17:54:01.0279865Z ##[group]Installed versions
Action policy / ubuntu-latest / Python 3.10	UNKNOWN STEP	2026-09-13T17:54:01.0336683Z Successfully set up CPython (3.14.7)
Action policy / ubuntu-latest / Python 3.10	UNKNOWN STEP	2026-09-13T17:54:01.0337622Z ##[endgroup]
Action policy / ubuntu-latest / Python 3.10	UNKNOWN STEP	2026-09-13T17:54:01.0526935Z ##[group]Run python -c "import os,subprocess; subprocess.run([os.environ['SDK_PYTHON'], 'tools/acceptance/native_cloud_package.py', '--wheel', 'acceptance-output/package/waveframe_guard-0.19.0-py3-none-any.whl', '--output', 'acceptance-output/connected', '--cloud-source', '.cloud-test-source', '--server-base-python', os.environ['CLOUD_PYTHON']], check=True)"
Action policy / ubuntu-latest / Python 3.10	UNKNOWN STEP	2026-09-13T17:54:01.0531577Z ^[[36;1mpython -c "import os,subprocess; subprocess.run([os.environ['SDK_PYTHON'], 'tools/acceptance/native_cloud_package.py', '--wheel', 'acceptance-output/package/waveframe_guard-0.19.0-py3-none-any.whl', '--output', 'acceptance-output/connected', '--cloud-source', '.cloud-test-source', '--server-base-python', os.environ['CLOUD_PYTHON']], check=True)"^[[0m
Action policy / ubuntu-latest / Python 3.10	UNKNOWN STEP	2026-09-13T17:54:01.0597961Z shell: /usr/bin/bash -e {0}
Action policy / ubuntu-latest / Python 3.10	UNKNOWN STEP	2026-09-13T17:54:01.0598469Z env:
Action policy / ubuntu-latest / Python 3.10	UNKNOWN STEP	2026-09-13T17:54:01.0598872Z   CLOUD_TEST_ACCESS: true
Action policy / ubuntu-latest / Python 3.10	UNKNOWN STEP	2026-09-13T17:54:01.0599481Z   pythonLocation: /opt/hostedtoolcache/Python/3.14.7/x64
Action policy / ubuntu-latest / Python 3.10	UNKNOWN STEP	2026-09-13T17:54:01.0600700Z   PKG_CONFIG_PATH: /opt/hostedtoolcache/Python/3.14.7/x64/lib/pkgconfig
Action policy / ubuntu-latest / Python 3.10	UNKNOWN STEP	2026-09-13T17:54:01.0601654Z   Python_ROOT_DIR: /opt/hostedtoolcache/Python/3.14.7/x64
Action policy / ubuntu-latest / Python 3.10	UNKNOWN STEP	2026-09-13T17:54:01.0602339Z   Python2_ROOT_DIR: /opt/hostedtoolcache/Python/3.14.7/x64
Action policy / ubuntu-latest / Python 3.10	UNKNOWN STEP	2026-09-13T17:54:01.0603247Z   Python3_ROOT_DIR: /opt/hostedtoolcache/Python/3.14.7/x64
Action policy / ubuntu-latest / Python 3.10	UNKNOWN STEP	2026-09-13T17:54:01.0604396Z   LD_LIBRARY_PATH: /opt/hostedtoolcache/Python/3.14.7/x64/lib:/opt/hostedtoolcache/Python/3.10.21/x64/lib
Action policy / ubuntu-latest / Python 3.10	UNKNOWN STEP	2026-09-13T17:54:01.0605897Z   SDK_PYTHON: /opt/hostedtoolcache/Python/3.10.21/x64/bin/python
Action policy / ubuntu-latest / Python 3.10	UNKNOWN STEP	2026-09-13T17:54:01.0606690Z   CLOUD_PYTHON: /opt/hostedtoolcache/Python/3.14.7/x64/bin/python
Action policy / ubuntu-latest / Python 3.10	UNKNOWN STEP	2026-09-13T17:54:01.0607339Z ##[endgroup]
Action policy / ubuntu-latest / Python 3.10	UNKNOWN STEP	2026-09-13T17:54:05.4602524Z Processing /home/runner/work/Waveframe-Guard/Waveframe-Guard/acceptance-output/package/waveframe_guard-0.19.0-py3-none-any.whl
Action policy / ubuntu-latest / Python 3.10	UNKNOWN STEP	2026-09-13T17:54:05.4715518Z Collecting cricore-contract-compiler@ git+https://github.com/Waveframe-Labs/cricore-contract-compiler.git@ae590dee058d3481e384dea850d5b7d980f533ff
Action policy / ubuntu-latest / Python 3.10	UNKNOWN STEP	2026-09-13T17:54:05.4717375Z   Using cached cricore_contract_compiler-0.5.0-py3-none-any.whl
Action policy / ubuntu-latest / Python 3.10	UNKNOWN STEP	2026-09-13T17:54:05.4785609Z Collecting governance-ledger@ git+https://github.com/Waveframe-Labs/Waveframe-Ledger.git@3cc34e7b3cb6efca5102e0e22d559ec0c0fd583f
Action policy / ubuntu-latest / Python 3.10	UNKNOWN STEP	2026-09-13T17:54:05.4787595Z   Using cached governance_ledger-0.9.0-py3-none-any.whl
Action policy / ubuntu-latest / Python 3.10	UNKNOWN STEP	2026-09-13T17:54:05.5750472Z Collecting cricore<0.15.0,>=0.13.0
Action policy / ubuntu-latest / Python 3.10	UNKNOWN STEP	2026-09-13T17:54:05.5764506Z   Using cached cricore-0.14.0-py3-none-any.whl (45 kB)
Action policy / ubuntu-latest / Python 3.10	UNKNOWN STEP	2026-09-13T17:54:05.6054551Z Collecting cricore-proposal-normalizer==0.2.0
Action policy / ubuntu-latest / Python 3.10	UNKNOWN STEP	2026-09-13T17:54:05.6066676Z   Using cached cricore_proposal_normalizer-0.2.0-py3-none-any.whl (10 kB)
Action policy / ubuntu-latest / Python 3.10	UNKNOWN STEP	2026-09-13T17:54:05.6886652Z Collecting requests<3.0.0,>=2.33.0
Action policy / ubuntu-latest / Python 3.10	UNKNOWN STEP	2026-09-13T17:54:05.6899076Z   Using cached requests-2.34.2-py3-none-any.whl (73 kB)
Action policy / ubuntu-latest / Python 3.10	UNKNOWN STEP	2026-09-13T17:54:05.7640732Z Collecting jsonschema>=4
Action policy / ubuntu-latest / Python 3.10	UNKNOWN STEP	2026-09-13T17:54:05.7654169Z   Using cached jsonschema-4.26.0-py3-none-any.whl (90 kB)
Action policy / ubuntu-latest / Python 3.10	UNKNOWN STEP	2026-09-13T17:54:05.8520409Z Collecting referencing>=0.28.4
Action policy / ubuntu-latest / Python 3.10	UNKNOWN STEP	2026-09-13T17:54:05.8533382Z   Using cached referencing-0.37.0-py3-none-any.whl (26 kB)
Action policy / ubuntu-latest / Python 3.10	UNKNOWN STEP	2026-09-13T17:54:05.8957642Z Collecting attrs>=22.2.0
Action policy / ubuntu-latest / Python 3.10	UNKNOWN STEP	2026-09-13T17:54:05.8970112Z   Using cached attrs-26.1.0-py3-none-any.whl (67 kB)
Action policy / ubuntu-latest / Python 3.10	UNKNOWN STEP	2026-09-13T17:54:06.6198928Z Collecting rpds-py>=0.25.0
Action policy / ubuntu-latest / Python 3.10	UNKNOWN STEP	2026-09-13T17:54:06.6223266Z   Using cached rpds_py-0.30.0-cp310-cp310-manylinux_2_17_x86_64.manylinux2014_x86_64.whl (390 kB)
Action policy / ubuntu-latest / Python 3.10	UNKNOWN STEP	2026-09-13T17:54:06.6769042Z Collecting jsonschema-specifications>=2023.03.6
Action policy / ubuntu-latest / Python 3.10	UNKNOWN STEP	2026-09-13T17:54:06.6782774Z   Using cached jsonschema_specifications-2025.9.1-py3-none-any.whl (18 kB)
Action policy / ubuntu-latest / Python 3.10	UNKNOWN STEP	2026-09-13T17:54:06.7335407Z Collecting certifi>=2023.5.7
Action policy / ubuntu-latest / Python 3.10	UNKNOWN STEP	2026-09-13T17:54:06.7348945Z   Using cached certifi-2026.7.22-py3-none-any.whl (136 kB)
Action policy / ubuntu-latest / Python 3.10	UNKNOWN STEP	2026-09-13T17:54:06.7759495Z Collecting idna<4,>=2.5
Action policy / ubuntu-latest / Python 3.10	UNKNOWN STEP	2026-09-13T17:54:06.7772522Z   Using cached idna-3.19-py3-none-any.whl (68 kB)
Action policy / ubuntu-latest / Python 3.10	UNKNOWN STEP	2026-09-13T17:54:07.1003851Z Collecting charset_normalizer<4,>=2
Action policy / ubuntu-latest / Python 3.10	UNKNOWN STEP	2026-09-13T17:54:07.1021762Z   Using cached charset_normalizer-3.5.1-cp310-cp310-manylinux2014_x86_64.manylinux_2_17_x86_64.manylinux_2_28_x86_64.whl (261 kB)
Action policy / ubuntu-latest / Python 3.10	UNKNOWN STEP	2026-09-13T17:54:07.1783073Z Collecting urllib3<3,>=1.26
Action policy / ubuntu-latest / Python 3.10	UNKNOWN STEP	2026-09-13T17:54:07.1796685Z   Using cached urllib3-2.7.0-py3-none-any.whl (131 kB)
Action policy / ubuntu-latest / Python 3.10	UNKNOWN STEP	2026-09-13T17:54:07.2538412Z Collecting typing-extensions>=4.4.0
Action policy / ubuntu-latest / Python 3.10	UNKNOWN STEP	2026-09-13T17:54:07.2551268Z   Using cached typing_extensions-4.16.0-py3-none-any.whl (45 kB)
Action policy / ubuntu-latest / Python 3.10	UNKNOWN STEP	2026-09-13T17:54:07.3806438Z Installing collected packages: urllib3, typing-extensions, rpds-py, idna, cricore-proposal-normalizer, cricore, charset_normalizer, certifi, attrs, requests, referencing, jsonschema-specifications, jsonschema, cricore-contract-compiler, governance-ledger, waveframe-guard
Action policy / ubuntu-latest / Python 3.10	UNKNOWN STEP	2026-09-13T17:54:08.0248993Z Successfully installed attrs-26.1.0 certifi-2026.7.22 charset_normalizer-3.5.1 cricore-0.14.0 cricore-contract-compiler-0.5.0 cricore-proposal-normalizer-0.2.0 governance-ledger-0.9.0 idna-3.19 jsonschema-4.26.0 jsonschema-specifications-2025.9.1 referencing-0.37.0 requests-2.34.2 rpds-py-0.30.0 typing-extensions-4.16.0 urllib3-2.7.0 waveframe-guard-0.19.0
Action policy / ubuntu-latest / Python 3.10	UNKNOWN STEP	2026-09-13T17:54:08.1841037Z 
Action policy / ubuntu-latest / Python 3.10	UNKNOWN STEP	2026-09-13T17:54:08.1841749Z [notice] A new release of pip is available: 23.0.1 -> 26.2.1
Action policy / ubuntu-latest / Python 3.10	UNKNOWN STEP	2026-09-13T17:54:08.1842728Z [notice] To update, run: /tmp/guard46-connected-fw__libq/client/bin/python -m pip install --upgrade pip
Action policy / ubuntu-latest / Python 3.10	UNKNOWN STEP	2026-09-13T17:54:12.6283419Z Collecting cricore-contract-compiler @ git+https://github.com/Waveframe-Labs/cricore-contract-compiler.git@3b91fcc03c804804b2ace7302f37340a787496d9 (from -r /home/runner/work/Waveframe-Guard/Waveframe-Guard/.cloud-test-source/requirements-action-policy-dev.txt (line 4))
Action policy / ubuntu-latest / Python 3.10	UNKNOWN STEP	2026-09-13T17:54:12.6287347Z   Cloning https://github.com/Waveframe-Labs/cricore-contract-compiler.git (to revision 3b91fcc03c804804b2ace7302f37340a787496d9) to /tmp/pip-install-9_kgnntc/cricore-contract-compiler_e03700355a684236a17c071339bb64f7
Action policy / ubuntu-latest / Python 3.10	UNKNOWN STEP	2026-09-13T17:54:12.6306924Z   Running command git clone --filter=blob:none --quiet https://github.com/Waveframe-Labs/cricore-contract-compiler.git /tmp/pip-install-9_kgnntc/cricore-contract-compiler_e03700355a684236a17c071339bb64f7
Action policy / ubuntu-latest / Python 3.10	UNKNOWN STEP	2026-09-13T17:54:13.4612000Z   Running command git rev-parse -q --verify '3b91fcc03c804804b2ace7302f37340a787496d9^{commit}'
Action policy / ubuntu-latest / Python 3.10	UNKNOWN STEP	2026-09-13T17:54:13.4629460Z   3b91fcc03c804804b2ace7302f37340a787496d9
Action policy / ubuntu-latest / Python 3.10	UNKNOWN STEP	2026-09-13T17:54:13.4649527Z   Running command git checkout -q 3b91fcc03c804804b2ace7302f37340a787496d9
Action policy / ubuntu-latest / Python 3.10	UNKNOWN STEP	2026-09-13T17:54:13.8346776Z   Resolved https://github.com/Waveframe-Labs/cricore-contract-compiler.git to commit 3b91fcc03c804804b2ace7302f37340a787496d9
Action policy / ubuntu-latest / Python 3.10	UNKNOWN STEP	2026-09-13T17:54:13.8382386Z   Installing build dependencies: started
Action policy / ubuntu-latest / Python 3.10	UNKNOWN STEP	2026-09-13T17:54:14.5440769Z   Installing build dependencies: finished with status 'done'
Action policy / ubuntu-latest / Python 3.10	UNKNOWN STEP	2026-09-13T17:54:14.5447590Z   Getting requirements to build wheel: started
Action policy / ubuntu-latest / Python 3.10	UNKNOWN STEP	2026-09-13T17:54:15.2729977Z   Getting requirements to build wheel: finished with status 'done'
Action policy / ubuntu-latest / Python 3.10	UNKNOWN STEP	2026-09-13T17:54:15.2739655Z   Preparing metadata (pyproject.toml): started
Action policy / ubuntu-latest / Python 3.10	UNKNOWN STEP	2026-09-13T17:54:15.4812782Z   Preparing metadata (pyproject.toml): finished with status 'done'
Action policy / ubuntu-latest / Python 3.10	UNKNOWN STEP	2026-09-13T17:54:15.4843799Z Collecting governance-ledger @ git+https://github.com/Waveframe-Labs/Waveframe-Ledger.git@54379d9c8044544fc1b8f32109bdfce35c1c6a05 (from -r /home/runner/work/Waveframe-Guard/Waveframe-Guard/.cloud-test-source/requirements-action-policy-dev.txt (line 5))
Action policy / ubuntu-latest / Python 3.10	UNKNOWN STEP	2026-09-13T17:54:15.4847921Z   Cloning https://github.com/Waveframe-Labs/Waveframe-Ledger.git (to revision 54379d9c8044544fc1b8f32109bdfce35c1c6a05) to /tmp/pip-install-9_kgnntc/governance-ledger_ba7a96b954214cc88512e4afb6867aff
Action policy / ubuntu-latest / Python 3.10	UNKNOWN STEP	2026-09-13T17:54:15.4869597Z   Running command git clone --filter=blob:none --quiet https://github.com/Waveframe-Labs/Waveframe-Ledger.git /tmp/pip-install-9_kgnntc/governance-ledger_ba7a96b954214cc88512e4afb6867aff
Action policy / ubuntu-latest / Python 3.10	UNKNOWN STEP	2026-09-13T17:54:16.6659521Z   Running command git rev-parse -q --verify '54379d9c8044544fc1b8f32109bdfce35c1c6a05^{commit}'
Action policy / ubuntu-latest / Python 3.10	UNKNOWN STEP	2026-09-13T17:54:16.6678810Z   54379d9c8044544fc1b8f32109bdfce35c1c6a05
Action policy / ubuntu-latest / Python 3.10	UNKNOWN STEP	2026-09-13T17:54:16.6698474Z   Running command git checkout -q 54379d9c8044544fc1b8f32109bdfce35c1c6a05
Action policy / ubuntu-latest / Python 3.10	UNKNOWN STEP	2026-09-13T17:54:17.1130150Z   Resolved https://github.com/Waveframe-Labs/Waveframe-Ledger.git to commit 54379d9c8044544fc1b8f32109bdfce35c1c6a05
Action policy / ubuntu-latest / Python 3.10	UNKNOWN STEP	2026-09-13T17:54:17.1163326Z   Installing build dependencies: started
Action policy / ubuntu-latest / Python 3.10	UNKNOWN STEP	2026-09-13T17:54:17.6549276Z   Installing build dependencies: finished with status 'done'
Action policy / ubuntu-latest / Python 3.10	UNKNOWN STEP	2026-09-13T17:54:17.6555128Z   Getting requirements to build wheel: started
Action policy / ubuntu-latest / Python 3.10	UNKNOWN STEP	2026-09-13T17:54:18.2366185Z   Getting requirements to build wheel: finished with status 'done'
Action policy / ubuntu-latest / Python 3.10	UNKNOWN STEP	2026-09-13T17:54:18.2374929Z   Preparing metadata (pyproject.toml): started
Action policy / ubuntu-latest / Python 3.10	UNKNOWN STEP	2026-09-13T17:54:18.4595466Z   Preparing metadata (pyproject.toml): finished with status 'done'
Action policy / ubuntu-latest / Python 3.10	UNKNOWN STEP	2026-09-13T17:54:18.5983244Z Collecting governance-ledger==0.8.0 (from -r /home/runner/work/Waveframe-Guard/Waveframe-Guard/.cloud-test-source/requirements.txt (line 4))
Action policy / ubuntu-latest / Python 3.10	UNKNOWN STEP	2026-09-13T17:54:18.6916290Z   Downloading governance_ledger-0.8.0-py3-none-any.whl.metadata (35 kB)
Action policy / ubuntu-latest / Python 3.10	UNKNOWN STEP	2026-09-13T17:54:18.7966453Z Collecting openai==3.8.0 (from -r /home/runner/work/Waveframe-Guard/Waveframe-Guard/.cloud-test-source/requirements.txt (line 7))
Action policy / ubuntu-latest / Python 3.10	UNKNOWN STEP	2026-09-13T17:54:18.8171985Z   Downloading openai-3.8.0-py3-none-any.whl.metadata (41 kB)
Action policy / ubuntu-latest / Python 3.10	UNKNOWN STEP	2026-09-13T17:54:18.8492936Z Collecting pytest (from -r /home/runner/work/Waveframe-Guard/Waveframe-Guard/.cloud-test-source/requirements.txt (line 13))
Action policy / ubuntu-latest / Python 3.10	UNKNOWN STEP	2026-09-13T17:54:18.8504494Z   Using cached pytest-9.1.1-py3-none-any.whl.metadata (7.6 kB)
Action policy / ubuntu-latest / Python 3.10	UNKNOWN STEP	2026-09-13T17:54:18.8914599Z Collecting psycopg[binary] (from -r /home/runner/work/Waveframe-Guard/Waveframe-Guard/.cloud-test-source/requirements.txt (line 10))
Action policy / ubuntu-latest / Python 3.10	UNKNOWN STEP	2026-09-13T17:54:18.9106894Z   Downloading psycopg-3.3.5-py3-none-any.whl.metadata (4.3 kB)
Action policy / ubuntu-latest / Python 3.10	UNKNOWN STEP	2026-09-13T17:54:18.9319499Z Collecting jsonschema>=4 (from cricore-contract-compiler @ git+https://github.com/Waveframe-Labs/cricore-contract-compiler.git@3b91fcc03c804804b2ace7302f37340a787496d9->-r /home/runner/work/Waveframe-Guard/Waveframe-Guard/.cloud-test-source/requirements-action-policy-dev.txt (line 4))
Action policy / ubuntu-latest / Python 3.10	UNKNOWN STEP	2026-09-13T17:54:18.9329755Z   Using cached jsonschema-4.26.0-py3-none-any.whl.metadata (7.6 kB)
Action policy / ubuntu-latest / Python 3.10	UNKNOWN STEP	2026-09-13T17:54:18.9650101Z Collecting anyio<5,>=4.10.0 (from openai==3.8.0->-r /home/runner/work/Waveframe-Guard/Waveframe-Guard/.cloud-test-source/requirements.txt (line 7))
Action policy / ubuntu-latest / Python 3.10	UNKNOWN STEP	2026-09-13T17:54:18.9840042Z   Downloading anyio-4.15.1-py3-none-any.whl.metadata (4.7 kB)
Action policy / ubuntu-latest / Python 3.10	UNKNOWN STEP	2026-09-13T17:54:19.0111409Z Collecting httpx2<3,>=2.7.0 (from openai==3.8.0->-r /home/runner/work/Waveframe-Guard/Waveframe-Guard/.cloud-test-source/requirements.txt (line 7))
Action policy / ubuntu-latest / Python 3.10	UNKNOWN STEP	2026-09-13T17:54:19.0435835Z   Downloading httpx2-2.12.0-py3-none-any.whl.metadata (9.5 kB)
Action policy / ubuntu-latest / Python 3.10	UNKNOWN STEP	2026-09-13T17:54:19.1682629Z Collecting jiter<1,>=0.16.0 (from openai==3.8.0->-r /home/runner/work/Waveframe-Guard/Waveframe-Guard/.cloud-test-source/requirements.txt (line 7))
Action policy / ubuntu-latest / Python 3.10	UNKNOWN STEP	2026-09-13T17:54:19.1899524Z   Downloading jiter-0.17.0-cp314-cp314-manylinux_2_17_x86_64.manylinux2014_x86_64.whl.metadata (5.2 kB)
Action policy / ubuntu-latest / Python 3.10	UNKNOWN STEP	2026-09-13T17:54:19.3186318Z Collecting pydantic!=2.0.*,!=2.1.*,!=2.2.*,!=2.3.*,<3,>=1.10.13 (from openai==3.8.0->-r /home/runner/work/Waveframe-Guard/Waveframe-Guard/.cloud-test-source/requirements.txt (line 7))
Action policy / ubuntu-latest / Python 3.10	UNKNOWN STEP	2026-09-13T17:54:19.3376196Z   Downloading pydantic-2.13.5-py3-none-any.whl.metadata (110 kB)
Action policy / ubuntu-latest / Python 3.10	UNKNOWN STEP	2026-09-13T17:54:19.3982982Z Collecting sniffio (from openai==3.8.0->-r /home/runner/work/Waveframe-Guard/Waveframe-Guard/.cloud-test-source/requirements.txt (line 7))
Action policy / ubuntu-latest / Python 3.10	UNKNOWN STEP	2026-09-13T17:54:19.4170364Z   Downloading sniffio-1.3.1-py3-none-any.whl.metadata (3.9 kB)
Action policy / ubuntu-latest / Python 3.10	UNKNOWN STEP	2026-09-13T17:54:19.4276632Z Collecting typing-extensions<5,>=4.14 (from openai==3.8.0->-r /home/runner/work/Waveframe-Guard/Waveframe-Guard/.cloud-test-source/requirements.txt (line 7))
Action policy / ubuntu-latest / Python 3.10	UNKNOWN STEP	2026-09-13T17:54:19.4291404Z   Using cached typing_extensions-4.16.0-py3-none-any.whl.metadata (3.3 kB)
Action policy / ubuntu-latest / Python 3.10	UNKNOWN STEP	2026-09-13T17:54:19.4365005Z Collecting idna>=2.8 (from anyio<5,>=4.10.0->openai==3.8.0->-r /home/runner/work/Waveframe-Guard/Waveframe-Guard/.cloud-test-source/requirements.txt (line 7))
Action policy / ubuntu-latest / Python 3.10	UNKNOWN STEP	2026-09-13T17:54:19.4375822Z   Using cached idna-3.19-py3-none-any.whl.metadata (9.2 kB)
Action policy / ubuntu-latest / Python 3.10	UNKNOWN STEP	2026-09-13T17:54:19.4644038Z Collecting httpcore2==2.12.0 (from httpx2<3,>=2.7.0->openai==3.8.0->-r /home/runner/work/Waveframe-Guard/Waveframe-Guard/.cloud-test-source/requirements.txt (line 7))
Action policy / ubuntu-latest / Python 3.10	UNKNOWN STEP	2026-09-13T17:54:19.4829999Z   Downloading httpcore2-2.12.0-py3-none-any.whl.metadata (25 kB)
Action policy / ubuntu-latest / Python 3.10	UNKNOWN STEP	2026-09-13T17:54:19.5117486Z Collecting truststore>=0.10 (from httpx2<3,>=2.7.0->openai==3.8.0->-r /home/runner/work/Waveframe-Guard/Waveframe-Guard/.cloud-test-source/requirements.txt (line 7))
Action policy / ubuntu-latest / Python 3.10	UNKNOWN STEP	2026-09-13T17:54:19.5304925Z   Downloading truststore-0.10.4-py3-none-any.whl.metadata (4.4 kB)
Action policy / ubuntu-latest / Python 3.10	UNKNOWN STEP	2026-09-13T17:54:19.5568397Z Collecting h11>=0.16 (from httpcore2==2.12.0->httpx2<3,>=2.7.0->openai==3.8.0->-r /home/runner/work/Waveframe-Guard/Waveframe-Guard/.cloud-test-source/requirements.txt (line 7))
Action policy / ubuntu-latest / Python 3.10	UNKNOWN STEP	2026-09-13T17:54:19.5770766Z   Downloading h11-0.16.0-py3-none-any.whl.metadata (8.3 kB)
Action policy / ubuntu-latest / Python 3.10	UNKNOWN STEP	2026-09-13T17:54:19.6033904Z Collecting annotated-types>=0.6.0 (from pydantic!=2.0.*,!=2.1.*,!=2.2.*,!=2.3.*,<3,>=1.10.13->openai==3.8.0->-r /home/runner/work/Waveframe-Guard/Waveframe-Guard/.cloud-test-source/requirements.txt (line 7))
Action policy / ubuntu-latest / Python 3.10	UNKNOWN STEP	2026-09-13T17:54:19.6241629Z   Downloading annotated_types-0.8.0-py3-none-any.whl.metadata (15 kB)
Action policy / ubuntu-latest / Python 3.10	UNKNOWN STEP	2026-09-13T17:54:20.3032711Z Collecting pydantic-core==2.46.5 (from pydantic!=2.0.*,!=2.1.*,!=2.2.*,!=2.3.*,<3,>=1.10.13->openai==3.8.0->-r /home/runner/work/Waveframe-Guard/Waveframe-Guard/.cloud-test-source/requirements.txt (line 7))
Action policy / ubuntu-latest / Python 3.10	UNKNOWN STEP	2026-09-13T17:54:20.3222916Z   Downloading pydantic_core-2.46.5-cp314-cp314-manylinux_2_17_x86_64.manylinux2014_x86_64.whl.metadata (6.6 kB)
Action policy / ubuntu-latest / Python 3.10	UNKNOWN STEP	2026-09-13T17:54:20.3493651Z Collecting typing-inspection>=0.4.2 (from pydantic!=2.0.*,!=2.1.*,!=2.2.*,!=2.3.*,<3,>=1.10.13->openai==3.8.0->-r /home/runner/work/Waveframe-Guard/Waveframe-Guard/.cloud-test-source/requirements.txt (line 7))
Action policy / ubuntu-latest / Python 3.10	UNKNOWN STEP	2026-09-13T17:54:20.3713557Z   Downloading typing_inspection-0.4.4-py3-none-any.whl.metadata (2.6 kB)
Action policy / ubuntu-latest / Python 3.10	UNKNOWN STEP	2026-09-13T17:54:20.5319008Z Collecting psycopg-binary==3.3.5 (from psycopg[binary]->-r /home/runner/work/Waveframe-Guard/Waveframe-Guard/.cloud-test-source/requirements.txt (line 10))
Action policy / ubuntu-latest / Python 3.10	UNKNOWN STEP	2026-09-13T17:54:20.5538678Z   Downloading psycopg_binary-3.3.5-cp314-cp314-manylinux2014_x86_64.manylinux_2_17_x86_64.whl.metadata (2.7 kB)
Action policy / ubuntu-latest / Python 3.10	UNKNOWN STEP	2026-09-13T17:54:20.5612947Z Collecting iniconfig>=1.0.1 (from pytest->-r /home/runner/work/Waveframe-Guard/Waveframe-Guard/.cloud-test-source/requirements.txt (line 13))
Action policy / ubuntu-latest / Python 3.10	UNKNOWN STEP	2026-09-13T17:54:20.5623829Z   Using cached iniconfig-2.3.0-py3-none-any.whl.metadata (2.5 kB)
Action policy / ubuntu-latest / Python 3.10	UNKNOWN STEP	2026-09-13T17:54:20.5703739Z Collecting packaging>=22 (from pytest->-r /home/runner/work/Waveframe-Guard/Waveframe-Guard/.cloud-test-source/requirements.txt (line 13))
Action policy / ubuntu-latest / Python 3.10	UNKNOWN STEP	2026-09-13T17:54:20.5714443Z   Using cached packaging-26.3-py3-none-any.whl.metadata (3.5 kB)
Action policy / ubuntu-latest / Python 3.10	UNKNOWN STEP	2026-09-13T17:54:20.5776166Z Collecting pluggy<2,>=1.5 (from pytest->-r /home/runner/work/Waveframe-Guard/Waveframe-Guard/.cloud-test-source/requirements.txt (line 13))
Action policy / ubuntu-latest / Python 3.10	UNKNOWN STEP	2026-09-13T17:54:20.5791872Z   Using cached pluggy-1.6.0-py3-none-any.whl.metadata (4.8 kB)
Action policy / ubuntu-latest / Python 3.10	UNKNOWN STEP	2026-09-13T17:54:20.5912595Z Collecting pygments>=2.7.2 (from pytest->-r /home/runner/work/Waveframe-Guard/Waveframe-Guard/.cloud-test-source/requirements.txt (line 13))
Action policy / ubuntu-latest / Python 3.10	UNKNOWN STEP	2026-09-13T17:54:20.5926599Z   Using cached pygments-2.21.0-py3-none-any.whl.metadata (2.5 kB)
Action policy / ubuntu-latest / Python 3.10	UNKNOWN STEP	2026-09-13T17:54:20.6029087Z Collecting attrs>=22.2.0 (from jsonschema>=4->cricore-contract-compiler @ git+https://github.com/Waveframe-Labs/cricore-contract-compiler.git@3b91fcc03c804804b2ace7302f37340a787496d9->-r /home/runner/work/Waveframe-Guard/Waveframe-Guard/.cloud-test-source/requirements-action-policy-dev.txt (line 4))
Action policy / ubuntu-latest / Python 3.10	UNKNOWN STEP	2026-09-13T17:54:20.6042168Z   Using cached attrs-26.1.0-py3-none-any.whl.metadata (8.8 kB)
Action policy / ubuntu-latest / Python 3.10	UNKNOWN STEP	2026-09-13T17:54:20.6114923Z Collecting jsonschema-specifications>=2023.03.6 (from jsonschema>=4->cricore-contract-compiler @ git+https://github.com/Waveframe-Labs/cricore-contract-compiler.git@3b91fcc03c804804b2ace7302f37340a787496d9->-r /home/runner/work/Waveframe-Guard/Waveframe-Guard/.cloud-test-source/requirements-action-policy-dev.txt (line 4))
Action policy / ubuntu-latest / Python 3.10	UNKNOWN STEP	2026-09-13T17:54:20.6129365Z   Using cached jsonschema_specifications-2025.9.1-py3-none-any.whl.metadata (2.9 kB)
Action policy / ubuntu-latest / Python 3.10	UNKNOWN STEP	2026-09-13T17:54:20.6276671Z Collecting referencing>=0.28.4 (from jsonschema>=4->cricore-contract-compiler @ git+https://github.com/Waveframe-Labs/cricore-contract-compiler.git@3b91fcc03c804804b2ace7302f37340a787496d9->-r /home/runner/work/Waveframe-Guard/Waveframe-Guard/.cloud-test-source/requirements-action-policy-dev.txt (line 4))
Action policy / ubuntu-latest / Python 3.10	UNKNOWN STEP	2026-09-13T17:54:20.6290995Z   Using cached referencing-0.37.0-py3-none-any.whl.metadata (2.8 kB)
Action policy / ubuntu-latest / Python 3.10	UNKNOWN STEP	2026-09-13T17:54:20.9041330Z Collecting rpds-py>=0.25.0 (from jsonschema>=4->cricore-contract-compiler @ git+https://github.com/Waveframe-Labs/cricore-contract-compiler.git@3b91fcc03c804804b2ace7302f37340a787496d9->-r /home/runner/work/Waveframe-Guard/Waveframe-Guard/.cloud-test-source/requirements-action-policy-dev.txt (line 4))
Action policy / ubuntu-latest / Python 3.10	UNKNOWN STEP	2026-09-13T17:54:20.9238745Z   Downloading rpds_py-2026.6.3-cp314-cp314-manylinux_2_17_x86_64.manylinux2014_x86_64.whl.metadata (4.1 kB)
Action policy / ubuntu-latest / Python 3.10	UNKNOWN STEP	2026-09-13T17:54:20.9563820Z Downloading openai-3.8.0-py3-none-any.whl (1.7 MB)
Action policy / ubuntu-latest / Python 3.10	UNKNOWN STEP	2026-09-13T17:54:21.0342799Z    ━━━━━━━━━━━━━━━━━━━━━━━━━━━━━━━━━━━━━━━━ 1.7/1.7 MB 25.9 MB/s  0:00:00
Action policy / ubuntu-latest / Python 3.10	UNKNOWN STEP	2026-09-13T17:54:21.0534830Z Downloading anyio-4.15.1-py3-none-any.whl (132 kB)
Action policy / ubuntu-latest / Python 3.10	UNKNOWN STEP	2026-09-13T17:54:21.0748665Z Downloading httpx2-2.12.0-py3-none-any.whl (95 kB)
Action policy / ubuntu-latest / Python 3.10	UNKNOWN STEP	2026-09-13T17:54:21.0972946Z Downloading httpcore2-2.12.0-py3-none-any.whl (83 kB)
Action policy / ubuntu-latest / Python 3.10	UNKNOWN STEP	2026-09-13T17:54:21.1188715Z Downloading jiter-0.17.0-cp314-cp314-manylinux_2_17_x86_64.manylinux2014_x86_64.whl (345 kB)
Action policy / ubuntu-latest / Python 3.10	UNKNOWN STEP	2026-09-13T17:54:21.1404974Z Downloading pydantic-2.13.5-py3-none-any.whl (472 kB)
Action policy / ubuntu-latest / Python 3.10	UNKNOWN STEP	2026-09-13T17:54:21.1633761Z Downloading pydantic_core-2.46.5-cp314-cp314-manylinux_2_17_x86_64.manylinux2014_x86_64.whl (2.1 MB)
Action policy / ubuntu-latest / Python 3.10	UNKNOWN STEP	2026-09-13T17:54:21.1893223Z    ━━━━━━━━━━━━━━━━━━━━━━━━━━━━━━━━━━━━━━━━ 2.1/2.1 MB 76.8 MB/s  0:00:00
Action policy / ubuntu-latest / Python 3.10	UNKNOWN STEP	2026-09-13T17:54:21.1906739Z Using cached typing_extensions-4.16.0-py3-none-any.whl (45 kB)
Action policy / ubuntu-latest / Python 3.10	UNKNOWN STEP	2026-09-13T17:54:21.2096568Z Downloading psycopg-3.3.5-py3-none-any.whl (213 kB)
Action policy / ubuntu-latest / Python 3.10	UNKNOWN STEP	2026-09-13T17:54:21.2316430Z Downloading psycopg_binary-3.3.5-cp314-cp314-manylinux2014_x86_64.manylinux_2_17_x86_64.whl (5.2 MB)
Action policy / ubuntu-latest / Python 3.10	UNKNOWN STEP	2026-09-13T17:54:21.2750522Z    ━━━━━━━━━━━━━━━━━━━━━━━━━━━━━━━━━━━━━━━━ 5.2/5.2 MB 122.0 MB/s  0:00:00
Action policy / ubuntu-latest / Python 3.10	UNKNOWN STEP	2026-09-13T17:54:21.2762586Z Using cached pytest-9.1.1-py3-none-any.whl (386 kB)
Action policy / ubuntu-latest / Python 3.10	UNKNOWN STEP	2026-09-13T17:54:21.2775457Z Using cached pluggy-1.6.0-py3-none-any.whl (20 kB)
Action policy / ubuntu-latest / Python 3.10	UNKNOWN STEP	2026-09-13T17:54:21.2976824Z Downloading annotated_types-0.8.0-py3-none-any.whl (13 kB)
Action policy / ubuntu-latest / Python 3.10	UNKNOWN STEP	2026-09-13T17:54:21.3187819Z Downloading h11-0.16.0-py3-none-any.whl (37 kB)
Action policy / ubuntu-latest / Python 3.10	UNKNOWN STEP	2026-09-13T17:54:21.3218159Z Using cached idna-3.19-py3-none-any.whl (68 kB)
Action policy / ubuntu-latest / Python 3.10	UNKNOWN STEP	2026-09-13T17:54:21.3229933Z Using cached iniconfig-2.3.0-py3-none-any.whl (7.5 kB)
Action policy / ubuntu-latest / Python 3.10	UNKNOWN STEP	2026-09-13T17:54:21.3241151Z Using cached jsonschema-4.26.0-py3-none-any.whl (90 kB)
Action policy / ubuntu-latest / Python 3.10	UNKNOWN STEP	2026-09-13T17:54:21.3252812Z Using cached attrs-26.1.0-py3-none-any.whl (67 kB)
Action policy / ubuntu-latest / Python 3.10	UNKNOWN STEP	2026-09-13T17:54:21.3264483Z Using cached jsonschema_specifications-2025.9.1-py3-none-any.whl (18 kB)
Action policy / ubuntu-latest / Python 3.10	UNKNOWN STEP	2026-09-13T17:54:21.3275621Z Using cached packaging-26.3-py3-none-any.whl (129 kB)
Action policy / ubuntu-latest / Python 3.10	UNKNOWN STEP	2026-09-13T17:54:21.3287585Z Using cached pygments-2.21.0-py3-none-any.whl (1.3 MB)
Action policy / ubuntu-latest / Python 3.10	UNKNOWN STEP	2026-09-13T17:54:21.3303176Z Using cached referencing-0.37.0-py3-none-any.whl (26 kB)
Action policy / ubuntu-latest / Python 3.10	UNKNOWN STEP	2026-09-13T17:54:21.3497367Z Downloading rpds_py-2026.6.3-cp314-cp314-manylinux_2_17_x86_64.manylinux2014_x86_64.whl (367 kB)
Action policy / ubuntu-latest / Python 3.10	UNKNOWN STEP	2026-09-13T17:54:21.3712910Z Downloading truststore-0.10.4-py3-none-any.whl (18 kB)
Action policy / ubuntu-latest / Python 3.10	UNKNOWN STEP	2026-09-13T17:54:21.3921283Z Downloading typing_inspection-0.4.4-py3-none-any.whl (14 kB)
Action policy / ubuntu-latest / Python 3.10	UNKNOWN STEP	2026-09-13T17:54:21.4128069Z Downloading sniffio-1.3.1-py3-none-any.whl (10 kB)
Action policy / ubuntu-latest / Python 3.10	UNKNOWN STEP	2026-09-13T17:54:21.4922377Z Building wheels for collected packages: governance-ledger, cricore-contract-compiler
Action policy / ubuntu-latest / Python 3.10	UNKNOWN STEP	2026-09-13T17:54:21.4969265Z   Building wheel for governance-ledger (pyproject.toml): started
Action policy / ubuntu-latest / Python 3.10	UNKNOWN STEP	2026-09-13T17:54:21.7840048Z   Building wheel for governance-ledger (pyproject.toml): finished with status 'done'
Action policy / ubuntu-latest / Python 3.10	UNKNOWN STEP	2026-09-13T17:54:21.7847808Z   Created wheel for governance-ledger: filename=governance_ledger-0.8.0-py3-none-any.whl size=187302 sha256=329f27cbe4e492ab6603e517deab50cc513587da8d4738b557c9dccc465b8eb8
Action policy / ubuntu-latest / Python 3.10	UNKNOWN STEP	2026-09-13T17:54:21.7849728Z   Stored in directory: /home/runner/.cache/pip/wheels/17/4f/59/2dc5441a585b883479cd2f1d3c96675c13066ae9cf9df06ad7
Action policy / ubuntu-latest / Python 3.10	UNKNOWN STEP	2026-09-13T17:54:21.7922609Z   Building wheel for cricore-contract-compiler (pyproject.toml): started
Action policy / ubuntu-latest / Python 3.10	UNKNOWN STEP	2026-09-13T17:54:22.0302260Z   Building wheel for cricore-contract-compiler (pyproject.toml): finished with status 'done'
Action policy / ubuntu-latest / Python 3.10	UNKNOWN STEP	2026-09-13T17:54:22.0309356Z   Created wheel for cricore-contract-compiler: filename=cricore_contract_compiler-0.4.0-py3-none-any.whl size=19526 sha256=c4bdf699950caf922867a1e2134b362146bf20b34519a4c6698331405bf6afe3
Action policy / ubuntu-latest / Python 3.10	UNKNOWN STEP	2026-09-13T17:54:22.0311811Z   Stored in directory: /home/runner/.cache/pip/wheels/e6/b1/91/70f05bcb790c8e2d69e9ac79192ab0dd60b04f1df74aa321ed
Action policy / ubuntu-latest / Python 3.10	UNKNOWN STEP	2026-09-13T17:54:22.0334866Z Successfully built governance-ledger cricore-contract-compiler
Action policy / ubuntu-latest / Python 3.10	UNKNOWN STEP	2026-09-13T17:54:22.0954512Z Installing collected packages: typing-extensions, truststore, sniffio, rpds-py, pygments, psycopg-binary, psycopg, pluggy, packaging, jiter, iniconfig, idna, h11, attrs, annotated-types, typing-inspection, referencing, pytest, pydantic-core, httpcore2, anyio, pydantic, jsonschema-specifications, httpx2, openai, jsonschema, cricore-contract-compiler, governance-ledger
Action policy / ubuntu-latest / Python 3.10	UNKNOWN STEP	2026-09-13T17:54:26.5723874Z 
Action policy / ubuntu-latest / Python 3.10	UNKNOWN STEP	2026-09-13T17:54:26.5757613Z Successfully installed annotated-types-0.8.0 anyio-4.15.1 attrs-26.1.0 cricore-contract-compiler-0.4.0 governance-ledger-0.8.0 h11-0.16.0 httpcore2-2.12.0 httpx2-2.12.0 idna-3.19 iniconfig-2.3.0 jiter-0.17.0 jsonschema-4.26.0 jsonschema-specifications-2025.9.1 openai-3.8.0 packaging-26.3 pluggy-1.6.0 psycopg-3.3.5 psycopg-binary-3.3.5 pydantic-2.13.5 pydantic-core-2.46.5 pygments-2.21.0 pytest-9.1.1 referencing-0.37.0 rpds-py-2026.6.3 sniffio-1.3.1 truststore-0.10.4 typing-extensions-4.16.0 typing-inspection-0.4.4
Action policy / ubuntu-latest / Python 3.10	UNKNOWN STEP	2026-09-13T17:54:46.3416986Z {
Action policy / ubuntu-latest / Python 3.10	UNKNOWN STEP	2026-09-13T17:54:46.3417372Z   "created": {
Action policy / ubuntu-latest / Python 3.10	UNKNOWN STEP	2026-09-13T17:54:46.3417788Z     "run_id": "guard_run_2abe23eeae1d0d01acf657f2",
Action policy / ubuntu-latest / Python 3.10	UNKNOWN STEP	2026-09-13T17:54:46.3418366Z     "callback_count": 1,
Action policy / ubuntu-latest / Python 3.10	UNKNOWN STEP	2026-09-13T17:54:46.3418734Z     "decision": "ALLOWED",
Action policy / ubuntu-latest / Python 3.10	UNKNOWN STEP	2026-09-13T17:54:46.3419112Z     "preserve_status": 201,
Action policy / ubuntu-latest / Python 3.10	UNKNOWN STEP	2026-09-13T17:54:46.3419491Z     "retrieve_status": 200,
Action policy / ubuntu-latest / Python 3.10	UNKNOWN STEP	2026-09-13T17:54:46.3419872Z     "report_status": 201,
Action policy / ubuntu-latest / Python 3.10	UNKNOWN STEP	2026-09-13T17:54:46.3420263Z     "execution_status": "succeeded",
Action policy / ubuntu-latest / Python 3.10	UNKNOWN STEP	2026-09-13T17:54:46.3420697Z     "mutation_executed": true,
Action policy / ubuntu-latest / Python 3.10	UNKNOWN STEP	2026-09-13T17:54:46.3421110Z     "exact_package_roundtrip": true
Action policy / ubuntu-latest / Python 3.10	UNKNOWN STEP	2026-09-13T17:54:46.3421521Z   },
Action policy / ubuntu-latest / Python 3.10	UNKNOWN STEP	2026-09-13T17:54:46.3421800Z   "empty": {
Action policy / ubuntu-latest / Python 3.10	UNKNOWN STEP	2026-09-13T17:54:46.3422149Z     "run_id": "guard_run_b4055c71c2e0f7f452e0cb12",
Action policy / ubuntu-latest / Python 3.10	UNKNOWN STEP	2026-09-13T17:54:46.3422611Z     "callback_count": 1,
Action policy / ubuntu-latest / Python 3.10	UNKNOWN STEP	2026-09-13T17:54:46.3422957Z     "decision": "ALLOWED",
Action policy / ubuntu-latest / Python 3.10	UNKNOWN STEP	2026-09-13T17:54:46.3423334Z     "preserve_status": 201,
Action policy / ubuntu-latest / Python 3.10	UNKNOWN STEP	2026-09-13T17:54:46.3423709Z     "retrieve_status": 200,
Action policy / ubuntu-latest / Python 3.10	UNKNOWN STEP	2026-09-13T17:54:46.3424070Z     "report_status": 201,
Action policy / ubuntu-latest / Python 3.10	UNKNOWN STEP	2026-09-13T17:54:46.3424457Z     "execution_status": "succeeded",
Action policy / ubuntu-latest / Python 3.10	UNKNOWN STEP	2026-09-13T17:54:46.3425248Z     "mutation_executed": true,
Action policy / ubuntu-latest / Python 3.10	UNKNOWN STEP	2026-09-13T17:54:46.3425920Z     "exact_package_roundtrip": true
Action policy / ubuntu-latest / Python 3.10	UNKNOWN STEP	2026-09-13T17:54:46.3426325Z   },
Action policy / ubuntu-latest / Python 3.10	UNKNOWN STEP	2026-09-13T17:54:46.3426630Z   "denied-role": {
Action policy / ubuntu-latest / Python 3.10	UNKNOWN STEP	2026-09-13T17:54:46.3427019Z     "run_id": "guard_run_a558af2f165651f3aaee23f9",
Action policy / ubuntu-latest / Python 3.10	UNKNOWN STEP	2026-09-13T17:54:46.3427490Z     "callback_count": 0,
Action policy / ubuntu-latest / Python 3.10	UNKNOWN STEP	2026-09-13T17:54:46.3427842Z     "decision": "BLOCKED",
Action policy / ubuntu-latest / Python 3.10	UNKNOWN STEP	2026-09-13T17:54:46.3428197Z     "preserve_status": 201,
Action policy / ubuntu-latest / Python 3.10	UNKNOWN STEP	2026-09-13T17:54:46.3428551Z     "retrieve_status": 200,
Action policy / ubuntu-latest / Python 3.10	UNKNOWN STEP	2026-09-13T17:54:46.3428909Z     "report_status": 201,
Action policy / ubuntu-latest / Python 3.10	UNKNOWN STEP	2026-09-13T17:54:46.3429277Z     "execution_status": "blocked",
Action policy / ubuntu-latest / Python 3.10	UNKNOWN STEP	2026-09-13T17:54:46.3429686Z     "mutation_executed": false,
Action policy / ubuntu-latest / Python 3.10	UNKNOWN STEP	2026-09-13T17:54:46.3430089Z     "exact_package_roundtrip": true
Action policy / ubuntu-latest / Python 3.10	UNKNOWN STEP	2026-09-13T17:54:46.3430463Z   },
Action policy / ubuntu-latest / Python 3.10	UNKNOWN STEP	2026-09-13T17:54:46.3430733Z   "denied-path": {
Action policy / ubuntu-latest / Python 3.10	UNKNOWN STEP	2026-09-13T17:54:46.3431119Z     "run_id": "guard_run_11bcbeee4eb7b389c9aed01f",
Action policy / ubuntu-latest / Python 3.10	UNKNOWN STEP	2026-09-13T17:54:46.3431574Z     "callback_count": 0,
Action policy / ubuntu-latest / Python 3.10	UNKNOWN STEP	2026-09-13T17:54:46.3431912Z     "decision": "BLOCKED",
Action policy / ubuntu-latest / Python 3.10	UNKNOWN STEP	2026-09-13T17:54:46.3432276Z     "preserve_status": 201,
Action policy / ubuntu-latest / Python 3.10	UNKNOWN STEP	2026-09-13T17:54:46.3432862Z     "retrieve_status": 200,
Action policy / ubuntu-latest / Python 3.10	UNKNOWN STEP	2026-09-13T17:54:46.3433238Z     "report_status": 201,
Action policy / ubuntu-latest / Python 3.10	UNKNOWN STEP	2026-09-13T17:54:46.3433597Z     "execution_status": "blocked",
Action policy / ubuntu-latest / Python 3.10	UNKNOWN STEP	2026-09-13T17:54:46.3433983Z     "mutation_executed": false,
Action policy / ubuntu-latest / Python 3.10	UNKNOWN STEP	2026-09-13T17:54:46.3434371Z     "exact_package_roundtrip": true
Action policy / ubuntu-latest / Python 3.10	UNKNOWN STEP	2026-09-13T17:54:46.3434758Z   },
Action policy / ubuntu-latest / Python 3.10	UNKNOWN STEP	2026-09-13T17:54:46.3435039Z   "default-deny": {
Action policy / ubuntu-latest / Python 3.10	UNKNOWN STEP	2026-09-13T17:54:46.3435418Z     "run_id": "guard_run_ff7235c3fcaadb35ce1b83bc",
Action policy / ubuntu-latest / Python 3.10	UNKNOWN STEP	2026-09-13T17:54:46.3436072Z     "callback_count": 0,
Action policy / ubuntu-latest / Python 3.10	UNKNOWN STEP	2026-09-13T17:54:46.3436428Z     "decision": "BLOCKED",
Action policy / ubuntu-latest / Python 3.10	UNKNOWN STEP	2026-09-13T17:54:46.3436770Z     "preserve_status": 201,
Action policy / ubuntu-latest / Python 3.10	UNKNOWN STEP	2026-09-13T17:54:46.3437126Z     "retrieve_status": 200,
Action policy / ubuntu-latest / Python 3.10	UNKNOWN STEP	2026-09-13T17:54:46.3437477Z     "report_status": 201,
Action policy / ubuntu-latest / Python 3.10	UNKNOWN STEP	2026-09-13T17:54:46.3437838Z     "execution_status": "blocked",
Action policy / ubuntu-latest / Python 3.10	UNKNOWN STEP	2026-09-13T17:54:46.3438232Z     "mutation_executed": false,
Action policy / ubuntu-latest / Python 3.10	UNKNOWN STEP	2026-09-13T17:54:46.3438621Z     "exact_package_roundtrip": true
Action policy / ubuntu-latest / Python 3.10	UNKNOWN STEP	2026-09-13T17:54:46.3439002Z   },
Action policy / ubuntu-latest / Python 3.10	UNKNOWN STEP	2026-09-13T17:54:46.3439263Z   "collision": {
Action policy / ubuntu-latest / Python 3.10	UNKNOWN STEP	2026-09-13T17:54:46.3439627Z     "run_id": "guard_run_0941ddd71ab48d0dd4331e81",
Action policy / ubuntu-latest / Python 3.10	UNKNOWN STEP	2026-09-13T17:54:46.3440094Z     "callback_count": 1,
Action policy / ubuntu-latest / Python 3.10	UNKNOWN STEP	2026-09-13T17:54:46.3440442Z     "decision": "ALLOWED",
Action policy / ubuntu-latest / Python 3.10	UNKNOWN STEP	2026-09-13T17:54:46.3440793Z     "preserve_status": 201,
Action policy / ubuntu-latest / Python 3.10	UNKNOWN STEP	2026-09-13T17:54:46.3441142Z     "retrieve_status": 200,
Action policy / ubuntu-latest / Python 3.10	UNKNOWN STEP	2026-09-13T17:54:46.3441503Z     "report_status": 201,
Action policy / ubuntu-latest / Python 3.10	UNKNOWN STEP	2026-09-13T17:54:46.3441864Z     "execution_status": "failed",
Action policy / ubuntu-latest / Python 3.10	UNKNOWN STEP	2026-09-13T17:54:46.3442270Z     "mutation_executed": false,
Action policy / ubuntu-latest / Python 3.10	UNKNOWN STEP	2026-09-13T17:54:46.3442666Z     "exact_package_roundtrip": true
Action policy / ubuntu-latest / Python 3.10	UNKNOWN STEP	2026-09-13T17:54:46.3443038Z   },
Action policy / ubuntu-latest / Python 3.10	UNKNOWN STEP	2026-09-13T17:54:46.3443352Z   "partial": {
Action policy / ubuntu-latest / Python 3.10	UNKNOWN STEP	2026-09-13T17:54:46.3443698Z     "run_id": "guard_run_012623607bce4b94c1199941",
Action policy / ubuntu-latest / Python 3.10	UNKNOWN STEP	2026-09-13T17:54:46.3444163Z     "callback_count": 1,
Action policy / ubuntu-latest / Python 3.10	UNKNOWN STEP	2026-09-13T17:54:46.3444520Z     "decision": "ALLOWED",
Action policy / ubuntu-latest / Python 3.10	UNKNOWN STEP	2026-09-13T17:54:46.3444887Z     "preserve_status": 201,
Action policy / ubuntu-latest / Python 3.10	UNKNOWN STEP	2026-09-13T17:54:46.3445241Z     "retrieve_status": 200,
Action policy / ubuntu-latest / Python 3.10	UNKNOWN STEP	2026-09-13T17:54:46.3445783Z     "report_status": 201,
Action policy / ubuntu-latest / Python 3.10	UNKNOWN STEP	2026-09-13T17:54:46.3446168Z     "execution_status": "failed",
Action policy / ubuntu-latest / Python 3.10	UNKNOWN STEP	2026-09-13T17:54:46.3446559Z     "mutation_executed": true,
Action policy / ubuntu-latest / Python 3.10	UNKNOWN STEP	2026-09-13T17:54:46.3446952Z     "exact_package_roundtrip": true
Action policy / ubuntu-latest / Python 3.10	UNKNOWN STEP	2026-09-13T17:54:46.3447323Z   },
Action policy / ubuntu-latest / Python 3.10	UNKNOWN STEP	2026-09-13T17:54:46.3447592Z   "unknown": {
Action policy / ubuntu-latest / Python 3.10	UNKNOWN STEP	2026-09-13T17:54:46.3447931Z     "run_id": "guard_run_b2c1696632e7d7a10fda58cf",
Action policy / ubuntu-latest / Python 3.10	UNKNOWN STEP	2026-09-13T17:54:46.3448385Z     "callback_count": 1,
Action policy / ubuntu-latest / Python 3.10	UNKNOWN STEP	2026-09-13T17:54:46.3448729Z     "decision": "ALLOWED",
Action policy / ubuntu-latest / Python 3.10	UNKNOWN STEP	2026-09-13T17:54:46.3449088Z     "preserve_status": 201,
Action policy / ubuntu-latest / Python 3.10	UNKNOWN STEP	2026-09-13T17:54:46.3449449Z     "retrieve_status": 200,
Action policy / ubuntu-latest / Python 3.10	UNKNOWN STEP	2026-09-13T17:54:46.3449798Z     "report_status": 201,
Action policy / ubuntu-latest / Python 3.10	UNKNOWN STEP	2026-09-13T17:54:46.3450156Z     "execution_status": "failed",
Action policy / ubuntu-latest / Python 3.10	UNKNOWN STEP	2026-09-13T17:54:46.3450540Z     "mutation_executed": null,
Action policy / ubuntu-latest / Python 3.10	UNKNOWN STEP	2026-09-13T17:54:46.3450921Z     "exact_package_roundtrip": true
Action policy / ubuntu-latest / Python 3.10	UNKNOWN STEP	2026-09-13T17:54:46.3451296Z   },
Action policy / ubuntu-latest / Python 3.10	UNKNOWN STEP	2026-09-13T17:54:46.3451575Z   "returned-summary": {
Action policy / ubuntu-latest / Python 3.10	UNKNOWN STEP	2026-09-13T17:54:46.3451964Z     "run_id": "guard_run_3f0f13cd9c7b54b50c8dba30",
Action policy / ubuntu-latest / Python 3.10	UNKNOWN STEP	2026-09-13T17:54:46.3452627Z     "callback_count": 1,
Action policy / ubuntu-latest / Python 3.10	UNKNOWN STEP	2026-09-13T17:54:46.3452998Z     "decision": "ALLOWED",
Action policy / ubuntu-latest / Python 3.10	UNKNOWN STEP	2026-09-13T17:54:46.3453362Z     "preserve_status": 201,
Action policy / ubuntu-latest / Python 3.10	UNKNOWN STEP	2026-09-13T17:54:46.3453725Z     "retrieve_status": 200,
Action policy / ubuntu-latest / Python 3.10	UNKNOWN STEP	2026-09-13T17:54:46.3454083Z     "report_status": 201,
Action policy / ubuntu-latest / Python 3.10	UNKNOWN STEP	2026-09-13T17:54:46.3454475Z     "execution_status": "failed",
Action policy / ubuntu-latest / Python 3.10	UNKNOWN STEP	2026-09-13T17:54:46.3454904Z     "mutation_executed": null,
Action policy / ubuntu-latest / Python 3.10	UNKNOWN STEP	2026-09-13T17:54:46.3455317Z     "exact_package_roundtrip": true
Action policy / ubuntu-latest / Python 3.10	UNKNOWN STEP	2026-09-13T17:54:46.3455898Z   },
Action policy / ubuntu-latest / Python 3.10	UNKNOWN STEP	2026-09-13T17:54:46.3456189Z   "post-validation": {
Action policy / ubuntu-latest / Python 3.10	UNKNOWN STEP	2026-09-13T17:54:46.3456572Z     "run_id": "guard_run_692fc44b0515a94165574e66",
Action policy / ubuntu-latest / Python 3.10	UNKNOWN STEP	2026-09-13T17:54:46.3457027Z     "callback_count": 1,
Action policy / ubuntu-latest / Python 3.10	UNKNOWN STEP	2026-09-13T17:54:46.3457380Z     "decision": "ALLOWED",
Action policy / ubuntu-latest / Python 3.10	UNKNOWN STEP	2026-09-13T17:54:46.3457737Z     "preserve_status": 201,
Action policy / ubuntu-latest / Python 3.10	UNKNOWN STEP	2026-09-13T17:54:46.3458099Z     "retrieve_status": 200,
Action policy / ubuntu-latest / Python 3.10	UNKNOWN STEP	2026-09-13T17:54:46.3458451Z     "report_status": 201,
Action policy / ubuntu-latest / Python 3.10	UNKNOWN STEP	2026-09-13T17:54:46.3458808Z     "execution_status": "failed",
Action policy / ubuntu-latest / Python 3.10	UNKNOWN STEP	2026-09-13T17:54:46.3459198Z     "mutation_executed": true,
Action policy / ubuntu-latest / Python 3.10	UNKNOWN STEP	2026-09-13T17:54:46.3459605Z     "exact_package_roundtrip": true
Action policy / ubuntu-latest / Python 3.10	UNKNOWN STEP	2026-09-13T17:54:46.3459979Z   },
Action policy / ubuntu-latest / Python 3.10	UNKNOWN STEP	2026-09-13T17:54:46.3460601Z   "pre-callback": {
Action policy / ubuntu-latest / Python 3.10	UNKNOWN STEP	2026-09-13T17:54:46.3461239Z     "run_id": "guard_run_a08a0235315cdd18d0232618",
Action policy / ubuntu-latest / Python 3.10	UNKNOWN STEP	2026-09-13T17:54:46.3461818Z     "callback_count": 0,
Action policy / ubuntu-latest / Python 3.10	UNKNOWN STEP	2026-09-13T17:54:46.3462280Z     "decision": "ALLOWED",
Action policy / ubuntu-latest / Python 3.10	UNKNOWN STEP	2026-09-13T17:54:46.3462888Z     "preserve_status": 201,
Action policy / ubuntu-latest / Python 3.10	UNKNOWN STEP	2026-09-13T17:54:46.3463428Z     "retrieve_status": 200,
Action policy / ubuntu-latest / Python 3.10	UNKNOWN STEP	2026-09-13T17:54:46.3463959Z     "report_status": 201,
Action policy / ubuntu-latest / Python 3.10	UNKNOWN STEP	2026-09-13T17:54:46.3464479Z     "execution_status": "not_executed",
Action policy / ubuntu-latest / Python 3.10	UNKNOWN STEP	2026-09-13T17:54:46.3465062Z     "mutation_executed": false,
Action policy / ubuntu-latest / Python 3.10	UNKNOWN STEP	2026-09-13T17:54:46.3465934Z     "exact_package_roundtrip": true
Action policy / ubuntu-latest / Python 3.10	UNKNOWN STEP	2026-09-13T17:54:46.3466504Z   },
Action policy / ubuntu-latest / Python 3.10	UNKNOWN STEP	2026-09-13T17:54:46.3484951Z   "create-only-no-modify": {
Action policy / ubuntu-latest / Python 3.10	UNKNOWN STEP	2026-09-13T17:54:46.3485453Z     "run_id": "guard_run_cbf64d5fefc6f9e613b035b6",
Action policy / ubuntu-latest / Python 3.10	UNKNOWN STEP	2026-09-13T17:54:46.3486196Z     "callback_count": 0,
Action policy / ubuntu-latest / Python 3.10	UNKNOWN STEP	2026-09-13T17:54:46.3486602Z     "decision": "BLOCKED",
Action policy / ubuntu-latest / Python 3.10	UNKNOWN STEP	2026-09-13T17:54:46.3487000Z     "preserve_status": 201,
Action policy / ubuntu-latest / Python 3.10	UNKNOWN STEP	2026-09-13T17:54:46.3487410Z     "retrieve_status": 200,
Action policy / ubuntu-latest / Python 3.10	UNKNOWN STEP	2026-09-13T17:54:46.3487807Z     "report_status": 201,
Action policy / ubuntu-latest / Python 3.10	UNKNOWN STEP	2026-09-13T17:54:46.3488244Z     "execution_status": "blocked",
Action policy / ubuntu-latest / Python 3.10	UNKNOWN STEP	2026-09-13T17:54:46.3488688Z     "mutation_executed": false,
Action policy / ubuntu-latest / Python 3.10	UNKNOWN STEP	2026-09-13T17:54:46.3489128Z     "exact_package_roundtrip": true
Action policy / ubuntu-latest / Python 3.10	UNKNOWN STEP	2026-09-13T17:54:46.3489544Z   },
Action policy / ubuntu-latest / Python 3.10	UNKNOWN STEP	2026-09-13T17:54:46.3489869Z   "modify-only-no-create": {
Action policy / ubuntu-latest / Python 3.10	UNKNOWN STEP	2026-09-13T17:54:46.3490338Z     "run_id": "guard_run_873780094ebf0a79222bc54a",
Action policy / ubuntu-latest / Python 3.10	UNKNOWN STEP	2026-09-13T17:54:46.3490820Z     "callback_count": 0,
Action policy / ubuntu-latest / Python 3.10	UNKNOWN STEP	2026-09-13T17:54:46.3491204Z     "decision": "BLOCKED",
Action policy / ubuntu-latest / Python 3.10	UNKNOWN STEP	2026-09-13T17:54:46.3491603Z     "preserve_status": 201,
Action policy / ubuntu-latest / Python 3.10	UNKNOWN STEP	2026-09-13T17:54:46.3491999Z     "retrieve_status": 200,
Action policy / ubuntu-latest / Python 3.10	UNKNOWN STEP	2026-09-13T17:54:46.3492405Z     "report_status": 201,
Action policy / ubuntu-latest / Python 3.10	UNKNOWN STEP	2026-09-13T17:54:46.3492806Z     "execution_status": "blocked",
Action policy / ubuntu-latest / Python 3.10	UNKNOWN STEP	2026-09-13T17:54:46.3493248Z     "mutation_executed": false,
Action policy / ubuntu-latest / Python 3.10	UNKNOWN STEP	2026-09-13T17:54:46.3493684Z     "exact_package_roundtrip": true
Action policy / ubuntu-latest / Python 3.10	UNKNOWN STEP	2026-09-13T17:54:46.3494092Z   },
Action policy / ubuntu-latest / Python 3.10	UNKNOWN STEP	2026-09-13T17:54:46.3494377Z   "modified": {
Action policy / ubuntu-latest / Python 3.10	UNKNOWN STEP	2026-09-13T17:54:46.3494767Z     "run_id": "guard_run_781dc3fdaa2a2d79263d87b4",
Action policy / ubuntu-latest / Python 3.10	UNKNOWN STEP	2026-09-13T17:54:46.3495263Z     "callback_count": 1,
Action policy / ubuntu-latest / Python 3.10	UNKNOWN STEP	2026-09-13T17:54:46.3495842Z     "decision": "ALLOWED",
Action policy / ubuntu-latest / Python 3.10	UNKNOWN STEP	2026-09-13T17:54:46.3496231Z     "preserve_status": 201,
Action policy / ubuntu-latest / Python 3.10	UNKNOWN STEP	2026-09-13T17:54:46.3496616Z     "retrieve_status": 200,
Action policy / ubuntu-latest / Python 3.10	UNKNOWN STEP	2026-09-13T17:54:46.3497005Z     "report_status": 201,
Action policy / ubuntu-latest / Python 3.10	UNKNOWN STEP	2026-09-13T17:54:46.3497394Z     "execution_status": "succeeded",
Action policy / ubuntu-latest / Python 3.10	UNKNOWN STEP	2026-09-13T17:54:46.3497834Z     "mutation_executed": true,
Action policy / ubuntu-latest / Python 3.10	UNKNOWN STEP	2026-09-13T17:54:46.3498263Z     "exact_package_roundtrip": true
Action policy / ubuntu-latest / Python 3.10	UNKNOWN STEP	2026-09-13T17:54:46.3498682Z   },
Action policy / ubuntu-latest / Python 3.10	UNKNOWN STEP	2026-09-13T17:54:46.3498989Z   "modify-denied-path": {
Action policy / ubuntu-latest / Python 3.10	UNKNOWN STEP	2026-09-13T17:54:46.3499419Z     "run_id": "guard_run_3fe355e0bca28ce066f64c17",
Action policy / ubuntu-latest / Python 3.10	UNKNOWN STEP	2026-09-13T17:54:46.3499905Z     "callback_count": 0,
Action policy / ubuntu-latest / Python 3.10	UNKNOWN STEP	2026-09-13T17:54:46.3500273Z     "decision": "BLOCKED",
Action policy / ubuntu-latest / Python 3.10	UNKNOWN STEP	2026-09-13T17:54:46.3500631Z     "preserve_status": 201,
Action policy / ubuntu-latest / Python 3.10	UNKNOWN STEP	2026-09-13T17:54:46.3500967Z     "retrieve_status": 200,
Action policy / ubuntu-latest / Python 3.10	UNKNOWN STEP	2026-09-13T17:54:46.3501301Z     "report_status": 201,
Action policy / ubuntu-latest / Python 3.10	UNKNOWN STEP	2026-09-13T17:54:46.3501880Z     "execution_status": "blocked",
Action policy / ubuntu-latest / Python 3.10	UNKNOWN STEP	2026-09-13T17:54:46.3502268Z     "mutation_executed": false,
Action policy / ubuntu-latest / Python 3.10	UNKNOWN STEP	2026-09-13T17:54:46.3502636Z     "exact_package_roundtrip": true
Action policy / ubuntu-latest / Python 3.10	UNKNOWN STEP	2026-09-13T17:54:46.3502987Z   },
Action policy / ubuntu-latest / Python 3.10	UNKNOWN STEP	2026-09-13T17:54:46.3503249Z   "modify-denied-role": {
Action policy / ubuntu-latest / Python 3.10	UNKNOWN STEP	2026-09-13T17:54:46.3503609Z     "run_id": "guard_run_14ab2c9744090477ae49c034",
Action policy / ubuntu-latest / Python 3.10	UNKNOWN STEP	2026-09-13T17:54:46.3504051Z     "callback_count": 0,
Action policy / ubuntu-latest / Python 3.10	UNKNOWN STEP	2026-09-13T17:54:46.3504424Z     "decision": "BLOCKED",
Action policy / ubuntu-latest / Python 3.10	UNKNOWN STEP	2026-09-13T17:54:46.3504789Z     "preserve_status": 201,
Action policy / ubuntu-latest / Python 3.10	UNKNOWN STEP	2026-09-13T17:54:46.3505150Z     "retrieve_status": 200,
Action policy / ubuntu-latest / Python 3.10	UNKNOWN STEP	2026-09-13T17:54:46.3505477Z     "report_status": 201,
Action policy / ubuntu-latest / Python 3.10	UNKNOWN STEP	2026-09-13T17:54:46.3506043Z     "execution_status": "blocked",
Action policy / ubuntu-latest / Python 3.10	UNKNOWN STEP	2026-09-13T17:54:46.3506456Z     "mutation_executed": false,
Action policy / ubuntu-latest / Python 3.10	UNKNOWN STEP	2026-09-13T17:54:46.3506867Z     "exact_package_roundtrip": true
Action policy / ubuntu-latest / Python 3.10	UNKNOWN STEP	2026-09-13T17:54:46.3507264Z   },
Action policy / ubuntu-latest / Python 3.10	UNKNOWN STEP	2026-09-13T17:54:46.3507575Z   "mixed-created": {
Action policy / ubuntu-latest / Python 3.10	UNKNOWN STEP	2026-09-13T17:54:46.3507970Z     "run_id": "guard_run_f078f762cfa4d2945de75c42",
Action policy / ubuntu-latest / Python 3.10	UNKNOWN STEP	2026-09-13T17:54:46.3508463Z     "callback_count": 1,
Action policy / ubuntu-latest / Python 3.10	UNKNOWN STEP	2026-09-13T17:54:46.3508836Z     "decision": "ALLOWED",
Action policy / ubuntu-latest / Python 3.10	UNKNOWN STEP	2026-09-13T17:54:46.3509396Z     "preserve_status": 201,
Action policy / ubuntu-latest / Python 3.10	UNKNOWN STEP	2026-09-13T17:54:46.3509799Z     "retrieve_status": 200,
Action policy / ubuntu-latest / Python 3.10	UNKNOWN STEP	2026-09-13T17:54:46.3510174Z     "report_status": 201,
Action policy / ubuntu-latest / Python 3.10	UNKNOWN STEP	2026-09-13T17:54:46.3510550Z     "execution_status": "succeeded",
Action policy / ubuntu-latest / Python 3.10	UNKNOWN STEP	2026-09-13T17:54:46.3510969Z     "mutation_executed": true,
Action policy / ubuntu-latest / Python 3.10	UNKNOWN STEP	2026-09-13T17:54:46.3511364Z     "exact_package_roundtrip": true
Action policy / ubuntu-latest / Python 3.10	UNKNOWN STEP	2026-09-13T17:54:46.3511780Z   },
Action policy / ubuntu-latest / Python 3.10	UNKNOWN STEP	2026-09-13T17:54:46.3512086Z   "mixed-modified": {
Action policy / ubuntu-latest / Python 3.10	UNKNOWN STEP	2026-09-13T17:54:46.3512503Z     "run_id": "guard_run_2c969b4200521b88f3513bb1",
Action policy / ubuntu-latest / Python 3.10	UNKNOWN STEP	2026-09-13T17:54:46.3513010Z     "callback_count": 1,
Action policy / ubuntu-latest / Python 3.10	UNKNOWN STEP	2026-09-13T17:54:46.3513403Z     "decision": "ALLOWED",
Action policy / ubuntu-latest / Python 3.10	UNKNOWN STEP	2026-09-13T17:54:46.3513803Z     "preserve_status": 201,
Action policy / ubuntu-latest / Python 3.10	UNKNOWN STEP	2026-09-13T17:54:46.3514203Z     "retrieve_status": 200,
Action policy / ubuntu-latest / Python 3.10	UNKNOWN STEP	2026-09-13T17:54:46.3514596Z     "report_status": 201,
Action policy / ubuntu-latest / Python 3.10	UNKNOWN STEP	2026-09-13T17:54:46.3515006Z     "execution_status": "succeeded",
Action policy / ubuntu-latest / Python 3.10	UNKNOWN STEP	2026-09-13T17:54:46.3515457Z     "mutation_executed": true,
Action policy / ubuntu-latest / Python 3.10	UNKNOWN STEP	2026-09-13T17:54:46.3516171Z     "exact_package_roundtrip": true
Action policy / ubuntu-latest / Python 3.10	UNKNOWN STEP	2026-09-13T17:54:46.3516600Z   },
Action policy / ubuntu-latest / Python 3.10	UNKNOWN STEP	2026-09-13T17:54:46.3516919Z   "mixed-create-role": {
Action policy / ubuntu-latest / Python 3.10	UNKNOWN STEP	2026-09-13T17:54:46.3517380Z     "run_id": "guard_run_e94152afa00c4071f1130a2a",
Action policy / ubuntu-latest / Python 3.10	UNKNOWN STEP	2026-09-13T17:54:46.3517884Z     "callback_count": 0,
Action policy / ubuntu-latest / Python 3.10	UNKNOWN STEP	2026-09-13T17:54:46.3518270Z     "decision": "BLOCKED",
Action policy / ubuntu-latest / Python 3.10	UNKNOWN STEP	2026-09-13T17:54:46.3518667Z     "preserve_status": 201,
Action policy / ubuntu-latest / Python 3.10	UNKNOWN STEP	2026-09-13T17:54:46.3519067Z     "retrieve_status": 200,
Action policy / ubuntu-latest / Python 3.10	UNKNOWN STEP	2026-09-13T17:54:46.3519474Z     "report_status": 201,
Action policy / ubuntu-latest / Python 3.10	UNKNOWN STEP	2026-09-13T17:54:46.3519879Z     "execution_status": "blocked",
Action policy / ubuntu-latest / Python 3.10	UNKNOWN STEP	2026-09-13T17:54:46.3520331Z     "mutation_executed": false,
Action policy / ubuntu-latest / Python 3.10	UNKNOWN STEP	2026-09-13T17:54:46.3520768Z     "exact_package_roundtrip": true
Action policy / ubuntu-latest / Python 3.10	UNKNOWN STEP	2026-09-13T17:54:46.3521201Z   },
Action policy / ubuntu-latest / Python 3.10	UNKNOWN STEP	2026-09-13T17:54:46.3521511Z   "mixed-modify-role": {
Action policy / ubuntu-latest / Python 3.10	UNKNOWN STEP	2026-09-13T17:54:46.3521943Z     "run_id": "guard_run_4d5db86c975820541a72ca61",
Action policy / ubuntu-latest / Python 3.10	UNKNOWN STEP	2026-09-13T17:54:46.3522452Z     "callback_count": 0,
Action policy / ubuntu-latest / Python 3.10	UNKNOWN STEP	2026-09-13T17:54:46.3522831Z     "decision": "BLOCKED",
Action policy / ubuntu-latest / Python 3.10	UNKNOWN STEP	2026-09-13T17:54:46.3523221Z     "preserve_status": 201,
Action policy / ubuntu-latest / Python 3.10	UNKNOWN STEP	2026-09-13T17:54:46.3523626Z     "retrieve_status": 200,
Action policy / ubuntu-latest / Python 3.10	UNKNOWN STEP	2026-09-13T17:54:46.3524032Z     "report_status": 201,
Action policy / ubuntu-latest / Python 3.10	UNKNOWN STEP	2026-09-13T17:54:46.3524430Z     "execution_status": "blocked",
Action policy / ubuntu-latest / Python 3.10	UNKNOWN STEP	2026-09-13T17:54:46.3524879Z     "mutation_executed": false,
Action policy / ubuntu-latest / Python 3.10	UNKNOWN STEP	2026-09-13T17:54:46.3525314Z     "exact_package_roundtrip": true
Action policy / ubuntu-latest / Python 3.10	UNKNOWN STEP	2026-09-13T17:54:46.3525931Z   },
Action policy / ubuntu-latest / Python 3.10	UNKNOWN STEP	2026-09-13T17:54:46.3526234Z   "no-report": {
Action policy / ubuntu-latest / Python 3.10	UNKNOWN STEP	2026-09-13T17:54:46.3526626Z     "run_id": "guard_run_d0b422a442140e71275da44c",
Action policy / ubuntu-latest / Python 3.10	UNKNOWN STEP	2026-09-13T17:54:46.3527136Z     "callback_count": 0,
Action policy / ubuntu-latest / Python 3.10	UNKNOWN STEP	2026-09-13T17:54:46.3527532Z     "decision": "ALLOWED",
Action policy / ubuntu-latest / Python 3.10	UNKNOWN STEP	2026-09-13T17:54:46.3527929Z     "preserve_status": 201,
Action policy / ubuntu-latest / Python 3.10	UNKNOWN STEP	2026-09-13T17:54:46.3528324Z     "retrieve_status": 200,
Action policy / ubuntu-latest / Python 3.10	UNKNOWN STEP	2026-09-13T17:54:46.3528728Z     "report_status": null,
Action policy / ubuntu-latest / Python 3.10	UNKNOWN STEP	2026-09-13T17:54:46.3529140Z     "execution_status": null,
Action policy / ubuntu-latest / Python 3.10	UNKNOWN STEP	2026-09-13T17:54:46.3529558Z     "mutation_executed": null,
Action policy / ubuntu-latest / Python 3.10	UNKNOWN STEP	2026-09-13T17:54:46.3529977Z     "exact_package_roundtrip": true
Action policy / ubuntu-latest / Python 3.10	UNKNOWN STEP	2026-09-13T17:54:46.3530402Z   },
Action policy / ubuntu-latest / Python 3.10	UNKNOWN STEP	2026-09-13T17:54:46.3530726Z   "wrong-runtime": {
Action policy / ubuntu-latest / Python 3.10	UNKNOWN STEP	2026-09-13T17:54:46.3531152Z     "run_id": "guard_run_7f485424fc2b1839ca60d9b4",
Action policy / ubuntu-latest / Python 3.10	UNKNOWN STEP	2026-09-13T17:54:46.3531856Z     "callback_count": 1,
Action policy / ubuntu-latest / Python 3.10	UNKNOWN STEP	2026-09-13T17:54:46.3532244Z     "decision": "ALLOWED",
Action policy / ubuntu-latest / Python 3.10	UNKNOWN STEP	2026-09-13T17:54:46.3532633Z     "preserve_status": 403,
Action policy / ubuntu-latest / Python 3.10	UNKNOWN STEP	2026-09-13T17:54:46.3533036Z     "report_status": 403,
Action policy / ubuntu-latest / Python 3.10	UNKNOWN STEP	2026-09-13T17:54:46.3533427Z     "preserved": false
Action policy / ubuntu-latest / Python 3.10	UNKNOWN STEP	2026-09-13T17:54:46.3533783Z   },
Action policy / ubuntu-latest / Python 3.10	UNKNOWN STEP	2026-09-13T17:54:46.3534110Z   "legacy-cannot-create": {
Action policy / ubuntu-latest / Python 3.10	UNKNOWN STEP	2026-09-13T17:54:46.3534526Z     "callback_count": 0,
Action policy / ubuntu-latest / Python 3.10	UNKNOWN STEP	2026-09-13T17:54:46.3534920Z     "decision": "not_evaluated",
Action policy / ubuntu-latest / Python 3.10	UNKNOWN STEP	2026-09-13T17:54:46.3535363Z     "authorization_event": false,
Action policy / ubuntu-latest / Python 3.10	UNKNOWN STEP	2026-09-13T17:54:46.3535990Z     "report_status": null,
Action policy / ubuntu-latest / Python 3.10	UNKNOWN STEP	2026-09-13T17:54:46.3536383Z     "mutation_executed": false
Action policy / ubuntu-latest / Python 3.10	UNKNOWN STEP	2026-09-13T17:54:46.3536783Z   }
Action policy / ubuntu-latest / Python 3.10	UNKNOWN STEP	2026-09-13T17:54:46.3537060Z }
Action policy / ubuntu-latest / Python 3.10	UNKNOWN STEP	2026-09-13T17:54:46.6504122Z ##[group]Run python -c "import os,subprocess; subprocess.run([os.environ['SDK_PYTHON'], 'tools/acceptance/ledger_guard_extra.py', '--ledger-source', '.candidate50/ledger', '--guard-candidate', 'acceptance-output/package/guard-candidate.json', '--output', 'acceptance-output/ledger-extra'], check=True)"
Action policy / ubuntu-latest / Python 3.10	UNKNOWN STEP	2026-09-13T17:54:46.6506694Z ^[[36;1mpython -c "import os,subprocess; subprocess.run([os.environ['SDK_PYTHON'], 'tools/acceptance/ledger_guard_extra.py', '--ledger-source', '.candidate50/ledger', '--guard-candidate', 'acceptance-output/package/guard-candidate.json', '--output', 'acceptance-output/ledger-extra'], check=True)"^[[0m
Action policy / ubuntu-latest / Python 3.10	UNKNOWN STEP	2026-09-13T17:54:46.6544687Z shell: /usr/bin/bash -e {0}
Action policy / ubuntu-latest / Python 3.10	UNKNOWN STEP	2026-09-13T17:54:46.6544950Z env:
Action policy / ubuntu-latest / Python 3.10	UNKNOWN STEP	2026-09-13T17:54:46.6545147Z   CLOUD_TEST_ACCESS: true
Action policy / ubuntu-latest / Python 3.10	UNKNOWN STEP	2026-09-13T17:54:46.6545457Z   pythonLocation: /opt/hostedtoolcache/Python/3.14.7/x64
Action policy / ubuntu-latest / Python 3.10	UNKNOWN STEP	2026-09-13T17:54:46.6546214Z   PKG_CONFIG_PATH: /opt/hostedtoolcache/Python/3.14.7/x64/lib/pkgconfig
Action policy / ubuntu-latest / Python 3.10	UNKNOWN STEP	2026-09-13T17:54:46.6546684Z   Python_ROOT_DIR: /opt/hostedtoolcache/Python/3.14.7/x64
Action policy / ubuntu-latest / Python 3.10	UNKNOWN STEP	2026-09-13T17:54:46.6547065Z   Python2_ROOT_DIR: /opt/hostedtoolcache/Python/3.14.7/x64
Action policy / ubuntu-latest / Python 3.10	UNKNOWN STEP	2026-09-13T17:54:46.6547443Z   Python3_ROOT_DIR: /opt/hostedtoolcache/Python/3.14.7/x64
Action policy / ubuntu-latest / Python 3.10	UNKNOWN STEP	2026-09-13T17:54:46.6547982Z   LD_LIBRARY_PATH: /opt/hostedtoolcache/Python/3.14.7/x64/lib:/opt/hostedtoolcache/Python/3.10.21/x64/lib
Action policy / ubuntu-latest / Python 3.10	UNKNOWN STEP	2026-09-13T17:54:46.6548538Z   SDK_PYTHON: /opt/hostedtoolcache/Python/3.10.21/x64/bin/python
Action policy / ubuntu-latest / Python 3.10	UNKNOWN STEP	2026-09-13T17:54:46.6548873Z ##[endgroup]
Action policy / ubuntu-latest / Python 3.10	UNKNOWN STEP	2026-09-13T17:56:28.3794043Z Traceback (most recent call last):
Action policy / ubuntu-latest / Python 3.10	UNKNOWN STEP	2026-09-13T17:56:28.3809915Z   File "<string>", line 1, in <module>
Action policy / ubuntu-latest / Python 3.10	UNKNOWN STEP	2026-09-13T17:56:28.3811511Z     import os,subprocess; subprocess.run([os.environ['SDK_PYTHON'], 'tools/acceptance/ledger_guard_extra.py', '--ledger-source', '.candidate50/ledger', '--guard-candidate', 'acceptance-output/package/guard-candidate.json', '--output', 'acceptance-output/ledger-extra'], check=True)
Action policy / ubuntu-latest / Python 3.10	UNKNOWN STEP	2026-09-13T17:56:28.3813496Z                           ~~~~~~~~~~~~~~^^^^^^^^^^^^^^^^^^^^^^^^^^^^^^^^^^^^^^^^^^^^^^^^^^^^^^^^^^^^^^^^^^^^^^^^^^^^^^^^^^^^^^^^^^^^^^^^^^^^^^^^^^^^^^^^^^^^^^^^^^^^^^^^^^^^^^^^^^^^^^^^^^^^^^^^^^^^^^^^^^^^^^^^^^^^^^^^^^^^^^^^^^^^^^^^^^^^^^^^^^^^^^^^^^^^^^^^^^^^^^^^^^^^^^^^^^^^^^^^^
Action policy / ubuntu-latest / Python 3.10	UNKNOWN STEP	2026-09-13T17:56:28.3814599Z   File "/opt/hostedtoolcache/Python/3.14.7/x64/lib/python3.14/subprocess.py", line 578, in run
Action policy / ubuntu-latest / Python 3.10	UNKNOWN STEP	2026-09-13T17:56:28.3815319Z     raise CalledProcessError(retcode, process.args,
Action policy / ubuntu-latest / Python 3.10	UNKNOWN STEP	2026-09-13T17:56:28.3816146Z                              output=stdout, stderr=stderr)
Action policy / ubuntu-latest / Python 3.10	UNKNOWN STEP	2026-09-13T17:56:28.3817617Z subprocess.CalledProcessError: Command '['/opt/hostedtoolcache/Python/3.10.21/x64/bin/python', 'tools/acceptance/ledger_guard_extra.py', '--ledger-source', '.candidate50/ledger', '--guard-candidate', 'acceptance-output/package/guard-candidate.json', '--output', 'acceptance-output/ledger-extra']' returned non-zero exit status 1.
Action policy / ubuntu-latest / Python 3.10	UNKNOWN STEP	2026-09-13T17:56:28.3892309Z ##[error]Process completed with exit code 1.
Action policy / ubuntu-latest / Python 3.10	UNKNOWN STEP	2026-09-13T17:56:28.3982506Z Node 20 is being deprecated. This workflow is running with Node 24 by default. If you need to temporarily use Node 20, you can set the ACTIONS_ALLOW_USE_UNSECURE_NODE_VERSION=true environment variable. For more information see: https://github.blog/changelog/2025-09-19-deprecation-of-node-20-on-github-actions-runners/
Action policy / ubuntu-latest / Python 3.10	UNKNOWN STEP	2026-09-13T17:56:28.3984166Z ##[group]Run actions/upload-artifact@ea165f8d65b6e75b540449e92b4886f43607fa02
Action policy / ubuntu-latest / Python 3.10	UNKNOWN STEP	2026-09-13T17:56:28.3984557Z with:
Action policy / ubuntu-latest / Python 3.10	UNKNOWN STEP	2026-09-13T17:56:28.3984784Z   name: action-policy-ubuntu-latest-3.10
Action policy / ubuntu-latest / Python 3.10	UNKNOWN STEP	2026-09-13T17:56:28.3985084Z   include-hidden-files: true
Action policy / ubuntu-latest / Python 3.10	UNKNOWN STEP	2026-09-13T17:56:28.3986613Z   path: acceptance-output/
Action policy / ubuntu-latest / Python 3.10	UNKNOWN STEP	!acceptance-output/ledger-extra/combined/combined-extra/
Action policy / ubuntu-latest / Python 3.10	UNKNOWN STEP	!acceptance-output/ledger-extra/upgrade-environment/
Action policy / ubuntu-latest / Python 3.10	UNKNOWN STEP	!acceptance-output/ledger-extra/fresh-base/source/
Action policy / ubuntu-latest / Python 3.10	UNKNOWN STEP	!acceptance-output/ledger-extra/fresh-base/installed/
Action policy / ubuntu-latest / Python 3.10	UNKNOWN STEP	!acceptance-output/ledger-extra/fresh-base/historical-*/
Action policy / ubuntu-latest / Python 3.10	UNKNOWN STEP	
Action policy / ubuntu-latest / Python 3.10	UNKNOWN STEP	2026-09-13T17:56:28.3987818Z   if-no-files-found: warn
Action policy / ubuntu-latest / Python 3.10	UNKNOWN STEP	2026-09-13T17:56:28.3988095Z   compression-level: 6
Action policy / ubuntu-latest / Python 3.10	UNKNOWN STEP	2026-09-13T17:56:28.3988314Z   overwrite: false
Action policy / ubuntu-latest / Python 3.10	UNKNOWN STEP	2026-09-13T17:56:28.3988509Z env:
Action policy / ubuntu-latest / Python 3.10	UNKNOWN STEP	2026-09-13T17:56:28.3988696Z   CLOUD_TEST_ACCESS: true
Action policy / ubuntu-latest / Python 3.10	UNKNOWN STEP	2026-09-13T17:56:28.3988989Z   pythonLocation: /opt/hostedtoolcache/Python/3.14.7/x64
Action policy / ubuntu-latest / Python 3.10	UNKNOWN STEP	2026-09-13T17:56:28.3989415Z   PKG_CONFIG_PATH: /opt/hostedtoolcache/Python/3.14.7/x64/lib/pkgconfig
Action policy / ubuntu-latest / Python 3.10	UNKNOWN STEP	2026-09-13T17:56:28.3989844Z   Python_ROOT_DIR: /opt/hostedtoolcache/Python/3.14.7/x64
Action policy / ubuntu-latest / Python 3.10	UNKNOWN STEP	2026-09-13T17:56:28.3990222Z   Python2_ROOT_DIR: /opt/hostedtoolcache/Python/3.14.7/x64
Action policy / ubuntu-latest / Python 3.10	UNKNOWN STEP	2026-09-13T17:56:28.3990604Z   Python3_ROOT_DIR: /opt/hostedtoolcache/Python/3.14.7/x64
Action policy / ubuntu-latest / Python 3.10	UNKNOWN STEP	2026-09-13T17:56:28.3991129Z   LD_LIBRARY_PATH: /opt/hostedtoolcache/Python/3.14.7/x64/lib:/opt/hostedtoolcache/Python/3.10.21/x64/lib
Action policy / ubuntu-latest / Python 3.10	UNKNOWN STEP	2026-09-13T17:56:28.3991599Z ##[endgroup]
Action policy / ubuntu-latest / Python 3.10	UNKNOWN STEP	2026-09-13T17:56:28.5798271Z (node:5836) [DEP0040] DeprecationWarning: The `punycode` module is deprecated. Please use a userland alternative instead.
Action policy / ubuntu-latest / Python 3.10	UNKNOWN STEP	2026-09-13T17:56:28.5799536Z (Use `node --trace-deprecation ...` to show where the warning was created)
Action policy / ubuntu-latest / Python 3.10	UNKNOWN STEP	2026-09-13T17:56:30.4506488Z With the provided path, there will be 487 files uploaded
Action policy / ubuntu-latest / Python 3.10	UNKNOWN STEP	2026-09-13T17:56:30.4508973Z Artifact name is valid!
Action policy / ubuntu-latest / Python 3.10	UNKNOWN STEP	2026-09-13T17:56:30.4509887Z Root directory input is valid!
Action policy / ubuntu-latest / Python 3.10	UNKNOWN STEP	2026-09-13T17:56:30.8034785Z Beginning upload of artifact content to blob storage
Action policy / ubuntu-latest / Python 3.10	UNKNOWN STEP	2026-09-13T17:56:31.4833609Z (node:5836) [DEP0169] DeprecationWarning: `url.parse()` behavior is not standardized and prone to errors that have security implications. Use the WHATWG URL API instead. CVEs are not issued for `url.parse()` vulnerabilities.
Action policy / ubuntu-latest / Python 3.10	UNKNOWN STEP	2026-09-13T17:56:32.1774897Z Uploaded bytes 6551047
Action policy / ubuntu-latest / Python 3.10	UNKNOWN STEP	2026-09-13T17:56:32.2339199Z Finished uploading artifact content to blob storage!
Action policy / ubuntu-latest / Python 3.10	UNKNOWN STEP	2026-09-13T17:56:32.2340333Z SHA256 digest of uploaded artifact zip is fced7cad0b90ac7c0d238056466bdd6b8f1895eb53cfc2c5b0733ae465562d7e
Action policy / ubuntu-latest / Python 3.10	UNKNOWN STEP	2026-09-13T17:56:32.2342447Z Finalizing artifact upload
Action policy / ubuntu-latest / Python 3.10	UNKNOWN STEP	2026-09-13T17:56:32.4646373Z Artifact action-policy-ubuntu-latest-3.10.zip successfully finalized. Artifact ID 10322607056
Action policy / ubuntu-latest / Python 3.10	UNKNOWN STEP	2026-09-13T17:56:32.4648018Z Artifact action-policy-ubuntu-latest-3.10 has been successfully uploaded! Final size is 6551047 bytes. Artifact ID is 10322607056
Action policy / ubuntu-latest / Python 3.10	UNKNOWN STEP	2026-09-13T17:56:32.4655782Z Artifact download URL: https://github.com/Waveframe-Labs/Waveframe-Guard/actions/runs/34772598555/artifacts/10322607056
Action policy / ubuntu-latest / Python 3.10	UNKNOWN STEP	2026-09-13T17:56:32.4952092Z Post job cleanup.
Action policy / ubuntu-latest / Python 3.10	UNKNOWN STEP	2026-09-13T17:56:32.5899300Z [command]/usr/bin/git version
Action policy / ubuntu-latest / Python 3.10	UNKNOWN STEP	2026-09-13T17:56:32.5945546Z git version 2.55.0
Action policy / ubuntu-latest / Python 3.10	UNKNOWN STEP	2026-09-13T17:56:32.5986701Z Temporarily overriding HOME='/home/runner/work/_temp/1afe095b-1f8a-4b2c-a294-03ec87582189' before making global git config changes
Action policy / ubuntu-latest / Python 3.10	UNKNOWN STEP	2026-09-13T17:56:32.5988093Z Adding repository directory to the temporary git global config as a safe directory
Action policy / ubuntu-latest / Python 3.10	UNKNOWN STEP	2026-09-13T17:56:32.5993931Z [command]/usr/bin/git config --global --add safe.directory /home/runner/work/Waveframe-Guard/Waveframe-Guard/.cloud-test-source
Action policy / ubuntu-latest / Python 3.10	UNKNOWN STEP	2026-09-13T17:56:32.6032568Z Removing SSH command configuration
Action policy / ubuntu-latest / Python 3.10	UNKNOWN STEP	2026-09-13T17:56:32.6040307Z [command]/usr/bin/git config --local --name-only --get-regexp core\.sshCommand
Action policy / ubuntu-latest / Python 3.10	UNKNOWN STEP	2026-09-13T17:56:32.6081439Z [command]/usr/bin/git submodule foreach --recursive sh -c "git config --local --name-only --get-regexp 'core\.sshCommand' && git config --local --unset-all 'core.sshCommand' || :"
Action policy / ubuntu-latest / Python 3.10	UNKNOWN STEP	2026-09-13T17:56:32.6340224Z Removing HTTP extra header
Action policy / ubuntu-latest / Python 3.10	UNKNOWN STEP	2026-09-13T17:56:32.6347960Z [command]/usr/bin/git config --local --name-only --get-regexp http\.https\:\/\/github\.com\/\.extraheader
Action policy / ubuntu-latest / Python 3.10	UNKNOWN STEP	2026-09-13T17:56:32.6392603Z [command]/usr/bin/git submodule foreach --recursive sh -c "git config --local --name-only --get-regexp 'http\.https\:\/\/github\.com\/\.extraheader' && git config --local --unset-all 'http.https://github.com/.extraheader' || :"
Action policy / ubuntu-latest / Python 3.10	UNKNOWN STEP	2026-09-13T17:56:32.6640935Z Removing includeIf entries pointing to credentials config files
Action policy / ubuntu-latest / Python 3.10	UNKNOWN STEP	2026-09-13T17:56:32.6648798Z [command]/usr/bin/git config --local --name-only --get-regexp ^includeIf\.gitdir:
Action policy / ubuntu-latest / Python 3.10	UNKNOWN STEP	2026-09-13T17:56:32.6688223Z [command]/usr/bin/git submodule foreach --recursive git config --local --show-origin --name-only --get-regexp remote.origin.url
Action policy / ubuntu-latest / Python 3.10	UNKNOWN STEP	2026-09-13T17:56:32.7154839Z Post job cleanup.
Action policy / ubuntu-latest / Python 3.10	UNKNOWN STEP	2026-09-13T17:56:32.8060238Z [command]/usr/bin/git version
Action policy / ubuntu-latest / Python 3.10	UNKNOWN STEP	2026-09-13T17:56:32.8107777Z git version 2.55.0
Action policy / ubuntu-latest / Python 3.10	UNKNOWN STEP	2026-09-13T17:56:32.8147117Z Temporarily overriding HOME='/home/runner/work/_temp/6d851734-e7d9-49d2-9bfc-f4748c087fb3' before making global git config changes
Action policy / ubuntu-latest / Python 3.10	UNKNOWN STEP	2026-09-13T17:56:32.8148555Z Adding repository directory to the temporary git global config as a safe directory
Action policy / ubuntu-latest / Python 3.10	UNKNOWN STEP	2026-09-13T17:56:32.8166999Z [command]/usr/bin/git config --global --add safe.directory /home/runner/work/Waveframe-Guard/Waveframe-Guard/.candidate50/ledger
Action policy / ubuntu-latest / Python 3.10	UNKNOWN STEP	2026-09-13T17:56:32.8192070Z Removing SSH command configuration
Action policy / ubuntu-latest / Python 3.10	UNKNOWN STEP	2026-09-13T17:56:32.8200098Z [command]/usr/bin/git config --local --name-only --get-regexp core\.sshCommand
Action policy / ubuntu-latest / Python 3.10	UNKNOWN STEP	2026-09-13T17:56:32.8243639Z [command]/usr/bin/git submodule foreach --recursive sh -c "git config --local --name-only --get-regexp 'core\.sshCommand' && git config --local --unset-all 'core.sshCommand' || :"
Action policy / ubuntu-latest / Python 3.10	UNKNOWN STEP	2026-09-13T17:56:32.8531892Z Removing HTTP extra header
Action policy / ubuntu-latest / Python 3.10	UNKNOWN STEP	2026-09-13T17:56:32.8538298Z [command]/usr/bin/git config --local --name-only --get-regexp http\.https\:\/\/github\.com\/\.extraheader
Action policy / ubuntu-latest / Python 3.10	UNKNOWN STEP	2026-09-13T17:56:32.8592678Z [command]/usr/bin/git submodule foreach --recursive sh -c "git config --local --name-only --get-regexp 'http\.https\:\/\/github\.com\/\.extraheader' && git config --local --unset-all 'http.https://github.com/.extraheader' || :"
Action policy / ubuntu-latest / Python 3.10	UNKNOWN STEP	2026-09-13T17:56:32.8910597Z Removing includeIf entries pointing to credentials config files
Action policy / ubuntu-latest / Python 3.10	UNKNOWN STEP	2026-09-13T17:56:32.8918641Z [command]/usr/bin/git config --local --name-only --get-regexp ^includeIf\.gitdir:
Action policy / ubuntu-latest / Python 3.10	UNKNOWN STEP	2026-09-13T17:56:32.8968597Z [command]/usr/bin/git submodule foreach --recursive git config --local --show-origin --name-only --get-regexp remote.origin.url
Action policy / ubuntu-latest / Python 3.10	UNKNOWN STEP	2026-09-13T17:56:32.9400579Z Post job cleanup.
Action policy / ubuntu-latest / Python 3.10	UNKNOWN STEP	2026-09-13T17:56:33.0283120Z [command]/usr/bin/git version
Action policy / ubuntu-latest / Python 3.10	UNKNOWN STEP	2026-09-13T17:56:33.0332261Z git version 2.55.0
Action policy / ubuntu-latest / Python 3.10	UNKNOWN STEP	2026-09-13T17:56:33.0371146Z Temporarily overriding HOME='/home/runner/work/_temp/28a9ec2f-23d0-4d6d-9d0b-578f37a16619' before making global git config changes
Action policy / ubuntu-latest / Python 3.10	UNKNOWN STEP	2026-09-13T17:56:33.0372582Z Adding repository directory to the temporary git global config as a safe directory
Action policy / ubuntu-latest / Python 3.10	UNKNOWN STEP	2026-09-13T17:56:33.0377711Z [command]/usr/bin/git config --global --add safe.directory /home/runner/work/Waveframe-Guard/Waveframe-Guard
Action policy / ubuntu-latest / Python 3.10	UNKNOWN STEP	2026-09-13T17:56:33.0412471Z Removing SSH command configuration
Action policy / ubuntu-latest / Python 3.10	UNKNOWN STEP	2026-09-13T17:56:33.0419693Z [command]/usr/bin/git config --local --name-only --get-regexp core\.sshCommand
Action policy / ubuntu-latest / Python 3.10	UNKNOWN STEP	2026-09-13T17:56:33.0459115Z [command]/usr/bin/git submodule foreach --recursive sh -c "git config --local --name-only --get-regexp 'core\.sshCommand' && git config --local --unset-all 'core.sshCommand' || :"
Action policy / ubuntu-latest / Python 3.10	UNKNOWN STEP	2026-09-13T17:56:33.0717397Z Removing HTTP extra header
Action policy / ubuntu-latest / Python 3.10	UNKNOWN STEP	2026-09-13T17:56:33.0736850Z [command]/usr/bin/git config --local --name-only --get-regexp http\.https\:\/\/github\.com\/\.extraheader
Action policy / ubuntu-latest / Python 3.10	UNKNOWN STEP	2026-09-13T17:56:33.0772448Z [command]/usr/bin/git submodule foreach --recursive sh -c "git config --local --name-only --get-regexp 'http\.https\:\/\/github\.com\/\.extraheader' && git config --local --unset-all 'http.https://github.com/.extraheader' || :"
Action policy / ubuntu-latest / Python 3.10	UNKNOWN STEP	2026-09-13T17:56:33.1038407Z Removing includeIf entries pointing to credentials config files
Action policy / ubuntu-latest / Python 3.10	UNKNOWN STEP	2026-09-13T17:56:33.1046685Z [command]/usr/bin/git config --local --name-only --get-regexp ^includeIf\.gitdir:
Action policy / ubuntu-latest / Python 3.10	UNKNOWN STEP	2026-09-13T17:56:33.1089937Z [command]/usr/bin/git submodule foreach --recursive git config --local --show-origin --name-only --get-regexp remote.origin.url
Action policy / ubuntu-latest / Python 3.10	UNKNOWN STEP	2026-09-13T17:56:33.1505114Z Cleaning up orphan processes
Action policy / ubuntu-latest / Python 3.10	UNKNOWN STEP	2026-09-13T17:56:33.1802591Z ##[warning]Node.js 20 is deprecated. The following actions target Node.js 20 but are being forced to run on Node.js 24: actions/upload-artifact@ea165f8d65b6e75b540449e92b4886f43607fa02. For more information see: https://github.blog/changelog/2025-09-19-deprecation-of-node-20-on-github-actions-runners/
Action policy / windows-latest / Python 3.10	UNKNOWN STEP	﻿2026-09-13T17:46:32.7823116Z Current runner version: '2.337.0'
Action policy / windows-latest / Python 3.10	UNKNOWN STEP	2026-09-13T17:46:32.7848008Z ##[group]Runner Image Provisioner
Action policy / windows-latest / Python 3.10	UNKNOWN STEP	2026-09-13T17:46:32.7848943Z Hosted Compute Agent
Action policy / windows-latest / Python 3.10	UNKNOWN STEP	2026-09-13T17:46:32.7849594Z Version: 20260828.587
Action policy / windows-latest / Python 3.10	UNKNOWN STEP	2026-09-13T17:46:32.7850247Z Commit: abac92662cab4cc7352de4f9f9d2e2419aad9c29
Action policy / windows-latest / Python 3.10	UNKNOWN STEP	2026-09-13T17:46:32.7850998Z Build Date: 2026-08-28T16:44:25Z
Action policy / windows-latest / Python 3.10	UNKNOWN STEP	2026-09-13T17:46:32.7851689Z Worker ID: {85bacf2e-65a4-45b1-898a-2e3db8ea944b}
Action policy / windows-latest / Python 3.10	UNKNOWN STEP	2026-09-13T17:46:32.7852393Z Azure Region: centralus
Action policy / windows-latest / Python 3.10	UNKNOWN STEP	2026-09-13T17:46:32.7852997Z ##[endgroup]
Action policy / windows-latest / Python 3.10	UNKNOWN STEP	2026-09-13T17:46:32.7854420Z ##[group]Operating System
Action policy / windows-latest / Python 3.10	UNKNOWN STEP	2026-09-13T17:46:32.7855115Z Microsoft Windows Server 2025
Action policy / windows-latest / Python 3.10	UNKNOWN STEP	2026-09-13T17:46:32.7855697Z 10.0.26100
Action policy / windows-latest / Python 3.10	UNKNOWN STEP	2026-09-13T17:46:32.7856271Z Datacenter
Action policy / windows-latest / Python 3.10	UNKNOWN STEP	2026-09-13T17:46:32.7856776Z ##[endgroup]
Action policy / windows-latest / Python 3.10	UNKNOWN STEP	2026-09-13T17:46:32.7857322Z ##[group]Runner Image
Action policy / windows-latest / Python 3.10	UNKNOWN STEP	2026-09-13T17:46:32.7857891Z Image: windows-2025-vs2026
Action policy / windows-latest / Python 3.10	UNKNOWN STEP	2026-09-13T17:46:32.7858487Z Version: 20260907.229.1
Action policy / windows-latest / Python 3.10	UNKNOWN STEP	2026-09-13T17:46:32.7859928Z Included Software: https://github.com/actions/runner-images/blob/win25-vs2026/20260907.229/images/windows/Windows2025-VS2026-Readme.md
Action policy / windows-latest / Python 3.10	UNKNOWN STEP	2026-09-13T17:46:32.7862065Z Image Release: https://github.com/actions/runner-images/releases/tag/win25-vs2026%2F20260907.229
Action policy / windows-latest / Python 3.10	UNKNOWN STEP	2026-09-13T17:46:32.7863123Z ##[endgroup]
Action policy / windows-latest / Python 3.10	UNKNOWN STEP	2026-09-13T17:46:32.7864156Z ##[group]GITHUB_TOKEN Permissions
Action policy / windows-latest / Python 3.10	UNKNOWN STEP	2026-09-13T17:46:32.7865972Z Contents: read
Action policy / windows-latest / Python 3.10	UNKNOWN STEP	2026-09-13T17:46:32.7866597Z Metadata: read
Action policy / windows-latest / Python 3.10	UNKNOWN STEP	2026-09-13T17:46:32.7867155Z ##[endgroup]
Action policy / windows-latest / Python 3.10	UNKNOWN STEP	2026-09-13T17:46:32.7869197Z Secret source: Actions
Action policy / windows-latest / Python 3.10	UNKNOWN STEP	2026-09-13T17:46:32.7870225Z Cache mode: write
Action policy / windows-latest / Python 3.10	UNKNOWN STEP	2026-09-13T17:46:32.7870936Z Prepare workflow directory
Action policy / windows-latest / Python 3.10	UNKNOWN STEP	2026-09-13T17:46:32.8419479Z Prepare all required actions
Action policy / windows-latest / Python 3.10	UNKNOWN STEP	2026-09-13T17:46:32.8473742Z Getting action download info
Action policy / windows-latest / Python 3.10	UNKNOWN STEP	2026-09-13T17:46:33.0861338Z Download action repository 'actions/checkout@3d3c42e5aac5ba805825da76410c181273ba90b1' (SHA:3d3c42e5aac5ba805825da76410c181273ba90b1)
Action policy / windows-latest / Python 3.10	UNKNOWN STEP	2026-09-13T17:46:33.2039307Z Download action repository 'actions/setup-python@ece7cb06caefa5fff74198d8649806c4678c61a1' (SHA:ece7cb06caefa5fff74198d8649806c4678c61a1)
Action policy / windows-latest / Python 3.10	UNKNOWN STEP	2026-09-13T17:46:33.3447858Z Download action repository 'actions/upload-artifact@ea165f8d65b6e75b540449e92b4886f43607fa02' (SHA:ea165f8d65b6e75b540449e92b4886f43607fa02)
Action policy / windows-latest / Python 3.10	UNKNOWN STEP	2026-09-13T17:46:33.6719459Z Complete job name: Action policy / windows-latest / Python 3.10
Action policy / windows-latest / Python 3.10	UNKNOWN STEP	2026-09-13T17:46:33.8054845Z ##[group]Run actions/checkout@3d3c42e5aac5ba805825da76410c181273ba90b1
Action policy / windows-latest / Python 3.10	UNKNOWN STEP	2026-09-13T17:46:33.8056640Z with:
Action policy / windows-latest / Python 3.10	UNKNOWN STEP	2026-09-13T17:46:33.8057783Z   ref: 0161ef8a52e052d1bc1366cdc93ce13a9bd535ed
Action policy / windows-latest / Python 3.10	UNKNOWN STEP	2026-09-13T17:46:33.8059541Z   persist-credentials: false
Action policy / windows-latest / Python 3.10	UNKNOWN STEP	2026-09-13T17:46:33.8060145Z   repository: Waveframe-Labs/Waveframe-Guard
Action policy / windows-latest / Python 3.10	UNKNOWN STEP	2026-09-13T17:46:33.8064006Z   token: ***
Action policy / windows-latest / Python 3.10	UNKNOWN STEP	2026-09-13T17:46:33.8064424Z   ssh-strict: true
Action policy / windows-latest / Python 3.10	UNKNOWN STEP	2026-09-13T17:46:33.8064848Z   ssh-user: git
Action policy / windows-latest / Python 3.10	UNKNOWN STEP	2026-09-13T17:46:33.8065239Z   clean: true
Action policy / windows-latest / Python 3.10	UNKNOWN STEP	2026-09-13T17:46:33.8065666Z   sparse-checkout-cone-mode: true
Action policy / windows-latest / Python 3.10	UNKNOWN STEP	2026-09-13T17:46:33.8066172Z   fetch-depth: 1
Action policy / windows-latest / Python 3.10	UNKNOWN STEP	2026-09-13T17:46:33.8066597Z   fetch-tags: false
Action policy / windows-latest / Python 3.10	UNKNOWN STEP	2026-09-13T17:46:33.8067027Z   show-progress: true
Action policy / windows-latest / Python 3.10	UNKNOWN STEP	2026-09-13T17:46:33.8067491Z   lfs: false
Action policy / windows-latest / Python 3.10	UNKNOWN STEP	2026-09-13T17:46:33.8067883Z   submodules: false
Action policy / windows-latest / Python 3.10	UNKNOWN STEP	2026-09-13T17:46:33.8068324Z   set-safe-directory: true
Action policy / windows-latest / Python 3.10	UNKNOWN STEP	2026-09-13T17:46:33.8068815Z   allow-unsafe-pr-checkout: false
Action policy / windows-latest / Python 3.10	UNKNOWN STEP	2026-09-13T17:46:33.8069916Z env:
Action policy / windows-latest / Python 3.10	UNKNOWN STEP	2026-09-13T17:46:33.8070376Z   CLOUD_TEST_ACCESS: true
Action policy / windows-latest / Python 3.10	UNKNOWN STEP	2026-09-13T17:46:33.8070838Z ##[endgroup]
Action policy / windows-latest / Python 3.10	UNKNOWN STEP	2026-09-13T17:46:33.9516718Z Syncing repository: Waveframe-Labs/Waveframe-Guard
Action policy / windows-latest / Python 3.10	UNKNOWN STEP	2026-09-13T17:46:33.9518499Z ##[group]Getting Git version info
Action policy / windows-latest / Python 3.10	UNKNOWN STEP	2026-09-13T17:46:33.9519218Z Working directory is 'D:\a\Waveframe-Guard\Waveframe-Guard'
Action policy / windows-latest / Python 3.10	UNKNOWN STEP	2026-09-13T17:46:34.0325264Z [command]"C:\Program Files\Git\bin\git.exe" version
Action policy / windows-latest / Python 3.10	UNKNOWN STEP	2026-09-13T17:46:34.1488777Z git version 2.55.0.windows.5
Action policy / windows-latest / Python 3.10	UNKNOWN STEP	2026-09-13T17:46:34.1530457Z ##[endgroup]
Action policy / windows-latest / Python 3.10	UNKNOWN STEP	2026-09-13T17:46:34.1546078Z Temporarily overriding HOME='D:\a\_temp\766306d6-e4a0-49fe-912a-108e3e1ade0c' before making global git config changes
Action policy / windows-latest / Python 3.10	UNKNOWN STEP	2026-09-13T17:46:34.1557088Z Adding repository directory to the temporary git global config as a safe directory
Action policy / windows-latest / Python 3.10	UNKNOWN STEP	2026-09-13T17:46:34.1560978Z [command]"C:\Program Files\Git\bin\git.exe" config --global --add safe.directory D:\a\Waveframe-Guard\Waveframe-Guard
Action policy / windows-latest / Python 3.10	UNKNOWN STEP	2026-09-13T17:46:34.1874578Z Deleting the contents of 'D:\a\Waveframe-Guard\Waveframe-Guard'
Action policy / windows-latest / Python 3.10	UNKNOWN STEP	2026-09-13T17:46:34.1879657Z ##[group]Determining repository object format
Action policy / windows-latest / Python 3.10	UNKNOWN STEP	2026-09-13T17:46:34.1881560Z ##[endgroup]
Action policy / windows-latest / Python 3.10	UNKNOWN STEP	2026-09-13T17:46:34.1883356Z ##[group]Initializing the repository
Action policy / windows-latest / Python 3.10	UNKNOWN STEP	2026-09-13T17:46:34.1891194Z [command]"C:\Program Files\Git\bin\git.exe" init D:\a\Waveframe-Guard\Waveframe-Guard
Action policy / windows-latest / Python 3.10	UNKNOWN STEP	2026-09-13T17:46:34.2448234Z Initialized empty Git repository in D:/a/Waveframe-Guard/Waveframe-Guard/.git/
Action policy / windows-latest / Python 3.10	UNKNOWN STEP	2026-09-13T17:46:34.2486760Z [command]"C:\Program Files\Git\bin\git.exe" remote add origin https://github.com/Waveframe-Labs/Waveframe-Guard
Action policy / windows-latest / Python 3.10	UNKNOWN STEP	2026-09-13T17:46:34.2812398Z ##[endgroup]
Action policy / windows-latest / Python 3.10	UNKNOWN STEP	2026-09-13T17:46:34.2813432Z ##[group]Disabling automatic garbage collection
Action policy / windows-latest / Python 3.10	UNKNOWN STEP	2026-09-13T17:46:34.2814216Z [command]"C:\Program Files\Git\bin\git.exe" config --local gc.auto 0
Action policy / windows-latest / Python 3.10	UNKNOWN STEP	2026-09-13T17:46:34.3150464Z ##[endgroup]
Action policy / windows-latest / Python 3.10	UNKNOWN STEP	2026-09-13T17:46:34.3152288Z ##[group]Setting up auth
Action policy / windows-latest / Python 3.10	UNKNOWN STEP	2026-09-13T17:46:34.3153949Z Removing SSH command configuration
Action policy / windows-latest / Python 3.10	UNKNOWN STEP	2026-09-13T17:46:34.3163494Z [command]"C:\Program Files\Git\bin\git.exe" config --local --name-only --get-regexp core\.sshCommand
Action policy / windows-latest / Python 3.10	UNKNOWN STEP	2026-09-13T17:46:34.3515046Z [command]"C:\Program Files\Git\bin\git.exe" submodule foreach --recursive "sh -c \"git config --local --name-only --get-regexp 'core\.sshCommand' && git config --local --unset-all 'core.sshCommand' || :\""
Action policy / windows-latest / Python 3.10	UNKNOWN STEP	2026-09-13T17:46:35.1986741Z Removing HTTP extra header
Action policy / windows-latest / Python 3.10	UNKNOWN STEP	2026-09-13T17:46:35.1996329Z [command]"C:\Program Files\Git\bin\git.exe" config --local --name-only --get-regexp http\.https\:\/\/github\.com\/\.extraheader
Action policy / windows-latest / Python 3.10	UNKNOWN STEP	2026-09-13T17:46:35.2279798Z [command]"C:\Program Files\Git\bin\git.exe" submodule foreach --recursive "sh -c \"git config --local --name-only --get-regexp 'http\.https\:\/\/github\.com\/\.extraheader' && git config --local --unset-all 'http.https://github.com/.extraheader' || :\""
Action policy / windows-latest / Python 3.10	UNKNOWN STEP	2026-09-13T17:46:35.7447839Z Removing includeIf entries pointing to credentials config files
Action policy / windows-latest / Python 3.10	UNKNOWN STEP	2026-09-13T17:46:35.7458463Z [command]"C:\Program Files\Git\bin\git.exe" config --local --name-only --get-regexp ^includeIf\.gitdir:
Action policy / windows-latest / Python 3.10	UNKNOWN STEP	2026-09-13T17:46:35.7936905Z [command]"C:\Program Files\Git\bin\git.exe" submodule foreach --recursive "git config --local --show-origin --name-only --get-regexp remote.origin.url"
Action policy / windows-latest / Python 3.10	UNKNOWN STEP	2026-09-13T17:46:36.3266788Z [command]"C:\Program Files\Git\bin\git.exe" config --file D:\a\_temp\git-credentials-9a38644f-6c9d-4b88-92d2-935fa18fb8b8.config http.https://github.com/.extraheader "AUTHORIZATION: basic ***"
Action policy / windows-latest / Python 3.10	UNKNOWN STEP	2026-09-13T17:46:36.3584815Z [command]"C:\Program Files\Git\bin\git.exe" config --local includeIf.gitdir:D:/a/Waveframe-Guard/Waveframe-Guard/.git.path D:\a\_temp\git-credentials-9a38644f-6c9d-4b88-92d2-935fa18fb8b8.config
Action policy / windows-latest / Python 3.10	UNKNOWN STEP	2026-09-13T17:46:36.3935610Z [command]"C:\Program Files\Git\bin\git.exe" config --local includeIf.gitdir:D:/a/Waveframe-Guard/Waveframe-Guard/.git/worktrees/*.path D:\a\_temp\git-credentials-9a38644f-6c9d-4b88-92d2-935fa18fb8b8.config
Action policy / windows-latest / Python 3.10	UNKNOWN STEP	2026-09-13T17:46:36.4307422Z [command]"C:\Program Files\Git\bin\git.exe" config --local includeIf.gitdir:/github/workspace/.git.path /github/runner_temp/git-credentials-9a38644f-6c9d-4b88-92d2-935fa18fb8b8.config
Action policy / windows-latest / Python 3.10	UNKNOWN STEP	2026-09-13T17:46:36.4599022Z [command]"C:\Program Files\Git\bin\git.exe" config --local includeIf.gitdir:/github/workspace/.git/worktrees/*.path /github/runner_temp/git-credentials-9a38644f-6c9d-4b88-92d2-935fa18fb8b8.config
Action policy / windows-latest / Python 3.10	UNKNOWN STEP	2026-09-13T17:46:36.4891098Z ##[endgroup]
Action policy / windows-latest / Python 3.10	UNKNOWN STEP	2026-09-13T17:46:36.4891973Z ##[group]Fetching the repository
Action policy / windows-latest / Python 3.10	UNKNOWN STEP	2026-09-13T17:46:36.4904600Z [command]"C:\Program Files\Git\bin\git.exe" -c protocol.version=2 fetch --no-tags --prune --no-recurse-submodules --depth=1 origin 0161ef8a52e052d1bc1366cdc93ce13a9bd535ed
Action policy / windows-latest / Python 3.10	UNKNOWN STEP	2026-09-13T17:46:37.6329766Z From https://github.com/Waveframe-Labs/Waveframe-Guard
Action policy / windows-latest / Python 3.10	UNKNOWN STEP	2026-09-13T17:46:37.6330705Z  * branch            0161ef8a52e052d1bc1366cdc93ce13a9bd535ed -> FETCH_HEAD
Action policy / windows-latest / Python 3.10	UNKNOWN STEP	2026-09-13T17:46:37.6379527Z [command]"C:\Program Files\Git\bin\git.exe" rev-parse --verify --quiet 0161ef8a52e052d1bc1366cdc93ce13a9bd535ed^{object}
Action policy / windows-latest / Python 3.10	UNKNOWN STEP	2026-09-13T17:46:37.6686488Z 0161ef8a52e052d1bc1366cdc93ce13a9bd535ed
Action policy / windows-latest / Python 3.10	UNKNOWN STEP	2026-09-13T17:46:37.6717133Z ##[endgroup]
Action policy / windows-latest / Python 3.10	UNKNOWN STEP	2026-09-13T17:46:37.6717914Z ##[group]Determining the checkout info
Action policy / windows-latest / Python 3.10	UNKNOWN STEP	2026-09-13T17:46:37.6718673Z ##[endgroup]
Action policy / windows-latest / Python 3.10	UNKNOWN STEP	2026-09-13T17:46:37.6727803Z [command]"C:\Program Files\Git\bin\git.exe" sparse-checkout disable
Action policy / windows-latest / Python 3.10	UNKNOWN STEP	2026-09-13T17:46:37.7078315Z [command]"C:\Program Files\Git\bin\git.exe" config --local --unset-all extensions.worktreeConfig
Action policy / windows-latest / Python 3.10	UNKNOWN STEP	2026-09-13T17:46:37.7363843Z ##[group]Checking out the ref
Action policy / windows-latest / Python 3.10	UNKNOWN STEP	2026-09-13T17:46:37.7372185Z [command]"C:\Program Files\Git\bin\git.exe" checkout --progress --force 0161ef8a52e052d1bc1366cdc93ce13a9bd535ed
Action policy / windows-latest / Python 3.10	UNKNOWN STEP	2026-09-13T17:46:37.8503732Z Note: switching to '0161ef8a52e052d1bc1366cdc93ce13a9bd535ed'.
Action policy / windows-latest / Python 3.10	UNKNOWN STEP	2026-09-13T17:46:37.8504259Z 
Action policy / windows-latest / Python 3.10	UNKNOWN STEP	2026-09-13T17:46:37.8504604Z You are in 'detached HEAD' state. You can look around, make experimental
Action policy / windows-latest / Python 3.10	UNKNOWN STEP	2026-09-13T17:46:37.8505423Z changes and commit them, and you can discard any commits you make in this
Action policy / windows-latest / Python 3.10	UNKNOWN STEP	2026-09-13T17:46:37.8506118Z state without impacting any branches by switching back to a branch.
Action policy / windows-latest / Python 3.10	UNKNOWN STEP	2026-09-13T17:46:37.8506547Z 
Action policy / windows-latest / Python 3.10	UNKNOWN STEP	2026-09-13T17:46:37.8506800Z If you want to create a new branch to retain commits you create, you may
Action policy / windows-latest / Python 3.10	UNKNOWN STEP	2026-09-13T17:46:37.8507496Z do so (now or later) by using -c with the switch command. Example:
Action policy / windows-latest / Python 3.10	UNKNOWN STEP	2026-09-13T17:46:37.8507852Z 
Action policy / windows-latest / Python 3.10	UNKNOWN STEP	2026-09-13T17:46:37.8507966Z   git switch -c <new-branch-name>
Action policy / windows-latest / Python 3.10	UNKNOWN STEP	2026-09-13T17:46:37.8508170Z 
Action policy / windows-latest / Python 3.10	UNKNOWN STEP	2026-09-13T17:46:37.8508274Z Or undo this operation with:
Action policy / windows-latest / Python 3.10	UNKNOWN STEP	2026-09-13T17:46:37.8508439Z 
Action policy / windows-latest / Python 3.10	UNKNOWN STEP	2026-09-13T17:46:37.8508516Z   git switch -
Action policy / windows-latest / Python 3.10	UNKNOWN STEP	2026-09-13T17:46:37.8508646Z 
Action policy / windows-latest / Python 3.10	UNKNOWN STEP	2026-09-13T17:46:37.8508859Z Turn off this advice by setting config variable advice.detachedHead to false
Action policy / windows-latest / Python 3.10	UNKNOWN STEP	2026-09-13T17:46:37.8509177Z 
Action policy / windows-latest / Python 3.10	UNKNOWN STEP	2026-09-13T17:46:37.8509445Z HEAD is now at 0161ef8 Verify archive digests from both supported pip report formats
Action policy / windows-latest / Python 3.10	UNKNOWN STEP	2026-09-13T17:46:37.8572882Z ##[endgroup]
Action policy / windows-latest / Python 3.10	UNKNOWN STEP	2026-09-13T17:46:37.8903778Z [command]"C:\Program Files\Git\bin\git.exe" log -1 --format=%H
Action policy / windows-latest / Python 3.10	UNKNOWN STEP	2026-09-13T17:46:37.9170337Z 0161ef8a52e052d1bc1366cdc93ce13a9bd535ed
Action policy / windows-latest / Python 3.10	UNKNOWN STEP	2026-09-13T17:46:37.9205999Z ##[group]Removing auth
Action policy / windows-latest / Python 3.10	UNKNOWN STEP	2026-09-13T17:46:37.9206789Z Removing SSH command configuration
Action policy / windows-latest / Python 3.10	UNKNOWN STEP	2026-09-13T17:46:37.9216567Z [command]"C:\Program Files\Git\bin\git.exe" config --local --name-only --get-regexp core\.sshCommand
Action policy / windows-latest / Python 3.10	UNKNOWN STEP	2026-09-13T17:46:37.9511863Z [command]"C:\Program Files\Git\bin\git.exe" submodule foreach --recursive "sh -c \"git config --local --name-only --get-regexp 'core\.sshCommand' && git config --local --unset-all 'core.sshCommand' || :\""
Action policy / windows-latest / Python 3.10	UNKNOWN STEP	2026-09-13T17:46:38.4509332Z Removing HTTP extra header
Action policy / windows-latest / Python 3.10	UNKNOWN STEP	2026-09-13T17:46:38.4522393Z [command]"C:\Program Files\Git\bin\git.exe" config --local --name-only --get-regexp http\.https\:\/\/github\.com\/\.extraheader
Action policy / windows-latest / Python 3.10	UNKNOWN STEP	2026-09-13T17:46:38.4823629Z [command]"C:\Program Files\Git\bin\git.exe" submodule foreach --recursive "sh -c \"git config --local --name-only --get-regexp 'http\.https\:\/\/github\.com\/\.extraheader' && git config --local --unset-all 'http.https://github.com/.extraheader' || :\""
Action policy / windows-latest / Python 3.10	UNKNOWN STEP	2026-09-13T17:46:39.0361784Z Removing includeIf entries pointing to credentials config files
Action policy / windows-latest / Python 3.10	UNKNOWN STEP	2026-09-13T17:46:39.0372599Z [command]"C:\Program Files\Git\bin\git.exe" config --local --name-only --get-regexp ^includeIf\.gitdir:
Action policy / windows-latest / Python 3.10	UNKNOWN STEP	2026-09-13T17:46:39.0643304Z includeif.gitdir:D:/a/Waveframe-Guard/Waveframe-Guard/.git.path
Action policy / windows-latest / Python 3.10	UNKNOWN STEP	2026-09-13T17:46:39.0644502Z includeif.gitdir:D:/a/Waveframe-Guard/Waveframe-Guard/.git/worktrees/*.path
Action policy / windows-latest / Python 3.10	UNKNOWN STEP	2026-09-13T17:46:39.0645621Z includeif.gitdir:/github/workspace/.git.path
Action policy / windows-latest / Python 3.10	UNKNOWN STEP	2026-09-13T17:46:39.0646581Z includeif.gitdir:/github/workspace/.git/worktrees/*.path
Action policy / windows-latest / Python 3.10	UNKNOWN STEP	2026-09-13T17:46:39.0689276Z [command]"C:\Program Files\Git\bin\git.exe" config --local --get-all includeif.gitdir:D:/a/Waveframe-Guard/Waveframe-Guard/.git.path
Action policy / windows-latest / Python 3.10	UNKNOWN STEP	2026-09-13T17:46:39.0966144Z D:\a\_temp\git-credentials-9a38644f-6c9d-4b88-92d2-935fa18fb8b8.config
Action policy / windows-latest / Python 3.10	UNKNOWN STEP	2026-09-13T17:46:39.1012236Z [command]"C:\Program Files\Git\bin\git.exe" config --local --unset includeif.gitdir:D:/a/Waveframe-Guard/Waveframe-Guard/.git.path D\:\\a\\_temp\\git\-credentials\-9a38644f\-6c9d\-4b88\-92d2\-935fa18fb8b8\.config
Action policy / windows-latest / Python 3.10	UNKNOWN STEP	2026-09-13T17:46:39.1303343Z [command]"C:\Program Files\Git\bin\git.exe" config --local --get-all includeif.gitdir:D:/a/Waveframe-Guard/Waveframe-Guard/.git/worktrees/*.path
Action policy / windows-latest / Python 3.10	UNKNOWN STEP	2026-09-13T17:46:39.1560576Z D:\a\_temp\git-credentials-9a38644f-6c9d-4b88-92d2-935fa18fb8b8.config
Action policy / windows-latest / Python 3.10	UNKNOWN STEP	2026-09-13T17:46:39.1597483Z [command]"C:\Program Files\Git\bin\git.exe" config --local --unset includeif.gitdir:D:/a/Waveframe-Guard/Waveframe-Guard/.git/worktrees/*.path D\:\\a\\_temp\\git\-credentials\-9a38644f\-6c9d\-4b88\-92d2\-935fa18fb8b8\.config
Action policy / windows-latest / Python 3.10	UNKNOWN STEP	2026-09-13T17:46:39.1900155Z [command]"C:\Program Files\Git\bin\git.exe" config --local --get-all includeif.gitdir:/github/workspace/.git.path
Action policy / windows-latest / Python 3.10	UNKNOWN STEP	2026-09-13T17:46:39.2221989Z /github/runner_temp/git-credentials-9a38644f-6c9d-4b88-92d2-935fa18fb8b8.config
Action policy / windows-latest / Python 3.10	UNKNOWN STEP	2026-09-13T17:46:39.2273689Z [command]"C:\Program Files\Git\bin\git.exe" config --local --unset includeif.gitdir:/github/workspace/.git.path \/github\/runner_temp\/git\-credentials\-9a38644f\-6c9d\-4b88\-92d2\-935fa18fb8b8\.config
Action policy / windows-latest / Python 3.10	UNKNOWN STEP	2026-09-13T17:46:39.2583374Z [command]"C:\Program Files\Git\bin\git.exe" config --local --get-all includeif.gitdir:/github/workspace/.git/worktrees/*.path
Action policy / windows-latest / Python 3.10	UNKNOWN STEP	2026-09-13T17:46:39.2845317Z /github/runner_temp/git-credentials-9a38644f-6c9d-4b88-92d2-935fa18fb8b8.config
Action policy / windows-latest / Python 3.10	UNKNOWN STEP	2026-09-13T17:46:39.2882795Z [command]"C:\Program Files\Git\bin\git.exe" config --local --unset includeif.gitdir:/github/workspace/.git/worktrees/*.path \/github\/runner_temp\/git\-credentials\-9a38644f\-6c9d\-4b88\-92d2\-935fa18fb8b8\.config
Action policy / windows-latest / Python 3.10	UNKNOWN STEP	2026-09-13T17:46:39.3169671Z [command]"C:\Program Files\Git\bin\git.exe" submodule foreach --recursive "git config --local --show-origin --name-only --get-regexp remote.origin.url"
Action policy / windows-latest / Python 3.10	UNKNOWN STEP	2026-09-13T17:46:39.8268009Z Removing credentials config 'D:\a\_temp\git-credentials-9a38644f-6c9d-4b88-92d2-935fa18fb8b8.config'
Action policy / windows-latest / Python 3.10	UNKNOWN STEP	2026-09-13T17:46:39.8280432Z ##[endgroup]
Action policy / windows-latest / Python 3.10	UNKNOWN STEP	2026-09-13T17:46:39.8690172Z ##[group]Run actions/setup-python@ece7cb06caefa5fff74198d8649806c4678c61a1
Action policy / windows-latest / Python 3.10	UNKNOWN STEP	2026-09-13T17:46:39.8690625Z with:
Action policy / windows-latest / Python 3.10	UNKNOWN STEP	2026-09-13T17:46:39.8690818Z   python-version: 3.10
Action policy / windows-latest / Python 3.10	UNKNOWN STEP	2026-09-13T17:46:39.8691045Z   check-latest: false
Action policy / windows-latest / Python 3.10	UNKNOWN STEP	2026-09-13T17:46:39.8693854Z   token: ***
Action policy / windows-latest / Python 3.10	UNKNOWN STEP	2026-09-13T17:46:39.8694056Z   update-environment: true
Action policy / windows-latest / Python 3.10	UNKNOWN STEP	2026-09-13T17:46:39.8694287Z   allow-prereleases: false
Action policy / windows-latest / Python 3.10	UNKNOWN STEP	2026-09-13T17:46:39.8694493Z   freethreaded: false
Action policy / windows-latest / Python 3.10	UNKNOWN STEP	2026-09-13T17:46:39.8694683Z env:
Action policy / windows-latest / Python 3.10	UNKNOWN STEP	2026-09-13T17:46:39.8694845Z   CLOUD_TEST_ACCESS: true
Action policy / windows-latest / Python 3.10	UNKNOWN STEP	2026-09-13T17:46:39.8695050Z ##[endgroup]
Action policy / windows-latest / Python 3.10	UNKNOWN STEP	2026-09-13T17:46:40.0341201Z ##[group]Installed versions
Action policy / windows-latest / Python 3.10	UNKNOWN STEP	2026-09-13T17:46:40.0445280Z Successfully set up CPython (3.10.11)
Action policy / windows-latest / Python 3.10	UNKNOWN STEP	2026-09-13T17:46:40.0446414Z ##[endgroup]
Action policy / windows-latest / Python 3.10	UNKNOWN STEP	2026-09-13T17:46:40.0755033Z ##[group]Run python -c "import pathlib,subprocess; p=pathlib.Path('acceptance-output'); p.mkdir(exist_ok=True); (p/'guard-head.txt').write_bytes(subprocess.check_output(['git','rev-parse','HEAD']))"
Action policy / windows-latest / Python 3.10	UNKNOWN STEP	2026-09-13T17:46:40.0756520Z ^[[36;1mpython -c "import pathlib,subprocess; p=pathlib.Path('acceptance-output'); p.mkdir(exist_ok=True); (p/'guard-head.txt').write_bytes(subprocess.check_output(['git','rev-parse','HEAD']))"^[[0m
Action policy / windows-latest / Python 3.10	UNKNOWN STEP	2026-09-13T17:46:40.0888591Z shell: C:\Program Files\PowerShell\7\pwsh.EXE -command ". '{0}'"
Action policy / windows-latest / Python 3.10	UNKNOWN STEP	2026-09-13T17:46:40.0888963Z env:
Action policy / windows-latest / Python 3.10	UNKNOWN STEP	2026-09-13T17:46:40.0889155Z   CLOUD_TEST_ACCESS: true
Action policy / windows-latest / Python 3.10	UNKNOWN STEP	2026-09-13T17:46:40.0889472Z   pythonLocation: C:\hostedtoolcache\windows\Python\3.10.11\x64
Action policy / windows-latest / Python 3.10	UNKNOWN STEP	2026-09-13T17:46:40.0889971Z   PKG_CONFIG_PATH: C:\hostedtoolcache\windows\Python\3.10.11\x64/lib/pkgconfig
Action policy / windows-latest / Python 3.10	UNKNOWN STEP	2026-09-13T17:46:40.0890466Z   Python_ROOT_DIR: C:\hostedtoolcache\windows\Python\3.10.11\x64
Action policy / windows-latest / Python 3.10	UNKNOWN STEP	2026-09-13T17:46:40.0890941Z   Python2_ROOT_DIR: C:\hostedtoolcache\windows\Python\3.10.11\x64
Action policy / windows-latest / Python 3.10	UNKNOWN STEP	2026-09-13T17:46:40.0891356Z   Python3_ROOT_DIR: C:\hostedtoolcache\windows\Python\3.10.11\x64
Action policy / windows-latest / Python 3.10	UNKNOWN STEP	2026-09-13T17:46:40.0891662Z ##[endgroup]
Action policy / windows-latest / Python 3.10	UNKNOWN STEP	2026-09-13T17:46:40.9169640Z ##[group]Run python -m pip install -e ".[test]" -r .github/requirements/action-policy-release.txt --report acceptance-output/source-install.json
Action policy / windows-latest / Python 3.10	UNKNOWN STEP	2026-09-13T17:46:40.9170989Z ^[[36;1mpython -m pip install -e ".[test]" -r .github/requirements/action-policy-release.txt --report acceptance-output/source-install.json^[[0m
Action policy / windows-latest / Python 3.10	UNKNOWN STEP	2026-09-13T17:46:40.9243589Z shell: C:\Program Files\PowerShell\7\pwsh.EXE -command ". '{0}'"
Action policy / windows-latest / Python 3.10	UNKNOWN STEP	2026-09-13T17:46:40.9243939Z env:
Action policy / windows-latest / Python 3.10	UNKNOWN STEP	2026-09-13T17:46:40.9244116Z   CLOUD_TEST_ACCESS: true
Action policy / windows-latest / Python 3.10	UNKNOWN STEP	2026-09-13T17:46:40.9244413Z   pythonLocation: C:\hostedtoolcache\windows\Python\3.10.11\x64
Action policy / windows-latest / Python 3.10	UNKNOWN STEP	2026-09-13T17:46:40.9244869Z   PKG_CONFIG_PATH: C:\hostedtoolcache\windows\Python\3.10.11\x64/lib/pkgconfig
Action policy / windows-latest / Python 3.10	UNKNOWN STEP	2026-09-13T17:46:40.9245320Z   Python_ROOT_DIR: C:\hostedtoolcache\windows\Python\3.10.11\x64
Action policy / windows-latest / Python 3.10	UNKNOWN STEP	2026-09-13T17:46:40.9245721Z   Python2_ROOT_DIR: C:\hostedtoolcache\windows\Python\3.10.11\x64
Action policy / windows-latest / Python 3.10	UNKNOWN STEP	2026-09-13T17:46:40.9246128Z   Python3_ROOT_DIR: C:\hostedtoolcache\windows\Python\3.10.11\x64
Action policy / windows-latest / Python 3.10	UNKNOWN STEP	2026-09-13T17:46:40.9246482Z ##[endgroup]
Action policy / windows-latest / Python 3.10	UNKNOWN STEP	2026-09-13T17:46:43.1547755Z Obtaining file:///D:/a/Waveframe-Guard/Waveframe-Guard
Action policy / windows-latest / Python 3.10	UNKNOWN STEP	2026-09-13T17:46:43.1590400Z   Installing build dependencies: started
Action policy / windows-latest / Python 3.10	UNKNOWN STEP	2026-09-13T17:46:44.9490118Z   Installing build dependencies: finished with status 'done'
Action policy / windows-latest / Python 3.10	UNKNOWN STEP	2026-09-13T17:46:44.9512723Z   Checking if build backend supports build_editable: started
Action policy / windows-latest / Python 3.10	UNKNOWN STEP	2026-09-13T17:46:45.3836089Z   Checking if build backend supports build_editable: finished with status 'done'
Action policy / windows-latest / Python 3.10	UNKNOWN STEP	2026-09-13T17:46:45.3861707Z   Getting requirements to build editable: started
Action policy / windows-latest / Python 3.10	UNKNOWN STEP	2026-09-13T17:46:45.9444792Z   Getting requirements to build editable: finished with status 'done'
Action policy / windows-latest / Python 3.10	UNKNOWN STEP	2026-09-13T17:46:45.9477895Z   Preparing editable metadata (pyproject.toml): started
Action policy / windows-latest / Python 3.10	UNKNOWN STEP	2026-09-13T17:46:46.2746903Z   Preparing editable metadata (pyproject.toml): finished with status 'done'
Action policy / windows-latest / Python 3.10	UNKNOWN STEP	2026-09-13T17:46:46.2833515Z Collecting cricore-contract-compiler @ git+https://github.com/Waveframe-Labs/cricore-contract-compiler.git@ae590dee058d3481e384dea850d5b7d980f533ff (from -r .github/requirements/action-policy-release.txt (line 4))
Action policy / windows-latest / Python 3.10	UNKNOWN STEP	2026-09-13T17:46:46.2839309Z   Cloning https://github.com/Waveframe-Labs/cricore-contract-compiler.git (to revision ae590dee058d3481e384dea850d5b7d980f533ff) to C:\Users\runneradmin\AppData\Local\Temp\pip-install-hugf4nkr\cricore-contract-compiler_21735a05ce8c47cbb548ad7f8190c412
Action policy / windows-latest / Python 3.10	UNKNOWN STEP	2026-09-13T17:46:46.3128784Z   Running command git clone --filter=blob:none --quiet https://github.com/Waveframe-Labs/cricore-contract-compiler.git 'C:\Users\runneradmin\AppData\Local\Temp\pip-install-hugf4nkr\cricore-contract-compiler_21735a05ce8c47cbb548ad7f8190c412'
Action policy / windows-latest / Python 3.10	UNKNOWN STEP	2026-09-13T17:46:47.1566580Z   Running command git rev-parse -q --verify 'ae590dee058d3481e384dea850d5b7d980f533ff^{commit}'
Action policy / windows-latest / Python 3.10	UNKNOWN STEP	2026-09-13T17:46:47.1822104Z   ae590dee058d3481e384dea850d5b7d980f533ff
Action policy / windows-latest / Python 3.10	UNKNOWN STEP	2026-09-13T17:46:47.2124607Z   Running command git checkout -q ae590dee058d3481e384dea850d5b7d980f533ff
Action policy / windows-latest / Python 3.10	UNKNOWN STEP	2026-09-13T17:46:47.6212602Z   Resolved https://github.com/Waveframe-Labs/cricore-contract-compiler.git to commit ae590dee058d3481e384dea850d5b7d980f533ff
Action policy / windows-latest / Python 3.10	UNKNOWN STEP	2026-09-13T17:46:47.6545500Z   Installing build dependencies: started
Action policy / windows-latest / Python 3.10	UNKNOWN STEP	2026-09-13T17:46:49.6645442Z   Installing build dependencies: finished with status 'done'
Action policy / windows-latest / Python 3.10	UNKNOWN STEP	2026-09-13T17:46:49.6662779Z   Getting requirements to build wheel: started
Action policy / windows-latest / Python 3.10	UNKNOWN STEP	2026-09-13T17:46:50.4898324Z   Getting requirements to build wheel: finished with status 'done'
Action policy / windows-latest / Python 3.10	UNKNOWN STEP	2026-09-13T17:46:50.4929307Z   Preparing metadata (pyproject.toml): started
Action policy / windows-latest / Python 3.10	UNKNOWN STEP	2026-09-13T17:46:50.8449204Z   Preparing metadata (pyproject.toml): finished with status 'done'
Action policy / windows-latest / Python 3.10	UNKNOWN STEP	2026-09-13T17:46:50.8488511Z Collecting governance-ledger @ git+https://github.com/Waveframe-Labs/Waveframe-Ledger.git@3cc34e7b3cb6efca5102e0e22d559ec0c0fd583f (from -r .github/requirements/action-policy-release.txt (line 5))
Action policy / windows-latest / Python 3.10	UNKNOWN STEP	2026-09-13T17:46:50.8497050Z   Cloning https://github.com/Waveframe-Labs/Waveframe-Ledger.git (to revision 3cc34e7b3cb6efca5102e0e22d559ec0c0fd583f) to C:\Users\runneradmin\AppData\Local\Temp\pip-install-hugf4nkr\governance-ledger_0567f5b85a9e4db5aa20b8ba12de6f64
Action policy / windows-latest / Python 3.10	UNKNOWN STEP	2026-09-13T17:46:50.8764227Z   Running command git clone --filter=blob:none --quiet https://github.com/Waveframe-Labs/Waveframe-Ledger.git 'C:\Users\runneradmin\AppData\Local\Temp\pip-install-hugf4nkr\governance-ledger_0567f5b85a9e4db5aa20b8ba12de6f64'
Action policy / windows-latest / Python 3.10	UNKNOWN STEP	2026-09-13T17:46:52.0245107Z   Running command git rev-parse -q --verify '3cc34e7b3cb6efca5102e0e22d559ec0c0fd583f^{commit}'
Action policy / windows-latest / Python 3.10	UNKNOWN STEP	2026-09-13T17:46:52.0503936Z   3cc34e7b3cb6efca5102e0e22d559ec0c0fd583f
Action policy / windows-latest / Python 3.10	UNKNOWN STEP	2026-09-13T17:46:52.0804667Z   Running command git checkout -q 3cc34e7b3cb6efca5102e0e22d559ec0c0fd583f
Action policy / windows-latest / Python 3.10	UNKNOWN STEP	2026-09-13T17:46:52.6668970Z   Resolved https://github.com/Waveframe-Labs/Waveframe-Ledger.git to commit 3cc34e7b3cb6efca5102e0e22d559ec0c0fd583f
Action policy / windows-latest / Python 3.10	UNKNOWN STEP	2026-09-13T17:46:52.6987300Z   Installing build dependencies: started
Action policy / windows-latest / Python 3.10	UNKNOWN STEP	2026-09-13T17:46:54.0507065Z   Installing build dependencies: finished with status 'done'
Action policy / windows-latest / Python 3.10	UNKNOWN STEP	2026-09-13T17:46:54.0524031Z   Getting requirements to build wheel: started
Action policy / windows-latest / Python 3.10	UNKNOWN STEP	2026-09-13T17:46:54.9093558Z   Getting requirements to build wheel: finished with status 'done'
Action policy / windows-latest / Python 3.10	UNKNOWN STEP	2026-09-13T17:46:54.9124149Z   Preparing metadata (pyproject.toml): started
Action policy / windows-latest / Python 3.10	UNKNOWN STEP	2026-09-13T17:46:55.3065338Z   Preparing metadata (pyproject.toml): finished with status 'done'
Action policy / windows-latest / Python 3.10	UNKNOWN STEP	2026-09-13T17:46:55.3972739Z Collecting cricore<0.15.0,>=0.13.0 (from -r .github/requirements/action-policy-release.txt (line 2))
Action policy / windows-latest / Python 3.10	UNKNOWN STEP	2026-09-13T17:46:55.4661005Z   Downloading cricore-0.14.0-py3-none-any.whl.metadata (9.2 kB)
Action policy / windows-latest / Python 3.10	UNKNOWN STEP	2026-09-13T17:46:55.5136038Z Collecting cricore-proposal-normalizer==0.2.0 (from -r .github/requirements/action-policy-release.txt (line 3))
Action policy / windows-latest / Python 3.10	UNKNOWN STEP	2026-09-13T17:46:55.5317597Z   Downloading cricore_proposal_normalizer-0.2.0-py3-none-any.whl.metadata (4.6 kB)
Action policy / windows-latest / Python 3.10	UNKNOWN STEP	2026-09-13T17:46:55.6058857Z Collecting requests<3.0.0,>=2.33.0 (from waveframe-guard==0.19.0)
Action policy / windows-latest / Python 3.10	UNKNOWN STEP	2026-09-13T17:46:55.6199137Z   Downloading requests-2.34.2-py3-none-any.whl.metadata (4.8 kB)
Action policy / windows-latest / Python 3.10	UNKNOWN STEP	2026-09-13T17:46:55.6989673Z Collecting jsonschema>=4 (from cricore-contract-compiler @ git+https://github.com/Waveframe-Labs/cricore-contract-compiler.git@ae590dee058d3481e384dea850d5b7d980f533ff->-r .github/requirements/action-policy-release.txt (line 4))
Action policy / windows-latest / Python 3.10	UNKNOWN STEP	2026-09-13T17:46:55.7142819Z   Downloading jsonschema-4.26.0-py3-none-any.whl.metadata (7.6 kB)
Action policy / windows-latest / Python 3.10	UNKNOWN STEP	2026-09-13T17:46:55.7687626Z Collecting build (from waveframe-guard==0.19.0)
Action policy / windows-latest / Python 3.10	UNKNOWN STEP	2026-09-13T17:46:55.7834683Z   Downloading build-1.6.1-py3-none-any.whl.metadata (5.6 kB)
Action policy / windows-latest / Python 3.10	UNKNOWN STEP	2026-09-13T17:46:55.8657515Z Collecting pytest (from waveframe-guard==0.19.0)
Action policy / windows-latest / Python 3.10	UNKNOWN STEP	2026-09-13T17:46:55.8805720Z   Downloading pytest-9.1.1-py3-none-any.whl.metadata (7.6 kB)
Action policy / windows-latest / Python 3.10	UNKNOWN STEP	2026-09-13T17:46:55.9509848Z Collecting tomli>=2.0.0 (from waveframe-guard==0.19.0)
Action policy / windows-latest / Python 3.10	UNKNOWN STEP	2026-09-13T17:46:55.9652223Z   Downloading tomli-2.4.1-py3-none-any.whl.metadata (10 kB)
Action policy / windows-latest / Python 3.10	UNKNOWN STEP	2026-09-13T17:46:56.0224913Z Collecting twine (from waveframe-guard==0.19.0)
Action policy / windows-latest / Python 3.10	UNKNOWN STEP	2026-09-13T17:46:56.0375846Z   Downloading twine-7.0.0-py3-none-any.whl.metadata (3.5 kB)
Action policy / windows-latest / Python 3.10	UNKNOWN STEP	2026-09-13T17:46:56.2535021Z Collecting charset_normalizer<4,>=2 (from requests<3.0.0,>=2.33.0->waveframe-guard==0.19.0)
Action policy / windows-latest / Python 3.10	UNKNOWN STEP	2026-09-13T17:46:56.2682263Z   Downloading charset_normalizer-3.5.1-cp310-cp310-win_amd64.whl.metadata (46 kB)
Action policy / windows-latest / Python 3.10	UNKNOWN STEP	2026-09-13T17:46:56.3326470Z Collecting idna<4,>=2.5 (from requests<3.0.0,>=2.33.0->waveframe-guard==0.19.0)
Action policy / windows-latest / Python 3.10	UNKNOWN STEP	2026-09-13T17:46:56.3502297Z   Downloading idna-3.19-py3-none-any.whl.metadata (9.2 kB)
Action policy / windows-latest / Python 3.10	UNKNOWN STEP	2026-09-13T17:46:56.4149079Z Collecting urllib3<3,>=1.26 (from requests<3.0.0,>=2.33.0->waveframe-guard==0.19.0)
Action policy / windows-latest / Python 3.10	UNKNOWN STEP	2026-09-13T17:46:56.4289590Z   Downloading urllib3-2.7.0-py3-none-any.whl.metadata (6.9 kB)
Action policy / windows-latest / Python 3.10	UNKNOWN STEP	2026-09-13T17:46:56.4901892Z Collecting certifi>=2023.5.7 (from requests<3.0.0,>=2.33.0->waveframe-guard==0.19.0)
Action policy / windows-latest / Python 3.10	UNKNOWN STEP	2026-09-13T17:46:56.5044664Z   Downloading certifi-2026.7.22-py3-none-any.whl.metadata (2.5 kB)
Action policy / windows-latest / Python 3.10	UNKNOWN STEP	2026-09-13T17:46:56.5744217Z Collecting attrs>=22.2.0 (from jsonschema>=4->cricore-contract-compiler @ git+https://github.com/Waveframe-Labs/cricore-contract-compiler.git@ae590dee058d3481e384dea850d5b7d980f533ff->-r .github/requirements/action-policy-release.txt (line 4))
Action policy / windows-latest / Python 3.10	UNKNOWN STEP	2026-09-13T17:46:56.5890330Z   Downloading attrs-26.1.0-py3-none-any.whl.metadata (8.8 kB)
Action policy / windows-latest / Python 3.10	UNKNOWN STEP	2026-09-13T17:46:56.6386671Z Collecting jsonschema-specifications>=2023.03.6 (from jsonschema>=4->cricore-contract-compiler @ git+https://github.com/Waveframe-Labs/cricore-contract-compiler.git@ae590dee058d3481e384dea850d5b7d980f533ff->-r .github/requirements/action-policy-release.txt (line 4))
Action policy / windows-latest / Python 3.10	UNKNOWN STEP	2026-09-13T17:46:56.6527010Z   Downloading jsonschema_specifications-2025.9.1-py3-none-any.whl.metadata (2.9 kB)
Action policy / windows-latest / Python 3.10	UNKNOWN STEP	2026-09-13T17:46:56.7126136Z Collecting referencing>=0.28.4 (from jsonschema>=4->cricore-contract-compiler @ git+https://github.com/Waveframe-Labs/cricore-contract-compiler.git@ae590dee058d3481e384dea850d5b7d980f533ff->-r .github/requirements/action-policy-release.txt (line 4))
Action policy / windows-latest / Python 3.10	UNKNOWN STEP	2026-09-13T17:46:56.7265793Z   Downloading referencing-0.37.0-py3-none-any.whl.metadata (2.8 kB)
Action policy / windows-latest / Python 3.10	UNKNOWN STEP	2026-09-13T17:46:57.1094824Z Collecting rpds-py>=0.25.0 (from jsonschema>=4->cricore-contract-compiler @ git+https://github.com/Waveframe-Labs/cricore-contract-compiler.git@ae590dee058d3481e384dea850d5b7d980f533ff->-r .github/requirements/action-policy-release.txt (line 4))
Action policy / windows-latest / Python 3.10	UNKNOWN STEP	2026-09-13T17:46:57.1262063Z   Downloading rpds_py-0.30.0-cp310-cp310-win_amd64.whl.metadata (4.2 kB)
Action policy / windows-latest / Python 3.10	UNKNOWN STEP	2026-09-13T17:46:57.1867377Z Collecting typing-extensions>=4.4.0 (from referencing>=0.28.4->jsonschema>=4->cricore-contract-compiler @ git+https://github.com/Waveframe-Labs/cricore-contract-compiler.git@ae590dee058d3481e384dea850d5b7d980f533ff->-r .github/requirements/action-policy-release.txt (line 4))
Action policy / windows-latest / Python 3.10	UNKNOWN STEP	2026-09-13T17:46:57.2008416Z   Downloading typing_extensions-4.16.0-py3-none-any.whl.metadata (3.3 kB)
Action policy / windows-latest / Python 3.10	UNKNOWN STEP	2026-09-13T17:46:57.2573739Z Collecting packaging>=24.0 (from build->waveframe-guard==0.19.0)
Action policy / windows-latest / Python 3.10	UNKNOWN STEP	2026-09-13T17:46:57.2712399Z   Downloading packaging-26.3-py3-none-any.whl.metadata (3.5 kB)
Action policy / windows-latest / Python 3.10	UNKNOWN STEP	2026-09-13T17:46:57.3655044Z Collecting pyproject_hooks (from build->waveframe-guard==0.19.0)
Action policy / windows-latest / Python 3.10	UNKNOWN STEP	2026-09-13T17:46:57.3797061Z   Downloading pyproject_hooks-1.2.0-py3-none-any.whl.metadata (1.3 kB)
Action policy / windows-latest / Python 3.10	UNKNOWN STEP	2026-09-13T17:46:57.4275698Z Collecting colorama (from build->waveframe-guard==0.19.0)
Action policy / windows-latest / Python 3.10	UNKNOWN STEP	2026-09-13T17:46:57.4424579Z   Downloading colorama-0.4.6-py2.py3-none-any.whl.metadata (17 kB)
Action policy / windows-latest / Python 3.10	UNKNOWN STEP	2026-09-13T17:46:57.4983761Z Collecting exceptiongroup>=1 (from pytest->waveframe-guard==0.19.0)
Action policy / windows-latest / Python 3.10	UNKNOWN STEP	2026-09-13T17:46:57.5126946Z   Downloading exceptiongroup-1.3.1-py3-none-any.whl.metadata (6.7 kB)
Action policy / windows-latest / Python 3.10	UNKNOWN STEP	2026-09-13T17:46:57.5592071Z Collecting iniconfig>=1.0.1 (from pytest->waveframe-guard==0.19.0)
Action policy / windows-latest / Python 3.10	UNKNOWN STEP	2026-09-13T17:46:57.5742992Z   Downloading iniconfig-2.3.0-py3-none-any.whl.metadata (2.5 kB)
Action policy / windows-latest / Python 3.10	UNKNOWN STEP	2026-09-13T17:46:57.6235152Z Collecting pluggy<2,>=1.5 (from pytest->waveframe-guard==0.19.0)
Action policy / windows-latest / Python 3.10	UNKNOWN STEP	2026-09-13T17:46:57.6380330Z   Downloading pluggy-1.6.0-py3-none-any.whl.metadata (4.8 kB)
Action policy / windows-latest / Python 3.10	UNKNOWN STEP	2026-09-13T17:46:57.6978181Z Collecting pygments>=2.7.2 (from pytest->waveframe-guard==0.19.0)
Action policy / windows-latest / Python 3.10	UNKNOWN STEP	2026-09-13T17:46:57.7120339Z   Downloading pygments-2.21.0-py3-none-any.whl.metadata (2.5 kB)
Action policy / windows-latest / Python 3.10	UNKNOWN STEP	2026-09-13T17:46:57.7758031Z Collecting readme-renderer>=35.0 (from twine->waveframe-guard==0.19.0)
Action policy / windows-latest / Python 3.10	UNKNOWN STEP	2026-09-13T17:46:57.7897596Z   Downloading readme_renderer-46.0-py3-none-any.whl.metadata (3.0 kB)
Action policy / windows-latest / Python 3.10	UNKNOWN STEP	2026-09-13T17:46:57.8403284Z Collecting requests-toolbelt!=0.9.0,>=0.8.0 (from twine->waveframe-guard==0.19.0)
Action policy / windows-latest / Python 3.10	UNKNOWN STEP	2026-09-13T17:46:57.8541852Z   Downloading requests_toolbelt-1.0.0-py2.py3-none-any.whl.metadata (14 kB)
Action policy / windows-latest / Python 3.10	UNKNOWN STEP	2026-09-13T17:46:57.9228857Z Collecting keyring>=21.2.0 (from twine->waveframe-guard==0.19.0)
Action policy / windows-latest / Python 3.10	UNKNOWN STEP	2026-09-13T17:46:57.9377100Z   Downloading keyring-25.7.0-py3-none-any.whl.metadata (21 kB)
Action policy / windows-latest / Python 3.10	UNKNOWN STEP	2026-09-13T17:46:57.9883162Z Collecting rfc3986>=1.4.0 (from twine->waveframe-guard==0.19.0)
Action policy / windows-latest / Python 3.10	UNKNOWN STEP	2026-09-13T17:46:58.0031127Z   Downloading rfc3986-2.0.0-py2.py3-none-any.whl.metadata (6.6 kB)
Action policy / windows-latest / Python 3.10	UNKNOWN STEP	2026-09-13T17:46:58.0712072Z Collecting rich>=14.3.3 (from twine->waveframe-guard==0.19.0)
Action policy / windows-latest / Python 3.10	UNKNOWN STEP	2026-09-13T17:46:58.0856809Z   Downloading rich-15.0.0-py3-none-any.whl.metadata (18 kB)
Action policy / windows-latest / Python 3.10	UNKNOWN STEP	2026-09-13T17:46:58.1353800Z Collecting id (from twine->waveframe-guard==0.19.0)
Action policy / windows-latest / Python 3.10	UNKNOWN STEP	2026-09-13T17:46:58.1499145Z   Downloading id-1.6.1-py3-none-any.whl.metadata (5.1 kB)
Action policy / windows-latest / Python 3.10	UNKNOWN STEP	2026-09-13T17:46:58.1991966Z Collecting pywin32-ctypes>=0.2.0 (from keyring>=21.2.0->twine->waveframe-guard==0.19.0)
Action policy / windows-latest / Python 3.10	UNKNOWN STEP	2026-09-13T17:46:58.2131695Z   Downloading pywin32_ctypes-0.2.3-py3-none-any.whl.metadata (3.9 kB)
Action policy / windows-latest / Python 3.10	UNKNOWN STEP	2026-09-13T17:46:58.2793429Z Collecting importlib_metadata>=4.11.4 (from keyring>=21.2.0->twine->waveframe-guard==0.19.0)
Action policy / windows-latest / Python 3.10	UNKNOWN STEP	2026-09-13T17:46:58.2950511Z   Downloading importlib_metadata-9.0.1-py3-none-any.whl.metadata (4.5 kB)
Action policy / windows-latest / Python 3.10	UNKNOWN STEP	2026-09-13T17:46:58.3449763Z Collecting jaraco.classes (from keyring>=21.2.0->twine->waveframe-guard==0.19.0)
Action policy / windows-latest / Python 3.10	UNKNOWN STEP	2026-09-13T17:46:58.3589510Z   Downloading jaraco.classes-3.4.0-py3-none-any.whl.metadata (2.6 kB)
Action policy / windows-latest / Python 3.10	UNKNOWN STEP	2026-09-13T17:46:58.4458033Z Collecting jaraco.functools (from keyring>=21.2.0->twine->waveframe-guard==0.19.0)
Action policy / windows-latest / Python 3.10	UNKNOWN STEP	2026-09-13T17:46:58.4603528Z   Downloading jaraco_functools-4.6.0-py3-none-any.whl.metadata (2.9 kB)
Action policy / windows-latest / Python 3.10	UNKNOWN STEP	2026-09-13T17:46:58.5119358Z Collecting jaraco.context (from keyring>=21.2.0->twine->waveframe-guard==0.19.0)
Action policy / windows-latest / Python 3.10	UNKNOWN STEP	2026-09-13T17:46:58.5264529Z   Downloading jaraco_context-6.1.2-py3-none-any.whl.metadata (4.2 kB)
Action policy / windows-latest / Python 3.10	UNKNOWN STEP	2026-09-13T17:46:58.5819903Z Collecting zipp>=3.20 (from importlib_metadata>=4.11.4->keyring>=21.2.0->twine->waveframe-guard==0.19.0)
Action policy / windows-latest / Python 3.10	UNKNOWN STEP	2026-09-13T17:46:58.5966950Z   Downloading zipp-4.1.0-py3-none-any.whl.metadata (3.6 kB)
Action policy / windows-latest / Python 3.10	UNKNOWN STEP	2026-09-13T17:46:58.6851979Z Collecting nh3>=0.2.14 (from readme-renderer>=35.0->twine->waveframe-guard==0.19.0)
Action policy / windows-latest / Python 3.10	UNKNOWN STEP	2026-09-13T17:46:58.7050896Z   Downloading nh3-0.3.7-cp38-abi3-win_amd64.whl.metadata (2.0 kB)
Action policy / windows-latest / Python 3.10	UNKNOWN STEP	2026-09-13T17:46:58.7567706Z Collecting docutils>=0.21.2 (from readme-renderer>=35.0->twine->waveframe-guard==0.19.0)
Action policy / windows-latest / Python 3.10	UNKNOWN STEP	2026-09-13T17:46:58.7708138Z   Downloading docutils-0.23-py3-none-any.whl.metadata (15 kB)
Action policy / windows-latest / Python 3.10	UNKNOWN STEP	2026-09-13T17:46:58.8336748Z Collecting markdown-it-py>=2.2.0 (from rich>=14.3.3->twine->waveframe-guard==0.19.0)
Action policy / windows-latest / Python 3.10	UNKNOWN STEP	2026-09-13T17:46:58.8480813Z   Downloading markdown_it_py-4.2.0-py3-none-any.whl.metadata (7.4 kB)
Action policy / windows-latest / Python 3.10	UNKNOWN STEP	2026-09-13T17:46:59.0268685Z Collecting mdurl~=0.1 (from markdown-it-py>=2.2.0->rich>=14.3.3->twine->waveframe-guard==0.19.0)
Action policy / windows-latest / Python 3.10	UNKNOWN STEP	2026-09-13T17:46:59.0406661Z   Downloading mdurl-0.1.2-py3-none-any.whl.metadata (1.6 kB)
Action policy / windows-latest / Python 3.10	UNKNOWN STEP	2026-09-13T17:46:59.0973105Z Collecting more-itertools (from jaraco.classes->keyring>=21.2.0->twine->waveframe-guard==0.19.0)
Action policy / windows-latest / Python 3.10	UNKNOWN STEP	2026-09-13T17:46:59.1112910Z   Downloading more_itertools-11.1.0-py3-none-any.whl.metadata (41 kB)
Action policy / windows-latest / Python 3.10	UNKNOWN STEP	2026-09-13T17:46:59.1591765Z Collecting backports.tarfile (from jaraco.context->keyring>=21.2.0->twine->waveframe-guard==0.19.0)
Action policy / windows-latest / Python 3.10	UNKNOWN STEP	2026-09-13T17:46:59.1735853Z   Downloading backports.tarfile-1.2.0-py3-none-any.whl.metadata (2.0 kB)
Action policy / windows-latest / Python 3.10	UNKNOWN STEP	2026-09-13T17:46:59.2251264Z Downloading cricore_proposal_normalizer-0.2.0-py3-none-any.whl (10 kB)
Action policy / windows-latest / Python 3.10	UNKNOWN STEP	2026-09-13T17:46:59.2566453Z Downloading cricore-0.14.0-py3-none-any.whl (45 kB)
Action policy / windows-latest / Python 3.10	UNKNOWN STEP	2026-09-13T17:46:59.2869967Z Downloading requests-2.34.2-py3-none-any.whl (73 kB)
Action policy / windows-latest / Python 3.10	UNKNOWN STEP	2026-09-13T17:46:59.3245164Z Downloading charset_normalizer-3.5.1-cp310-cp310-win_amd64.whl (206 kB)
Action policy / windows-latest / Python 3.10	UNKNOWN STEP	2026-09-13T17:46:59.3675998Z Downloading idna-3.19-py3-none-any.whl (68 kB)
Action policy / windows-latest / Python 3.10	UNKNOWN STEP	2026-09-13T17:46:59.3955439Z Downloading urllib3-2.7.0-py3-none-any.whl (131 kB)
Action policy / windows-latest / Python 3.10	UNKNOWN STEP	2026-09-13T17:46:59.4255346Z Downloading certifi-2026.7.22-py3-none-any.whl (136 kB)
Action policy / windows-latest / Python 3.10	UNKNOWN STEP	2026-09-13T17:46:59.4567373Z Downloading jsonschema-4.26.0-py3-none-any.whl (90 kB)
Action policy / windows-latest / Python 3.10	UNKNOWN STEP	2026-09-13T17:46:59.4877886Z Downloading attrs-26.1.0-py3-none-any.whl (67 kB)
Action policy / windows-latest / Python 3.10	UNKNOWN STEP	2026-09-13T17:46:59.5161232Z Downloading jsonschema_specifications-2025.9.1-py3-none-any.whl (18 kB)
Action policy / windows-latest / Python 3.10	UNKNOWN STEP	2026-09-13T17:46:59.5432722Z Downloading referencing-0.37.0-py3-none-any.whl (26 kB)
Action policy / windows-latest / Python 3.10	UNKNOWN STEP	2026-09-13T17:46:59.5703059Z Downloading rpds_py-0.30.0-cp310-cp310-win_amd64.whl (235 kB)
Action policy / windows-latest / Python 3.10	UNKNOWN STEP	2026-09-13T17:46:59.6019337Z Downloading tomli-2.4.1-py3-none-any.whl (14 kB)
Action policy / windows-latest / Python 3.10	UNKNOWN STEP	2026-09-13T17:46:59.6301803Z Downloading typing_extensions-4.16.0-py3-none-any.whl (45 kB)
Action policy / windows-latest / Python 3.10	UNKNOWN STEP	2026-09-13T17:46:59.6578048Z Downloading build-1.6.1-py3-none-any.whl (31 kB)
Action policy / windows-latest / Python 3.10	UNKNOWN STEP	2026-09-13T17:46:59.6865504Z Downloading packaging-26.3-py3-none-any.whl (129 kB)
Action policy / windows-latest / Python 3.10	UNKNOWN STEP	2026-09-13T17:46:59.7145930Z Downloading colorama-0.4.6-py2.py3-none-any.whl (25 kB)
Action policy / windows-latest / Python 3.10	UNKNOWN STEP	2026-09-13T17:46:59.7439243Z Downloading pyproject_hooks-1.2.0-py3-none-any.whl (10 kB)
Action policy / windows-latest / Python 3.10	UNKNOWN STEP	2026-09-13T17:46:59.7708276Z Downloading pytest-9.1.1-py3-none-any.whl (386 kB)
Action policy / windows-latest / Python 3.10	UNKNOWN STEP	2026-09-13T17:46:59.8080377Z Downloading pluggy-1.6.0-py3-none-any.whl (20 kB)
Action policy / windows-latest / Python 3.10	UNKNOWN STEP	2026-09-13T17:46:59.8364890Z Downloading exceptiongroup-1.3.1-py3-none-any.whl (16 kB)
Action policy / windows-latest / Python 3.10	UNKNOWN STEP	2026-09-13T17:46:59.8673291Z Downloading iniconfig-2.3.0-py3-none-any.whl (7.5 kB)
Action policy / windows-latest / Python 3.10	UNKNOWN STEP	2026-09-13T17:46:59.8941262Z Downloading pygments-2.21.0-py3-none-any.whl (1.3 MB)
Action policy / windows-latest / Python 3.10	UNKNOWN STEP	2026-09-13T17:46:59.9322040Z    ---------------------------------------- 1.3/1.3 MB 31.9 MB/s  0:00:00
Action policy / windows-latest / Python 3.10	UNKNOWN STEP	2026-09-13T17:46:59.9464653Z Downloading twine-7.0.0-py3-none-any.whl (43 kB)
Action policy / windows-latest / Python 3.10	UNKNOWN STEP	2026-09-13T17:46:59.9763591Z Downloading keyring-25.7.0-py3-none-any.whl (39 kB)
Action policy / windows-latest / Python 3.10	UNKNOWN STEP	2026-09-13T17:47:00.0073345Z Downloading importlib_metadata-9.0.1-py3-none-any.whl (27 kB)
Action policy / windows-latest / Python 3.10	UNKNOWN STEP	2026-09-13T17:47:00.0364631Z Downloading pywin32_ctypes-0.2.3-py3-none-any.whl (30 kB)
Action policy / windows-latest / Python 3.10	UNKNOWN STEP	2026-09-13T17:47:00.5911393Z Downloading readme_renderer-46.0-py3-none-any.whl (14 kB)
Action policy / windows-latest / Python 3.10	UNKNOWN STEP	2026-09-13T17:47:00.6197241Z Downloading docutils-0.23-py3-none-any.whl (634 kB)
Action policy / windows-latest / Python 3.10	UNKNOWN STEP	2026-09-13T17:47:00.6426985Z    ---------------------------------------- 634.7/634.7 kB 24.8 MB/s  0:00:00
Action policy / windows-latest / Python 3.10	UNKNOWN STEP	2026-09-13T17:47:00.6568758Z Downloading nh3-0.3.7-cp38-abi3-win_amd64.whl (644 kB)
Action policy / windows-latest / Python 3.10	UNKNOWN STEP	2026-09-13T17:47:00.6771474Z    ---------------------------------------- 644.5/644.5 kB 12.3 MB/s  0:00:00
Action policy / windows-latest / Python 3.10	UNKNOWN STEP	2026-09-13T17:47:00.6918104Z Downloading requests_toolbelt-1.0.0-py2.py3-none-any.whl (54 kB)
Action policy / windows-latest / Python 3.10	UNKNOWN STEP	2026-09-13T17:47:00.7221948Z Downloading rfc3986-2.0.0-py2.py3-none-any.whl (31 kB)
Action policy / windows-latest / Python 3.10	UNKNOWN STEP	2026-09-13T17:47:00.7503720Z Downloading rich-15.0.0-py3-none-any.whl (310 kB)
Action policy / windows-latest / Python 3.10	UNKNOWN STEP	2026-09-13T17:47:00.7905627Z Downloading markdown_it_py-4.2.0-py3-none-any.whl (91 kB)
Action policy / windows-latest / Python 3.10	UNKNOWN STEP	2026-09-13T17:47:00.8196608Z Downloading mdurl-0.1.2-py3-none-any.whl (10.0 kB)
Action policy / windows-latest / Python 3.10	UNKNOWN STEP	2026-09-13T17:47:00.8491667Z Downloading zipp-4.1.0-py3-none-any.whl (10 kB)
Action policy / windows-latest / Python 3.10	UNKNOWN STEP	2026-09-13T17:47:00.8753277Z Downloading id-1.6.1-py3-none-any.whl (14 kB)
Action policy / windows-latest / Python 3.10	UNKNOWN STEP	2026-09-13T17:47:00.9060245Z Downloading jaraco.classes-3.4.0-py3-none-any.whl (6.8 kB)
Action policy / windows-latest / Python 3.10	UNKNOWN STEP	2026-09-13T17:47:00.9353907Z Downloading jaraco_context-6.1.2-py3-none-any.whl (7.9 kB)
Action policy / windows-latest / Python 3.10	UNKNOWN STEP	2026-09-13T17:47:01.3001752Z Downloading backports.tarfile-1.2.0-py3-none-any.whl (30 kB)
Action policy / windows-latest / Python 3.10	UNKNOWN STEP	2026-09-13T17:47:01.3277898Z Downloading jaraco_functools-4.6.0-py3-none-any.whl (11 kB)
Action policy / windows-latest / Python 3.10	UNKNOWN STEP	2026-09-13T17:47:01.3567351Z Downloading more_itertools-11.1.0-py3-none-any.whl (72 kB)
Action policy / windows-latest / Python 3.10	UNKNOWN STEP	2026-09-13T17:47:01.5210526Z Building wheels for collected packages: waveframe-guard, governance-ledger, cricore-contract-compiler
Action policy / windows-latest / Python 3.10	UNKNOWN STEP	2026-09-13T17:47:01.5239892Z   Building editable for waveframe-guard (pyproject.toml): started
Action policy / windows-latest / Python 3.10	UNKNOWN STEP	2026-09-13T17:47:01.9277873Z   Building editable for waveframe-guard (pyproject.toml): finished with status 'done'
Action policy / windows-latest / Python 3.10	UNKNOWN STEP	2026-09-13T17:47:01.9317734Z   Created wheel for waveframe-guard: filename=waveframe_guard-0.19.0-0.editable-py3-none-any.whl size=16263 sha256=7e503660ed4a4e355e7904ee3762d9b104b8329490145ea1d51cf9507379b588
Action policy / windows-latest / Python 3.10	UNKNOWN STEP	2026-09-13T17:47:01.9320601Z   Stored in directory: C:\Users\runneradmin\AppData\Local\Temp\pip-ephem-wheel-cache-9z5jcwcp\wheels\1e\af\a9\b6d7b9fa33202d31371e4662ae74bce0f2789b2d8657d06b4c
Action policy / windows-latest / Python 3.10	UNKNOWN STEP	2026-09-13T17:47:01.9967286Z   Building wheel for governance-ledger (pyproject.toml): started
Action policy / windows-latest / Python 3.10	UNKNOWN STEP	2026-09-13T17:47:02.6043429Z   Building wheel for governance-ledger (pyproject.toml): finished with status 'done'
Action policy / windows-latest / Python 3.10	UNKNOWN STEP	2026-09-13T17:47:02.6089176Z   Created wheel for governance-ledger: filename=governance_ledger-0.9.0-py3-none-any.whl size=190021 sha256=b0ce015d8e1a8c4c62fe700f2d8f9cbe4c27290780c6a0da331598c1dbad2ce7
Action policy / windows-latest / Python 3.10	UNKNOWN STEP	2026-09-13T17:47:02.6091925Z   Stored in directory: c:\users\runneradmin\appdata\local\pip\cache\wheels\2c\41\e9\75153dda184f485afe4cc7f04d86ef33c399a6a55025d4e550
Action policy / windows-latest / Python 3.10	UNKNOWN STEP	2026-09-13T17:47:02.6837584Z   Building wheel for cricore-contract-compiler (pyproject.toml): started
Action policy / windows-latest / Python 3.10	UNKNOWN STEP	2026-09-13T17:47:03.1074959Z   Building wheel for cricore-contract-compiler (pyproject.toml): finished with status 'done'
Action policy / windows-latest / Python 3.10	UNKNOWN STEP	2026-09-13T17:47:03.1114259Z   Created wheel for cricore-contract-compiler: filename=cricore_contract_compiler-0.5.0-py3-none-any.whl size=20395 sha256=da2f459688fc0ba496cd8f80f628e949c22548881d09bb1b45f77b244b7cb8c9
Action policy / windows-latest / Python 3.10	UNKNOWN STEP	2026-09-13T17:47:03.1116704Z   Stored in directory: c:\users\runneradmin\appdata\local\pip\cache\wheels\f0\fb\ef\933d2af2c093264e9c4ccf1b69c6c8d5a043ec70245f22ad62
Action policy / windows-latest / Python 3.10	UNKNOWN STEP	2026-09-13T17:47:03.1146271Z Successfully built waveframe-guard governance-ledger cricore-contract-compiler
Action policy / windows-latest / Python 3.10	UNKNOWN STEP	2026-09-13T17:47:03.2212737Z Installing collected packages: zipp, urllib3, typing-extensions, tomli, rpds-py, rfc3986, pywin32-ctypes, pyproject_hooks, pygments, pluggy, packaging, nh3, more-itertools, mdurl, iniconfig, idna, docutils, cricore-proposal-normalizer, cricore, colorama, charset_normalizer, certifi, backports.tarfile, attrs, requests, referencing, readme-renderer, markdown-it-py, jaraco.functools, jaraco.context, jaraco.classes, importlib_metadata, id, exceptiongroup, build, rich, requests-toolbelt, pytest, keyring, jsonschema-specifications, twine, jsonschema, cricore-contract-compiler, governance-ledger, waveframe-guard
Action policy / windows-latest / Python 3.10	UNKNOWN STEP	2026-09-13T17:47:09.5642935Z 
Action policy / windows-latest / Python 3.10	UNKNOWN STEP	2026-09-13T17:47:09.5841147Z Successfully installed attrs-26.1.0 backports.tarfile-1.2.0 build-1.6.1 certifi-2026.7.22 charset_normalizer-3.5.1 colorama-0.4.6 cricore-0.14.0 cricore-contract-compiler-0.5.0 cricore-proposal-normalizer-0.2.0 docutils-0.23 exceptiongroup-1.3.1 governance-ledger-0.9.0 id-1.6.1 idna-3.19 importlib_metadata-9.0.1 iniconfig-2.3.0 jaraco.classes-3.4.0 jaraco.context-6.1.2 jaraco.functools-4.6.0 jsonschema-4.26.0 jsonschema-specifications-2025.9.1 keyring-25.7.0 markdown-it-py-4.2.0 mdurl-0.1.2 more-itertools-11.1.0 nh3-0.3.7 packaging-26.3 pluggy-1.6.0 pygments-2.21.0 pyproject_hooks-1.2.0 pytest-9.1.1 pywin32-ctypes-0.2.3 readme-renderer-46.0 referencing-0.37.0 requests-2.34.2 requests-toolbelt-1.0.0 rfc3986-2.0.0 rich-15.0.0 rpds-py-0.30.0 tomli-2.4.1 twine-7.0.0 typing-extensions-4.16.0 urllib3-2.7.0 waveframe-guard-0.19.0 zipp-4.1.0
Action policy / windows-latest / Python 3.10	UNKNOWN STEP	2026-09-13T17:47:10.3720535Z ##[group]Run python -m pip check
Action policy / windows-latest / Python 3.10	UNKNOWN STEP	2026-09-13T17:47:10.3720905Z ^[[36;1mpython -m pip check^[[0m
Action policy / windows-latest / Python 3.10	UNKNOWN STEP	2026-09-13T17:47:10.3797113Z shell: C:\Program Files\PowerShell\7\pwsh.EXE -command ". '{0}'"
Action policy / windows-latest / Python 3.10	UNKNOWN STEP	2026-09-13T17:47:10.3797481Z env:
Action policy / windows-latest / Python 3.10	UNKNOWN STEP	2026-09-13T17:47:10.3797678Z   CLOUD_TEST_ACCESS: true
Action policy / windows-latest / Python 3.10	UNKNOWN STEP	2026-09-13T17:47:10.3797989Z   pythonLocation: C:\hostedtoolcache\windows\Python\3.10.11\x64
Action policy / windows-latest / Python 3.10	UNKNOWN STEP	2026-09-13T17:47:10.3798461Z   PKG_CONFIG_PATH: C:\hostedtoolcache\windows\Python\3.10.11\x64/lib/pkgconfig
Action policy / windows-latest / Python 3.10	UNKNOWN STEP	2026-09-13T17:47:10.3798937Z   Python_ROOT_DIR: C:\hostedtoolcache\windows\Python\3.10.11\x64
Action policy / windows-latest / Python 3.10	UNKNOWN STEP	2026-09-13T17:47:10.3799364Z   Python2_ROOT_DIR: C:\hostedtoolcache\windows\Python\3.10.11\x64
Action policy / windows-latest / Python 3.10	UNKNOWN STEP	2026-09-13T17:47:10.3799789Z   Python3_ROOT_DIR: C:\hostedtoolcache\windows\Python\3.10.11\x64
Action policy / windows-latest / Python 3.10	UNKNOWN STEP	2026-09-13T17:47:10.3800130Z ##[endgroup]
Action policy / windows-latest / Python 3.10	UNKNOWN STEP	2026-09-13T17:47:11.1760989Z No broken requirements found.
Action policy / windows-latest / Python 3.10	UNKNOWN STEP	2026-09-13T17:47:11.3464929Z ##[group]Run python -m pytest -q --junitxml=acceptance-output/default.xml
Action policy / windows-latest / Python 3.10	UNKNOWN STEP	2026-09-13T17:47:11.3465526Z ^[[36;1mpython -m pytest -q --junitxml=acceptance-output/default.xml^[[0m
Action policy / windows-latest / Python 3.10	UNKNOWN STEP	2026-09-13T17:47:11.3535545Z shell: C:\Program Files\PowerShell\7\pwsh.EXE -command ". '{0}'"
Action policy / windows-latest / Python 3.10	UNKNOWN STEP	2026-09-13T17:47:11.3535908Z env:
Action policy / windows-latest / Python 3.10	UNKNOWN STEP	2026-09-13T17:47:11.3536091Z   CLOUD_TEST_ACCESS: true
Action policy / windows-latest / Python 3.10	UNKNOWN STEP	2026-09-13T17:47:11.3536396Z   pythonLocation: C:\hostedtoolcache\windows\Python\3.10.11\x64
Action policy / windows-latest / Python 3.10	UNKNOWN STEP	2026-09-13T17:47:11.3536852Z   PKG_CONFIG_PATH: C:\hostedtoolcache\windows\Python\3.10.11\x64/lib/pkgconfig
Action policy / windows-latest / Python 3.10	UNKNOWN STEP	2026-09-13T17:47:11.3537314Z   Python_ROOT_DIR: C:\hostedtoolcache\windows\Python\3.10.11\x64
Action policy / windows-latest / Python 3.10	UNKNOWN STEP	2026-09-13T17:47:11.3537717Z   Python2_ROOT_DIR: C:\hostedtoolcache\windows\Python\3.10.11\x64
Action policy / windows-latest / Python 3.10	UNKNOWN STEP	2026-09-13T17:47:11.3538125Z   Python3_ROOT_DIR: C:\hostedtoolcache\windows\Python\3.10.11\x64
Action policy / windows-latest / Python 3.10	UNKNOWN STEP	2026-09-13T17:47:11.3538445Z ##[endgroup]
Action policy / windows-latest / Python 3.10	UNKNOWN STEP	2026-09-13T17:47:16.9107418Z ...s.ssssssssss..........s.s.s.sssss....s.ssss....sssssssss.........s.s. [  4%]
Action policy / windows-latest / Python 3.10	UNKNOWN STEP	2026-09-13T17:47:17.7354276Z s.s.s..sssss.....s.ss................................................... [  9%]
Action policy / windows-latest / Python 3.10	UNKNOWN STEP	2026-09-13T17:47:26.8909974Z ........................................................................ [ 13%]
Action policy / windows-latest / Python 3.10	UNKNOWN STEP	2026-09-13T17:47:40.4298879Z ..................................sssssssssssssssss.................ssss [ 18%]
Action policy / windows-latest / Python 3.10	UNKNOWN STEP	2026-09-13T17:47:45.2386441Z ssssssssssss................s........................................... [ 22%]
Action policy / windows-latest / Python 3.10	UNKNOWN STEP	2026-09-13T17:47:50.5208179Z ........................................................................ [ 27%]
Action policy / windows-latest / Python 3.10	UNKNOWN STEP	2026-09-13T17:47:53.6206541Z ........................................................................ [ 32%]
Action policy / windows-latest / Python 3.10	UNKNOWN STEP	2026-09-13T17:48:01.5012066Z ....s................................................................... [ 36%]
Action policy / windows-latest / Python 3.10	UNKNOWN STEP	2026-09-13T17:48:04.1988423Z ........................................................................ [ 41%]
Action policy / windows-latest / Python 3.10	UNKNOWN STEP	2026-09-13T17:48:04.4420010Z ........................................................................ [ 45%]
Action policy / windows-latest / Python 3.10	UNKNOWN STEP	2026-09-13T17:48:04.5500826Z ........................................................................ [ 50%]
Action policy / windows-latest / Python 3.10	UNKNOWN STEP	2026-09-13T17:48:05.2859772Z ........................................................................ [ 55%]
Action policy / windows-latest / Python 3.10	UNKNOWN STEP	2026-09-13T17:48:05.4001039Z ........................................................................ [ 59%]
Action policy / windows-latest / Python 3.10	UNKNOWN STEP	2026-09-13T17:48:07.4370155Z ........................................................................ [ 64%]
Action policy / windows-latest / Python 3.10	UNKNOWN STEP	2026-09-13T17:48:26.9456145Z ....ssssssssss..........sssssssss.........ssssssssssssssssssss.......... [ 68%]
Action policy / windows-latest / Python 3.10	UNKNOWN STEP	2026-09-13T17:48:44.8499577Z ............ssssssssssss...........s.s.sssss.s.......................... [ 73%]
Action policy / windows-latest / Python 3.10	UNKNOWN STEP	2026-09-13T17:48:47.9367174Z ..........................................s............................. [ 78%]
Action policy / windows-latest / Python 3.10	UNKNOWN STEP	2026-09-13T17:48:51.6282081Z .............s..........................................s............... [ 82%]
Action policy / windows-latest / Python 3.10	UNKNOWN STEP	2026-09-13T17:48:52.3122741Z ........................................................................ [ 87%]
Action policy / windows-latest / Python 3.10	UNKNOWN STEP	2026-09-13T17:48:52.8726754Z ......................sssssssss......................................... [ 91%]
Action policy / windows-latest / Python 3.10	UNKNOWN STEP	2026-09-13T17:48:53.4746732Z ........................................................................ [ 96%]
Action policy / windows-latest / Python 3.10	UNKNOWN STEP	2026-09-13T17:48:54.4911521Z ........................................................                 [100%]
Action policy / windows-latest / Python 3.10	UNKNOWN STEP	2026-09-13T17:48:54.4912383Z 1416 passed, 152 skipped in 102.25s (0:01:42)
Action policy / windows-latest / Python 3.10	UNKNOWN STEP	2026-09-13T17:48:54.6985107Z ##[group]Run python -c "from pathlib import Path; from tools.acceptance.release_catalog_package import summarize; summarize(Path('acceptance-output/default.xml'))"
Action policy / windows-latest / Python 3.10	UNKNOWN STEP	2026-09-13T17:48:54.6986391Z ^[[36;1mpython -c "from pathlib import Path; from tools.acceptance.release_catalog_package import summarize; summarize(Path('acceptance-output/default.xml'))"^[[0m
Action policy / windows-latest / Python 3.10	UNKNOWN STEP	2026-09-13T17:48:54.7057920Z shell: C:\Program Files\PowerShell\7\pwsh.EXE -command ". '{0}'"
Action policy / windows-latest / Python 3.10	UNKNOWN STEP	2026-09-13T17:48:54.7058302Z env:
Action policy / windows-latest / Python 3.10	UNKNOWN STEP	2026-09-13T17:48:54.7058533Z   CLOUD_TEST_ACCESS: true
Action policy / windows-latest / Python 3.10	UNKNOWN STEP	2026-09-13T17:48:54.7058890Z   pythonLocation: C:\hostedtoolcache\windows\Python\3.10.11\x64
Action policy / windows-latest / Python 3.10	UNKNOWN STEP	2026-09-13T17:48:54.7059420Z   PKG_CONFIG_PATH: C:\hostedtoolcache\windows\Python\3.10.11\x64/lib/pkgconfig
Action policy / windows-latest / Python 3.10	UNKNOWN STEP	2026-09-13T17:48:54.7060229Z   Python_ROOT_DIR: C:\hostedtoolcache\windows\Python\3.10.11\x64
Action policy / windows-latest / Python 3.10	UNKNOWN STEP	2026-09-13T17:48:54.7060681Z   Python2_ROOT_DIR: C:\hostedtoolcache\windows\Python\3.10.11\x64
Action policy / windows-latest / Python 3.10	UNKNOWN STEP	2026-09-13T17:48:54.7061210Z   Python3_ROOT_DIR: C:\hostedtoolcache\windows\Python\3.10.11\x64
Action policy / windows-latest / Python 3.10	UNKNOWN STEP	2026-09-13T17:48:54.7061786Z ##[endgroup]
Action policy / windows-latest / Python 3.10	UNKNOWN STEP	2026-09-13T17:48:55.2139242Z ##[group]Run python -m pytest -q --junitxml=acceptance-output/development.xml
Action policy / windows-latest / Python 3.10	UNKNOWN STEP	2026-09-13T17:48:55.2139878Z ^[[36;1mpython -m pytest -q --junitxml=acceptance-output/development.xml^[[0m
Action policy / windows-latest / Python 3.10	UNKNOWN STEP	2026-09-13T17:48:55.2208164Z shell: C:\Program Files\PowerShell\7\pwsh.EXE -command ". '{0}'"
Action policy / windows-latest / Python 3.10	UNKNOWN STEP	2026-09-13T17:48:55.2208523Z env:
Action policy / windows-latest / Python 3.10	UNKNOWN STEP	2026-09-13T17:48:55.2208700Z   CLOUD_TEST_ACCESS: true
Action policy / windows-latest / Python 3.10	UNKNOWN STEP	2026-09-13T17:48:55.2209015Z   pythonLocation: C:\hostedtoolcache\windows\Python\3.10.11\x64
Action policy / windows-latest / Python 3.10	UNKNOWN STEP	2026-09-13T17:48:55.2209479Z   PKG_CONFIG_PATH: C:\hostedtoolcache\windows\Python\3.10.11\x64/lib/pkgconfig
Action policy / windows-latest / Python 3.10	UNKNOWN STEP	2026-09-13T17:48:55.2209936Z   Python_ROOT_DIR: C:\hostedtoolcache\windows\Python\3.10.11\x64
Action policy / windows-latest / Python 3.10	UNKNOWN STEP	2026-09-13T17:48:55.2210350Z   Python2_ROOT_DIR: C:\hostedtoolcache\windows\Python\3.10.11\x64
Action policy / windows-latest / Python 3.10	UNKNOWN STEP	2026-09-13T17:48:55.2210746Z   Python3_ROOT_DIR: C:\hostedtoolcache\windows\Python\3.10.11\x64
Action policy / windows-latest / Python 3.10	UNKNOWN STEP	2026-09-13T17:48:55.2211277Z   WAVEFRAME_GUARD_ACTION_POLICY_DEV: 1
Action policy / windows-latest / Python 3.10	UNKNOWN STEP	2026-09-13T17:48:55.2211573Z   WAVEFRAME_LEDGER_ACTION_POLICY_DEV: 1
Action policy / windows-latest / Python 3.10	UNKNOWN STEP	2026-09-13T17:48:55.2211821Z ##[endgroup]
Action policy / windows-latest / Python 3.10	UNKNOWN STEP	2026-09-13T17:49:02.8120236Z ........................................................................ [  4%]
Action policy / windows-latest / Python 3.10	UNKNOWN STEP	2026-09-13T17:49:04.3012899Z ........................................................................ [  9%]
Action policy / windows-latest / Python 3.10	UNKNOWN STEP	2026-09-13T17:49:12.5179167Z ........................................................................ [ 13%]
Action policy / windows-latest / Python 3.10	UNKNOWN STEP	2026-09-13T17:49:28.7962497Z ........................................................................ [ 18%]
Action policy / windows-latest / Python 3.10	UNKNOWN STEP	2026-09-13T17:49:35.4373693Z ........................................................................ [ 22%]
Action policy / windows-latest / Python 3.10	UNKNOWN STEP	2026-09-13T17:49:40.6969651Z ........................................................................ [ 27%]
Action policy / windows-latest / Python 3.10	UNKNOWN STEP	2026-09-13T17:49:43.9809267Z ........................................................................ [ 32%]
Action policy / windows-latest / Python 3.10	UNKNOWN STEP	2026-09-13T17:49:52.0390312Z ....s................................................................... [ 36%]
Action policy / windows-latest / Python 3.10	UNKNOWN STEP	2026-09-13T17:49:54.8200373Z ........................................................................ [ 41%]
Action policy / windows-latest / Python 3.10	UNKNOWN STEP	2026-09-13T17:49:55.0570053Z ........................................................................ [ 45%]
Action policy / windows-latest / Python 3.10	UNKNOWN STEP	2026-09-13T17:49:55.1654185Z ........................................................................ [ 50%]
Action policy / windows-latest / Python 3.10	UNKNOWN STEP	2026-09-13T17:49:55.9266181Z ........................................................................ [ 55%]
Action policy / windows-latest / Python 3.10	UNKNOWN STEP	2026-09-13T17:49:56.0372832Z ........................................................................ [ 59%]
Action policy / windows-latest / Python 3.10	UNKNOWN STEP	2026-09-13T17:49:58.1285901Z ........................................................................ [ 64%]
Action policy / windows-latest / Python 3.10	UNKNOWN STEP	2026-09-13T17:50:43.7016176Z ........................................................................ [ 68%]
Action policy / windows-latest / Python 3.10	UNKNOWN STEP	2026-09-13T17:51:12.6626807Z ............s........................................................... [ 73%]
Action policy / windows-latest / Python 3.10	UNKNOWN STEP	2026-09-13T17:51:15.7594043Z ..........................................s............................. [ 78%]
Action policy / windows-latest / Python 3.10	UNKNOWN STEP	2026-09-13T17:51:19.5527217Z .............s..........................................s............... [ 82%]
Action policy / windows-latest / Python 3.10	UNKNOWN STEP	2026-09-13T17:51:20.2470285Z ........................................................................ [ 87%]
Action policy / windows-latest / Python 3.10	UNKNOWN STEP	2026-09-13T17:51:20.8019736Z ......................sssssssss......................................... [ 91%]
Action policy / windows-latest / Python 3.10	UNKNOWN STEP	2026-09-13T17:51:21.7926245Z ........................................................................ [ 96%]
Action policy / windows-latest / Python 3.10	UNKNOWN STEP	2026-09-13T17:51:22.3635587Z ........................................................                 [100%]
Action policy / windows-latest / Python 3.10	UNKNOWN STEP	2026-09-13T17:51:22.3636259Z 1554 passed, 14 skipped in 146.47s (0:02:26)
Action policy / windows-latest / Python 3.10	UNKNOWN STEP	2026-09-13T17:51:22.6213292Z ##[group]Run python tools/acceptance/release_catalog_package.py --output acceptance-output/package
Action policy / windows-latest / Python 3.10	UNKNOWN STEP	2026-09-13T17:51:22.6214200Z ^[[36;1mpython tools/acceptance/release_catalog_package.py --output acceptance-output/package^[[0m
Action policy / windows-latest / Python 3.10	UNKNOWN STEP	2026-09-13T17:51:22.6288550Z shell: C:\Program Files\PowerShell\7\pwsh.EXE -command ". '{0}'"
Action policy / windows-latest / Python 3.10	UNKNOWN STEP	2026-09-13T17:51:22.6289003Z env:
Action policy / windows-latest / Python 3.10	UNKNOWN STEP	2026-09-13T17:51:22.6289261Z   CLOUD_TEST_ACCESS: true
Action policy / windows-latest / Python 3.10	UNKNOWN STEP	2026-09-13T17:51:22.6289645Z   pythonLocation: C:\hostedtoolcache\windows\Python\3.10.11\x64
Action policy / windows-latest / Python 3.10	UNKNOWN STEP	2026-09-13T17:51:22.6290202Z   PKG_CONFIG_PATH: C:\hostedtoolcache\windows\Python\3.10.11\x64/lib/pkgconfig
Action policy / windows-latest / Python 3.10	UNKNOWN STEP	2026-09-13T17:51:22.6290783Z   Python_ROOT_DIR: C:\hostedtoolcache\windows\Python\3.10.11\x64
Action policy / windows-latest / Python 3.10	UNKNOWN STEP	2026-09-13T17:51:22.6291268Z   Python2_ROOT_DIR: C:\hostedtoolcache\windows\Python\3.10.11\x64
Action policy / windows-latest / Python 3.10	UNKNOWN STEP	2026-09-13T17:51:22.6291755Z   Python3_ROOT_DIR: C:\hostedtoolcache\windows\Python\3.10.11\x64
Action policy / windows-latest / Python 3.10	UNKNOWN STEP	2026-09-13T17:51:22.6292158Z ##[endgroup]
Action policy / windows-latest / Python 3.10	UNKNOWN STEP	2026-09-13T17:51:29.7610632Z Checking 
Action policy / windows-latest / Python 3.10	UNKNOWN STEP	2026-09-13T17:51:29.7612649Z D:\a\Waveframe-Guard\Waveframe-Guard\acceptance-output\package\waveframe_guard-
Action policy / windows-latest / Python 3.10	UNKNOWN STEP	2026-09-13T17:51:29.7653727Z 0.19.0-py3-none-any.whl: PASSED
Action policy / windows-latest / Python 3.10	UNKNOWN STEP	2026-09-13T17:51:29.7656240Z Checking 
Action policy / windows-latest / Python 3.10	UNKNOWN STEP	2026-09-13T17:51:29.7656996Z D:\a\Waveframe-Guard\Waveframe-Guard\acceptance-output\package\waveframe_guard-
Action policy / windows-latest / Python 3.10	UNKNOWN STEP	2026-09-13T17:51:29.7860590Z 0.19.0.tar.gz: PASSED
Action policy / windows-latest / Python 3.10	UNKNOWN STEP	2026-09-13T17:51:35.6118819Z Processing d:\a\waveframe-guard\waveframe-guard\acceptance-output\package\waveframe_guard-0.19.0-py3-none-any.whl
Action policy / windows-latest / Python 3.10	UNKNOWN STEP	2026-09-13T17:51:35.6374612Z Collecting cricore-contract-compiler@ git+https://github.com/Waveframe-Labs/cricore-contract-compiler.git@ae590dee058d3481e384dea850d5b7d980f533ff
Action policy / windows-latest / Python 3.10	UNKNOWN STEP	2026-09-13T17:51:35.6376006Z   Using cached cricore_contract_compiler-0.5.0-py3-none-any.whl
Action policy / windows-latest / Python 3.10	UNKNOWN STEP	2026-09-13T17:51:35.6404346Z Collecting governance-ledger@ git+https://github.com/Waveframe-Labs/Waveframe-Ledger.git@3cc34e7b3cb6efca5102e0e22d559ec0c0fd583f
Action policy / windows-latest / Python 3.10	UNKNOWN STEP	2026-09-13T17:51:35.6406160Z   Using cached governance_ledger-0.9.0-py3-none-any.whl
Action policy / windows-latest / Python 3.10	UNKNOWN STEP	2026-09-13T17:51:35.7360309Z Collecting cricore<0.15.0,>=0.13.0
Action policy / windows-latest / Python 3.10	UNKNOWN STEP	2026-09-13T17:51:35.7989270Z   Downloading cricore-0.14.0-py3-none-any.whl (45 kB)
Action policy / windows-latest / Python 3.10	UNKNOWN STEP	2026-09-13T17:51:35.8220947Z      ---------------------------------------- 45.9/45.9 kB 1.1 MB/s eta 0:00:00
Action policy / windows-latest / Python 3.10	UNKNOWN STEP	2026-09-13T17:51:35.8501714Z Collecting cricore-proposal-normalizer==0.2.0
Action policy / windows-latest / Python 3.10	UNKNOWN STEP	2026-09-13T17:51:35.8652743Z   Downloading cricore_proposal_normalizer-0.2.0-py3-none-any.whl (10 kB)
Action policy / windows-latest / Python 3.10	UNKNOWN STEP	2026-09-13T17:51:35.9588450Z Collecting requests<3.0.0,>=2.33.0
Action policy / windows-latest / Python 3.10	UNKNOWN STEP	2026-09-13T17:51:35.9734955Z   Downloading requests-2.34.2-py3-none-any.whl (73 kB)
Action policy / windows-latest / Python 3.10	UNKNOWN STEP	2026-09-13T17:51:35.9957789Z      ---------------------------------------- 73.1/73.1 kB 3.9 MB/s eta 0:00:00
Action policy / windows-latest / Python 3.10	UNKNOWN STEP	2026-09-13T17:51:36.0417027Z Collecting build
Action policy / windows-latest / Python 3.10	UNKNOWN STEP	2026-09-13T17:51:36.0568348Z   Downloading build-1.6.1-py3-none-any.whl (31 kB)
Action policy / windows-latest / Python 3.10	UNKNOWN STEP	2026-09-13T17:51:36.1092740Z Collecting twine
Action policy / windows-latest / Python 3.10	UNKNOWN STEP	2026-09-13T17:51:36.1233730Z   Downloading twine-7.0.0-py3-none-any.whl (43 kB)
Action policy / windows-latest / Python 3.10	UNKNOWN STEP	2026-09-13T17:51:36.1338757Z      ---------------------------------------- 43.2/43.2 kB 2.2 MB/s eta 0:00:00
Action policy / windows-latest / Python 3.10	UNKNOWN STEP	2026-09-13T17:51:36.1901505Z Collecting tomli>=2.0.0
Action policy / windows-latest / Python 3.10	UNKNOWN STEP	2026-09-13T17:51:36.2046096Z   Downloading tomli-2.4.1-py3-none-any.whl (14 kB)
Action policy / windows-latest / Python 3.10	UNKNOWN STEP	2026-09-13T17:51:36.3046558Z Collecting pytest
Action policy / windows-latest / Python 3.10	UNKNOWN STEP	2026-09-13T17:51:36.3192086Z   Downloading pytest-9.1.1-py3-none-any.whl (386 kB)
Action policy / windows-latest / Python 3.10	UNKNOWN STEP	2026-09-13T17:51:36.3511073Z      ------------------------------------- 386.5/386.5 kB 12.1 MB/s eta 0:00:00
Action policy / windows-latest / Python 3.10	UNKNOWN STEP	2026-09-13T17:51:36.4189587Z Collecting jsonschema>=4
Action policy / windows-latest / Python 3.10	UNKNOWN STEP	2026-09-13T17:51:36.4339273Z   Downloading jsonschema-4.26.0-py3-none-any.whl (90 kB)
Action policy / windows-latest / Python 3.10	UNKNOWN STEP	2026-09-13T17:51:36.4492084Z      ---------------------------------------- 90.6/90.6 kB 5.0 MB/s eta 0:00:00
Action policy / windows-latest / Python 3.10	UNKNOWN STEP	2026-09-13T17:51:36.5302233Z Collecting referencing>=0.28.4
Action policy / windows-latest / Python 3.10	UNKNOWN STEP	2026-09-13T17:51:36.5445988Z   Downloading referencing-0.37.0-py3-none-any.whl (26 kB)
Action policy / windows-latest / Python 3.10	UNKNOWN STEP	2026-09-13T17:51:36.5882629Z Collecting jsonschema-specifications>=2023.03.6
Action policy / windows-latest / Python 3.10	UNKNOWN STEP	2026-09-13T17:51:36.6021194Z   Downloading jsonschema_specifications-2025.9.1-py3-none-any.whl (18 kB)
Action policy / windows-latest / Python 3.10	UNKNOWN STEP	2026-09-13T17:51:37.0520820Z Collecting rpds-py>=0.25.0
Action policy / windows-latest / Python 3.10	UNKNOWN STEP	2026-09-13T17:51:37.0662139Z   Downloading rpds_py-0.30.0-cp310-cp310-win_amd64.whl (235 kB)
Action policy / windows-latest / Python 3.10	UNKNOWN STEP	2026-09-13T17:51:37.0792957Z      ------------------------------------- 235.8/235.8 kB 14.1 MB/s eta 0:00:00
Action policy / windows-latest / Python 3.10	UNKNOWN STEP	2026-09-13T17:51:37.1206923Z Collecting attrs>=22.2.0
Action policy / windows-latest / Python 3.10	UNKNOWN STEP	2026-09-13T17:51:37.1348105Z   Downloading attrs-26.1.0-py3-none-any.whl (67 kB)
Action policy / windows-latest / Python 3.10	UNKNOWN STEP	2026-09-13T17:51:37.1472653Z      ---------------------------------------- 67.5/67.5 kB 3.6 MB/s eta 0:00:00
Action policy / windows-latest / Python 3.10	UNKNOWN STEP	2026-09-13T17:51:37.1988369Z Collecting certifi>=2023.5.7
Action policy / windows-latest / Python 3.10	UNKNOWN STEP	2026-09-13T17:51:37.2132015Z   Downloading certifi-2026.7.22-py3-none-any.whl (136 kB)
Action policy / windows-latest / Python 3.10	UNKNOWN STEP	2026-09-13T17:51:37.2267752Z      -------------------------------------- 137.0/137.0 kB 8.4 MB/s eta 0:00:00
Action policy / windows-latest / Python 3.10	UNKNOWN STEP	2026-09-13T17:51:37.2933702Z Collecting urllib3<3,>=1.26
Action policy / windows-latest / Python 3.10	UNKNOWN STEP	2026-09-13T17:51:37.3079179Z   Downloading urllib3-2.7.0-py3-none-any.whl (131 kB)
Action policy / windows-latest / Python 3.10	UNKNOWN STEP	2026-09-13T17:51:37.3213373Z      -------------------------------------- 131.1/131.1 kB 7.6 MB/s eta 0:00:00
Action policy / windows-latest / Python 3.10	UNKNOWN STEP	2026-09-13T17:51:37.3620871Z Collecting idna<4,>=2.5
Action policy / windows-latest / Python 3.10	UNKNOWN STEP	2026-09-13T17:51:37.3761566Z   Downloading idna-3.19-py3-none-any.whl (68 kB)
Action policy / windows-latest / Python 3.10	UNKNOWN STEP	2026-09-13T17:51:37.3893729Z      ---------------------------------------- 68.5/68.5 kB 3.9 MB/s eta 0:00:00
Action policy / windows-latest / Python 3.10	UNKNOWN STEP	2026-09-13T17:51:37.5783533Z Collecting charset_normalizer<4,>=2
Action policy / windows-latest / Python 3.10	UNKNOWN STEP	2026-09-13T17:51:37.5930981Z   Downloading charset_normalizer-3.5.1-cp310-cp310-win_amd64.whl (206 kB)
Action policy / windows-latest / Python 3.10	UNKNOWN STEP	2026-09-13T17:51:37.6063065Z      ------------------------------------- 206.0/206.0 kB 13.1 MB/s eta 0:00:00
Action policy / windows-latest / Python 3.10	UNKNOWN STEP	2026-09-13T17:51:37.6475921Z Collecting pyproject_hooks
Action policy / windows-latest / Python 3.10	UNKNOWN STEP	2026-09-13T17:51:37.6637884Z   Downloading pyproject_hooks-1.2.0-py3-none-any.whl (10 kB)
Action policy / windows-latest / Python 3.10	UNKNOWN STEP	2026-09-13T17:51:37.7289380Z Collecting packaging>=24.0
Action policy / windows-latest / Python 3.10	UNKNOWN STEP	2026-09-13T17:51:37.7428705Z   Downloading packaging-26.3-py3-none-any.whl (129 kB)
Action policy / windows-latest / Python 3.10	UNKNOWN STEP	2026-09-13T17:51:37.7564564Z      ---------------------------------------- 130.0/130.0 kB ? eta 0:00:00
Action policy / windows-latest / Python 3.10	UNKNOWN STEP	2026-09-13T17:51:37.7955471Z Collecting colorama
Action policy / windows-latest / Python 3.10	UNKNOWN STEP	2026-09-13T17:51:37.8099379Z   Downloading colorama-0.4.6-py2.py3-none-any.whl (25 kB)
Action policy / windows-latest / Python 3.10	UNKNOWN STEP	2026-09-13T17:51:37.8839402Z Collecting pygments>=2.7.2
Action policy / windows-latest / Python 3.10	UNKNOWN STEP	2026-09-13T17:51:37.8980654Z   Downloading pygments-2.21.0-py3-none-any.whl (1.3 MB)
Action policy / windows-latest / Python 3.10	UNKNOWN STEP	2026-09-13T17:51:37.9309016Z      ---------------------------------------- 1.3/1.3 MB 40.0 MB/s eta 0:00:00
Action policy / windows-latest / Python 3.10	UNKNOWN STEP	2026-09-13T17:51:37.9756052Z Collecting exceptiongroup>=1
Action policy / windows-latest / Python 3.10	UNKNOWN STEP	2026-09-13T17:51:37.9898070Z   Downloading exceptiongroup-1.3.1-py3-none-any.whl (16 kB)
Action policy / windows-latest / Python 3.10	UNKNOWN STEP	2026-09-13T17:51:38.0324996Z Collecting iniconfig>=1.0.1
Action policy / windows-latest / Python 3.10	UNKNOWN STEP	2026-09-13T17:51:38.0468870Z   Downloading iniconfig-2.3.0-py3-none-any.whl (7.5 kB)
Action policy / windows-latest / Python 3.10	UNKNOWN STEP	2026-09-13T17:51:38.0945897Z Collecting pluggy<2,>=1.5
Action policy / windows-latest / Python 3.10	UNKNOWN STEP	2026-09-13T17:51:38.1087949Z   Downloading pluggy-1.6.0-py3-none-any.whl (20 kB)
Action policy / windows-latest / Python 3.10	UNKNOWN STEP	2026-09-13T17:51:38.1654116Z Collecting readme-renderer>=35.0
Action policy / windows-latest / Python 3.10	UNKNOWN STEP	2026-09-13T17:51:38.1794835Z   Downloading readme_renderer-46.0-py3-none-any.whl (14 kB)
Action policy / windows-latest / Python 3.10	UNKNOWN STEP	2026-09-13T17:51:38.2199289Z Collecting requests-toolbelt!=0.9.0,>=0.8.0
Action policy / windows-latest / Python 3.10	UNKNOWN STEP	2026-09-13T17:51:38.2347008Z   Downloading requests_toolbelt-1.0.0-py2.py3-none-any.whl (54 kB)
Action policy / windows-latest / Python 3.10	UNKNOWN STEP	2026-09-13T17:51:38.2590475Z      ---------------------------------------- 54.5/54.5 kB 1.4 MB/s eta 0:00:00
Action policy / windows-latest / Python 3.10	UNKNOWN STEP	2026-09-13T17:51:38.3350783Z Collecting keyring>=21.2.0
Action policy / windows-latest / Python 3.10	UNKNOWN STEP	2026-09-13T17:51:38.3496357Z   Downloading keyring-25.7.0-py3-none-any.whl (39 kB)
Action policy / windows-latest / Python 3.10	UNKNOWN STEP	2026-09-13T17:51:38.4627227Z Collecting rich>=14.3.3
Action policy / windows-latest / Python 3.10	UNKNOWN STEP	2026-09-13T17:51:38.4771312Z   Downloading rich-15.0.0-py3-none-any.whl (310 kB)
Action policy / windows-latest / Python 3.10	UNKNOWN STEP	2026-09-13T17:51:38.4956840Z      ------------------------------------- 310.7/310.7 kB 18.8 MB/s eta 0:00:00
Action policy / windows-latest / Python 3.10	UNKNOWN STEP	2026-09-13T17:51:38.5316206Z Collecting rfc3986>=1.4.0
Action policy / windows-latest / Python 3.10	UNKNOWN STEP	2026-09-13T17:51:38.5460452Z   Downloading rfc3986-2.0.0-py2.py3-none-any.whl (31 kB)
Action policy / windows-latest / Python 3.10	UNKNOWN STEP	2026-09-13T17:51:38.5850734Z Collecting id
Action policy / windows-latest / Python 3.10	UNKNOWN STEP	2026-09-13T17:51:38.5992547Z   Downloading id-1.6.1-py3-none-any.whl (14 kB)
Action policy / windows-latest / Python 3.10	UNKNOWN STEP	2026-09-13T17:51:38.6692984Z Collecting typing-extensions>=4.6.0
Action policy / windows-latest / Python 3.10	UNKNOWN STEP	2026-09-13T17:51:38.6836873Z   Downloading typing_extensions-4.16.0-py3-none-any.whl (45 kB)
Action policy / windows-latest / Python 3.10	UNKNOWN STEP	2026-09-13T17:51:38.6943810Z      ---------------------------------------- 45.6/45.6 kB ? eta 0:00:00
Action policy / windows-latest / Python 3.10	UNKNOWN STEP	2026-09-13T17:51:38.7760771Z Collecting jaraco.functools
Action policy / windows-latest / Python 3.10	UNKNOWN STEP	2026-09-13T17:51:38.7902807Z   Downloading jaraco_functools-4.6.0-py3-none-any.whl (11 kB)
Action policy / windows-latest / Python 3.10	UNKNOWN STEP	2026-09-13T17:51:38.8560179Z Collecting jaraco.classes
Action policy / windows-latest / Python 3.10	UNKNOWN STEP	2026-09-13T17:51:38.8708705Z   Downloading jaraco.classes-3.4.0-py3-none-any.whl (6.8 kB)
Action policy / windows-latest / Python 3.10	UNKNOWN STEP	2026-09-13T17:51:38.9080519Z Collecting pywin32-ctypes>=0.2.0
Action policy / windows-latest / Python 3.10	UNKNOWN STEP	2026-09-13T17:51:38.9220246Z   Downloading pywin32_ctypes-0.2.3-py3-none-any.whl (30 kB)
Action policy / windows-latest / Python 3.10	UNKNOWN STEP	2026-09-13T17:51:38.9677742Z Collecting jaraco.context
Action policy / windows-latest / Python 3.10	UNKNOWN STEP	2026-09-13T17:51:38.9819575Z   Downloading jaraco_context-6.1.2-py3-none-any.whl (7.9 kB)
Action policy / windows-latest / Python 3.10	UNKNOWN STEP	2026-09-13T17:51:39.0680646Z Collecting importlib_metadata>=4.11.4
Action policy / windows-latest / Python 3.10	UNKNOWN STEP	2026-09-13T17:51:39.0824507Z   Downloading importlib_metadata-9.0.1-py3-none-any.whl (27 kB)
Action policy / windows-latest / Python 3.10	UNKNOWN STEP	2026-09-13T17:51:39.1850865Z Collecting nh3>=0.2.14
Action policy / windows-latest / Python 3.10	UNKNOWN STEP	2026-09-13T17:51:39.2032055Z   Downloading nh3-0.3.7-cp38-abi3-win_amd64.whl (644 kB)
Action policy / windows-latest / Python 3.10	UNKNOWN STEP	2026-09-13T17:51:39.2231033Z      ------------------------------------- 644.5/644.5 kB 39.6 MB/s eta 0:00:00
Action policy / windows-latest / Python 3.10	UNKNOWN STEP	2026-09-13T17:51:39.2706102Z Collecting docutils>=0.21.2
Action policy / windows-latest / Python 3.10	UNKNOWN STEP	2026-09-13T17:51:39.2849024Z   Downloading docutils-0.23-py3-none-any.whl (634 kB)
Action policy / windows-latest / Python 3.10	UNKNOWN STEP	2026-09-13T17:51:39.3031184Z      ---------------------------------------- 634.7/634.7 kB ? eta 0:00:00
Action policy / windows-latest / Python 3.10	UNKNOWN STEP	2026-09-13T17:51:39.4003088Z Collecting markdown-it-py>=2.2.0
Action policy / windows-latest / Python 3.10	UNKNOWN STEP	2026-09-13T17:51:39.4146847Z   Downloading markdown_it_py-4.2.0-py3-none-any.whl (91 kB)
Action policy / windows-latest / Python 3.10	UNKNOWN STEP	2026-09-13T17:51:39.4275523Z      ---------------------------------------- 91.7/91.7 kB ? eta 0:00:00
Action policy / windows-latest / Python 3.10	UNKNOWN STEP	2026-09-13T17:51:39.5316583Z Collecting zipp>=3.20
Action policy / windows-latest / Python 3.10	UNKNOWN STEP	2026-09-13T17:51:39.5460395Z   Downloading zipp-4.1.0-py3-none-any.whl (10 kB)
Action policy / windows-latest / Python 3.10	UNKNOWN STEP	2026-09-13T17:51:39.6299415Z Collecting mdurl~=0.1
Action policy / windows-latest / Python 3.10	UNKNOWN STEP	2026-09-13T17:51:39.6442926Z   Downloading mdurl-0.1.2-py3-none-any.whl (10.0 kB)
Action policy / windows-latest / Python 3.10	UNKNOWN STEP	2026-09-13T17:51:39.7210169Z Collecting more-itertools
Action policy / windows-latest / Python 3.10	UNKNOWN STEP	2026-09-13T17:51:39.7360425Z   Downloading more_itertools-11.1.0-py3-none-any.whl (72 kB)
Action policy / windows-latest / Python 3.10	UNKNOWN STEP	2026-09-13T17:51:39.7492851Z      ---------------------------------------- 72.2/72.2 kB 3.9 MB/s eta 0:00:00
Action policy / windows-latest / Python 3.10	UNKNOWN STEP	2026-09-13T17:51:39.7964865Z Collecting backports.tarfile
Action policy / windows-latest / Python 3.10	UNKNOWN STEP	2026-09-13T17:51:39.8112456Z   Downloading backports.tarfile-1.2.0-py3-none-any.whl (30 kB)
Action policy / windows-latest / Python 3.10	UNKNOWN STEP	2026-09-13T17:51:40.1880690Z Installing collected packages: zipp, urllib3, typing-extensions, tomli, rpds-py, rfc3986, pywin32-ctypes, pyproject_hooks, pygments, pluggy, packaging, nh3, more-itertools, mdurl, iniconfig, idna, docutils, cricore-proposal-normalizer, cricore, colorama, charset_normalizer, certifi, backports.tarfile, attrs, requests, referencing, readme-renderer, markdown-it-py, jaraco.functools, jaraco.context, jaraco.classes, importlib_metadata, id, exceptiongroup, build, rich, requests-toolbelt, pytest, keyring, jsonschema-specifications, twine, jsonschema, cricore-contract-compiler, governance-ledger, waveframe-guard
Action policy / windows-latest / Python 3.10	UNKNOWN STEP	2026-09-13T17:51:46.9160990Z Successfully installed attrs-26.1.0 backports.tarfile-1.2.0 build-1.6.1 certifi-2026.7.22 charset_normalizer-3.5.1 colorama-0.4.6 cricore-0.14.0 cricore-contract-compiler-0.5.0 cricore-proposal-normalizer-0.2.0 docutils-0.23 exceptiongroup-1.3.1 governance-ledger-0.9.0 id-1.6.1 idna-3.19 importlib_metadata-9.0.1 iniconfig-2.3.0 jaraco.classes-3.4.0 jaraco.context-6.1.2 jaraco.functools-4.6.0 jsonschema-4.26.0 jsonschema-specifications-2025.9.1 keyring-25.7.0 markdown-it-py-4.2.0 mdurl-0.1.2 more-itertools-11.1.0 nh3-0.3.7 packaging-26.3 pluggy-1.6.0 pygments-2.21.0 pyproject_hooks-1.2.0 pytest-9.1.1 pywin32-ctypes-0.2.3 readme-renderer-46.0 referencing-0.37.0 requests-2.34.2 requests-toolbelt-1.0.0 rfc3986-2.0.0 rich-15.0.0 rpds-py-0.30.0 tomli-2.4.1 twine-7.0.0 typing-extensions-4.16.0 urllib3-2.7.0 waveframe-guard-0.19.0 zipp-4.1.0
Action policy / windows-latest / Python 3.10	UNKNOWN STEP	2026-09-13T17:51:47.1143904Z 
Action policy / windows-latest / Python 3.10	UNKNOWN STEP	2026-09-13T17:51:47.1146768Z [notice] A new release of pip is available: 23.0.1 -> 26.2.1
Action policy / windows-latest / Python 3.10	UNKNOWN STEP	2026-09-13T17:51:47.1147747Z [notice] To update, run: C:\Users\runneradmin\AppData\Local\Temp\guard50-package-s0hwcffb\release\Scripts\python.exe -m pip install --upgrade pip
Action policy / windows-latest / Python 3.10	UNKNOWN STEP	2026-09-13T17:51:48.4079654Z Installed license verified: Apache-2.0; canonical LICENSE and Waveframe NOTICE
Action policy / windows-latest / Python 3.10	UNKNOWN STEP	2026-09-13T17:51:48.4080925Z Installed mediation documentation verified: wrapped boundary and alternate-path limits
Action policy / windows-latest / Python 3.10	UNKNOWN STEP	2026-09-13T17:51:48.4082097Z Clean wheel legacy migration: callback_count=0 permission_returned=false
Action policy / windows-latest / Python 3.10	UNKNOWN STEP	2026-09-13T17:51:48.4084215Z Clean wheel literal-target smoke passed from C:\Users\runneradmin\AppData\Local\Temp\guard50-package-s0hwcffb\release\Lib\site-packages\waveframe_guard\__init__.py: authorization_evaluation=admissible callback_execution=executed callback_count=1; denied_authorization_evaluation=blocked denied_callback_execution=blocked denied_callback_count=0
Action policy / windows-latest / Python 3.10	UNKNOWN STEP	2026-09-13T17:51:48.6796799Z evaluation_only authorization_evaluation=admissible target=safe/file.txt
Action policy / windows-latest / Python 3.10	UNKNOWN STEP	2026-09-13T17:51:48.6797692Z evaluation_only authorization_evaluation=blocked target=crypto/key.txt
Action policy / windows-latest / Python 3.10	UNKNOWN STEP	2026-09-13T17:51:48.6798411Z evaluation_only authorization_evaluation=admissible target=safe/new.txt
Action policy / windows-latest / Python 3.10	UNKNOWN STEP	2026-09-13T17:51:48.6799078Z evaluation_only callbacks=0 mutation_not_requested=true
Action policy / windows-latest / Python 3.10	UNKNOWN STEP	2026-09-13T17:51:48.9783370Z authorization_evaluation=admissible mutation_execution=executed target=safe/file.txt callback_count=1
Action policy / windows-latest / Python 3.10	UNKNOWN STEP	2026-09-13T17:51:48.9784681Z authorization_evaluation=blocked mutation_execution=blocked target=crypto/key.txt callback_count=0
Action policy / windows-latest / Python 3.10	UNKNOWN STEP	2026-09-13T17:51:48.9785934Z authorization_evaluation=admissible mutation_execution=unsupported target=safe/new.txt callback_count=0
Action policy / windows-latest / Python 3.10	UNKNOWN STEP	2026-09-13T17:51:48.9787594Z execution_attestation=guard_execution_attestation.v2 authority_basis=compiled_contract reload_validated=true
Action policy / windows-latest / Python 3.10	UNKNOWN STEP	2026-09-13T17:51:49.6015447Z 127.0.0.1 - - [13/Sep/2026 17:51:49] "GET /v1/authorities/budget-quickstart%401.0.0/publication HTTP/1.1" 404 22
Action policy / windows-latest / Python 3.10	UNKNOWN STEP	2026-09-13T17:51:49.6209413Z 127.0.0.1 - - [13/Sep/2026 17:51:49] "GET /v1/contracts/budget-quickstart/1.0.0 HTTP/1.1" 200 471
Action policy / windows-latest / Python 3.10	UNKNOWN STEP	2026-09-13T17:51:49.6267073Z 127.0.0.1 - - [13/Sep/2026 17:51:49] "POST /v1/runtimes/register HTTP/1.1" 200 18
Action policy / windows-latest / Python 3.10	UNKNOWN STEP	2026-09-13T17:51:49.6514675Z 127.0.0.1 - - [13/Sep/2026 17:51:49] "POST /v1/runtimes/budget-agent-runtime/heartbeats HTTP/1.1" 200 18
Action policy / windows-latest / Python 3.10	UNKNOWN STEP	2026-09-13T17:51:49.6742212Z 127.0.0.1 - - [13/Sep/2026 17:51:49] "POST /v1/preserve HTTP/1.1" 200 122
Action policy / windows-latest / Python 3.10	UNKNOWN STEP	2026-09-13T17:51:49.6776822Z 127.0.0.1 - - [13/Sep/2026 17:51:49] "POST /v1/runtime/attestations HTTP/1.1" 200 18
Action policy / windows-latest / Python 3.10	UNKNOWN STEP	2026-09-13T17:51:49.6875069Z 127.0.0.1 - - [13/Sep/2026 17:51:49] "POST /v1/preserve HTTP/1.1" 200 122
Action policy / windows-latest / Python 3.10	UNKNOWN STEP	2026-09-13T17:51:49.7028441Z 127.0.0.1 - - [13/Sep/2026 17:51:49] "POST /v1/runtime/attestations HTTP/1.1" 200 18
Action policy / windows-latest / Python 3.10	UNKNOWN STEP	2026-09-13T17:51:55.1839179Z ...s.ssssssssss..........s.s.s.sssss....s.ssss....sssssssss.........s.s. [  9%]
Action policy / windows-latest / Python 3.10	UNKNOWN STEP	2026-09-13T17:52:07.8888066Z s.s.s..sssss.....s.ssssssssssss..........sssssssss.........sssssssssssss [ 19%]
Action policy / windows-latest / Python 3.10	UNKNOWN STEP	2026-09-13T17:52:31.9347961Z sssssss......................ssssssssssss...........s.s.sssss.s......... [ 29%]
Action policy / windows-latest / Python 3.10	UNKNOWN STEP	2026-09-13T17:52:34.1937728Z ........................................................................ [ 39%]
Action policy / windows-latest / Python 3.10	UNKNOWN STEP	2026-09-13T17:52:34.9623809Z .....................................sssssssss.......................... [ 48%]
Action policy / windows-latest / Python 3.10	UNKNOWN STEP	2026-09-13T17:52:37.9804165Z ........s..........................................s.................... [ 58%]
Action policy / windows-latest / Python 3.10	UNKNOWN STEP	2026-09-13T17:52:42.0045294Z ......................s...........sssssssssssssssss.................ssss [ 68%]
Action policy / windows-latest / Python 3.10	UNKNOWN STEP	2026-09-13T17:52:44.6980771Z ssssssssssss................s........................................... [ 78%]
Action policy / windows-latest / Python 3.10	UNKNOWN STEP	2026-09-13T17:52:47.1311442Z ........................................................................ [ 88%]
Action policy / windows-latest / Python 3.10	UNKNOWN STEP	2026-09-13T17:53:03.2899720Z .........s.............................................................. [ 97%]
Action policy / windows-latest / Python 3.10	UNKNOWN STEP	2026-09-13T17:53:05.1153397Z ...............                                                          [100%]
Action policy / windows-latest / Python 3.10	UNKNOWN STEP	2026-09-13T17:53:05.1154336Z =========================== short test summary info ===========================
Action policy / windows-latest / Python 3.10	UNKNOWN STEP	2026-09-13T17:53:05.1155697Z SKIPPED [1] tests\test_action_policy_creation.py:63: catalog 2 requires explicit Guard and Ledger development opt-ins
Action policy / windows-latest / Python 3.10	UNKNOWN STEP	2026-09-13T17:53:05.1157369Z SKIPPED [10] tests\test_action_policy_creation.py:69: catalog 2 requires explicit Guard and Ledger development opt-ins
Action policy / windows-latest / Python 3.10	UNKNOWN STEP	2026-09-13T17:53:05.1158594Z SKIPPED [1] tests\test_action_policy_creation.py:95: catalog 2 requires explicit Guard and Ledger development opt-ins
Action policy / windows-latest / Python 3.10	UNKNOWN STEP	2026-09-13T17:53:05.1262634Z SKIPPED [1] tests\test_action_policy_creation.py:118: catalog 2 requires explicit Guard and Ledger development opt-ins
Action policy / windows-latest / Python 3.10	UNKNOWN STEP	2026-09-13T17:53:05.1263961Z SKIPPED [1] tests\test_action_policy_creation.py:129: catalog 2 requires explicit Guard and Ledger development opt-ins
Action policy / windows-latest / Python 3.10	UNKNOWN STEP	2026-09-13T17:53:05.1268053Z SKIPPED [1] tests\test_action_policy_creation.py:159: requires explicit action policy development environment
Action policy / windows-latest / Python 3.10	UNKNOWN STEP	2026-09-13T17:53:05.1269342Z SKIPPED [4] tests\test_action_policy_creation.py:178: catalog 2 requires explicit Guard and Ledger development opt-ins
Action policy / windows-latest / Python 3.10	UNKNOWN STEP	2026-09-13T17:53:05.1270469Z SKIPPED [1] tests\test_action_policy_creation.py:189: catalog 2 requires explicit Guard and Ledger development opt-ins
Action policy / windows-latest / Python 3.10	UNKNOWN STEP	2026-09-13T17:53:05.1271281Z SKIPPED [4] tests\test_action_policy_creation.py:202: catalog 2 requires explicit Guard and Ledger development opt-ins
Action policy / windows-latest / Python 3.10	UNKNOWN STEP	2026-09-13T17:53:05.1272071Z SKIPPED [9] tests\test_action_policy_creation.py:217: catalog 2 requires explicit Guard and Ledger development opt-ins
Action policy / windows-latest / Python 3.10	UNKNOWN STEP	2026-09-13T17:53:05.1272845Z SKIPPED [1] tests\test_action_policy_creation.py:228: catalog 2 requires explicit Guard and Ledger development opt-ins
Action policy / windows-latest / Python 3.10	UNKNOWN STEP	2026-09-13T17:53:05.1273608Z SKIPPED [1] tests\test_action_policy_creation.py:246: catalog 2 requires explicit Guard and Ledger development opt-ins
Action policy / windows-latest / Python 3.10	UNKNOWN STEP	2026-09-13T17:53:05.1274837Z SKIPPED [1] tests\test_action_policy_creation.py:269: catalog 2 requires explicit Guard and Ledger development opt-ins
Action policy / windows-latest / Python 3.10	UNKNOWN STEP	2026-09-13T17:53:05.1275608Z SKIPPED [1] tests\test_action_policy_creation.py:289: catalog 2 requires explicit Guard and Ledger development opt-ins
Action policy / windows-latest / Python 3.10	UNKNOWN STEP	2026-09-13T17:53:05.1276362Z SKIPPED [1] tests\test_action_policy_creation.py:299: catalog 2 requires explicit Guard and Ledger development opt-ins
Action policy / windows-latest / Python 3.10	UNKNOWN STEP	2026-09-13T17:53:05.1277125Z SKIPPED [5] tests\test_action_policy_creation.py:322: catalog 2 requires explicit Guard and Ledger development opt-ins
Action policy / windows-latest / Python 3.10	UNKNOWN STEP	2026-09-13T17:53:05.1278383Z SKIPPED [1] tests\test_action_policy_creation.py:342: catalog 2 requires explicit Guard and Ledger development opt-ins
Action policy / windows-latest / Python 3.10	UNKNOWN STEP	2026-09-13T17:53:05.1279147Z SKIPPED [1] tests\test_action_policy_creation.py:365: requires explicit action policy development environment
Action policy / windows-latest / Python 3.10	UNKNOWN STEP	2026-09-13T17:53:05.1279894Z SKIPPED [1] tests\test_action_policy_creation.py:378: requires explicit action policy development environment
Action policy / windows-latest / Python 3.10	UNKNOWN STEP	2026-09-13T17:53:05.1280666Z SKIPPED [10] tests\test_native_cloud_connection.py:83: catalog 2 requires explicit Guard and Ledger development opt-ins
Action policy / windows-latest / Python 3.10	UNKNOWN STEP	2026-09-13T17:53:05.1281471Z SKIPPED [9] tests\test_native_cloud_connection.py:150: catalog 2 requires explicit Guard and Ledger development opt-ins
Action policy / windows-latest / Python 3.10	UNKNOWN STEP	2026-09-13T17:53:05.1282273Z SKIPPED [20] tests\test_native_cloud_connection.py:168: catalog 2 requires explicit Guard and Ledger development opt-ins
Action policy / windows-latest / Python 3.10	UNKNOWN STEP	2026-09-13T17:53:05.1283067Z SKIPPED [1] tests\test_native_cloud_connection.py:213: requires the released Ledger installation; covered by released CI
Action policy / windows-latest / Python 3.10	UNKNOWN STEP	2026-09-13T17:53:05.1283888Z SKIPPED [11] tests\test_native_cloud_connection.py:222: catalog 2 requires explicit Guard and Ledger development opt-ins
Action policy / windows-latest / Python 3.10	UNKNOWN STEP	2026-09-13T17:53:05.1284699Z SKIPPED [1] tests\test_native_cloud_connection.py:247: catalog 2 requires explicit Guard and Ledger development opt-ins
Action policy / windows-latest / Python 3.10	UNKNOWN STEP	2026-09-13T17:53:05.1285547Z SKIPPED [1] tests\test_native_cloud_connection.py:260: catalog 2 requires explicit Guard and Ledger development opt-ins
Action policy / windows-latest / Python 3.10	UNKNOWN STEP	2026-09-13T17:53:05.1286324Z SKIPPED [4] tests\test_native_cloud_connection.py:274: requires explicit action policy development environment
Action policy / windows-latest / Python 3.10	UNKNOWN STEP	2026-09-13T17:53:05.1287112Z SKIPPED [1] tests\test_native_cloud_connection.py:296: catalog 2 requires explicit Guard and Ledger development opt-ins
Action policy / windows-latest / Python 3.10	UNKNOWN STEP	2026-09-13T17:53:05.1287897Z SKIPPED [1] tests\test_native_cloud_connection.py:306: catalog 2 requires explicit Guard and Ledger development opt-ins
Action policy / windows-latest / Python 3.10	UNKNOWN STEP	2026-09-13T17:53:05.1289646Z SKIPPED [1] tests\test_repository_workspace.py:303: Linux mount namespace
Action policy / windows-latest / Python 3.10	UNKNOWN STEP	2026-09-13T17:53:05.1290283Z SKIPPED [6] tests\test_repository_workspace.py:338: Linux detected namespace substitution
Action policy / windows-latest / Python 3.10	UNKNOWN STEP	2026-09-13T17:53:05.1291128Z SKIPPED [2] tests\test_repository_workspace.py:366: Linux post-callback namespace check
Action policy / windows-latest / Python 3.10	UNKNOWN STEP	2026-09-13T17:53:05.1291993Z SKIPPED [3] tests\test_repository_execution_evidence.py:169: Windows namespace locks prevent this replacement; fault injection runs on both OSes
Action policy / windows-latest / Python 3.10	UNKNOWN STEP	2026-09-13T17:53:05.1292975Z SKIPPED [17] tests\test_creation_attestation_consistency.py:68: catalog 2 requires explicit Guard and Ledger development opt-ins
Action policy / windows-latest / Python 3.10	UNKNOWN STEP	2026-09-13T17:53:05.1293840Z SKIPPED [16] tests\test_creation_attestation_consistency.py:96: catalog 2 requires explicit Guard and Ledger development opt-ins
Action policy / windows-latest / Python 3.10	UNKNOWN STEP	2026-09-13T17:53:05.1294692Z SKIPPED [1] tests\test_creation_attestation_consistency.py:122: catalog 2 requires explicit Guard and Ledger development opt-ins
Action policy / windows-latest / Python 3.10	UNKNOWN STEP	2026-09-13T17:53:05.1295473Z SKIPPED [1] tests\test_ledger_v2_authority_runtime.py:931: Linux post-callback substitution evidence
Action policy / windows-latest / Python 3.10	UNKNOWN STEP	2026-09-13T17:53:05.1296061Z 583 passed, 152 skipped in 73.95s (0:01:13)
Action policy / windows-latest / Python 3.10	UNKNOWN STEP	2026-09-13T17:53:14.5101374Z ........................................................................ [  9%]
Action policy / windows-latest / Python 3.10	UNKNOWN STEP	2026-09-13T17:53:48.3620069Z ........................................................................ [ 19%]
Action policy / windows-latest / Python 3.10	UNKNOWN STEP	2026-09-13T17:54:28.5547465Z .............................s.......................................... [ 29%]
Action policy / windows-latest / Python 3.10	UNKNOWN STEP	2026-09-13T17:54:30.7280334Z ........................................................................ [ 39%]
Action policy / windows-latest / Python 3.10	UNKNOWN STEP	2026-09-13T17:54:31.9492905Z .....................................sssssssss.......................... [ 48%]
Action policy / windows-latest / Python 3.10	UNKNOWN STEP	2026-09-13T17:54:34.9828166Z ........s..........................................s.................... [ 58%]
Action policy / windows-latest / Python 3.10	UNKNOWN STEP	2026-09-13T17:54:41.8315645Z ......................s................................................. [ 68%]
Action policy / windows-latest / Python 3.10	UNKNOWN STEP	2026-09-13T17:54:46.2407052Z ........................................................................ [ 78%]
Action policy / windows-latest / Python 3.10	UNKNOWN STEP	2026-09-13T17:54:48.2796745Z ........................................................................ [ 88%]
Action policy / windows-latest / Python 3.10	UNKNOWN STEP	2026-09-13T17:55:05.0266165Z .........s.............................................................. [ 97%]
Action policy / windows-latest / Python 3.10	UNKNOWN STEP	2026-09-13T17:55:09.1503144Z ...............                                                          [100%]
Action policy / windows-latest / Python 3.10	UNKNOWN STEP	2026-09-13T17:55:11.8203495Z =========================== short test summary info ===========================
Action policy / windows-latest / Python 3.10	UNKNOWN STEP	2026-09-13T17:55:11.8204460Z SKIPPED [1] tests\test_native_cloud_connection.py:213: requires the released Ledger installation; covered by released CI
Action policy / windows-latest / Python 3.10	UNKNOWN STEP	2026-09-13T17:55:11.8205428Z SKIPPED [1] tests\test_repository_workspace.py:303: Linux mount namespace
Action policy / windows-latest / Python 3.10	UNKNOWN STEP	2026-09-13T17:55:11.8206212Z SKIPPED [6] tests\test_repository_workspace.py:338: Linux detected namespace substitution
Action policy / windows-latest / Python 3.10	UNKNOWN STEP	2026-09-13T17:55:11.8207068Z SKIPPED [2] tests\test_repository_workspace.py:366: Linux post-callback namespace check
Action policy / windows-latest / Python 3.10	UNKNOWN STEP	2026-09-13T17:55:11.8208234Z SKIPPED [3] tests\test_repository_execution_evidence.py:169: Windows namespace locks prevent this replacement; fault injection runs on both OSes
Action policy / windows-latest / Python 3.10	UNKNOWN STEP	2026-09-13T17:55:11.8209501Z SKIPPED [1] tests\test_ledger_v2_authority_runtime.py:931: Linux post-callback substitution evidence
Action policy / windows-latest / Python 3.10	UNKNOWN STEP	2026-09-13T17:55:11.8210274Z 721 passed, 14 skipped in 121.50s (0:02:01)
Action policy / windows-latest / Python 3.10	UNKNOWN STEP	2026-09-13T17:55:11.8450626Z ##[group]Run actions/checkout@3d3c42e5aac5ba805825da76410c181273ba90b1
Action policy / windows-latest / Python 3.10	UNKNOWN STEP	2026-09-13T17:55:11.8451176Z with:
Action policy / windows-latest / Python 3.10	UNKNOWN STEP	2026-09-13T17:55:11.8451429Z   repository: Waveframe-Labs/Waveframe-Ledger
Action policy / windows-latest / Python 3.10	UNKNOWN STEP	2026-09-13T17:55:11.8451782Z   ref: 3cc34e7b3cb6efca5102e0e22d559ec0c0fd583f
Action policy / windows-latest / Python 3.10	UNKNOWN STEP	2026-09-13T17:55:11.8452491Z   path: .candidate50/ledger
Action policy / windows-latest / Python 3.10	UNKNOWN STEP	2026-09-13T17:55:11.8452776Z   persist-credentials: false
Action policy / windows-latest / Python 3.10	UNKNOWN STEP	2026-09-13T17:55:11.8455469Z   token: ***
Action policy / windows-latest / Python 3.10	UNKNOWN STEP	2026-09-13T17:55:11.8455755Z   ssh-strict: true
Action policy / windows-latest / Python 3.10	UNKNOWN STEP	2026-09-13T17:55:11.8455985Z   ssh-user: git
Action policy / windows-latest / Python 3.10	UNKNOWN STEP	2026-09-13T17:55:11.8456214Z   clean: true
Action policy / windows-latest / Python 3.10	UNKNOWN STEP	2026-09-13T17:55:11.8456478Z   sparse-checkout-cone-mode: true
Action policy / windows-latest / Python 3.10	UNKNOWN STEP	2026-09-13T17:55:11.8456809Z   fetch-depth: 1
Action policy / windows-latest / Python 3.10	UNKNOWN STEP	2026-09-13T17:55:11.8457038Z   fetch-tags: false
Action policy / windows-latest / Python 3.10	UNKNOWN STEP	2026-09-13T17:55:11.8457274Z   show-progress: true
Action policy / windows-latest / Python 3.10	UNKNOWN STEP	2026-09-13T17:55:11.8457511Z   lfs: false
Action policy / windows-latest / Python 3.10	UNKNOWN STEP	2026-09-13T17:55:11.8457729Z   submodules: false
Action policy / windows-latest / Python 3.10	UNKNOWN STEP	2026-09-13T17:55:11.8457965Z   set-safe-directory: true
Action policy / windows-latest / Python 3.10	UNKNOWN STEP	2026-09-13T17:55:11.8458261Z   allow-unsafe-pr-checkout: false
Action policy / windows-latest / Python 3.10	UNKNOWN STEP	2026-09-13T17:55:11.8458578Z env:
Action policy / windows-latest / Python 3.10	UNKNOWN STEP	2026-09-13T17:55:11.8458797Z   CLOUD_TEST_ACCESS: true
Action policy / windows-latest / Python 3.10	UNKNOWN STEP	2026-09-13T17:55:11.8459094Z   pythonLocation: C:\hostedtoolcache\windows\Python\3.10.11\x64
Action policy / windows-latest / Python 3.10	UNKNOWN STEP	2026-09-13T17:55:11.8459588Z   PKG_CONFIG_PATH: C:\hostedtoolcache\windows\Python\3.10.11\x64/lib/pkgconfig
Action policy / windows-latest / Python 3.10	UNKNOWN STEP	2026-09-13T17:55:11.8460071Z   Python_ROOT_DIR: C:\hostedtoolcache\windows\Python\3.10.11\x64
Action policy / windows-latest / Python 3.10	UNKNOWN STEP	2026-09-13T17:55:11.8460506Z   Python2_ROOT_DIR: C:\hostedtoolcache\windows\Python\3.10.11\x64
Action policy / windows-latest / Python 3.10	UNKNOWN STEP	2026-09-13T17:55:11.8460965Z   Python3_ROOT_DIR: C:\hostedtoolcache\windows\Python\3.10.11\x64
Action policy / windows-latest / Python 3.10	UNKNOWN STEP	2026-09-13T17:55:11.8461316Z ##[endgroup]
Action policy / windows-latest / Python 3.10	UNKNOWN STEP	2026-09-13T17:55:12.0182323Z Syncing repository: Waveframe-Labs/Waveframe-Ledger
Action policy / windows-latest / Python 3.10	UNKNOWN STEP	2026-09-13T17:55:12.0217603Z ##[group]Getting Git version info
Action policy / windows-latest / Python 3.10	UNKNOWN STEP	2026-09-13T17:55:12.0221397Z Working directory is 'D:\a\Waveframe-Guard\Waveframe-Guard\.candidate50\ledger'
Action policy / windows-latest / Python 3.10	UNKNOWN STEP	2026-09-13T17:55:12.1308930Z [command]"C:\Program Files\Git\bin\git.exe" version
Action policy / windows-latest / Python 3.10	UNKNOWN STEP	2026-09-13T17:55:12.1585972Z git version 2.55.0.windows.5
Action policy / windows-latest / Python 3.10	UNKNOWN STEP	2026-09-13T17:55:12.1628222Z ##[endgroup]
Action policy / windows-latest / Python 3.10	UNKNOWN STEP	2026-09-13T17:55:12.1642464Z Temporarily overriding HOME='D:\a\_temp\3cb7caf5-9449-4e5a-b054-5b6fe90b170d' before making global git config changes
Action policy / windows-latest / Python 3.10	UNKNOWN STEP	2026-09-13T17:55:12.1644274Z Adding repository directory to the temporary git global config as a safe directory
Action policy / windows-latest / Python 3.10	UNKNOWN STEP	2026-09-13T17:55:12.1653587Z [command]"C:\Program Files\Git\bin\git.exe" config --global --add safe.directory D:\a\Waveframe-Guard\Waveframe-Guard\.candidate50\ledger
Action policy / windows-latest / Python 3.10	UNKNOWN STEP	2026-09-13T17:55:12.1956447Z ##[group]Determining repository object format
Action policy / windows-latest / Python 3.10	UNKNOWN STEP	2026-09-13T17:55:12.1958646Z ##[endgroup]
Action policy / windows-latest / Python 3.10	UNKNOWN STEP	2026-09-13T17:55:12.1959778Z ##[group]Initializing the repository
Action policy / windows-latest / Python 3.10	UNKNOWN STEP	2026-09-13T17:55:12.1969111Z [command]"C:\Program Files\Git\bin\git.exe" init D:\a\Waveframe-Guard\Waveframe-Guard\.candidate50\ledger
Action policy / windows-latest / Python 3.10	UNKNOWN STEP	2026-09-13T17:55:12.2321693Z Initialized empty Git repository in D:/a/Waveframe-Guard/Waveframe-Guard/.candidate50/ledger/.git/
Action policy / windows-latest / Python 3.10	UNKNOWN STEP	2026-09-13T17:55:12.2374402Z [command]"C:\Program Files\Git\bin\git.exe" remote add origin https://github.com/Waveframe-Labs/Waveframe-Ledger
Action policy / windows-latest / Python 3.10	UNKNOWN STEP	2026-09-13T17:55:12.2732551Z ##[endgroup]
Action policy / windows-latest / Python 3.10	UNKNOWN STEP	2026-09-13T17:55:12.2733233Z ##[group]Disabling automatic garbage collection
Action policy / windows-latest / Python 3.10	UNKNOWN STEP	2026-09-13T17:55:12.2742916Z [command]"C:\Program Files\Git\bin\git.exe" config --local gc.auto 0
Action policy / windows-latest / Python 3.10	UNKNOWN STEP	2026-09-13T17:55:12.3052765Z ##[endgroup]
Action policy / windows-latest / Python 3.10	UNKNOWN STEP	2026-09-13T17:55:12.3053457Z ##[group]Setting up auth
Action policy / windows-latest / Python 3.10	UNKNOWN STEP	2026-09-13T17:55:12.3054696Z Removing SSH command configuration
Action policy / windows-latest / Python 3.10	UNKNOWN STEP	2026-09-13T17:55:12.3069437Z [command]"C:\Program Files\Git\bin\git.exe" config --local --name-only --get-regexp core\.sshCommand
Action policy / windows-latest / Python 3.10	UNKNOWN STEP	2026-09-13T17:55:12.3365428Z [command]"C:\Program Files\Git\bin\git.exe" submodule foreach --recursive "sh -c \"git config --local --name-only --get-regexp 'core\.sshCommand' && git config --local --unset-all 'core.sshCommand' || :\""
Action policy / windows-latest / Python 3.10	UNKNOWN STEP	2026-09-13T17:55:12.8791058Z Removing HTTP extra header
Action policy / windows-latest / Python 3.10	UNKNOWN STEP	2026-09-13T17:55:12.8800252Z [command]"C:\Program Files\Git\bin\git.exe" config --local --name-only --get-regexp http\.https\:\/\/github\.com\/\.extraheader
Action policy / windows-latest / Python 3.10	UNKNOWN STEP	2026-09-13T17:55:12.9094978Z [command]"C:\Program Files\Git\bin\git.exe" submodule foreach --recursive "sh -c \"git config --local --name-only --get-regexp 'http\.https\:\/\/github\.com\/\.extraheader' && git config --local --unset-all 'http.https://github.com/.extraheader' || :\""
Action policy / windows-latest / Python 3.10	UNKNOWN STEP	2026-09-13T17:55:13.4558686Z Removing includeIf entries pointing to credentials config files
Action policy / windows-latest / Python 3.10	UNKNOWN STEP	2026-09-13T17:55:13.4569463Z [command]"C:\Program Files\Git\bin\git.exe" config --local --name-only --get-regexp ^includeIf\.gitdir:
Action policy / windows-latest / Python 3.10	UNKNOWN STEP	2026-09-13T17:55:13.4870017Z [command]"C:\Program Files\Git\bin\git.exe" submodule foreach --recursive "git config --local --show-origin --name-only --get-regexp remote.origin.url"
Action policy / windows-latest / Python 3.10	UNKNOWN STEP	2026-09-13T17:55:14.0379340Z [command]"C:\Program Files\Git\bin\git.exe" config --file D:\a\_temp\git-credentials-2310bbc6-ec2f-44ca-877e-d77f09d1f1c6.config http.https://github.com/.extraheader "AUTHORIZATION: basic ***"
Action policy / windows-latest / Python 3.10	UNKNOWN STEP	2026-09-13T17:55:14.0688471Z [command]"C:\Program Files\Git\bin\git.exe" config --local includeIf.gitdir:D:/a/Waveframe-Guard/Waveframe-Guard/.candidate50/ledger/.git.path D:\a\_temp\git-credentials-2310bbc6-ec2f-44ca-877e-d77f09d1f1c6.config
Action policy / windows-latest / Python 3.10	UNKNOWN STEP	2026-09-13T17:55:14.0988555Z [command]"C:\Program Files\Git\bin\git.exe" config --local includeIf.gitdir:D:/a/Waveframe-Guard/Waveframe-Guard/.candidate50/ledger/.git/worktrees/*.path D:\a\_temp\git-credentials-2310bbc6-ec2f-44ca-877e-d77f09d1f1c6.config
Action policy / windows-latest / Python 3.10	UNKNOWN STEP	2026-09-13T17:55:14.1277997Z [command]"C:\Program Files\Git\bin\git.exe" config --local includeIf.gitdir:/github/workspace/.candidate50/ledger/.git.path /github/runner_temp/git-credentials-2310bbc6-ec2f-44ca-877e-d77f09d1f1c6.config
Action policy / windows-latest / Python 3.10	UNKNOWN STEP	2026-09-13T17:55:14.1568782Z [command]"C:\Program Files\Git\bin\git.exe" config --local includeIf.gitdir:/github/workspace/.candidate50/ledger/.git/worktrees/*.path /github/runner_temp/git-credentials-2310bbc6-ec2f-44ca-877e-d77f09d1f1c6.config
Action policy / windows-latest / Python 3.10	UNKNOWN STEP	2026-09-13T17:55:14.1863536Z ##[endgroup]
Action policy / windows-latest / Python 3.10	UNKNOWN STEP	2026-09-13T17:55:14.1864108Z ##[group]Fetching the repository
Action policy / windows-latest / Python 3.10	UNKNOWN STEP	2026-09-13T17:55:14.1876413Z [command]"C:\Program Files\Git\bin\git.exe" -c protocol.version=2 fetch --no-tags --prune --no-recurse-submodules --depth=1 origin 3cc34e7b3cb6efca5102e0e22d559ec0c0fd583f
Action policy / windows-latest / Python 3.10	UNKNOWN STEP	2026-09-13T17:55:14.7434426Z From https://github.com/Waveframe-Labs/Waveframe-Ledger
Action policy / windows-latest / Python 3.10	UNKNOWN STEP	2026-09-13T17:55:14.7435222Z  * branch            3cc34e7b3cb6efca5102e0e22d559ec0c0fd583f -> FETCH_HEAD
Action policy / windows-latest / Python 3.10	UNKNOWN STEP	2026-09-13T17:55:14.7482339Z [command]"C:\Program Files\Git\bin\git.exe" rev-parse --verify --quiet 3cc34e7b3cb6efca5102e0e22d559ec0c0fd583f^{object}
Action policy / windows-latest / Python 3.10	UNKNOWN STEP	2026-09-13T17:55:14.7761593Z 3cc34e7b3cb6efca5102e0e22d559ec0c0fd583f
Action policy / windows-latest / Python 3.10	UNKNOWN STEP	2026-09-13T17:55:14.7791591Z ##[endgroup]
Action policy / windows-latest / Python 3.10	UNKNOWN STEP	2026-09-13T17:55:14.7792033Z ##[group]Determining the checkout info
Action policy / windows-latest / Python 3.10	UNKNOWN STEP	2026-09-13T17:55:14.7793312Z ##[endgroup]
Action policy / windows-latest / Python 3.10	UNKNOWN STEP	2026-09-13T17:55:14.7801717Z [command]"C:\Program Files\Git\bin\git.exe" sparse-checkout disable
Action policy / windows-latest / Python 3.10	UNKNOWN STEP	2026-09-13T17:55:14.8150077Z [command]"C:\Program Files\Git\bin\git.exe" config --local --unset-all extensions.worktreeConfig
Action policy / windows-latest / Python 3.10	UNKNOWN STEP	2026-09-13T17:55:14.8436650Z ##[group]Checking out the ref
Action policy / windows-latest / Python 3.10	UNKNOWN STEP	2026-09-13T17:55:14.8445070Z [command]"C:\Program Files\Git\bin\git.exe" checkout --progress --force 3cc34e7b3cb6efca5102e0e22d559ec0c0fd583f
Action policy / windows-latest / Python 3.10	UNKNOWN STEP	2026-09-13T17:55:14.9650383Z Note: switching to '3cc34e7b3cb6efca5102e0e22d559ec0c0fd583f'.
Action policy / windows-latest / Python 3.10	UNKNOWN STEP	2026-09-13T17:55:14.9650874Z 
Action policy / windows-latest / Python 3.10	UNKNOWN STEP	2026-09-13T17:55:14.9651100Z You are in 'detached HEAD' state. You can look around, make experimental
Action policy / windows-latest / Python 3.10	UNKNOWN STEP	2026-09-13T17:55:14.9651573Z changes and commit them, and you can discard any commits you make in this
Action policy / windows-latest / Python 3.10	UNKNOWN STEP	2026-09-13T17:55:14.9652024Z state without impacting any branches by switching back to a branch.
Action policy / windows-latest / Python 3.10	UNKNOWN STEP	2026-09-13T17:55:14.9652298Z 
Action policy / windows-latest / Python 3.10	UNKNOWN STEP	2026-09-13T17:55:14.9652471Z If you want to create a new branch to retain commits you create, you may
Action policy / windows-latest / Python 3.10	UNKNOWN STEP	2026-09-13T17:55:14.9652904Z do so (now or later) by using -c with the switch command. Example:
Action policy / windows-latest / Python 3.10	UNKNOWN STEP	2026-09-13T17:55:14.9653144Z 
Action policy / windows-latest / Python 3.10	UNKNOWN STEP	2026-09-13T17:55:14.9653245Z   git switch -c <new-branch-name>
Action policy / windows-latest / Python 3.10	UNKNOWN STEP	2026-09-13T17:55:14.9653403Z 
Action policy / windows-latest / Python 3.10	UNKNOWN STEP	2026-09-13T17:55:14.9653499Z Or undo this operation with:
Action policy / windows-latest / Python 3.10	UNKNOWN STEP	2026-09-13T17:55:14.9653649Z 
Action policy / windows-latest / Python 3.10	UNKNOWN STEP	2026-09-13T17:55:14.9653721Z   git switch -
Action policy / windows-latest / Python 3.10	UNKNOWN STEP	2026-09-13T17:55:14.9654931Z 
Action policy / windows-latest / Python 3.10	UNKNOWN STEP	2026-09-13T17:55:14.9655196Z Turn off this advice by setting config variable advice.detachedHead to false
Action policy / windows-latest / Python 3.10	UNKNOWN STEP	2026-09-13T17:55:14.9655533Z 
Action policy / windows-latest / Python 3.10	UNKNOWN STEP	2026-09-13T17:55:14.9655810Z HEAD is now at 3cc34e7 release: prepare Ledger 0.9.0 and separate pending Guard 0.19 acceptance
Action policy / windows-latest / Python 3.10	UNKNOWN STEP	2026-09-13T17:55:14.9708182Z ##[endgroup]
Action policy / windows-latest / Python 3.10	UNKNOWN STEP	2026-09-13T17:55:15.0031317Z [command]"C:\Program Files\Git\bin\git.exe" log -1 --format=%H
Action policy / windows-latest / Python 3.10	UNKNOWN STEP	2026-09-13T17:55:15.0295221Z 3cc34e7b3cb6efca5102e0e22d559ec0c0fd583f
Action policy / windows-latest / Python 3.10	UNKNOWN STEP	2026-09-13T17:55:15.0332553Z ##[group]Removing auth
Action policy / windows-latest / Python 3.10	UNKNOWN STEP	2026-09-13T17:55:15.0332968Z Removing SSH command configuration
Action policy / windows-latest / Python 3.10	UNKNOWN STEP	2026-09-13T17:55:15.0342454Z [command]"C:\Program Files\Git\bin\git.exe" config --local --name-only --get-regexp core\.sshCommand
Action policy / windows-latest / Python 3.10	UNKNOWN STEP	2026-09-13T17:55:15.0643922Z [command]"C:\Program Files\Git\bin\git.exe" submodule foreach --recursive "sh -c \"git config --local --name-only --get-regexp 'core\.sshCommand' && git config --local --unset-all 'core.sshCommand' || :\""
Action policy / windows-latest / Python 3.10	UNKNOWN STEP	2026-09-13T17:55:15.6092149Z Removing HTTP extra header
Action policy / windows-latest / Python 3.10	UNKNOWN STEP	2026-09-13T17:55:15.6101897Z [command]"C:\Program Files\Git\bin\git.exe" config --local --name-only --get-regexp http\.https\:\/\/github\.com\/\.extraheader
Action policy / windows-latest / Python 3.10	UNKNOWN STEP	2026-09-13T17:55:15.6415695Z [command]"C:\Program Files\Git\bin\git.exe" submodule foreach --recursive "sh -c \"git config --local --name-only --get-regexp 'http\.https\:\/\/github\.com\/\.extraheader' && git config --local --unset-all 'http.https://github.com/.extraheader' || :\""
Action policy / windows-latest / Python 3.10	UNKNOWN STEP	2026-09-13T17:55:16.1958885Z Removing includeIf entries pointing to credentials config files
Action policy / windows-latest / Python 3.10	UNKNOWN STEP	2026-09-13T17:55:16.1967458Z [command]"C:\Program Files\Git\bin\git.exe" config --local --name-only --get-regexp ^includeIf\.gitdir:
Action policy / windows-latest / Python 3.10	UNKNOWN STEP	2026-09-13T17:55:16.2234307Z includeif.gitdir:D:/a/Waveframe-Guard/Waveframe-Guard/.candidate50/ledger/.git.path
Action policy / windows-latest / Python 3.10	UNKNOWN STEP	2026-09-13T17:55:16.2235700Z includeif.gitdir:D:/a/Waveframe-Guard/Waveframe-Guard/.candidate50/ledger/.git/worktrees/*.path
Action policy / windows-latest / Python 3.10	UNKNOWN STEP	2026-09-13T17:55:16.2236485Z includeif.gitdir:/github/workspace/.candidate50/ledger/.git.path
Action policy / windows-latest / Python 3.10	UNKNOWN STEP	2026-09-13T17:55:16.2237078Z includeif.gitdir:/github/workspace/.candidate50/ledger/.git/worktrees/*.path
Action policy / windows-latest / Python 3.10	UNKNOWN STEP	2026-09-13T17:55:16.2276431Z [command]"C:\Program Files\Git\bin\git.exe" config --local --get-all includeif.gitdir:D:/a/Waveframe-Guard/Waveframe-Guard/.candidate50/ledger/.git.path
Action policy / windows-latest / Python 3.10	UNKNOWN STEP	2026-09-13T17:55:16.2541961Z D:\a\_temp\git-credentials-2310bbc6-ec2f-44ca-877e-d77f09d1f1c6.config
Action policy / windows-latest / Python 3.10	UNKNOWN STEP	2026-09-13T17:55:16.2582165Z [command]"C:\Program Files\Git\bin\git.exe" config --local --unset includeif.gitdir:D:/a/Waveframe-Guard/Waveframe-Guard/.candidate50/ledger/.git.path D\:\\a\\_temp\\git\-credentials\-2310bbc6\-ec2f\-44ca\-877e\-d77f09d1f1c6\.config
Action policy / windows-latest / Python 3.10	UNKNOWN STEP	2026-09-13T17:55:16.2893835Z [command]"C:\Program Files\Git\bin\git.exe" config --local --get-all includeif.gitdir:D:/a/Waveframe-Guard/Waveframe-Guard/.candidate50/ledger/.git/worktrees/*.path
Action policy / windows-latest / Python 3.10	UNKNOWN STEP	2026-09-13T17:55:16.3145672Z D:\a\_temp\git-credentials-2310bbc6-ec2f-44ca-877e-d77f09d1f1c6.config
Action policy / windows-latest / Python 3.10	UNKNOWN STEP	2026-09-13T17:55:16.3188988Z [command]"C:\Program Files\Git\bin\git.exe" config --local --unset includeif.gitdir:D:/a/Waveframe-Guard/Waveframe-Guard/.candidate50/ledger/.git/worktrees/*.path D\:\\a\\_temp\\git\-credentials\-2310bbc6\-ec2f\-44ca\-877e\-d77f09d1f1c6\.config
Action policy / windows-latest / Python 3.10	UNKNOWN STEP	2026-09-13T17:55:16.3496177Z [command]"C:\Program Files\Git\bin\git.exe" config --local --get-all includeif.gitdir:/github/workspace/.candidate50/ledger/.git.path
Action policy / windows-latest / Python 3.10	UNKNOWN STEP	2026-09-13T17:55:16.3750294Z /github/runner_temp/git-credentials-2310bbc6-ec2f-44ca-877e-d77f09d1f1c6.config
Action policy / windows-latest / Python 3.10	UNKNOWN STEP	2026-09-13T17:55:16.3787809Z [command]"C:\Program Files\Git\bin\git.exe" config --local --unset includeif.gitdir:/github/workspace/.candidate50/ledger/.git.path \/github\/runner_temp\/git\-credentials\-2310bbc6\-ec2f\-44ca\-877e\-d77f09d1f1c6\.config
Action policy / windows-latest / Python 3.10	UNKNOWN STEP	2026-09-13T17:55:16.4100099Z [command]"C:\Program Files\Git\bin\git.exe" config --local --get-all includeif.gitdir:/github/workspace/.candidate50/ledger/.git/worktrees/*.path
Action policy / windows-latest / Python 3.10	UNKNOWN STEP	2026-09-13T17:55:16.4356689Z /github/runner_temp/git-credentials-2310bbc6-ec2f-44ca-877e-d77f09d1f1c6.config
Action policy / windows-latest / Python 3.10	UNKNOWN STEP	2026-09-13T17:55:16.4394933Z [command]"C:\Program Files\Git\bin\git.exe" config --local --unset includeif.gitdir:/github/workspace/.candidate50/ledger/.git/worktrees/*.path \/github\/runner_temp\/git\-credentials\-2310bbc6\-ec2f\-44ca\-877e\-d77f09d1f1c6\.config
Action policy / windows-latest / Python 3.10	UNKNOWN STEP	2026-09-13T17:55:16.4689996Z [command]"C:\Program Files\Git\bin\git.exe" submodule foreach --recursive "git config --local --show-origin --name-only --get-regexp remote.origin.url"
Action policy / windows-latest / Python 3.10	UNKNOWN STEP	2026-09-13T17:55:17.0039638Z Removing credentials config 'D:\a\_temp\git-credentials-2310bbc6-ec2f-44ca-877e-d77f09d1f1c6.config'
Action policy / windows-latest / Python 3.10	UNKNOWN STEP	2026-09-13T17:55:17.0050432Z ##[endgroup]
Action policy / windows-latest / Python 3.10	UNKNOWN STEP	2026-09-13T17:55:17.0387287Z ##[group]Run actions/checkout@3d3c42e5aac5ba805825da76410c181273ba90b1
Action policy / windows-latest / Python 3.10	UNKNOWN STEP	2026-09-13T17:55:17.0387742Z with:
Action policy / windows-latest / Python 3.10	UNKNOWN STEP	2026-09-13T17:55:17.0387975Z   repository: Waveframe-Labs/Waveframe-Cloud
Action policy / windows-latest / Python 3.10	UNKNOWN STEP	2026-09-13T17:55:17.0388662Z   ref: 547291b525e2f1d05d92ed65b6058c4ca91588a8
Action policy / windows-latest / Python 3.10	UNKNOWN STEP	2026-09-13T17:55:17.0389445Z   token: ***
Action policy / windows-latest / Python 3.10	UNKNOWN STEP	2026-09-13T17:55:17.0389651Z   path: .cloud-test-source
Action policy / windows-latest / Python 3.10	UNKNOWN STEP	2026-09-13T17:55:17.0389904Z   persist-credentials: false
Action policy / windows-latest / Python 3.10	UNKNOWN STEP	2026-09-13T17:55:17.0390139Z   ssh-strict: true
Action policy / windows-latest / Python 3.10	UNKNOWN STEP	2026-09-13T17:55:17.0390329Z   ssh-user: git
Action policy / windows-latest / Python 3.10	UNKNOWN STEP	2026-09-13T17:55:17.0390526Z   clean: true
Action policy / windows-latest / Python 3.10	UNKNOWN STEP	2026-09-13T17:55:17.0390730Z   sparse-checkout-cone-mode: true
Action policy / windows-latest / Python 3.10	UNKNOWN STEP	2026-09-13T17:55:17.0390978Z   fetch-depth: 1
Action policy / windows-latest / Python 3.10	UNKNOWN STEP	2026-09-13T17:55:17.0391163Z   fetch-tags: false
Action policy / windows-latest / Python 3.10	UNKNOWN STEP	2026-09-13T17:55:17.0391369Z   show-progress: true
Action policy / windows-latest / Python 3.10	UNKNOWN STEP	2026-09-13T17:55:17.0391567Z   lfs: false
Action policy / windows-latest / Python 3.10	UNKNOWN STEP	2026-09-13T17:55:17.0391746Z   submodules: false
Action policy / windows-latest / Python 3.10	UNKNOWN STEP	2026-09-13T17:55:17.0391948Z   set-safe-directory: true
Action policy / windows-latest / Python 3.10	UNKNOWN STEP	2026-09-13T17:55:17.0392191Z   allow-unsafe-pr-checkout: false
Action policy / windows-latest / Python 3.10	UNKNOWN STEP	2026-09-13T17:55:17.0392458Z env:
Action policy / windows-latest / Python 3.10	UNKNOWN STEP	2026-09-13T17:55:17.0392634Z   CLOUD_TEST_ACCESS: true
Action policy / windows-latest / Python 3.10	UNKNOWN STEP	2026-09-13T17:55:17.0392936Z   pythonLocation: C:\hostedtoolcache\windows\Python\3.10.11\x64
Action policy / windows-latest / Python 3.10	UNKNOWN STEP	2026-09-13T17:55:17.0393396Z   PKG_CONFIG_PATH: C:\hostedtoolcache\windows\Python\3.10.11\x64/lib/pkgconfig
Action policy / windows-latest / Python 3.10	UNKNOWN STEP	2026-09-13T17:55:17.0393848Z   Python_ROOT_DIR: C:\hostedtoolcache\windows\Python\3.10.11\x64
Action policy / windows-latest / Python 3.10	UNKNOWN STEP	2026-09-13T17:55:17.0394262Z   Python2_ROOT_DIR: C:\hostedtoolcache\windows\Python\3.10.11\x64
Action policy / windows-latest / Python 3.10	UNKNOWN STEP	2026-09-13T17:55:17.0394662Z   Python3_ROOT_DIR: C:\hostedtoolcache\windows\Python\3.10.11\x64
Action policy / windows-latest / Python 3.10	UNKNOWN STEP	2026-09-13T17:55:17.0395212Z ##[endgroup]
Action policy / windows-latest / Python 3.10	UNKNOWN STEP	2026-09-13T17:55:17.1512415Z Syncing repository: Waveframe-Labs/Waveframe-Cloud
Action policy / windows-latest / Python 3.10	UNKNOWN STEP	2026-09-13T17:55:17.1521380Z ##[group]Getting Git version info
Action policy / windows-latest / Python 3.10	UNKNOWN STEP	2026-09-13T17:55:17.1522326Z Working directory is 'D:\a\Waveframe-Guard\Waveframe-Guard\.cloud-test-source'
Action policy / windows-latest / Python 3.10	UNKNOWN STEP	2026-09-13T17:55:17.2415248Z [command]"C:\Program Files\Git\bin\git.exe" version
Action policy / windows-latest / Python 3.10	UNKNOWN STEP	2026-09-13T17:55:17.2657620Z git version 2.55.0.windows.5
Action policy / windows-latest / Python 3.10	UNKNOWN STEP	2026-09-13T17:55:17.2698107Z ##[endgroup]
Action policy / windows-latest / Python 3.10	UNKNOWN STEP	2026-09-13T17:55:17.2712624Z Temporarily overriding HOME='D:\a\_temp\db317764-78ef-42fe-ba3f-9ba22ed1c49a' before making global git config changes
Action policy / windows-latest / Python 3.10	UNKNOWN STEP	2026-09-13T17:55:17.2713694Z Adding repository directory to the temporary git global config as a safe directory
Action policy / windows-latest / Python 3.10	UNKNOWN STEP	2026-09-13T17:55:17.2722759Z [command]"C:\Program Files\Git\bin\git.exe" config --global --add safe.directory D:\a\Waveframe-Guard\Waveframe-Guard\.cloud-test-source
Action policy / windows-latest / Python 3.10	UNKNOWN STEP	2026-09-13T17:55:17.3017473Z ##[group]Determining repository object format
Action policy / windows-latest / Python 3.10	UNKNOWN STEP	2026-09-13T17:55:17.3019489Z ##[endgroup]
Action policy / windows-latest / Python 3.10	UNKNOWN STEP	2026-09-13T17:55:17.3020442Z ##[group]Initializing the repository
Action policy / windows-latest / Python 3.10	UNKNOWN STEP	2026-09-13T17:55:17.3029834Z [command]"C:\Program Files\Git\bin\git.exe" init D:\a\Waveframe-Guard\Waveframe-Guard\.cloud-test-source
Action policy / windows-latest / Python 3.10	UNKNOWN STEP	2026-09-13T17:55:17.3374925Z Initialized empty Git repository in D:/a/Waveframe-Guard/Waveframe-Guard/.cloud-test-source/.git/
Action policy / windows-latest / Python 3.10	UNKNOWN STEP	2026-09-13T17:55:17.3422572Z [command]"C:\Program Files\Git\bin\git.exe" remote add origin https://github.com/Waveframe-Labs/Waveframe-Cloud
Action policy / windows-latest / Python 3.10	UNKNOWN STEP	2026-09-13T17:55:17.3764291Z ##[endgroup]
Action policy / windows-latest / Python 3.10	UNKNOWN STEP	2026-09-13T17:55:17.3764947Z ##[group]Disabling automatic garbage collection
Action policy / windows-latest / Python 3.10	UNKNOWN STEP	2026-09-13T17:55:17.3775344Z [command]"C:\Program Files\Git\bin\git.exe" config --local gc.auto 0
Action policy / windows-latest / Python 3.10	UNKNOWN STEP	2026-09-13T17:55:17.4130973Z ##[endgroup]
Action policy / windows-latest / Python 3.10	UNKNOWN STEP	2026-09-13T17:55:17.4131373Z ##[group]Setting up auth
Action policy / windows-latest / Python 3.10	UNKNOWN STEP	2026-09-13T17:55:17.4132378Z Removing SSH command configuration
Action policy / windows-latest / Python 3.10	UNKNOWN STEP	2026-09-13T17:55:17.4155957Z [command]"C:\Program Files\Git\bin\git.exe" config --local --name-only --get-regexp core\.sshCommand
Action policy / windows-latest / Python 3.10	UNKNOWN STEP	2026-09-13T17:55:17.4499230Z [command]"C:\Program Files\Git\bin\git.exe" submodule foreach --recursive "sh -c \"git config --local --name-only --get-regexp 'core\.sshCommand' && git config --local --unset-all 'core.sshCommand' || :\""
Action policy / windows-latest / Python 3.10	UNKNOWN STEP	2026-09-13T17:55:17.9747741Z Removing HTTP extra header
Action policy / windows-latest / Python 3.10	UNKNOWN STEP	2026-09-13T17:55:17.9757804Z [command]"C:\Program Files\Git\bin\git.exe" config --local --name-only --get-regexp http\.https\:\/\/github\.com\/\.extraheader
Action policy / windows-latest / Python 3.10	UNKNOWN STEP	2026-09-13T17:55:18.0053310Z [command]"C:\Program Files\Git\bin\git.exe" submodule foreach --recursive "sh -c \"git config --local --name-only --get-regexp 'http\.https\:\/\/github\.com\/\.extraheader' && git config --local --unset-all 'http.https://github.com/.extraheader' || :\""
Action policy / windows-latest / Python 3.10	UNKNOWN STEP	2026-09-13T17:55:18.5471949Z Removing includeIf entries pointing to credentials config files
Action policy / windows-latest / Python 3.10	UNKNOWN STEP	2026-09-13T17:55:18.5482309Z [command]"C:\Program Files\Git\bin\git.exe" config --local --name-only --get-regexp ^includeIf\.gitdir:
Action policy / windows-latest / Python 3.10	UNKNOWN STEP	2026-09-13T17:55:18.5773192Z [command]"C:\Program Files\Git\bin\git.exe" submodule foreach --recursive "git config --local --show-origin --name-only --get-regexp remote.origin.url"
Action policy / windows-latest / Python 3.10	UNKNOWN STEP	2026-09-13T17:55:19.1324348Z [command]"C:\Program Files\Git\bin\git.exe" config --file D:\a\_temp\git-credentials-74c4de5c-66d2-4ed8-a090-951f0c35944c.config http.https://github.com/.extraheader "AUTHORIZATION: basic ***"
Action policy / windows-latest / Python 3.10	UNKNOWN STEP	2026-09-13T17:55:19.1658481Z [command]"C:\Program Files\Git\bin\git.exe" config --local includeIf.gitdir:D:/a/Waveframe-Guard/Waveframe-Guard/.cloud-test-source/.git.path D:\a\_temp\git-credentials-74c4de5c-66d2-4ed8-a090-951f0c35944c.config
Action policy / windows-latest / Python 3.10	UNKNOWN STEP	2026-09-13T17:55:19.1948727Z [command]"C:\Program Files\Git\bin\git.exe" config --local includeIf.gitdir:D:/a/Waveframe-Guard/Waveframe-Guard/.cloud-test-source/.git/worktrees/*.path D:\a\_temp\git-credentials-74c4de5c-66d2-4ed8-a090-951f0c35944c.config
Action policy / windows-latest / Python 3.10	UNKNOWN STEP	2026-09-13T17:55:19.2236133Z [command]"C:\Program Files\Git\bin\git.exe" config --local includeIf.gitdir:/github/workspace/.cloud-test-source/.git.path /github/runner_temp/git-credentials-74c4de5c-66d2-4ed8-a090-951f0c35944c.config
Action policy / windows-latest / Python 3.10	UNKNOWN STEP	2026-09-13T17:55:19.2526894Z [command]"C:\Program Files\Git\bin\git.exe" config --local includeIf.gitdir:/github/workspace/.cloud-test-source/.git/worktrees/*.path /github/runner_temp/git-credentials-74c4de5c-66d2-4ed8-a090-951f0c35944c.config
Action policy / windows-latest / Python 3.10	UNKNOWN STEP	2026-09-13T17:55:19.2818437Z ##[endgroup]
Action policy / windows-latest / Python 3.10	UNKNOWN STEP	2026-09-13T17:55:19.2818989Z ##[group]Fetching the repository
Action policy / windows-latest / Python 3.10	UNKNOWN STEP	2026-09-13T17:55:19.2829788Z [command]"C:\Program Files\Git\bin\git.exe" -c protocol.version=2 fetch --no-tags --prune --no-recurse-submodules --depth=1 origin 547291b525e2f1d05d92ed65b6058c4ca91588a8
Action policy / windows-latest / Python 3.10	UNKNOWN STEP	2026-09-13T17:55:20.2292533Z From https://github.com/Waveframe-Labs/Waveframe-Cloud
Action policy / windows-latest / Python 3.10	UNKNOWN STEP	2026-09-13T17:55:20.2293310Z  * branch            547291b525e2f1d05d92ed65b6058c4ca91588a8 -> FETCH_HEAD
Action policy / windows-latest / Python 3.10	UNKNOWN STEP	2026-09-13T17:55:20.2348509Z [command]"C:\Program Files\Git\bin\git.exe" rev-parse --verify --quiet 547291b525e2f1d05d92ed65b6058c4ca91588a8^{object}
Action policy / windows-latest / Python 3.10	UNKNOWN STEP	2026-09-13T17:55:20.2623763Z 547291b525e2f1d05d92ed65b6058c4ca91588a8
Action policy / windows-latest / Python 3.10	UNKNOWN STEP	2026-09-13T17:55:20.2654520Z ##[endgroup]
Action policy / windows-latest / Python 3.10	UNKNOWN STEP	2026-09-13T17:55:20.2655013Z ##[group]Determining the checkout info
Action policy / windows-latest / Python 3.10	UNKNOWN STEP	2026-09-13T17:55:20.2656316Z ##[endgroup]
Action policy / windows-latest / Python 3.10	UNKNOWN STEP	2026-09-13T17:55:20.2664926Z [command]"C:\Program Files\Git\bin\git.exe" sparse-checkout disable
Action policy / windows-latest / Python 3.10	UNKNOWN STEP	2026-09-13T17:55:20.3013885Z [command]"C:\Program Files\Git\bin\git.exe" config --local --unset-all extensions.worktreeConfig
Action policy / windows-latest / Python 3.10	UNKNOWN STEP	2026-09-13T17:55:20.3302593Z ##[group]Checking out the ref
Action policy / windows-latest / Python 3.10	UNKNOWN STEP	2026-09-13T17:55:20.3311893Z [command]"C:\Program Files\Git\bin\git.exe" checkout --progress --force 547291b525e2f1d05d92ed65b6058c4ca91588a8
Action policy / windows-latest / Python 3.10	UNKNOWN STEP	2026-09-13T17:55:20.5511546Z Note: switching to '547291b525e2f1d05d92ed65b6058c4ca91588a8'.
Action policy / windows-latest / Python 3.10	UNKNOWN STEP	2026-09-13T17:55:20.5512502Z 
Action policy / windows-latest / Python 3.10	UNKNOWN STEP	2026-09-13T17:55:20.5512885Z You are in 'detached HEAD' state. You can look around, make experimental
Action policy / windows-latest / Python 3.10	UNKNOWN STEP	2026-09-13T17:55:20.5513776Z changes and commit them, and you can discard any commits you make in this
Action policy / windows-latest / Python 3.10	UNKNOWN STEP	2026-09-13T17:55:20.5514637Z state without impacting any branches by switching back to a branch.
Action policy / windows-latest / Python 3.10	UNKNOWN STEP	2026-09-13T17:55:20.5515121Z 
Action policy / windows-latest / Python 3.10	UNKNOWN STEP	2026-09-13T17:55:20.5515448Z If you want to create a new branch to retain commits you create, you may
Action policy / windows-latest / Python 3.10	UNKNOWN STEP	2026-09-13T17:55:20.5516246Z do so (now or later) by using -c with the switch command. Example:
Action policy / windows-latest / Python 3.10	UNKNOWN STEP	2026-09-13T17:55:20.5516715Z 
Action policy / windows-latest / Python 3.10	UNKNOWN STEP	2026-09-13T17:55:20.5516891Z   git switch -c <new-branch-name>
Action policy / windows-latest / Python 3.10	UNKNOWN STEP	2026-09-13T17:55:20.5517204Z 
Action policy / windows-latest / Python 3.10	UNKNOWN STEP	2026-09-13T17:55:20.5517361Z Or undo this operation with:
Action policy / windows-latest / Python 3.10	UNKNOWN STEP	2026-09-13T17:55:20.5517645Z 
Action policy / windows-latest / Python 3.10	UNKNOWN STEP	2026-09-13T17:55:20.5517779Z   git switch -
Action policy / windows-latest / Python 3.10	UNKNOWN STEP	2026-09-13T17:55:20.5519033Z 
Action policy / windows-latest / Python 3.10	UNKNOWN STEP	2026-09-13T17:55:20.5519468Z Turn off this advice by setting config variable advice.detachedHead to false
Action policy / windows-latest / Python 3.10	UNKNOWN STEP	2026-09-13T17:55:20.5520049Z 
Action policy / windows-latest / Python 3.10	UNKNOWN STEP	2026-09-13T17:55:20.5520377Z HEAD is now at 547291b Create fixture workspace on fresh CI checkouts
Action policy / windows-latest / Python 3.10	UNKNOWN STEP	2026-09-13T17:55:20.5586422Z ##[endgroup]
Action policy / windows-latest / Python 3.10	UNKNOWN STEP	2026-09-13T17:55:20.5905466Z [command]"C:\Program Files\Git\bin\git.exe" log -1 --format=%H
Action policy / windows-latest / Python 3.10	UNKNOWN STEP	2026-09-13T17:55:20.6175678Z 547291b525e2f1d05d92ed65b6058c4ca91588a8
Action policy / windows-latest / Python 3.10	UNKNOWN STEP	2026-09-13T17:55:20.6215641Z ##[group]Removing auth
Action policy / windows-latest / Python 3.10	UNKNOWN STEP	2026-09-13T17:55:20.6215997Z Removing SSH command configuration
Action policy / windows-latest / Python 3.10	UNKNOWN STEP	2026-09-13T17:55:20.6225102Z [command]"C:\Program Files\Git\bin\git.exe" config --local --name-only --get-regexp core\.sshCommand
Action policy / windows-latest / Python 3.10	UNKNOWN STEP	2026-09-13T17:55:20.6524709Z [command]"C:\Program Files\Git\bin\git.exe" submodule foreach --recursive "sh -c \"git config --local --name-only --get-regexp 'core\.sshCommand' && git config --local --unset-all 'core.sshCommand' || :\""
Action policy / windows-latest / Python 3.10	UNKNOWN STEP	2026-09-13T17:55:21.1812565Z Removing HTTP extra header
Action policy / windows-latest / Python 3.10	UNKNOWN STEP	2026-09-13T17:55:21.1822819Z [command]"C:\Program Files\Git\bin\git.exe" config --local --name-only --get-regexp http\.https\:\/\/github\.com\/\.extraheader
Action policy / windows-latest / Python 3.10	UNKNOWN STEP	2026-09-13T17:55:21.2126796Z [command]"C:\Program Files\Git\bin\git.exe" submodule foreach --recursive "sh -c \"git config --local --name-only --get-regexp 'http\.https\:\/\/github\.com\/\.extraheader' && git config --local --unset-all 'http.https://github.com/.extraheader' || :\""
Action policy / windows-latest / Python 3.10	UNKNOWN STEP	2026-09-13T17:55:21.7454152Z Removing includeIf entries pointing to credentials config files
Action policy / windows-latest / Python 3.10	UNKNOWN STEP	2026-09-13T17:55:21.7464292Z [command]"C:\Program Files\Git\bin\git.exe" config --local --name-only --get-regexp ^includeIf\.gitdir:
Action policy / windows-latest / Python 3.10	UNKNOWN STEP	2026-09-13T17:55:21.7730019Z includeif.gitdir:D:/a/Waveframe-Guard/Waveframe-Guard/.cloud-test-source/.git.path
Action policy / windows-latest / Python 3.10	UNKNOWN STEP	2026-09-13T17:55:21.7731129Z includeif.gitdir:D:/a/Waveframe-Guard/Waveframe-Guard/.cloud-test-source/.git/worktrees/*.path
Action policy / windows-latest / Python 3.10	UNKNOWN STEP	2026-09-13T17:55:21.7731875Z includeif.gitdir:/github/workspace/.cloud-test-source/.git.path
Action policy / windows-latest / Python 3.10	UNKNOWN STEP	2026-09-13T17:55:21.7732385Z includeif.gitdir:/github/workspace/.cloud-test-source/.git/worktrees/*.path
Action policy / windows-latest / Python 3.10	UNKNOWN STEP	2026-09-13T17:55:21.7772256Z [command]"C:\Program Files\Git\bin\git.exe" config --local --get-all includeif.gitdir:D:/a/Waveframe-Guard/Waveframe-Guard/.cloud-test-source/.git.path
Action policy / windows-latest / Python 3.10	UNKNOWN STEP	2026-09-13T17:55:21.8045313Z D:\a\_temp\git-credentials-74c4de5c-66d2-4ed8-a090-951f0c35944c.config
Action policy / windows-latest / Python 3.10	UNKNOWN STEP	2026-09-13T17:55:21.8087679Z [command]"C:\Program Files\Git\bin\git.exe" config --local --unset includeif.gitdir:D:/a/Waveframe-Guard/Waveframe-Guard/.cloud-test-source/.git.path D\:\\a\\_temp\\git\-credentials\-74c4de5c\-66d2\-4ed8\-a090\-951f0c35944c\.config
Action policy / windows-latest / Python 3.10	UNKNOWN STEP	2026-09-13T17:55:21.8401144Z [command]"C:\Program Files\Git\bin\git.exe" config --local --get-all includeif.gitdir:D:/a/Waveframe-Guard/Waveframe-Guard/.cloud-test-source/.git/worktrees/*.path
Action policy / windows-latest / Python 3.10	UNKNOWN STEP	2026-09-13T17:55:21.8656481Z D:\a\_temp\git-credentials-74c4de5c-66d2-4ed8-a090-951f0c35944c.config
Action policy / windows-latest / Python 3.10	UNKNOWN STEP	2026-09-13T17:55:21.8704262Z [command]"C:\Program Files\Git\bin\git.exe" config --local --unset includeif.gitdir:D:/a/Waveframe-Guard/Waveframe-Guard/.cloud-test-source/.git/worktrees/*.path D\:\\a\\_temp\\git\-credentials\-74c4de5c\-66d2\-4ed8\-a090\-951f0c35944c\.config
Action policy / windows-latest / Python 3.10	UNKNOWN STEP	2026-09-13T17:55:21.9015886Z [command]"C:\Program Files\Git\bin\git.exe" config --local --get-all includeif.gitdir:/github/workspace/.cloud-test-source/.git.path
Action policy / windows-latest / Python 3.10	UNKNOWN STEP	2026-09-13T17:55:21.9270366Z /github/runner_temp/git-credentials-74c4de5c-66d2-4ed8-a090-951f0c35944c.config
Action policy / windows-latest / Python 3.10	UNKNOWN STEP	2026-09-13T17:55:21.9305850Z [command]"C:\Program Files\Git\bin\git.exe" config --local --unset includeif.gitdir:/github/workspace/.cloud-test-source/.git.path \/github\/runner_temp\/git\-credentials\-74c4de5c\-66d2\-4ed8\-a090\-951f0c35944c\.config
Action policy / windows-latest / Python 3.10	UNKNOWN STEP	2026-09-13T17:55:21.9602572Z [command]"C:\Program Files\Git\bin\git.exe" config --local --get-all includeif.gitdir:/github/workspace/.cloud-test-source/.git/worktrees/*.path
Action policy / windows-latest / Python 3.10	UNKNOWN STEP	2026-09-13T17:55:21.9854980Z /github/runner_temp/git-credentials-74c4de5c-66d2-4ed8-a090-951f0c35944c.config
Action policy / windows-latest / Python 3.10	UNKNOWN STEP	2026-09-13T17:55:21.9893955Z [command]"C:\Program Files\Git\bin\git.exe" config --local --unset includeif.gitdir:/github/workspace/.cloud-test-source/.git/worktrees/*.path \/github\/runner_temp\/git\-credentials\-74c4de5c\-66d2\-4ed8\-a090\-951f0c35944c\.config
Action policy / windows-latest / Python 3.10	UNKNOWN STEP	2026-09-13T17:55:22.0192674Z [command]"C:\Program Files\Git\bin\git.exe" submodule foreach --recursive "git config --local --show-origin --name-only --get-regexp remote.origin.url"
Action policy / windows-latest / Python 3.10	UNKNOWN STEP	2026-09-13T17:55:22.5531657Z Removing credentials config 'D:\a\_temp\git-credentials-74c4de5c-66d2-4ed8-a090-951f0c35944c.config'
Action policy / windows-latest / Python 3.10	UNKNOWN STEP	2026-09-13T17:55:22.5543459Z ##[endgroup]
Action policy / windows-latest / Python 3.10	UNKNOWN STEP	2026-09-13T17:55:22.5904078Z ##[group]Run actions/setup-python@ece7cb06caefa5fff74198d8649806c4678c61a1
Action policy / windows-latest / Python 3.10	UNKNOWN STEP	2026-09-13T17:55:22.5904537Z with:
Action policy / windows-latest / Python 3.10	UNKNOWN STEP	2026-09-13T17:55:22.5904722Z   python-version: 3.14
Action policy / windows-latest / Python 3.10	UNKNOWN STEP	2026-09-13T17:55:22.5904945Z   check-latest: false
Action policy / windows-latest / Python 3.10	UNKNOWN STEP	2026-09-13T17:55:22.5908216Z   token: ***
Action policy / windows-latest / Python 3.10	UNKNOWN STEP	2026-09-13T17:55:22.5908426Z   update-environment: true
Action policy / windows-latest / Python 3.10	UNKNOWN STEP	2026-09-13T17:55:22.5908665Z   allow-prereleases: false
Action policy / windows-latest / Python 3.10	UNKNOWN STEP	2026-09-13T17:55:22.5908874Z   freethreaded: false
Action policy / windows-latest / Python 3.10	UNKNOWN STEP	2026-09-13T17:55:22.5909061Z env:
Action policy / windows-latest / Python 3.10	UNKNOWN STEP	2026-09-13T17:55:22.5909230Z   CLOUD_TEST_ACCESS: true
Action policy / windows-latest / Python 3.10	UNKNOWN STEP	2026-09-13T17:55:22.5909689Z   pythonLocation: C:\hostedtoolcache\windows\Python\3.10.11\x64
Action policy / windows-latest / Python 3.10	UNKNOWN STEP	2026-09-13T17:55:22.5910282Z   PKG_CONFIG_PATH: C:\hostedtoolcache\windows\Python\3.10.11\x64/lib/pkgconfig
Action policy / windows-latest / Python 3.10	UNKNOWN STEP	2026-09-13T17:55:22.5910764Z   Python_ROOT_DIR: C:\hostedtoolcache\windows\Python\3.10.11\x64
Action policy / windows-latest / Python 3.10	UNKNOWN STEP	2026-09-13T17:55:22.5911184Z   Python2_ROOT_DIR: C:\hostedtoolcache\windows\Python\3.10.11\x64
Action policy / windows-latest / Python 3.10	UNKNOWN STEP	2026-09-13T17:55:22.5911615Z   Python3_ROOT_DIR: C:\hostedtoolcache\windows\Python\3.10.11\x64
Action policy / windows-latest / Python 3.10	UNKNOWN STEP	2026-09-13T17:55:22.5912219Z ##[endgroup]
Action policy / windows-latest / Python 3.10	UNKNOWN STEP	2026-09-13T17:55:22.7527550Z ##[group]Installed versions
Action policy / windows-latest / Python 3.10	UNKNOWN STEP	2026-09-13T17:55:22.7623696Z Successfully set up CPython (3.14.7)
Action policy / windows-latest / Python 3.10	UNKNOWN STEP	2026-09-13T17:55:22.7624893Z ##[endgroup]
Action policy / windows-latest / Python 3.10	UNKNOWN STEP	2026-09-13T17:55:22.7908333Z ##[group]Run python -c "import os,subprocess; subprocess.run([os.environ['SDK_PYTHON'], 'tools/acceptance/native_cloud_package.py', '--wheel', 'acceptance-output/package/waveframe_guard-0.19.0-py3-none-any.whl', '--output', 'acceptance-output/connected', '--cloud-source', '.cloud-test-source', '--server-base-python', os.environ['CLOUD_PYTHON']], check=True)"
Action policy / windows-latest / Python 3.10	UNKNOWN STEP	2026-09-13T17:55:22.7910844Z ^[[36;1mpython -c "import os,subprocess; subprocess.run([os.environ['SDK_PYTHON'], 'tools/acceptance/native_cloud_package.py', '--wheel', 'acceptance-output/package/waveframe_guard-0.19.0-py3-none-any.whl', '--output', 'acceptance-output/connected', '--cloud-source', '.cloud-test-source', '--server-base-python', os.environ['CLOUD_PYTHON']], check=True)"^[[0m
Action policy / windows-latest / Python 3.10	UNKNOWN STEP	2026-09-13T17:55:22.7986058Z shell: C:\Program Files\PowerShell\7\pwsh.EXE -command ". '{0}'"
Action policy / windows-latest / Python 3.10	UNKNOWN STEP	2026-09-13T17:55:22.7986393Z env:
Action policy / windows-latest / Python 3.10	UNKNOWN STEP	2026-09-13T17:55:22.7986566Z   CLOUD_TEST_ACCESS: true
Action policy / windows-latest / Python 3.10	UNKNOWN STEP	2026-09-13T17:55:22.7986896Z   pythonLocation: C:\hostedtoolcache\windows\Python\3.14.7\x64
Action policy / windows-latest / Python 3.10	UNKNOWN STEP	2026-09-13T17:55:22.7987343Z   PKG_CONFIG_PATH: C:\hostedtoolcache\windows\Python\3.14.7\x64/lib/pkgconfig
Action policy / windows-latest / Python 3.10	UNKNOWN STEP	2026-09-13T17:55:22.7987780Z   Python_ROOT_DIR: C:\hostedtoolcache\windows\Python\3.14.7\x64
Action policy / windows-latest / Python 3.10	UNKNOWN STEP	2026-09-13T17:55:22.7988174Z   Python2_ROOT_DIR: C:\hostedtoolcache\windows\Python\3.14.7\x64
Action policy / windows-latest / Python 3.10	UNKNOWN STEP	2026-09-13T17:55:22.7988557Z   Python3_ROOT_DIR: C:\hostedtoolcache\windows\Python\3.14.7\x64
Action policy / windows-latest / Python 3.10	UNKNOWN STEP	2026-09-13T17:55:22.7988952Z   SDK_PYTHON: C:\hostedtoolcache\windows\Python\3.10.11\x64\python.exe
Action policy / windows-latest / Python 3.10	UNKNOWN STEP	2026-09-13T17:55:22.7989382Z   CLOUD_PYTHON: C:\hostedtoolcache\windows\Python\3.14.7\x64\python.exe
Action policy / windows-latest / Python 3.10	UNKNOWN STEP	2026-09-13T17:55:22.7989719Z ##[endgroup]
Action policy / windows-latest / Python 3.10	UNKNOWN STEP	2026-09-13T17:55:29.1834686Z Processing d:\a\waveframe-guard\waveframe-guard\acceptance-output\package\waveframe_guard-0.19.0-py3-none-any.whl
Action policy / windows-latest / Python 3.10	UNKNOWN STEP	2026-09-13T17:55:29.2093099Z Collecting cricore-contract-compiler@ git+https://github.com/Waveframe-Labs/cricore-contract-compiler.git@ae590dee058d3481e384dea850d5b7d980f533ff
Action policy / windows-latest / Python 3.10	UNKNOWN STEP	2026-09-13T17:55:29.2094699Z   Using cached cricore_contract_compiler-0.5.0-py3-none-any.whl
Action policy / windows-latest / Python 3.10	UNKNOWN STEP	2026-09-13T17:55:29.2123650Z Collecting governance-ledger@ git+https://github.com/Waveframe-Labs/Waveframe-Ledger.git@3cc34e7b3cb6efca5102e0e22d559ec0c0fd583f
Action policy / windows-latest / Python 3.10	UNKNOWN STEP	2026-09-13T17:55:29.2125699Z   Using cached governance_ledger-0.9.0-py3-none-any.whl
Action policy / windows-latest / Python 3.10	UNKNOWN STEP	2026-09-13T17:55:29.3111879Z Collecting cricore<0.15.0,>=0.13.0
Action policy / windows-latest / Python 3.10	UNKNOWN STEP	2026-09-13T17:55:29.3133797Z   Using cached cricore-0.14.0-py3-none-any.whl (45 kB)
Action policy / windows-latest / Python 3.10	UNKNOWN STEP	2026-09-13T17:55:29.3415392Z Collecting cricore-proposal-normalizer==0.2.0
Action policy / windows-latest / Python 3.10	UNKNOWN STEP	2026-09-13T17:55:29.3433766Z   Using cached cricore_proposal_normalizer-0.2.0-py3-none-any.whl (10 kB)
Action policy / windows-latest / Python 3.10	UNKNOWN STEP	2026-09-13T17:55:29.4161259Z Collecting requests<3.0.0,>=2.33.0
Action policy / windows-latest / Python 3.10	UNKNOWN STEP	2026-09-13T17:55:29.4182461Z   Using cached requests-2.34.2-py3-none-any.whl (73 kB)
Action policy / windows-latest / Python 3.10	UNKNOWN STEP	2026-09-13T17:55:29.4839324Z Collecting jsonschema>=4
Action policy / windows-latest / Python 3.10	UNKNOWN STEP	2026-09-13T17:55:29.4860893Z   Using cached jsonschema-4.26.0-py3-none-any.whl (90 kB)
Action policy / windows-latest / Python 3.10	UNKNOWN STEP	2026-09-13T17:55:29.5547977Z Collecting attrs>=22.2.0
Action policy / windows-latest / Python 3.10	UNKNOWN STEP	2026-09-13T17:55:29.5569679Z   Using cached attrs-26.1.0-py3-none-any.whl (67 kB)
Action policy / windows-latest / Python 3.10	UNKNOWN STEP	2026-09-13T17:55:29.9322351Z Collecting rpds-py>=0.25.0
Action policy / windows-latest / Python 3.10	UNKNOWN STEP	2026-09-13T17:55:29.9348260Z   Using cached rpds_py-0.30.0-cp310-cp310-win_amd64.whl (235 kB)
Action policy / windows-latest / Python 3.10	UNKNOWN STEP	2026-09-13T17:55:29.9901150Z Collecting referencing>=0.28.4
Action policy / windows-latest / Python 3.10	UNKNOWN STEP	2026-09-13T17:55:29.9919736Z   Using cached referencing-0.37.0-py3-none-any.whl (26 kB)
Action policy / windows-latest / Python 3.10	UNKNOWN STEP	2026-09-13T17:55:30.0488527Z Collecting jsonschema-specifications>=2023.03.6
Action policy / windows-latest / Python 3.10	UNKNOWN STEP	2026-09-13T17:55:30.0507389Z   Using cached jsonschema_specifications-2025.9.1-py3-none-any.whl (18 kB)
Action policy / windows-latest / Python 3.10	UNKNOWN STEP	2026-09-13T17:55:30.2556911Z Collecting charset_normalizer<4,>=2
Action policy / windows-latest / Python 3.10	UNKNOWN STEP	2026-09-13T17:55:30.2581277Z   Using cached charset_normalizer-3.5.1-cp310-cp310-win_amd64.whl (206 kB)
Action policy / windows-latest / Python 3.10	UNKNOWN STEP	2026-09-13T17:55:30.2986620Z Collecting idna<4,>=2.5
Action policy / windows-latest / Python 3.10	UNKNOWN STEP	2026-09-13T17:55:30.3005561Z   Using cached idna-3.19-py3-none-any.whl (68 kB)
Action policy / windows-latest / Python 3.10	UNKNOWN STEP	2026-09-13T17:55:30.3461482Z Collecting certifi>=2023.5.7
Action policy / windows-latest / Python 3.10	UNKNOWN STEP	2026-09-13T17:55:30.3481268Z   Using cached certifi-2026.7.22-py3-none-any.whl (136 kB)
Action policy / windows-latest / Python 3.10	UNKNOWN STEP	2026-09-13T17:55:30.4154466Z Collecting urllib3<3,>=1.26
Action policy / windows-latest / Python 3.10	UNKNOWN STEP	2026-09-13T17:55:30.4174703Z   Using cached urllib3-2.7.0-py3-none-any.whl (131 kB)
Action policy / windows-latest / Python 3.10	UNKNOWN STEP	2026-09-13T17:55:30.4838294Z Collecting typing-extensions>=4.4.0
Action policy / windows-latest / Python 3.10	UNKNOWN STEP	2026-09-13T17:55:30.4856980Z   Using cached typing_extensions-4.16.0-py3-none-any.whl (45 kB)
Action policy / windows-latest / Python 3.10	UNKNOWN STEP	2026-09-13T17:55:30.5985243Z Installing collected packages: urllib3, typing-extensions, rpds-py, idna, cricore-proposal-normalizer, cricore, charset_normalizer, certifi, attrs, requests, referencing, jsonschema-specifications, jsonschema, cricore-contract-compiler, governance-ledger, waveframe-guard
Action policy / windows-latest / Python 3.10	UNKNOWN STEP	2026-09-13T17:55:32.4011538Z Successfully installed attrs-26.1.0 certifi-2026.7.22 charset_normalizer-3.5.1 cricore-0.14.0 cricore-contract-compiler-0.5.0 cricore-proposal-normalizer-0.2.0 governance-ledger-0.9.0 idna-3.19 jsonschema-4.26.0 jsonschema-specifications-2025.9.1 referencing-0.37.0 requests-2.34.2 rpds-py-0.30.0 typing-extensions-4.16.0 urllib3-2.7.0 waveframe-guard-0.19.0
Action policy / windows-latest / Python 3.10	UNKNOWN STEP	2026-09-13T17:55:32.5838833Z 
Action policy / windows-latest / Python 3.10	UNKNOWN STEP	2026-09-13T17:55:32.5840959Z [notice] A new release of pip is available: 23.0.1 -> 26.2.1
Action policy / windows-latest / Python 3.10	UNKNOWN STEP	2026-09-13T17:55:32.5842349Z [notice] To update, run: C:\Users\runneradmin\AppData\Local\Temp\guard46-connected-p6qguq43\client\Scripts\python.exe -m pip install --upgrade pip
Action policy / windows-latest / Python 3.10	UNKNOWN STEP	2026-09-13T17:55:38.0746451Z Collecting cricore-contract-compiler @ git+https://github.com/Waveframe-Labs/cricore-contract-compiler.git@3b91fcc03c804804b2ace7302f37340a787496d9 (from -r D:\a\Waveframe-Guard\Waveframe-Guard\.cloud-test-source\requirements-action-policy-dev.txt (line 4))
Action policy / windows-latest / Python 3.10	UNKNOWN STEP	2026-09-13T17:55:38.0751440Z   Cloning https://github.com/Waveframe-Labs/cricore-contract-compiler.git (to revision 3b91fcc03c804804b2ace7302f37340a787496d9) to C:\Users\runneradmin\AppData\Local\Temp\pip-install-0h2hdtbq\cricore-contract-compiler_5e096f89a25a4306ad27a0fed582384d
Action policy / windows-latest / Python 3.10	UNKNOWN STEP	2026-09-13T17:55:38.1037750Z   Running command git clone --filter=blob:none --quiet https://github.com/Waveframe-Labs/cricore-contract-compiler.git 'C:\Users\runneradmin\AppData\Local\Temp\pip-install-0h2hdtbq\cricore-contract-compiler_5e096f89a25a4306ad27a0fed582384d'
Action policy / windows-latest / Python 3.10	UNKNOWN STEP	2026-09-13T17:55:38.9253738Z   Running command git rev-parse -q --verify '3b91fcc03c804804b2ace7302f37340a787496d9^{commit}'
Action policy / windows-latest / Python 3.10	UNKNOWN STEP	2026-09-13T17:55:38.9514123Z   3b91fcc03c804804b2ace7302f37340a787496d9
Action policy / windows-latest / Python 3.10	UNKNOWN STEP	2026-09-13T17:55:38.9826623Z   Running command git checkout -q 3b91fcc03c804804b2ace7302f37340a787496d9
Action policy / windows-latest / Python 3.10	UNKNOWN STEP	2026-09-13T17:55:39.3512615Z   Resolved https://github.com/Waveframe-Labs/cricore-contract-compiler.git to commit 3b91fcc03c804804b2ace7302f37340a787496d9
Action policy / windows-latest / Python 3.10	UNKNOWN STEP	2026-09-13T17:55:39.3836411Z   Installing build dependencies: started
Action policy / windows-latest / Python 3.10	UNKNOWN STEP	2026-09-13T17:55:40.6336897Z   Installing build dependencies: finished with status 'done'
Action policy / windows-latest / Python 3.10	UNKNOWN STEP	2026-09-13T17:55:40.6352986Z   Getting requirements to build wheel: started
Action policy / windows-latest / Python 3.10	UNKNOWN STEP	2026-09-13T17:55:41.5204091Z   Getting requirements to build wheel: finished with status 'done'
Action policy / windows-latest / Python 3.10	UNKNOWN STEP	2026-09-13T17:55:41.5236755Z   Preparing metadata (pyproject.toml): started
Action policy / windows-latest / Python 3.10	UNKNOWN STEP	2026-09-13T17:55:41.8745247Z   Preparing metadata (pyproject.toml): finished with status 'done'
Action policy / windows-latest / Python 3.10	UNKNOWN STEP	2026-09-13T17:55:41.8792886Z Collecting governance-ledger @ git+https://github.com/Waveframe-Labs/Waveframe-Ledger.git@54379d9c8044544fc1b8f32109bdfce35c1c6a05 (from -r D:\a\Waveframe-Guard\Waveframe-Guard\.cloud-test-source\requirements-action-policy-dev.txt (line 5))
Action policy / windows-latest / Python 3.10	UNKNOWN STEP	2026-09-13T17:55:41.8797944Z   Cloning https://github.com/Waveframe-Labs/Waveframe-Ledger.git (to revision 54379d9c8044544fc1b8f32109bdfce35c1c6a05) to C:\Users\runneradmin\AppData\Local\Temp\pip-install-0h2hdtbq\governance-ledger_aebf20a8889b46d392a620fa087b9969
Action policy / windows-latest / Python 3.10	UNKNOWN STEP	2026-09-13T17:55:41.9073600Z   Running command git clone --filter=blob:none --quiet https://github.com/Waveframe-Labs/Waveframe-Ledger.git 'C:\Users\runneradmin\AppData\Local\Temp\pip-install-0h2hdtbq\governance-ledger_aebf20a8889b46d392a620fa087b9969'
Action policy / windows-latest / Python 3.10	UNKNOWN STEP	2026-09-13T17:55:43.0897408Z   Running command git rev-parse -q --verify '54379d9c8044544fc1b8f32109bdfce35c1c6a05^{commit}'
Action policy / windows-latest / Python 3.10	UNKNOWN STEP	2026-09-13T17:55:43.1165485Z   54379d9c8044544fc1b8f32109bdfce35c1c6a05
Action policy / windows-latest / Python 3.10	UNKNOWN STEP	2026-09-13T17:55:43.1473518Z   Running command git checkout -q 54379d9c8044544fc1b8f32109bdfce35c1c6a05
Action policy / windows-latest / Python 3.10	UNKNOWN STEP	2026-09-13T17:55:43.6129122Z   Resolved https://github.com/Waveframe-Labs/Waveframe-Ledger.git to commit 54379d9c8044544fc1b8f32109bdfce35c1c6a05
Action policy / windows-latest / Python 3.10	UNKNOWN STEP	2026-09-13T17:55:43.6443953Z   Installing build dependencies: started
Action policy / windows-latest / Python 3.10	UNKNOWN STEP	2026-09-13T17:55:44.5771672Z   Installing build dependencies: finished with status 'done'
Action policy / windows-latest / Python 3.10	UNKNOWN STEP	2026-09-13T17:55:44.5787194Z   Getting requirements to build wheel: started
Action policy / windows-latest / Python 3.10	UNKNOWN STEP	2026-09-13T17:55:45.4840773Z   Getting requirements to build wheel: finished with status 'done'
Action policy / windows-latest / Python 3.10	UNKNOWN STEP	2026-09-13T17:55:45.4871040Z   Preparing metadata (pyproject.toml): started
Action policy / windows-latest / Python 3.10	UNKNOWN STEP	2026-09-13T17:55:45.8654883Z   Preparing metadata (pyproject.toml): finished with status 'done'
Action policy / windows-latest / Python 3.10	UNKNOWN STEP	2026-09-13T17:55:46.0095664Z Collecting governance-ledger==0.8.0 (from -r D:\a\Waveframe-Guard\Waveframe-Guard\.cloud-test-source\requirements.txt (line 4))
Action policy / windows-latest / Python 3.10	UNKNOWN STEP	2026-09-13T17:55:46.0638800Z   Downloading governance_ledger-0.8.0-py3-none-any.whl.metadata (35 kB)
Action policy / windows-latest / Python 3.10	UNKNOWN STEP	2026-09-13T17:55:46.1843123Z Collecting openai==3.8.0 (from -r D:\a\Waveframe-Guard\Waveframe-Guard\.cloud-test-source\requirements.txt (line 7))
Action policy / windows-latest / Python 3.10	UNKNOWN STEP	2026-09-13T17:55:46.1992893Z   Downloading openai-3.8.0-py3-none-any.whl.metadata (41 kB)
Action policy / windows-latest / Python 3.10	UNKNOWN STEP	2026-09-13T17:55:46.2460439Z Collecting pytest (from -r D:\a\Waveframe-Guard\Waveframe-Guard\.cloud-test-source\requirements.txt (line 13))
Action policy / windows-latest / Python 3.10	UNKNOWN STEP	2026-09-13T17:55:46.2482734Z   Using cached pytest-9.1.1-py3-none-any.whl.metadata (7.6 kB)
Action policy / windows-latest / Python 3.10	UNKNOWN STEP	2026-09-13T17:55:46.2934168Z Collecting psycopg[binary] (from -r D:\a\Waveframe-Guard\Waveframe-Guard\.cloud-test-source\requirements.txt (line 10))
Action policy / windows-latest / Python 3.10	UNKNOWN STEP	2026-09-13T17:55:46.3075792Z   Downloading psycopg-3.3.5-py3-none-any.whl.metadata (4.3 kB)
Action policy / windows-latest / Python 3.10	UNKNOWN STEP	2026-09-13T17:55:46.3409386Z Collecting jsonschema>=4 (from cricore-contract-compiler @ git+https://github.com/Waveframe-Labs/cricore-contract-compiler.git@3b91fcc03c804804b2ace7302f37340a787496d9->-r D:\a\Waveframe-Guard\Waveframe-Guard\.cloud-test-source\requirements-action-policy-dev.txt (line 4))
Action policy / windows-latest / Python 3.10	UNKNOWN STEP	2026-09-13T17:55:46.3431441Z   Using cached jsonschema-4.26.0-py3-none-any.whl.metadata (7.6 kB)
Action policy / windows-latest / Python 3.10	UNKNOWN STEP	2026-09-13T17:55:46.3894686Z Collecting anyio<5,>=4.10.0 (from openai==3.8.0->-r D:\a\Waveframe-Guard\Waveframe-Guard\.cloud-test-source\requirements.txt (line 7))
Action policy / windows-latest / Python 3.10	UNKNOWN STEP	2026-09-13T17:55:46.4034475Z   Downloading anyio-4.15.1-py3-none-any.whl.metadata (4.7 kB)
Action policy / windows-latest / Python 3.10	UNKNOWN STEP	2026-09-13T17:55:46.4522684Z Collecting httpx2<3,>=2.7.0 (from openai==3.8.0->-r D:\a\Waveframe-Guard\Waveframe-Guard\.cloud-test-source\requirements.txt (line 7))
Action policy / windows-latest / Python 3.10	UNKNOWN STEP	2026-09-13T17:55:46.4664217Z   Downloading httpx2-2.12.0-py3-none-any.whl.metadata (9.5 kB)
Action policy / windows-latest / Python 3.10	UNKNOWN STEP	2026-09-13T17:55:46.6396967Z Collecting jiter<1,>=0.16.0 (from openai==3.8.0->-r D:\a\Waveframe-Guard\Waveframe-Guard\.cloud-test-source\requirements.txt (line 7))
Action policy / windows-latest / Python 3.10	UNKNOWN STEP	2026-09-13T17:55:46.6548006Z   Downloading jiter-0.17.0-cp314-cp314-win_amd64.whl.metadata (5.3 kB)
Action policy / windows-latest / Python 3.10	UNKNOWN STEP	2026-09-13T17:55:46.8436683Z Collecting pydantic!=2.0.*,!=2.1.*,!=2.2.*,!=2.3.*,<3,>=1.10.13 (from openai==3.8.0->-r D:\a\Waveframe-Guard\Waveframe-Guard\.cloud-test-source\requirements.txt (line 7))
Action policy / windows-latest / Python 3.10	UNKNOWN STEP	2026-09-13T17:55:46.8585321Z   Downloading pydantic-2.13.5-py3-none-any.whl.metadata (110 kB)
Action policy / windows-latest / Python 3.10	UNKNOWN STEP	2026-09-13T17:55:46.9213287Z Collecting sniffio (from openai==3.8.0->-r D:\a\Waveframe-Guard\Waveframe-Guard\.cloud-test-source\requirements.txt (line 7))
Action policy / windows-latest / Python 3.10	UNKNOWN STEP	2026-09-13T17:55:46.9350965Z   Downloading sniffio-1.3.1-py3-none-any.whl.metadata (3.9 kB)
Action policy / windows-latest / Python 3.10	UNKNOWN STEP	2026-09-13T17:55:46.9592465Z Collecting typing-extensions<5,>=4.14 (from openai==3.8.0->-r D:\a\Waveframe-Guard\Waveframe-Guard\.cloud-test-source\requirements.txt (line 7))
Action policy / windows-latest / Python 3.10	UNKNOWN STEP	2026-09-13T17:55:46.9617260Z   Using cached typing_extensions-4.16.0-py3-none-any.whl.metadata (3.3 kB)
Action policy / windows-latest / Python 3.10	UNKNOWN STEP	2026-09-13T17:55:46.9710279Z Collecting idna>=2.8 (from anyio<5,>=4.10.0->openai==3.8.0->-r D:\a\Waveframe-Guard\Waveframe-Guard\.cloud-test-source\requirements.txt (line 7))
Action policy / windows-latest / Python 3.10	UNKNOWN STEP	2026-09-13T17:55:46.9730162Z   Using cached idna-3.19-py3-none-any.whl.metadata (9.2 kB)
Action policy / windows-latest / Python 3.10	UNKNOWN STEP	2026-09-13T17:55:47.0110881Z Collecting httpcore2==2.12.0 (from httpx2<3,>=2.7.0->openai==3.8.0->-r D:\a\Waveframe-Guard\Waveframe-Guard\.cloud-test-source\requirements.txt (line 7))
Action policy / windows-latest / Python 3.10	UNKNOWN STEP	2026-09-13T17:55:47.0248231Z   Downloading httpcore2-2.12.0-py3-none-any.whl.metadata (25 kB)
Action policy / windows-latest / Python 3.10	UNKNOWN STEP	2026-09-13T17:55:47.0770647Z Collecting truststore>=0.10 (from httpx2<3,>=2.7.0->openai==3.8.0->-r D:\a\Waveframe-Guard\Waveframe-Guard\.cloud-test-source\requirements.txt (line 7))
Action policy / windows-latest / Python 3.10	UNKNOWN STEP	2026-09-13T17:55:47.0911341Z   Downloading truststore-0.10.4-py3-none-any.whl.metadata (4.4 kB)
Action policy / windows-latest / Python 3.10	UNKNOWN STEP	2026-09-13T17:55:47.1391038Z Collecting h11>=0.16 (from httpcore2==2.12.0->httpx2<3,>=2.7.0->openai==3.8.0->-r D:\a\Waveframe-Guard\Waveframe-Guard\.cloud-test-source\requirements.txt (line 7))
Action policy / windows-latest / Python 3.10	UNKNOWN STEP	2026-09-13T17:55:47.1530987Z   Downloading h11-0.16.0-py3-none-any.whl.metadata (8.3 kB)
Action policy / windows-latest / Python 3.10	UNKNOWN STEP	2026-09-13T17:55:47.2011305Z Collecting annotated-types>=0.6.0 (from pydantic!=2.0.*,!=2.1.*,!=2.2.*,!=2.3.*,<3,>=1.10.13->openai==3.8.0->-r D:\a\Waveframe-Guard\Waveframe-Guard\.cloud-test-source\requirements.txt (line 7))
Action policy / windows-latest / Python 3.10	UNKNOWN STEP	2026-09-13T17:55:47.2150536Z   Downloading annotated_types-0.8.0-py3-none-any.whl.metadata (15 kB)
Action policy / windows-latest / Python 3.10	UNKNOWN STEP	2026-09-13T17:55:48.1253224Z Collecting pydantic-core==2.46.5 (from pydantic!=2.0.*,!=2.1.*,!=2.2.*,!=2.3.*,<3,>=1.10.13->openai==3.8.0->-r D:\a\Waveframe-Guard\Waveframe-Guard\.cloud-test-source\requirements.txt (line 7))
Action policy / windows-latest / Python 3.10	UNKNOWN STEP	2026-09-13T17:55:48.1405109Z   Downloading pydantic_core-2.46.5-cp314-cp314-win_amd64.whl.metadata (6.7 kB)
Action policy / windows-latest / Python 3.10	UNKNOWN STEP	2026-09-13T17:55:48.1897120Z Collecting typing-inspection>=0.4.2 (from pydantic!=2.0.*,!=2.1.*,!=2.2.*,!=2.3.*,<3,>=1.10.13->openai==3.8.0->-r D:\a\Waveframe-Guard\Waveframe-Guard\.cloud-test-source\requirements.txt (line 7))
Action policy / windows-latest / Python 3.10	UNKNOWN STEP	2026-09-13T17:55:48.2037892Z   Downloading typing_inspection-0.4.4-py3-none-any.whl.metadata (2.6 kB)
Action policy / windows-latest / Python 3.10	UNKNOWN STEP	2026-09-13T17:55:48.2579420Z Collecting tzdata (from psycopg[binary]->-r D:\a\Waveframe-Guard\Waveframe-Guard\.cloud-test-source\requirements.txt (line 10))
Action policy / windows-latest / Python 3.10	UNKNOWN STEP	2026-09-13T17:55:48.2721007Z   Downloading tzdata-2026.4-py2.py3-none-any.whl.metadata (1.4 kB)
Action policy / windows-latest / Python 3.10	UNKNOWN STEP	2026-09-13T17:55:48.4845606Z Collecting psycopg-binary==3.3.5 (from psycopg[binary]->-r D:\a\Waveframe-Guard\Waveframe-Guard\.cloud-test-source\requirements.txt (line 10))
Action policy / windows-latest / Python 3.10	UNKNOWN STEP	2026-09-13T17:55:48.5029287Z   Downloading psycopg_binary-3.3.5-cp314-cp314-win_amd64.whl.metadata (2.7 kB)
Action policy / windows-latest / Python 3.10	UNKNOWN STEP	2026-09-13T17:55:48.5345748Z Collecting colorama>=0.4 (from pytest->-r D:\a\Waveframe-Guard\Waveframe-Guard\.cloud-test-source\requirements.txt (line 13))
Action policy / windows-latest / Python 3.10	UNKNOWN STEP	2026-09-13T17:55:48.5366225Z   Using cached colorama-0.4.6-py2.py3-none-any.whl.metadata (17 kB)
Action policy / windows-latest / Python 3.10	UNKNOWN STEP	2026-09-13T17:55:48.5436428Z Collecting iniconfig>=1.0.1 (from pytest->-r D:\a\Waveframe-Guard\Waveframe-Guard\.cloud-test-source\requirements.txt (line 13))
Action policy / windows-latest / Python 3.10	UNKNOWN STEP	2026-09-13T17:55:48.5456753Z   Using cached iniconfig-2.3.0-py3-none-any.whl.metadata (2.5 kB)
Action policy / windows-latest / Python 3.10	UNKNOWN STEP	2026-09-13T17:55:48.5559121Z Collecting packaging>=22 (from pytest->-r D:\a\Waveframe-Guard\Waveframe-Guard\.cloud-test-source\requirements.txt (line 13))
Action policy / windows-latest / Python 3.10	UNKNOWN STEP	2026-09-13T17:55:48.5578805Z   Using cached packaging-26.3-py3-none-any.whl.metadata (3.5 kB)
Action policy / windows-latest / Python 3.10	UNKNOWN STEP	2026-09-13T17:55:48.5653254Z Collecting pluggy<2,>=1.5 (from pytest->-r D:\a\Waveframe-Guard\Waveframe-Guard\.cloud-test-source\requirements.txt (line 13))
Action policy / windows-latest / Python 3.10	UNKNOWN STEP	2026-09-13T17:55:48.5673391Z   Using cached pluggy-1.6.0-py3-none-any.whl.metadata (4.8 kB)
Action policy / windows-latest / Python 3.10	UNKNOWN STEP	2026-09-13T17:55:48.5805352Z Collecting pygments>=2.7.2 (from pytest->-r D:\a\Waveframe-Guard\Waveframe-Guard\.cloud-test-source\requirements.txt (line 13))
Action policy / windows-latest / Python 3.10	UNKNOWN STEP	2026-09-13T17:55:48.5825357Z   Using cached pygments-2.21.0-py3-none-any.whl.metadata (2.5 kB)
Action policy / windows-latest / Python 3.10	UNKNOWN STEP	2026-09-13T17:55:48.5935555Z Collecting attrs>=22.2.0 (from jsonschema>=4->cricore-contract-compiler @ git+https://github.com/Waveframe-Labs/cricore-contract-compiler.git@3b91fcc03c804804b2ace7302f37340a787496d9->-r D:\a\Waveframe-Guard\Waveframe-Guard\.cloud-test-source\requirements-action-policy-dev.txt (line 4))
Action policy / windows-latest / Python 3.10	UNKNOWN STEP	2026-09-13T17:55:48.5954607Z   Using cached attrs-26.1.0-py3-none-any.whl.metadata (8.8 kB)
Action policy / windows-latest / Python 3.10	UNKNOWN STEP	2026-09-13T17:55:48.6036296Z Collecting jsonschema-specifications>=2023.03.6 (from jsonschema>=4->cricore-contract-compiler @ git+https://github.com/Waveframe-Labs/cricore-contract-compiler.git@3b91fcc03c804804b2ace7302f37340a787496d9->-r D:\a\Waveframe-Guard\Waveframe-Guard\.cloud-test-source\requirements-action-policy-dev.txt (line 4))
Action policy / windows-latest / Python 3.10	UNKNOWN STEP	2026-09-13T17:55:48.6057790Z   Using cached jsonschema_specifications-2025.9.1-py3-none-any.whl.metadata (2.9 kB)
Action policy / windows-latest / Python 3.10	UNKNOWN STEP	2026-09-13T17:55:48.6213261Z Collecting referencing>=0.28.4 (from jsonschema>=4->cricore-contract-compiler @ git+https://github.com/Waveframe-Labs/cricore-contract-compiler.git@3b91fcc03c804804b2ace7302f37340a787496d9->-r D:\a\Waveframe-Guard\Waveframe-Guard\.cloud-test-source\requirements-action-policy-dev.txt (line 4))
Action policy / windows-latest / Python 3.10	UNKNOWN STEP	2026-09-13T17:55:48.6233616Z   Using cached referencing-0.37.0-py3-none-any.whl.metadata (2.8 kB)
Action policy / windows-latest / Python 3.10	UNKNOWN STEP	2026-09-13T17:55:48.9219058Z Collecting rpds-py>=0.25.0 (from jsonschema>=4->cricore-contract-compiler @ git+https://github.com/Waveframe-Labs/cricore-contract-compiler.git@3b91fcc03c804804b2ace7302f37340a787496d9->-r D:\a\Waveframe-Guard\Waveframe-Guard\.cloud-test-source\requirements-action-policy-dev.txt (line 4))
Action policy / windows-latest / Python 3.10	UNKNOWN STEP	2026-09-13T17:55:48.9375975Z   Downloading rpds_py-2026.6.3-cp314-cp314-win_amd64.whl.metadata (4.2 kB)
Action policy / windows-latest / Python 3.10	UNKNOWN STEP	2026-09-13T17:55:48.9764531Z Downloading openai-3.8.0-py3-none-any.whl (1.7 MB)
Action policy / windows-latest / Python 3.10	UNKNOWN STEP	2026-09-13T17:55:49.0414362Z    ---------------------------------------- 1.7/1.7 MB 30.3 MB/s  0:00:00
Action policy / windows-latest / Python 3.10	UNKNOWN STEP	2026-09-13T17:55:49.0554892Z Downloading anyio-4.15.1-py3-none-any.whl (132 kB)
Action policy / windows-latest / Python 3.10	UNKNOWN STEP	2026-09-13T17:55:49.0837114Z Downloading httpx2-2.12.0-py3-none-any.whl (95 kB)
Action policy / windows-latest / Python 3.10	UNKNOWN STEP	2026-09-13T17:55:49.1122320Z Downloading httpcore2-2.12.0-py3-none-any.whl (83 kB)
Action policy / windows-latest / Python 3.10	UNKNOWN STEP	2026-09-13T17:55:49.1424987Z Downloading jiter-0.17.0-cp314-cp314-win_amd64.whl (227 kB)
Action policy / windows-latest / Python 3.10	UNKNOWN STEP	2026-09-13T17:55:49.1705526Z Downloading pydantic-2.13.5-py3-none-any.whl (472 kB)
Action policy / windows-latest / Python 3.10	UNKNOWN STEP	2026-09-13T17:55:49.2071965Z Downloading pydantic_core-2.46.5-cp314-cp314-win_amd64.whl (2.0 MB)
Action policy / windows-latest / Python 3.10	UNKNOWN STEP	2026-09-13T17:55:49.2414279Z    ---------------------------------------- 2.0/2.0 MB 59.4 MB/s  0:00:00
Action policy / windows-latest / Python 3.10	UNKNOWN STEP	2026-09-13T17:55:49.2433696Z Using cached typing_extensions-4.16.0-py3-none-any.whl (45 kB)
Action policy / windows-latest / Python 3.10	UNKNOWN STEP	2026-09-13T17:55:49.2572791Z Downloading psycopg-3.3.5-py3-none-any.whl (213 kB)
Action policy / windows-latest / Python 3.10	UNKNOWN STEP	2026-09-13T17:55:49.2911252Z Downloading psycopg_binary-3.3.5-cp314-cp314-win_amd64.whl (3.7 MB)
Action policy / windows-latest / Python 3.10	UNKNOWN STEP	2026-09-13T17:55:49.3354671Z    ---------------------------------------- 3.7/3.7 MB 86.6 MB/s  0:00:00
Action policy / windows-latest / Python 3.10	UNKNOWN STEP	2026-09-13T17:55:49.3374119Z Using cached pytest-9.1.1-py3-none-any.whl (386 kB)
Action policy / windows-latest / Python 3.10	UNKNOWN STEP	2026-09-13T17:55:49.3394970Z Using cached pluggy-1.6.0-py3-none-any.whl (20 kB)
Action policy / windows-latest / Python 3.10	UNKNOWN STEP	2026-09-13T17:55:49.3532829Z Downloading annotated_types-0.8.0-py3-none-any.whl (13 kB)
Action policy / windows-latest / Python 3.10	UNKNOWN STEP	2026-09-13T17:55:49.3716110Z Using cached colorama-0.4.6-py2.py3-none-any.whl (25 kB)
Action policy / windows-latest / Python 3.10	UNKNOWN STEP	2026-09-13T17:55:49.3852675Z Downloading h11-0.16.0-py3-none-any.whl (37 kB)
Action policy / windows-latest / Python 3.10	UNKNOWN STEP	2026-09-13T17:55:49.4028830Z Using cached idna-3.19-py3-none-any.whl (68 kB)
Action policy / windows-latest / Python 3.10	UNKNOWN STEP	2026-09-13T17:55:49.4047213Z Using cached iniconfig-2.3.0-py3-none-any.whl (7.5 kB)
Action policy / windows-latest / Python 3.10	UNKNOWN STEP	2026-09-13T17:55:49.4065553Z Using cached jsonschema-4.26.0-py3-none-any.whl (90 kB)
Action policy / windows-latest / Python 3.10	UNKNOWN STEP	2026-09-13T17:55:49.4084026Z Using cached attrs-26.1.0-py3-none-any.whl (67 kB)
Action policy / windows-latest / Python 3.10	UNKNOWN STEP	2026-09-13T17:55:49.4102347Z Using cached jsonschema_specifications-2025.9.1-py3-none-any.whl (18 kB)
Action policy / windows-latest / Python 3.10	UNKNOWN STEP	2026-09-13T17:55:49.4120013Z Using cached packaging-26.3-py3-none-any.whl (129 kB)
Action policy / windows-latest / Python 3.10	UNKNOWN STEP	2026-09-13T17:55:49.4138640Z Using cached pygments-2.21.0-py3-none-any.whl (1.3 MB)
Action policy / windows-latest / Python 3.10	UNKNOWN STEP	2026-09-13T17:55:49.4165437Z Using cached referencing-0.37.0-py3-none-any.whl (26 kB)
Action policy / windows-latest / Python 3.10	UNKNOWN STEP	2026-09-13T17:55:49.4311720Z Downloading rpds_py-2026.6.3-cp314-cp314-win_amd64.whl (220 kB)
Action policy / windows-latest / Python 3.10	UNKNOWN STEP	2026-09-13T17:55:49.4975498Z Downloading truststore-0.10.4-py3-none-any.whl (18 kB)
Action policy / windows-latest / Python 3.10	UNKNOWN STEP	2026-09-13T17:55:49.5260084Z Downloading typing_inspection-0.4.4-py3-none-any.whl (14 kB)
Action policy / windows-latest / Python 3.10	UNKNOWN STEP	2026-09-13T17:55:49.5541846Z Downloading sniffio-1.3.1-py3-none-any.whl (10 kB)
Action policy / windows-latest / Python 3.10	UNKNOWN STEP	2026-09-13T17:55:49.5845877Z Downloading tzdata-2026.4-py2.py3-none-any.whl (347 kB)
Action policy / windows-latest / Python 3.10	UNKNOWN STEP	2026-09-13T17:55:49.7379343Z Building wheels for collected packages: governance-ledger, cricore-contract-compiler
Action policy / windows-latest / Python 3.10	UNKNOWN STEP	2026-09-13T17:55:49.7985087Z   Building wheel for governance-ledger (pyproject.toml): started
Action policy / windows-latest / Python 3.10	UNKNOWN STEP	2026-09-13T17:55:50.3529289Z   Building wheel for governance-ledger (pyproject.toml): finished with status 'done'
Action policy / windows-latest / Python 3.10	UNKNOWN STEP	2026-09-13T17:55:50.3566882Z   Created wheel for governance-ledger: filename=governance_ledger-0.8.0-py3-none-any.whl size=188317 sha256=35cfbec3873e7e17fec6c4e3ceacd95bbd8b6fa487064d8c62f9ceb6cba19c56
Action policy / windows-latest / Python 3.10	UNKNOWN STEP	2026-09-13T17:55:50.3568526Z   Stored in directory: c:\users\runneradmin\appdata\local\pip\cache\wheels\17\4f\59\2dc5441a585b883479cd2f1d3c96675c13066ae9cf9df06ad7
Action policy / windows-latest / Python 3.10	UNKNOWN STEP	2026-09-13T17:55:50.4230251Z   Building wheel for cricore-contract-compiler (pyproject.toml): started
Action policy / windows-latest / Python 3.10	UNKNOWN STEP	2026-09-13T17:55:50.8212791Z   Building wheel for cricore-contract-compiler (pyproject.toml): finished with status 'done'
Action policy / windows-latest / Python 3.10	UNKNOWN STEP	2026-09-13T17:55:50.8250710Z   Created wheel for cricore-contract-compiler: filename=cricore_contract_compiler-0.4.0-py3-none-any.whl size=19715 sha256=ff6d622b4f3ba2fb90e9cb53e850250162f7b5441d5aad1d5549192d157d7a27
Action policy / windows-latest / Python 3.10	UNKNOWN STEP	2026-09-13T17:55:50.8252312Z   Stored in directory: c:\users\runneradmin\appdata\local\pip\cache\wheels\e6\b1\91\70f05bcb790c8e2d69e9ac79192ab0dd60b04f1df74aa321ed
Action policy / windows-latest / Python 3.10	UNKNOWN STEP	2026-09-13T17:55:50.8287936Z Successfully built governance-ledger cricore-contract-compiler
Action policy / windows-latest / Python 3.10	UNKNOWN STEP	2026-09-13T17:55:50.9222658Z Installing collected packages: tzdata, typing-extensions, truststore, sniffio, rpds-py, pygments, psycopg-binary, pluggy, packaging, jiter, iniconfig, idna, h11, colorama, attrs, annotated-types, typing-inspection, referencing, pytest, pydantic-core, psycopg, httpcore2, anyio, pydantic, jsonschema-specifications, httpx2, openai, jsonschema, cricore-contract-compiler, governance-ledger
Action policy / windows-latest / Python 3.10	UNKNOWN STEP	2026-09-13T17:56:01.5443125Z 
Action policy / windows-latest / Python 3.10	UNKNOWN STEP	2026-09-13T17:56:01.5482059Z Successfully installed annotated-types-0.8.0 anyio-4.15.1 attrs-26.1.0 colorama-0.4.6 cricore-contract-compiler-0.4.0 governance-ledger-0.8.0 h11-0.16.0 httpcore2-2.12.0 httpx2-2.12.0 idna-3.19 iniconfig-2.3.0 jiter-0.17.0 jsonschema-4.26.0 jsonschema-specifications-2025.9.1 openai-3.8.0 packaging-26.3 pluggy-1.6.0 psycopg-3.3.5 psycopg-binary-3.3.5 pydantic-2.13.5 pydantic-core-2.46.5 pygments-2.21.0 pytest-9.1.1 referencing-0.37.0 rpds-py-2026.6.3 sniffio-1.3.1 truststore-0.10.4 typing-extensions-4.16.0 typing-inspection-0.4.4 tzdata-2026.4
Action policy / windows-latest / Python 3.10	UNKNOWN STEP	2026-09-13T17:56:26.6675090Z {
Action policy / windows-latest / Python 3.10	UNKNOWN STEP	2026-09-13T17:56:26.6675671Z   "created": {
Action policy / windows-latest / Python 3.10	UNKNOWN STEP	2026-09-13T17:56:26.6676118Z     "run_id": "guard_run_3fc0e8d234bd882259e0a6d1",
Action policy / windows-latest / Python 3.10	UNKNOWN STEP	2026-09-13T17:56:26.6676602Z     "callback_count": 1,
Action policy / windows-latest / Python 3.10	UNKNOWN STEP	2026-09-13T17:56:26.6676916Z     "decision": "ALLOWED",
Action policy / windows-latest / Python 3.10	UNKNOWN STEP	2026-09-13T17:56:26.6677240Z     "preserve_status": 201,
Action policy / windows-latest / Python 3.10	UNKNOWN STEP	2026-09-13T17:56:26.6677595Z     "retrieve_status": 200,
Action policy / windows-latest / Python 3.10	UNKNOWN STEP	2026-09-13T17:56:26.6677922Z     "report_status": 201,
Action policy / windows-latest / Python 3.10	UNKNOWN STEP	2026-09-13T17:56:26.6678258Z     "execution_status": "succeeded",
Action policy / windows-latest / Python 3.10	UNKNOWN STEP	2026-09-13T17:56:26.6678649Z     "mutation_executed": true,
Action policy / windows-latest / Python 3.10	UNKNOWN STEP	2026-09-13T17:56:26.6679012Z     "exact_package_roundtrip": true
Action policy / windows-latest / Python 3.10	UNKNOWN STEP	2026-09-13T17:56:26.6679410Z   },
Action policy / windows-latest / Python 3.10	UNKNOWN STEP	2026-09-13T17:56:26.6679633Z   "empty": {
Action policy / windows-latest / Python 3.10	UNKNOWN STEP	2026-09-13T17:56:26.6679944Z     "run_id": "guard_run_32efdf94bfa1c2a9da84755e",
Action policy / windows-latest / Python 3.10	UNKNOWN STEP	2026-09-13T17:56:26.6680388Z     "callback_count": 1,
Action policy / windows-latest / Python 3.10	UNKNOWN STEP	2026-09-13T17:56:26.6680742Z     "decision": "ALLOWED",
Action policy / windows-latest / Python 3.10	UNKNOWN STEP	2026-09-13T17:56:26.6681072Z     "preserve_status": 201,
Action policy / windows-latest / Python 3.10	UNKNOWN STEP	2026-09-13T17:56:26.6681397Z     "retrieve_status": 200,
Action policy / windows-latest / Python 3.10	UNKNOWN STEP	2026-09-13T17:56:26.6681711Z     "report_status": 201,
Action policy / windows-latest / Python 3.10	UNKNOWN STEP	2026-09-13T17:56:26.6682033Z     "execution_status": "succeeded",
Action policy / windows-latest / Python 3.10	UNKNOWN STEP	2026-09-13T17:56:26.6682405Z     "mutation_executed": true,
Action policy / windows-latest / Python 3.10	UNKNOWN STEP	2026-09-13T17:56:26.6682768Z     "exact_package_roundtrip": true
Action policy / windows-latest / Python 3.10	UNKNOWN STEP	2026-09-13T17:56:26.6683109Z   },
Action policy / windows-latest / Python 3.10	UNKNOWN STEP	2026-09-13T17:56:26.6683351Z   "denied-role": {
Action policy / windows-latest / Python 3.10	UNKNOWN STEP	2026-09-13T17:56:26.6683682Z     "run_id": "guard_run_8a09578246bbce46bf10230e",
Action policy / windows-latest / Python 3.10	UNKNOWN STEP	2026-09-13T17:56:26.6684104Z     "callback_count": 0,
Action policy / windows-latest / Python 3.10	UNKNOWN STEP	2026-09-13T17:56:26.6684398Z     "decision": "BLOCKED",
Action policy / windows-latest / Python 3.10	UNKNOWN STEP	2026-09-13T17:56:26.6684708Z     "preserve_status": 201,
Action policy / windows-latest / Python 3.10	UNKNOWN STEP	2026-09-13T17:56:26.6685028Z     "retrieve_status": 200,
Action policy / windows-latest / Python 3.10	UNKNOWN STEP	2026-09-13T17:56:26.6685768Z     "report_status": 201,
Action policy / windows-latest / Python 3.10	UNKNOWN STEP	2026-09-13T17:56:26.6686103Z     "execution_status": "blocked",
Action policy / windows-latest / Python 3.10	UNKNOWN STEP	2026-09-13T17:56:26.6686463Z     "mutation_executed": false,
Action policy / windows-latest / Python 3.10	UNKNOWN STEP	2026-09-13T17:56:26.6687010Z     "exact_package_roundtrip": true
Action policy / windows-latest / Python 3.10	UNKNOWN STEP	2026-09-13T17:56:26.6687349Z   },
Action policy / windows-latest / Python 3.10	UNKNOWN STEP	2026-09-13T17:56:26.6687634Z   "denied-path": {
Action policy / windows-latest / Python 3.10	UNKNOWN STEP	2026-09-13T17:56:26.6687953Z     "run_id": "guard_run_61662653ecb89d653d696c8e",
Action policy / windows-latest / Python 3.10	UNKNOWN STEP	2026-09-13T17:56:26.6688399Z     "callback_count": 0,
Action policy / windows-latest / Python 3.10	UNKNOWN STEP	2026-09-13T17:56:26.6688701Z     "decision": "BLOCKED",
Action policy / windows-latest / Python 3.10	UNKNOWN STEP	2026-09-13T17:56:26.6689013Z     "preserve_status": 201,
Action policy / windows-latest / Python 3.10	UNKNOWN STEP	2026-09-13T17:56:26.6689343Z     "retrieve_status": 200,
Action policy / windows-latest / Python 3.10	UNKNOWN STEP	2026-09-13T17:56:26.6689657Z     "report_status": 201,
Action policy / windows-latest / Python 3.10	UNKNOWN STEP	2026-09-13T17:56:26.6689973Z     "execution_status": "blocked",
Action policy / windows-latest / Python 3.10	UNKNOWN STEP	2026-09-13T17:56:26.6690343Z     "mutation_executed": false,
Action policy / windows-latest / Python 3.10	UNKNOWN STEP	2026-09-13T17:56:26.6690689Z     "exact_package_roundtrip": true
Action policy / windows-latest / Python 3.10	UNKNOWN STEP	2026-09-13T17:56:26.6691025Z   },
Action policy / windows-latest / Python 3.10	UNKNOWN STEP	2026-09-13T17:56:26.6691256Z   "default-deny": {
Action policy / windows-latest / Python 3.10	UNKNOWN STEP	2026-09-13T17:56:26.6691582Z     "run_id": "guard_run_68149df3df4ab9a9aaae012b",
Action policy / windows-latest / Python 3.10	UNKNOWN STEP	2026-09-13T17:56:26.6691991Z     "callback_count": 0,
Action policy / windows-latest / Python 3.10	UNKNOWN STEP	2026-09-13T17:56:26.6692290Z     "decision": "BLOCKED",
Action policy / windows-latest / Python 3.10	UNKNOWN STEP	2026-09-13T17:56:26.6692912Z     "preserve_status": 201,
Action policy / windows-latest / Python 3.10	UNKNOWN STEP	2026-09-13T17:56:26.6693264Z     "retrieve_status": 200,
Action policy / windows-latest / Python 3.10	UNKNOWN STEP	2026-09-13T17:56:26.6693572Z     "report_status": 201,
Action policy / windows-latest / Python 3.10	UNKNOWN STEP	2026-09-13T17:56:26.6693914Z     "execution_status": "blocked",
Action policy / windows-latest / Python 3.10	UNKNOWN STEP	2026-09-13T17:56:26.6694277Z     "mutation_executed": false,
Action policy / windows-latest / Python 3.10	UNKNOWN STEP	2026-09-13T17:56:26.6694648Z     "exact_package_roundtrip": true
Action policy / windows-latest / Python 3.10	UNKNOWN STEP	2026-09-13T17:56:26.6694995Z   },
Action policy / windows-latest / Python 3.10	UNKNOWN STEP	2026-09-13T17:56:26.6695219Z   "collision": {
Action policy / windows-latest / Python 3.10	UNKNOWN STEP	2026-09-13T17:56:26.6695543Z     "run_id": "guard_run_ec65462b4619ca7c8dc7af26",
Action policy / windows-latest / Python 3.10	UNKNOWN STEP	2026-09-13T17:56:26.6695961Z     "callback_count": 1,
Action policy / windows-latest / Python 3.10	UNKNOWN STEP	2026-09-13T17:56:26.6696279Z     "decision": "ALLOWED",
Action policy / windows-latest / Python 3.10	UNKNOWN STEP	2026-09-13T17:56:26.6696598Z     "preserve_status": 201,
Action policy / windows-latest / Python 3.10	UNKNOWN STEP	2026-09-13T17:56:26.6696928Z     "retrieve_status": 200,
Action policy / windows-latest / Python 3.10	UNKNOWN STEP	2026-09-13T17:56:26.6697249Z     "report_status": 201,
Action policy / windows-latest / Python 3.10	UNKNOWN STEP	2026-09-13T17:56:26.6697588Z     "execution_status": "failed",
Action policy / windows-latest / Python 3.10	UNKNOWN STEP	2026-09-13T17:56:26.6697958Z     "mutation_executed": false,
Action policy / windows-latest / Python 3.10	UNKNOWN STEP	2026-09-13T17:56:26.6698341Z     "exact_package_roundtrip": true
Action policy / windows-latest / Python 3.10	UNKNOWN STEP	2026-09-13T17:56:26.6698700Z   },
Action policy / windows-latest / Python 3.10	UNKNOWN STEP	2026-09-13T17:56:26.6698930Z   "partial": {
Action policy / windows-latest / Python 3.10	UNKNOWN STEP	2026-09-13T17:56:26.6699255Z     "run_id": "guard_run_58d3c6dfa951d024831af47f",
Action policy / windows-latest / Python 3.10	UNKNOWN STEP	2026-09-13T17:56:26.6699675Z     "callback_count": 1,
Action policy / windows-latest / Python 3.10	UNKNOWN STEP	2026-09-13T17:56:26.6699993Z     "decision": "ALLOWED",
Action policy / windows-latest / Python 3.10	UNKNOWN STEP	2026-09-13T17:56:26.6700327Z     "preserve_status": 201,
Action policy / windows-latest / Python 3.10	UNKNOWN STEP	2026-09-13T17:56:26.6700647Z     "retrieve_status": 200,
Action policy / windows-latest / Python 3.10	UNKNOWN STEP	2026-09-13T17:56:26.6702135Z     "report_status": 201,
Action policy / windows-latest / Python 3.10	UNKNOWN STEP	2026-09-13T17:56:26.6702466Z     "execution_status": "failed",
Action policy / windows-latest / Python 3.10	UNKNOWN STEP	2026-09-13T17:56:26.6702833Z     "mutation_executed": true,
Action policy / windows-latest / Python 3.10	UNKNOWN STEP	2026-09-13T17:56:26.6703203Z     "exact_package_roundtrip": true
Action policy / windows-latest / Python 3.10	UNKNOWN STEP	2026-09-13T17:56:26.6703543Z   },
Action policy / windows-latest / Python 3.10	UNKNOWN STEP	2026-09-13T17:56:26.6703772Z   "unknown": {
Action policy / windows-latest / Python 3.10	UNKNOWN STEP	2026-09-13T17:56:26.6704081Z     "run_id": "guard_run_60ef17624c27323d36cdf5b3",
Action policy / windows-latest / Python 3.10	UNKNOWN STEP	2026-09-13T17:56:26.6704502Z     "callback_count": 1,
Action policy / windows-latest / Python 3.10	UNKNOWN STEP	2026-09-13T17:56:26.6704818Z     "decision": "ALLOWED",
Action policy / windows-latest / Python 3.10	UNKNOWN STEP	2026-09-13T17:56:26.6705147Z     "preserve_status": 201,
Action policy / windows-latest / Python 3.10	UNKNOWN STEP	2026-09-13T17:56:26.6705469Z     "retrieve_status": 200,
Action policy / windows-latest / Python 3.10	UNKNOWN STEP	2026-09-13T17:56:26.6705795Z     "report_status": 201,
Action policy / windows-latest / Python 3.10	UNKNOWN STEP	2026-09-13T17:56:26.6706136Z     "execution_status": "failed",
Action policy / windows-latest / Python 3.10	UNKNOWN STEP	2026-09-13T17:56:26.6706491Z     "mutation_executed": null,
Action policy / windows-latest / Python 3.10	UNKNOWN STEP	2026-09-13T17:56:26.6706841Z     "exact_package_roundtrip": true
Action policy / windows-latest / Python 3.10	UNKNOWN STEP	2026-09-13T17:56:26.6707177Z   },
Action policy / windows-latest / Python 3.10	UNKNOWN STEP	2026-09-13T17:56:26.6707429Z   "returned-summary": {
Action policy / windows-latest / Python 3.10	UNKNOWN STEP	2026-09-13T17:56:26.6707793Z     "run_id": "guard_run_37ccb94e68c5d585f025375e",
Action policy / windows-latest / Python 3.10	UNKNOWN STEP	2026-09-13T17:56:26.6708212Z     "callback_count": 1,
Action policy / windows-latest / Python 3.10	UNKNOWN STEP	2026-09-13T17:56:26.6708527Z     "decision": "ALLOWED",
Action policy / windows-latest / Python 3.10	UNKNOWN STEP	2026-09-13T17:56:26.6708844Z     "preserve_status": 201,
Action policy / windows-latest / Python 3.10	UNKNOWN STEP	2026-09-13T17:56:26.6709174Z     "retrieve_status": 200,
Action policy / windows-latest / Python 3.10	UNKNOWN STEP	2026-09-13T17:56:26.6709488Z     "report_status": 201,
Action policy / windows-latest / Python 3.10	UNKNOWN STEP	2026-09-13T17:56:26.6709813Z     "execution_status": "failed",
Action policy / windows-latest / Python 3.10	UNKNOWN STEP	2026-09-13T17:56:26.6710163Z     "mutation_executed": null,
Action policy / windows-latest / Python 3.10	UNKNOWN STEP	2026-09-13T17:56:26.6710512Z     "exact_package_roundtrip": true
Action policy / windows-latest / Python 3.10	UNKNOWN STEP	2026-09-13T17:56:26.6711102Z   },
Action policy / windows-latest / Python 3.10	UNKNOWN STEP	2026-09-13T17:56:26.6711365Z   "post-validation": {
Action policy / windows-latest / Python 3.10	UNKNOWN STEP	2026-09-13T17:56:26.6711746Z     "run_id": "guard_run_a1ea798721c1dbd182f3bdb1",
Action policy / windows-latest / Python 3.10	UNKNOWN STEP	2026-09-13T17:56:26.6712172Z     "callback_count": 1,
Action policy / windows-latest / Python 3.10	UNKNOWN STEP	2026-09-13T17:56:26.6712626Z     "decision": "ALLOWED",
Action policy / windows-latest / Python 3.10	UNKNOWN STEP	2026-09-13T17:56:26.6713257Z     "preserve_status": 201,
Action policy / windows-latest / Python 3.10	UNKNOWN STEP	2026-09-13T17:56:26.6713585Z     "retrieve_status": 200,
Action policy / windows-latest / Python 3.10	UNKNOWN STEP	2026-09-13T17:56:26.6713905Z     "report_status": 201,
Action policy / windows-latest / Python 3.10	UNKNOWN STEP	2026-09-13T17:56:26.6714220Z     "execution_status": "failed",
Action policy / windows-latest / Python 3.10	UNKNOWN STEP	2026-09-13T17:56:26.6714579Z     "mutation_executed": true,
Action policy / windows-latest / Python 3.10	UNKNOWN STEP	2026-09-13T17:56:26.6714932Z     "exact_package_roundtrip": true
Action policy / windows-latest / Python 3.10	UNKNOWN STEP	2026-09-13T17:56:26.6715264Z   },
Action policy / windows-latest / Python 3.10	UNKNOWN STEP	2026-09-13T17:56:26.6715495Z   "pre-callback": {
Action policy / windows-latest / Python 3.10	UNKNOWN STEP	2026-09-13T17:56:26.6715810Z     "run_id": "guard_run_9db0c6f0442384202791c5a1",
Action policy / windows-latest / Python 3.10	UNKNOWN STEP	2026-09-13T17:56:26.6716226Z     "callback_count": 0,
Action policy / windows-latest / Python 3.10	UNKNOWN STEP	2026-09-13T17:56:26.6716535Z     "decision": "ALLOWED",
Action policy / windows-latest / Python 3.10	UNKNOWN STEP	2026-09-13T17:56:26.6716855Z     "preserve_status": 201,
Action policy / windows-latest / Python 3.10	UNKNOWN STEP	2026-09-13T17:56:26.6717176Z     "retrieve_status": 200,
Action policy / windows-latest / Python 3.10	UNKNOWN STEP	2026-09-13T17:56:26.6717494Z     "report_status": 201,
Action policy / windows-latest / Python 3.10	UNKNOWN STEP	2026-09-13T17:56:26.6717817Z     "execution_status": "not_executed",
Action policy / windows-latest / Python 3.10	UNKNOWN STEP	2026-09-13T17:56:26.6718197Z     "mutation_executed": false,
Action policy / windows-latest / Python 3.10	UNKNOWN STEP	2026-09-13T17:56:26.6718548Z     "exact_package_roundtrip": true
Action policy / windows-latest / Python 3.10	UNKNOWN STEP	2026-09-13T17:56:26.6718888Z   },
Action policy / windows-latest / Python 3.10	UNKNOWN STEP	2026-09-13T17:56:26.6719152Z   "create-only-no-modify": {
Action policy / windows-latest / Python 3.10	UNKNOWN STEP	2026-09-13T17:56:26.6719536Z     "run_id": "guard_run_007d1e0aa685ccf07f5e94c4",
Action policy / windows-latest / Python 3.10	UNKNOWN STEP	2026-09-13T17:56:26.6719954Z     "callback_count": 0,
Action policy / windows-latest / Python 3.10	UNKNOWN STEP	2026-09-13T17:56:26.6720259Z     "decision": "BLOCKED",
Action policy / windows-latest / Python 3.10	UNKNOWN STEP	2026-09-13T17:56:26.6720579Z     "preserve_status": 201,
Action policy / windows-latest / Python 3.10	UNKNOWN STEP	2026-09-13T17:56:26.6720904Z     "retrieve_status": 200,
Action policy / windows-latest / Python 3.10	UNKNOWN STEP	2026-09-13T17:56:26.6721236Z     "report_status": 201,
Action policy / windows-latest / Python 3.10	UNKNOWN STEP	2026-09-13T17:56:26.6721562Z     "execution_status": "blocked",
Action policy / windows-latest / Python 3.10	UNKNOWN STEP	2026-09-13T17:56:26.6721919Z     "mutation_executed": false,
Action policy / windows-latest / Python 3.10	UNKNOWN STEP	2026-09-13T17:56:26.6722279Z     "exact_package_roundtrip": true
Action policy / windows-latest / Python 3.10	UNKNOWN STEP	2026-09-13T17:56:26.6722616Z   },
Action policy / windows-latest / Python 3.10	UNKNOWN STEP	2026-09-13T17:56:26.6722880Z   "modify-only-no-create": {
Action policy / windows-latest / Python 3.10	UNKNOWN STEP	2026-09-13T17:56:26.6723269Z     "run_id": "guard_run_60503f1822d08965f16c8627",
Action policy / windows-latest / Python 3.10	UNKNOWN STEP	2026-09-13T17:56:26.6723704Z     "callback_count": 0,
Action policy / windows-latest / Python 3.10	UNKNOWN STEP	2026-09-13T17:56:26.6724028Z     "decision": "BLOCKED",
Action policy / windows-latest / Python 3.10	UNKNOWN STEP	2026-09-13T17:56:26.6724367Z     "preserve_status": 201,
Action policy / windows-latest / Python 3.10	UNKNOWN STEP	2026-09-13T17:56:26.6724735Z     "retrieve_status": 200,
Action policy / windows-latest / Python 3.10	UNKNOWN STEP	2026-09-13T17:56:26.6725093Z     "report_status": 201,
Action policy / windows-latest / Python 3.10	UNKNOWN STEP	2026-09-13T17:56:26.6725446Z     "execution_status": "blocked",
Action policy / windows-latest / Python 3.10	UNKNOWN STEP	2026-09-13T17:56:26.6725836Z     "mutation_executed": false,
Action policy / windows-latest / Python 3.10	UNKNOWN STEP	2026-09-13T17:56:26.6726215Z     "exact_package_roundtrip": true
Action policy / windows-latest / Python 3.10	UNKNOWN STEP	2026-09-13T17:56:26.6726577Z   },
Action policy / windows-latest / Python 3.10	UNKNOWN STEP	2026-09-13T17:56:26.6726833Z   "modified": {
Action policy / windows-latest / Python 3.10	UNKNOWN STEP	2026-09-13T17:56:26.6727170Z     "run_id": "guard_run_1bd46b1d3aed3152f6b2b2cd",
Action policy / windows-latest / Python 3.10	UNKNOWN STEP	2026-09-13T17:56:26.6727623Z     "callback_count": 1,
Action policy / windows-latest / Python 3.10	UNKNOWN STEP	2026-09-13T17:56:26.6727948Z     "decision": "ALLOWED",
Action policy / windows-latest / Python 3.10	UNKNOWN STEP	2026-09-13T17:56:26.6728279Z     "preserve_status": 201,
Action policy / windows-latest / Python 3.10	UNKNOWN STEP	2026-09-13T17:56:26.6728618Z     "retrieve_status": 200,
Action policy / windows-latest / Python 3.10	UNKNOWN STEP	2026-09-13T17:56:26.6728949Z     "report_status": 201,
Action policy / windows-latest / Python 3.10	UNKNOWN STEP	2026-09-13T17:56:26.6729312Z     "execution_status": "succeeded",
Action policy / windows-latest / Python 3.10	UNKNOWN STEP	2026-09-13T17:56:26.6729712Z     "mutation_executed": true,
Action policy / windows-latest / Python 3.10	UNKNOWN STEP	2026-09-13T17:56:26.6730098Z     "exact_package_roundtrip": true
Action policy / windows-latest / Python 3.10	UNKNOWN STEP	2026-09-13T17:56:26.6730475Z   },
Action policy / windows-latest / Python 3.10	UNKNOWN STEP	2026-09-13T17:56:26.6730762Z   "modify-denied-path": {
Action policy / windows-latest / Python 3.10	UNKNOWN STEP	2026-09-13T17:56:26.6731157Z     "run_id": "guard_run_6241c650076ae6c7e8bc1ff7",
Action policy / windows-latest / Python 3.10	UNKNOWN STEP	2026-09-13T17:56:26.6731607Z     "callback_count": 0,
Action policy / windows-latest / Python 3.10	UNKNOWN STEP	2026-09-13T17:56:26.6731946Z     "decision": "BLOCKED",
Action policy / windows-latest / Python 3.10	UNKNOWN STEP	2026-09-13T17:56:26.6732286Z     "preserve_status": 201,
Action policy / windows-latest / Python 3.10	UNKNOWN STEP	2026-09-13T17:56:26.6732638Z     "retrieve_status": 200,
Action policy / windows-latest / Python 3.10	UNKNOWN STEP	2026-09-13T17:56:26.6733398Z     "report_status": 201,
Action policy / windows-latest / Python 3.10	UNKNOWN STEP	2026-09-13T17:56:26.6733777Z     "execution_status": "blocked",
Action policy / windows-latest / Python 3.10	UNKNOWN STEP	2026-09-13T17:56:26.6734183Z     "mutation_executed": false,
Action policy / windows-latest / Python 3.10	UNKNOWN STEP	2026-09-13T17:56:26.6734579Z     "exact_package_roundtrip": true
Action policy / windows-latest / Python 3.10	UNKNOWN STEP	2026-09-13T17:56:26.6734962Z   },
Action policy / windows-latest / Python 3.10	UNKNOWN STEP	2026-09-13T17:56:26.6735236Z   "modify-denied-role": {
Action policy / windows-latest / Python 3.10	UNKNOWN STEP	2026-09-13T17:56:26.6735644Z     "run_id": "guard_run_c9fde206d020b75139f288a1",
Action policy / windows-latest / Python 3.10	UNKNOWN STEP	2026-09-13T17:56:26.6736300Z     "callback_count": 0,
Action policy / windows-latest / Python 3.10	UNKNOWN STEP	2026-09-13T17:56:26.6736643Z     "decision": "BLOCKED",
Action policy / windows-latest / Python 3.10	UNKNOWN STEP	2026-09-13T17:56:26.6736988Z     "preserve_status": 201,
Action policy / windows-latest / Python 3.10	UNKNOWN STEP	2026-09-13T17:56:26.6737343Z     "retrieve_status": 200,
Action policy / windows-latest / Python 3.10	UNKNOWN STEP	2026-09-13T17:56:26.6737845Z     "report_status": 201,
Action policy / windows-latest / Python 3.10	UNKNOWN STEP	2026-09-13T17:56:26.6738213Z     "execution_status": "blocked",
Action policy / windows-latest / Python 3.10	UNKNOWN STEP	2026-09-13T17:56:26.6738612Z     "mutation_executed": false,
Action policy / windows-latest / Python 3.10	UNKNOWN STEP	2026-09-13T17:56:26.6738996Z     "exact_package_roundtrip": true
Action policy / windows-latest / Python 3.10	UNKNOWN STEP	2026-09-13T17:56:26.6739385Z   },
Action policy / windows-latest / Python 3.10	UNKNOWN STEP	2026-09-13T17:56:26.6739648Z   "mixed-created": {
Action policy / windows-latest / Python 3.10	UNKNOWN STEP	2026-09-13T17:56:26.6740023Z     "run_id": "guard_run_b164224cfb309f630958c291",
Action policy / windows-latest / Python 3.10	UNKNOWN STEP	2026-09-13T17:56:26.6740478Z     "callback_count": 1,
Action policy / windows-latest / Python 3.10	UNKNOWN STEP	2026-09-13T17:56:26.6740821Z     "decision": "ALLOWED",
Action policy / windows-latest / Python 3.10	UNKNOWN STEP	2026-09-13T17:56:26.6741189Z     "preserve_status": 201,
Action policy / windows-latest / Python 3.10	UNKNOWN STEP	2026-09-13T17:56:26.6741543Z     "retrieve_status": 200,
Action policy / windows-latest / Python 3.10	UNKNOWN STEP	2026-09-13T17:56:26.6741887Z     "report_status": 201,
Action policy / windows-latest / Python 3.10	UNKNOWN STEP	2026-09-13T17:56:26.6742249Z     "execution_status": "succeeded",
Action policy / windows-latest / Python 3.10	UNKNOWN STEP	2026-09-13T17:56:26.6742679Z     "mutation_executed": true,
Action policy / windows-latest / Python 3.10	UNKNOWN STEP	2026-09-13T17:56:26.6743081Z     "exact_package_roundtrip": true
Action policy / windows-latest / Python 3.10	UNKNOWN STEP	2026-09-13T17:56:26.6743454Z   },
Action policy / windows-latest / Python 3.10	UNKNOWN STEP	2026-09-13T17:56:26.6743719Z   "mixed-modified": {
Action policy / windows-latest / Python 3.10	UNKNOWN STEP	2026-09-13T17:56:26.6744105Z     "run_id": "guard_run_e2d27c7363fb9dfc38f4edf1",
Action policy / windows-latest / Python 3.10	UNKNOWN STEP	2026-09-13T17:56:26.6744591Z     "callback_count": 1,
Action policy / windows-latest / Python 3.10	UNKNOWN STEP	2026-09-13T17:56:26.6744935Z     "decision": "ALLOWED",
Action policy / windows-latest / Python 3.10	UNKNOWN STEP	2026-09-13T17:56:26.6745283Z     "preserve_status": 201,
Action policy / windows-latest / Python 3.10	UNKNOWN STEP	2026-09-13T17:56:26.6745663Z     "retrieve_status": 200,
Action policy / windows-latest / Python 3.10	UNKNOWN STEP	2026-09-13T17:56:26.6746005Z     "report_status": 201,
Action policy / windows-latest / Python 3.10	UNKNOWN STEP	2026-09-13T17:56:26.6746351Z     "execution_status": "succeeded",
Action policy / windows-latest / Python 3.10	UNKNOWN STEP	2026-09-13T17:56:26.6746748Z     "mutation_executed": true,
Action policy / windows-latest / Python 3.10	UNKNOWN STEP	2026-09-13T17:56:26.6747134Z     "exact_package_roundtrip": true
Action policy / windows-latest / Python 3.10	UNKNOWN STEP	2026-09-13T17:56:26.6747495Z   },
Action policy / windows-latest / Python 3.10	UNKNOWN STEP	2026-09-13T17:56:26.6747754Z   "mixed-create-role": {
Action policy / windows-latest / Python 3.10	UNKNOWN STEP	2026-09-13T17:56:26.6748143Z     "run_id": "guard_run_f01fd6c4971bf1bff6861dca",
Action policy / windows-latest / Python 3.10	UNKNOWN STEP	2026-09-13T17:56:26.6748597Z     "callback_count": 0,
Action policy / windows-latest / Python 3.10	UNKNOWN STEP	2026-09-13T17:56:26.6748922Z     "decision": "BLOCKED",
Action policy / windows-latest / Python 3.10	UNKNOWN STEP	2026-09-13T17:56:26.6749256Z     "preserve_status": 201,
Action policy / windows-latest / Python 3.10	UNKNOWN STEP	2026-09-13T17:56:26.6749618Z     "retrieve_status": 200,
Action policy / windows-latest / Python 3.10	UNKNOWN STEP	2026-09-13T17:56:26.6749964Z     "report_status": 201,
Action policy / windows-latest / Python 3.10	UNKNOWN STEP	2026-09-13T17:56:26.6750325Z     "execution_status": "blocked",
Action policy / windows-latest / Python 3.10	UNKNOWN STEP	2026-09-13T17:56:26.6750726Z     "mutation_executed": false,
Action policy / windows-latest / Python 3.10	UNKNOWN STEP	2026-09-13T17:56:26.6751114Z     "exact_package_roundtrip": true
Action policy / windows-latest / Python 3.10	UNKNOWN STEP	2026-09-13T17:56:26.6751491Z   },
Action policy / windows-latest / Python 3.10	UNKNOWN STEP	2026-09-13T17:56:26.6751763Z   "mixed-modify-role": {
Action policy / windows-latest / Python 3.10	UNKNOWN STEP	2026-09-13T17:56:26.6752550Z     "run_id": "guard_run_1fecaa1024719136cf5d7cfb",
Action policy / windows-latest / Python 3.10	UNKNOWN STEP	2026-09-13T17:56:26.6753751Z     "callback_count": 0,
Action policy / windows-latest / Python 3.10	UNKNOWN STEP	2026-09-13T17:56:26.6754089Z     "decision": "BLOCKED",
Action policy / windows-latest / Python 3.10	UNKNOWN STEP	2026-09-13T17:56:26.6754406Z     "preserve_status": 201,
Action policy / windows-latest / Python 3.10	UNKNOWN STEP	2026-09-13T17:56:26.6754725Z     "retrieve_status": 200,
Action policy / windows-latest / Python 3.10	UNKNOWN STEP	2026-09-13T17:56:26.6755024Z     "report_status": 201,
Action policy / windows-latest / Python 3.10	UNKNOWN STEP	2026-09-13T17:56:26.6755331Z     "execution_status": "blocked",
Action policy / windows-latest / Python 3.10	UNKNOWN STEP	2026-09-13T17:56:26.6755685Z     "mutation_executed": false,
Action policy / windows-latest / Python 3.10	UNKNOWN STEP	2026-09-13T17:56:26.6756021Z     "exact_package_roundtrip": true
Action policy / windows-latest / Python 3.10	UNKNOWN STEP	2026-09-13T17:56:26.6756352Z   },
Action policy / windows-latest / Python 3.10	UNKNOWN STEP	2026-09-13T17:56:26.6756580Z   "no-report": {
Action policy / windows-latest / Python 3.10	UNKNOWN STEP	2026-09-13T17:56:26.6756884Z     "run_id": "guard_run_1742e8a0b954fd0913d82074",
Action policy / windows-latest / Python 3.10	UNKNOWN STEP	2026-09-13T17:56:26.6757262Z     "callback_count": 0,
Action policy / windows-latest / Python 3.10	UNKNOWN STEP	2026-09-13T17:56:26.6757559Z     "decision": "ALLOWED",
Action policy / windows-latest / Python 3.10	UNKNOWN STEP	2026-09-13T17:56:26.6757891Z     "preserve_status": 201,
Action policy / windows-latest / Python 3.10	UNKNOWN STEP	2026-09-13T17:56:26.6758235Z     "retrieve_status": 200,
Action policy / windows-latest / Python 3.10	UNKNOWN STEP	2026-09-13T17:56:26.6758563Z     "report_status": null,
Action policy / windows-latest / Python 3.10	UNKNOWN STEP	2026-09-13T17:56:26.6758907Z     "execution_status": null,
Action policy / windows-latest / Python 3.10	UNKNOWN STEP	2026-09-13T17:56:26.6759240Z     "mutation_executed": null,
Action policy / windows-latest / Python 3.10	UNKNOWN STEP	2026-09-13T17:56:26.6759609Z     "exact_package_roundtrip": true
Action policy / windows-latest / Python 3.10	UNKNOWN STEP	2026-09-13T17:56:26.6759962Z   },
Action policy / windows-latest / Python 3.10	UNKNOWN STEP	2026-09-13T17:56:26.6760217Z   "wrong-runtime": {
Action policy / windows-latest / Python 3.10	UNKNOWN STEP	2026-09-13T17:56:26.6760582Z     "run_id": "guard_run_a45d9b55af29fb048e6e6fcb",
Action policy / windows-latest / Python 3.10	UNKNOWN STEP	2026-09-13T17:56:26.6761052Z     "callback_count": 1,
Action policy / windows-latest / Python 3.10	UNKNOWN STEP	2026-09-13T17:56:26.6761395Z     "decision": "ALLOWED",
Action policy / windows-latest / Python 3.10	UNKNOWN STEP	2026-09-13T17:56:26.6761746Z     "preserve_status": 403,
Action policy / windows-latest / Python 3.10	UNKNOWN STEP	2026-09-13T17:56:26.6762103Z     "report_status": 403,
Action policy / windows-latest / Python 3.10	UNKNOWN STEP	2026-09-13T17:56:26.6763671Z     "preserved": false
Action policy / windows-latest / Python 3.10	UNKNOWN STEP	2026-09-13T17:56:26.6763975Z   },
Action policy / windows-latest / Python 3.10	UNKNOWN STEP	2026-09-13T17:56:26.6764251Z   "legacy-cannot-create": {
Action policy / windows-latest / Python 3.10	UNKNOWN STEP	2026-09-13T17:56:26.6764594Z     "callback_count": 0,
Action policy / windows-latest / Python 3.10	UNKNOWN STEP	2026-09-13T17:56:26.6764943Z     "decision": "not_evaluated",
Action policy / windows-latest / Python 3.10	UNKNOWN STEP	2026-09-13T17:56:26.6766138Z     "authorization_event": false,
Action policy / windows-latest / Python 3.10	UNKNOWN STEP	2026-09-13T17:56:26.6766580Z     "report_status": null,
Action policy / windows-latest / Python 3.10	UNKNOWN STEP	2026-09-13T17:56:26.6766956Z     "mutation_executed": false
Action policy / windows-latest / Python 3.10	UNKNOWN STEP	2026-09-13T17:56:26.6767315Z   }
Action policy / windows-latest / Python 3.10	UNKNOWN STEP	2026-09-13T17:56:26.6767570Z }
Action policy / windows-latest / Python 3.10	UNKNOWN STEP	2026-09-13T17:56:29.8412405Z ##[group]Run python -c "import os,subprocess; subprocess.run([os.environ['SDK_PYTHON'], 'tools/acceptance/ledger_guard_extra.py', '--ledger-source', '.candidate50/ledger', '--guard-candidate', 'acceptance-output/package/guard-candidate.json', '--output', 'acceptance-output/ledger-extra'], check=True)"
Action policy / windows-latest / Python 3.10	UNKNOWN STEP	2026-09-13T17:56:29.8414567Z ^[[36;1mpython -c "import os,subprocess; subprocess.run([os.environ['SDK_PYTHON'], 'tools/acceptance/ledger_guard_extra.py', '--ledger-source', '.candidate50/ledger', '--guard-candidate', 'acceptance-output/package/guard-candidate.json', '--output', 'acceptance-output/ledger-extra'], check=True)"^[[0m
Action policy / windows-latest / Python 3.10	UNKNOWN STEP	2026-09-13T17:56:29.8486041Z shell: C:\Program Files\PowerShell\7\pwsh.EXE -command ". '{0}'"
Action policy / windows-latest / Python 3.10	UNKNOWN STEP	2026-09-13T17:56:29.8486380Z env:
Action policy / windows-latest / Python 3.10	UNKNOWN STEP	2026-09-13T17:56:29.8486558Z   CLOUD_TEST_ACCESS: true
Action policy / windows-latest / Python 3.10	UNKNOWN STEP	2026-09-13T17:56:29.8486867Z   pythonLocation: C:\hostedtoolcache\windows\Python\3.14.7\x64
Action policy / windows-latest / Python 3.10	UNKNOWN STEP	2026-09-13T17:56:29.8487362Z   PKG_CONFIG_PATH: C:\hostedtoolcache\windows\Python\3.14.7\x64/lib/pkgconfig
Action policy / windows-latest / Python 3.10	UNKNOWN STEP	2026-09-13T17:56:29.8487819Z   Python_ROOT_DIR: C:\hostedtoolcache\windows\Python\3.14.7\x64
Action policy / windows-latest / Python 3.10	UNKNOWN STEP	2026-09-13T17:56:29.8488222Z   Python2_ROOT_DIR: C:\hostedtoolcache\windows\Python\3.14.7\x64
Action policy / windows-latest / Python 3.10	UNKNOWN STEP	2026-09-13T17:56:29.8488622Z   Python3_ROOT_DIR: C:\hostedtoolcache\windows\Python\3.14.7\x64
Action policy / windows-latest / Python 3.10	UNKNOWN STEP	2026-09-13T17:56:29.8489025Z   SDK_PYTHON: C:\hostedtoolcache\windows\Python\3.10.11\x64\python.exe
Action policy / windows-latest / Python 3.10	UNKNOWN STEP	2026-09-13T17:56:29.8489358Z ##[endgroup]
Action policy / windows-latest / Python 3.10	UNKNOWN STEP	2026-09-13T17:58:27.3504510Z Traceback (most recent call last):
Action policy / windows-latest / Python 3.10	UNKNOWN STEP	2026-09-13T17:58:27.3516756Z   File "<string>", line 1, in <module>
Action policy / windows-latest / Python 3.10	UNKNOWN STEP	2026-09-13T17:58:27.3518428Z     import os,subprocess; subprocess.run([os.environ['SDK_PYTHON'], 'tools/acceptance/ledger_guard_extra.py', '--ledger-source', '.candidate50/ledger', '--guard-candidate', 'acceptance-output/package/guard-candidate.json', '--output', 'acceptance-output/ledger-extra'], check=True)
Action policy / windows-latest / Python 3.10	UNKNOWN STEP	2026-09-13T17:58:27.3520838Z                           ~~~~~~~~~~~~~~^^^^^^^^^^^^^^^^^^^^^^^^^^^^^^^^^^^^^^^^^^^^^^^^^^^^^^^^^^^^^^^^^^^^^^^^^^^^^^^^^^^^^^^^^^^^^^^^^^^^^^^^^^^^^^^^^^^^^^^^^^^^^^^^^^^^^^^^^^^^^^^^^^^^^^^^^^^^^^^^^^^^^^^^^^^^^^^^^^^^^^^^^^^^^^^^^^^^^^^^^^^^^^^^^^^^^^^^^^^^^^^^^^^^^^^^^^^^^^^^^
Action policy / windows-latest / Python 3.10	UNKNOWN STEP	2026-09-13T17:58:27.3521984Z   File "C:\hostedtoolcache\windows\Python\3.14.7\x64\Lib\subprocess.py", line 578, in run
Action policy / windows-latest / Python 3.10	UNKNOWN STEP	2026-09-13T17:58:27.3522721Z     raise CalledProcessError(retcode, process.args,
Action policy / windows-latest / Python 3.10	UNKNOWN STEP	2026-09-13T17:58:27.3523220Z                              output=stdout, stderr=stderr)
Action policy / windows-latest / Python 3.10	UNKNOWN STEP	2026-09-13T17:58:27.3525185Z subprocess.CalledProcessError: Command '['C:\\hostedtoolcache\\windows\\Python\\3.10.11\\x64\\python.exe', 'tools/acceptance/ledger_guard_extra.py', '--ledger-source', '.candidate50/ledger', '--guard-candidate', 'acceptance-output/package/guard-candidate.json', '--output', 'acceptance-output/ledger-extra']' returned non-zero exit status 1.
Action policy / windows-latest / Python 3.10	UNKNOWN STEP	2026-09-13T17:58:27.4844011Z ##[error]Process completed with exit code 1.
Action policy / windows-latest / Python 3.10	UNKNOWN STEP	2026-09-13T17:58:27.5097108Z Node 20 is being deprecated. This workflow is running with Node 24 by default. If you need to temporarily use Node 20, you can set the ACTIONS_ALLOW_USE_UNSECURE_NODE_VERSION=true environment variable. For more information see: https://github.blog/changelog/2025-09-19-deprecation-of-node-20-on-github-actions-runners/
Action policy / windows-latest / Python 3.10	UNKNOWN STEP	2026-09-13T17:58:27.5098709Z ##[group]Run actions/upload-artifact@ea165f8d65b6e75b540449e92b4886f43607fa02
Action policy / windows-latest / Python 3.10	UNKNOWN STEP	2026-09-13T17:58:27.5099158Z with:
Action policy / windows-latest / Python 3.10	UNKNOWN STEP	2026-09-13T17:58:27.5099436Z   name: action-policy-windows-latest-3.10
Action policy / windows-latest / Python 3.10	UNKNOWN STEP	2026-09-13T17:58:27.5099818Z   include-hidden-files: true
Action policy / windows-latest / Python 3.10	UNKNOWN STEP	2026-09-13T17:58:27.5101308Z   path: acceptance-output/
Action policy / windows-latest / Python 3.10	UNKNOWN STEP	!acceptance-output/ledger-extra/combined/combined-extra/
Action policy / windows-latest / Python 3.10	UNKNOWN STEP	!acceptance-output/ledger-extra/upgrade-environment/
Action policy / windows-latest / Python 3.10	UNKNOWN STEP	!acceptance-output/ledger-extra/fresh-base/source/
Action policy / windows-latest / Python 3.10	UNKNOWN STEP	!acceptance-output/ledger-extra/fresh-base/installed/
Action policy / windows-latest / Python 3.10	UNKNOWN STEP	!acceptance-output/ledger-extra/fresh-base/historical-*/
Action policy / windows-latest / Python 3.10	UNKNOWN STEP	
Action policy / windows-latest / Python 3.10	UNKNOWN STEP	2026-09-13T17:58:27.5102580Z   if-no-files-found: warn
Action policy / windows-latest / Python 3.10	UNKNOWN STEP	2026-09-13T17:58:27.5102955Z   compression-level: 6
Action policy / windows-latest / Python 3.10	UNKNOWN STEP	2026-09-13T17:58:27.5103224Z   overwrite: false
Action policy / windows-latest / Python 3.10	UNKNOWN STEP	2026-09-13T17:58:27.5103472Z env:
Action policy / windows-latest / Python 3.10	UNKNOWN STEP	2026-09-13T17:58:27.5112868Z   CLOUD_TEST_ACCESS: true
Action policy / windows-latest / Python 3.10	UNKNOWN STEP	2026-09-13T17:58:27.5113267Z   pythonLocation: C:\hostedtoolcache\windows\Python\3.14.7\x64
Action policy / windows-latest / Python 3.10	UNKNOWN STEP	2026-09-13T17:58:27.5113748Z   PKG_CONFIG_PATH: C:\hostedtoolcache\windows\Python\3.14.7\x64/lib/pkgconfig
Action policy / windows-latest / Python 3.10	UNKNOWN STEP	2026-09-13T17:58:27.5114219Z   Python_ROOT_DIR: C:\hostedtoolcache\windows\Python\3.14.7\x64
Action policy / windows-latest / Python 3.10	UNKNOWN STEP	2026-09-13T17:58:27.5114706Z   Python2_ROOT_DIR: C:\hostedtoolcache\windows\Python\3.14.7\x64
Action policy / windows-latest / Python 3.10	UNKNOWN STEP	2026-09-13T17:58:27.5115307Z   Python3_ROOT_DIR: C:\hostedtoolcache\windows\Python\3.14.7\x64
Action policy / windows-latest / Python 3.10	UNKNOWN STEP	2026-09-13T17:58:27.5115647Z ##[endgroup]
Action policy / windows-latest / Python 3.10	UNKNOWN STEP	2026-09-13T17:58:27.7027969Z (node:1300) [DEP0040] DeprecationWarning: The `punycode` module is deprecated. Please use a userland alternative instead.
Action policy / windows-latest / Python 3.10	UNKNOWN STEP	2026-09-13T17:58:27.7028681Z (Use `node --trace-deprecation ...` to show where the warning was created)
Action policy / windows-latest / Python 3.10	UNKNOWN STEP	2026-09-13T17:58:29.7808883Z With the provided path, there will be 487 files uploaded
Action policy / windows-latest / Python 3.10	UNKNOWN STEP	2026-09-13T17:58:29.7815748Z Artifact name is valid!
Action policy / windows-latest / Python 3.10	UNKNOWN STEP	2026-09-13T17:58:29.7817273Z Root directory input is valid!
Action policy / windows-latest / Python 3.10	UNKNOWN STEP	2026-09-13T17:58:30.0778554Z Beginning upload of artifact content to blob storage
Action policy / windows-latest / Python 3.10	UNKNOWN STEP	2026-09-13T17:58:30.9368821Z (node:1300) [DEP0169] DeprecationWarning: `url.parse()` behavior is not standardized and prone to errors that have security implications. Use the WHATWG URL API instead. CVEs are not issued for `url.parse()` vulnerabilities.
Action policy / windows-latest / Python 3.10	UNKNOWN STEP	2026-09-13T17:58:31.4263089Z Uploaded bytes 6606952
Action policy / windows-latest / Python 3.10	UNKNOWN STEP	2026-09-13T17:58:31.4610189Z Finished uploading artifact content to blob storage!
Action policy / windows-latest / Python 3.10	UNKNOWN STEP	2026-09-13T17:58:31.4612205Z SHA256 digest of uploaded artifact zip is 88ae2b1295e3433bca440361971aaea4810c69f0bda5f51b85a41e30ef9d96b4
Action policy / windows-latest / Python 3.10	UNKNOWN STEP	2026-09-13T17:58:31.4614449Z Finalizing artifact upload
Action policy / windows-latest / Python 3.10	UNKNOWN STEP	2026-09-13T17:58:31.6769272Z Artifact action-policy-windows-latest-3.10.zip successfully finalized. Artifact ID 10321954061
Action policy / windows-latest / Python 3.10	UNKNOWN STEP	2026-09-13T17:58:31.6770653Z Artifact action-policy-windows-latest-3.10 has been successfully uploaded! Final size is 6606952 bytes. Artifact ID is 10321954061
Action policy / windows-latest / Python 3.10	UNKNOWN STEP	2026-09-13T17:58:31.6781948Z Artifact download URL: https://github.com/Waveframe-Labs/Waveframe-Guard/actions/runs/34772598555/artifacts/10321954061
Action policy / windows-latest / Python 3.10	UNKNOWN STEP	2026-09-13T17:58:31.7199149Z Post job cleanup.
Action policy / windows-latest / Python 3.10	UNKNOWN STEP	2026-09-13T17:58:31.9164210Z [command]"C:\Program Files\Git\bin\git.exe" version
Action policy / windows-latest / Python 3.10	UNKNOWN STEP	2026-09-13T17:58:31.9447495Z git version 2.55.0.windows.5
Action policy / windows-latest / Python 3.10	UNKNOWN STEP	2026-09-13T17:58:31.9518457Z Temporarily overriding HOME='D:\a\_temp\4da2629b-60bd-4e52-a966-b62c8564daad' before making global git config changes
Action policy / windows-latest / Python 3.10	UNKNOWN STEP	2026-09-13T17:58:31.9519702Z Adding repository directory to the temporary git global config as a safe directory
Action policy / windows-latest / Python 3.10	UNKNOWN STEP	2026-09-13T17:58:31.9531634Z [command]"C:\Program Files\Git\bin\git.exe" config --global --add safe.directory D:\a\Waveframe-Guard\Waveframe-Guard\.cloud-test-source
Action policy / windows-latest / Python 3.10	UNKNOWN STEP	2026-09-13T17:58:31.9858118Z Removing SSH command configuration
Action policy / windows-latest / Python 3.10	UNKNOWN STEP	2026-09-13T17:58:31.9869668Z [command]"C:\Program Files\Git\bin\git.exe" config --local --name-only --get-regexp core\.sshCommand
Action policy / windows-latest / Python 3.10	UNKNOWN STEP	2026-09-13T17:58:32.0166270Z [command]"C:\Program Files\Git\bin\git.exe" submodule foreach --recursive "sh -c \"git config --local --name-only --get-regexp 'core\.sshCommand' && git config --local --unset-all 'core.sshCommand' || :\""
Action policy / windows-latest / Python 3.10	UNKNOWN STEP	2026-09-13T17:58:32.5399160Z Removing HTTP extra header
Action policy / windows-latest / Python 3.10	UNKNOWN STEP	2026-09-13T17:58:32.5410000Z [command]"C:\Program Files\Git\bin\git.exe" config --local --name-only --get-regexp http\.https\:\/\/github\.com\/\.extraheader
Action policy / windows-latest / Python 3.10	UNKNOWN STEP	2026-09-13T17:58:32.5717586Z [command]"C:\Program Files\Git\bin\git.exe" submodule foreach --recursive "sh -c \"git config --local --name-only --get-regexp 'http\.https\:\/\/github\.com\/\.extraheader' && git config --local --unset-all 'http.https://github.com/.extraheader' || :\""
Action policy / windows-latest / Python 3.10	UNKNOWN STEP	2026-09-13T17:58:33.1160866Z Removing includeIf entries pointing to credentials config files
Action policy / windows-latest / Python 3.10	UNKNOWN STEP	2026-09-13T17:58:33.1173360Z [command]"C:\Program Files\Git\bin\git.exe" config --local --name-only --get-regexp ^includeIf\.gitdir:
Action policy / windows-latest / Python 3.10	UNKNOWN STEP	2026-09-13T17:58:33.1464019Z [command]"C:\Program Files\Git\bin\git.exe" submodule foreach --recursive "git config --local --show-origin --name-only --get-regexp remote.origin.url"
Action policy / windows-latest / Python 3.10	UNKNOWN STEP	2026-09-13T17:58:33.7023209Z Post job cleanup.
Action policy / windows-latest / Python 3.10	UNKNOWN STEP	2026-09-13T17:58:33.9371254Z [command]"C:\Program Files\Git\bin\git.exe" version
Action policy / windows-latest / Python 3.10	UNKNOWN STEP	2026-09-13T17:58:33.9652753Z git version 2.55.0.windows.5
Action policy / windows-latest / Python 3.10	UNKNOWN STEP	2026-09-13T17:58:33.9715115Z Temporarily overriding HOME='D:\a\_temp\63b4c961-1b77-4462-bb61-e373a641b0c4' before making global git config changes
Action policy / windows-latest / Python 3.10	UNKNOWN STEP	2026-09-13T17:58:33.9716275Z Adding repository directory to the temporary git global config as a safe directory
Action policy / windows-latest / Python 3.10	UNKNOWN STEP	2026-09-13T17:58:33.9727051Z [command]"C:\Program Files\Git\bin\git.exe" config --global --add safe.directory D:\a\Waveframe-Guard\Waveframe-Guard\.candidate50\ledger
Action policy / windows-latest / Python 3.10	UNKNOWN STEP	2026-09-13T17:58:34.0018860Z Removing SSH command configuration
Action policy / windows-latest / Python 3.10	UNKNOWN STEP	2026-09-13T17:58:34.0028928Z [command]"C:\Program Files\Git\bin\git.exe" config --local --name-only --get-regexp core\.sshCommand
Action policy / windows-latest / Python 3.10	UNKNOWN STEP	2026-09-13T17:58:34.0318246Z [command]"C:\Program Files\Git\bin\git.exe" submodule foreach --recursive "sh -c \"git config --local --name-only --get-regexp 'core\.sshCommand' && git config --local --unset-all 'core.sshCommand' || :\""
Action policy / windows-latest / Python 3.10	UNKNOWN STEP	2026-09-13T17:58:34.5534381Z Removing HTTP extra header
Action policy / windows-latest / Python 3.10	UNKNOWN STEP	2026-09-13T17:58:34.5545269Z [command]"C:\Program Files\Git\bin\git.exe" config --local --name-only --get-regexp http\.https\:\/\/github\.com\/\.extraheader
Action policy / windows-latest / Python 3.10	UNKNOWN STEP	2026-09-13T17:58:34.5832691Z [command]"C:\Program Files\Git\bin\git.exe" submodule foreach --recursive "sh -c \"git config --local --name-only --get-regexp 'http\.https\:\/\/github\.com\/\.extraheader' && git config --local --unset-all 'http.https://github.com/.extraheader' || :\""
Action policy / windows-latest / Python 3.10	UNKNOWN STEP	2026-09-13T17:58:35.0966982Z Removing includeIf entries pointing to credentials config files
Action policy / windows-latest / Python 3.10	UNKNOWN STEP	2026-09-13T17:58:35.0978080Z [command]"C:\Program Files\Git\bin\git.exe" config --local --name-only --get-regexp ^includeIf\.gitdir:
Action policy / windows-latest / Python 3.10	UNKNOWN STEP	2026-09-13T17:58:35.1264297Z [command]"C:\Program Files\Git\bin\git.exe" submodule foreach --recursive "git config --local --show-origin --name-only --get-regexp remote.origin.url"
Action policy / windows-latest / Python 3.10	UNKNOWN STEP	2026-09-13T17:58:35.7279224Z Post job cleanup.
Action policy / windows-latest / Python 3.10	UNKNOWN STEP	2026-09-13T17:58:35.9334213Z [command]"C:\Program Files\Git\bin\git.exe" version
Action policy / windows-latest / Python 3.10	UNKNOWN STEP	2026-09-13T17:58:35.9602909Z git version 2.55.0.windows.5
Action policy / windows-latest / Python 3.10	UNKNOWN STEP	2026-09-13T17:58:35.9662813Z Temporarily overriding HOME='D:\a\_temp\abbd22a7-f1bc-489a-9acc-3f2739c97066' before making global git config changes
Action policy / windows-latest / Python 3.10	UNKNOWN STEP	2026-09-13T17:58:35.9663628Z Adding repository directory to the temporary git global config as a safe directory
Action policy / windows-latest / Python 3.10	UNKNOWN STEP	2026-09-13T17:58:35.9674028Z [command]"C:\Program Files\Git\bin\git.exe" config --global --add safe.directory D:\a\Waveframe-Guard\Waveframe-Guard
Action policy / windows-latest / Python 3.10	UNKNOWN STEP	2026-09-13T17:58:35.9964129Z Removing SSH command configuration
Action policy / windows-latest / Python 3.10	UNKNOWN STEP	2026-09-13T17:58:35.9974430Z [command]"C:\Program Files\Git\bin\git.exe" config --local --name-only --get-regexp core\.sshCommand
Action policy / windows-latest / Python 3.10	UNKNOWN STEP	2026-09-13T17:58:36.0280063Z [command]"C:\Program Files\Git\bin\git.exe" submodule foreach --recursive "sh -c \"git config --local --name-only --get-regexp 'core\.sshCommand' && git config --local --unset-all 'core.sshCommand' || :\""
Action policy / windows-latest / Python 3.10	UNKNOWN STEP	2026-09-13T17:58:36.5386086Z Removing HTTP extra header
Action policy / windows-latest / Python 3.10	UNKNOWN STEP	2026-09-13T17:58:36.5395978Z [command]"C:\Program Files\Git\bin\git.exe" config --local --name-only --get-regexp http\.https\:\/\/github\.com\/\.extraheader
Action policy / windows-latest / Python 3.10	UNKNOWN STEP	2026-09-13T17:58:36.5697049Z [command]"C:\Program Files\Git\bin\git.exe" submodule foreach --recursive "sh -c \"git config --local --name-only --get-regexp 'http\.https\:\/\/github\.com\/\.extraheader' && git config --local --unset-all 'http.https://github.com/.extraheader' || :\""
Action policy / windows-latest / Python 3.10	UNKNOWN STEP	2026-09-13T17:58:37.0964715Z Removing includeIf entries pointing to credentials config files
Action policy / windows-latest / Python 3.10	UNKNOWN STEP	2026-09-13T17:58:37.0976246Z [command]"C:\Program Files\Git\bin\git.exe" config --local --name-only --get-regexp ^includeIf\.gitdir:
Action policy / windows-latest / Python 3.10	UNKNOWN STEP	2026-09-13T17:58:37.1269106Z [command]"C:\Program Files\Git\bin\git.exe" submodule foreach --recursive "git config --local --show-origin --name-only --get-regexp remote.origin.url"
Action policy / windows-latest / Python 3.10	UNKNOWN STEP	2026-09-13T17:58:37.6843822Z Cleaning up orphan processes
Action policy / windows-latest / Python 3.10	UNKNOWN STEP	2026-09-13T17:58:37.6874776Z ##[warning]Node.js 20 is deprecated. The following actions target Node.js 20 but are being forced to run on Node.js 24: actions/upload-artifact@ea165f8d65b6e75b540449e92b4886f43607fa02. For more information see: https://github.blog/changelog/2025-09-19-deprecation-of-node-20-on-github-actions-runners/
