{
  "development_flags_absent": true,
  "cases": {
    "create-only/repository-maintainer/create/generated/new.md": {
      "executed": true,
      "replay_matches": true,
      "attestation": {
        "attestation_hash": "sha256:d055165763f06835b605d538670bd3a6e5a76efdcecbdea2820de0ae267eb6e3",
        "authority_basis": {
          "authority_evidence_hash": "sha256:77b14624ad0b63b9481d9c6286afc72de6a942c062dce27043c1c28ccdfa4386",
          "compiled_contract_hash": "sha256:a9ec418f20f62d8126f72f3a210841e296e5f0fafe199fd5d1f8870b81bf28f8",
          "contract_id": "repository-create-only",
          "contract_version": "3.0.0",
          "declared_contract_hash": "sha256:be6ced1145454e1c0b0b10efbbbe2610460b5700a63edec0f6b1bbc803172e75",
          "kind": "published_authority",
          "runtime_facts_hash": "sha256:f22f2f0b0b4d855df25c7f2c0d6da429815b35eb7472b6ce2a11031d91b71a74"
        },
        "callback_completed": true,
        "callback_invoked": true,
        "decision": "admissible",
        "decision_outcome_hash": "sha256:36f5a3bccba1fadcfa7d56691661ffa13b2eb9d4201ad6b545fc1fecae2ea697",
        "execution_request": {
          "action": "create",
          "arguments": {},
          "artifacts": [],
          "request_id": "repository_3a7e4ac358ed42bf971a8fbe42cafffe",
          "schema_version": "normalized_execution_request.v1",
          "target": "generated/new.md"
        },
        "execution_request_hash": "sha256:5b0b472176071a144c7f6ce8144545a1f27ab12c22ece74c710693ffea7ffba2",
        "execution_status": "succeeded",
        "guard_receipt_hash": "sha256:318c066717c0c894047d13d91f67029e80e3bda78d7e67136d46bb26486c29fd",
        "mutation_executed": true,
        "mutation_status": "executed",
        "repository_operation": {
          "bytes_written": 7,
          "created": true,
          "error": null,
          "operation": "create",
          "schema_version": "guard_repository_operation.v1",
          "status": "succeeded",
          "target": "generated/new.md"
        },
        "run_id": "guard_run_507707e1ea760be5eb32cca8",
        "schema_version": "guard_execution_attestation.v3",
        "target_binding": {
          "adapter_version": "guard.repository-file.v2",
          "assurance_class": "ntfs-sharing-locks.v1",
          "authority_contract_hash": "sha256:a9ec418f20f62d8126f72f3a210841e296e5f0fafe199fd5d1f8870b81bf28f8",
          "domain_resolver": "guard.target-domain-resolver.v1",
          "schema_version": "guard_target_binding.v1",
          "target_domain": "repository_path",
          "workspace_binding_id": "workspace_b8b4bda41fdb4eb2a147f16db39c4e03"
        },
        "target_binding_hash": "sha256:d02a0895b2197b48d16a243c21bccd41bb7c4778d13e3b58bcf163312b490081"
      }
    },
    "create-only/repository-maintainer/modify/README.md": {
      "executed": false,
      "replay_matches": true,
      "attestation": {
        "attestation_hash": "sha256:61d3b8ddfeace5896e20f8135e0abe0a5cb5688e567715872e59b1dc2c5d18d4",
        "authority_basis": {
          "authority_evidence_hash": "sha256:fbf5403ff9399d80a708989731c3fc2f93c9531c16024781f6236a96d54c283c",
          "compiled_contract_hash": "sha256:a9ec418f20f62d8126f72f3a210841e296e5f0fafe199fd5d1f8870b81bf28f8",
          "contract_id": "repository-create-only",
          "contract_version": "3.0.0",
          "declared_contract_hash": "sha256:be6ced1145454e1c0b0b10efbbbe2610460b5700a63edec0f6b1bbc803172e75",
          "kind": "published_authority",
          "runtime_facts_hash": "sha256:6f6580f0df8275374ec1787ba489baf1a7644af5959cf2fbf4894886152a4e1d"
        },
        "callback_completed": false,
        "callback_invoked": false,
        "decision": "blocked",
        "decision_outcome_hash": "sha256:a2aeef84abc339bde50ecc7751134fed7fac08de21a3e87cc283eb10308c2394",
        "execution_request": {
          "action": "modify",
          "arguments": {},
          "artifacts": [],
          "request_id": "repository_f22ab9539cc644ba9ac57060351ebaee",
          "schema_version": "normalized_execution_request.v1",
          "target": "README.md"
        },
        "execution_request_hash": "sha256:284736a45d9f72a054445a37971eccd649df2e42194e988e95147ac931a472a7",
        "execution_status": "not_run",
        "guard_receipt_hash": "sha256:321277ed8201e81e2ed7a09ae8763fbd6f4e943fcfb10c9457930295e8a7f2e4",
        "mutation_executed": false,
        "mutation_status": "not_performed",
        "run_id": "guard_run_9d9fabb270249deca845cd0d",
        "schema_version": "guard_execution_attestation.v2",
        "target_binding": {
          "adapter_version": "guard.repository-file.v2",
          "assurance_class": "ntfs-sharing-locks.v1",
          "authority_contract_hash": "sha256:a9ec418f20f62d8126f72f3a210841e296e5f0fafe199fd5d1f8870b81bf28f8",
          "domain_resolver": "guard.target-domain-resolver.v1",
          "schema_version": "guard_target_binding.v1",
          "target_domain": "repository_path",
          "workspace_binding_id": "workspace_b8b4bda41fdb4eb2a147f16db39c4e03"
        },
        "target_binding_hash": "sha256:d02a0895b2197b48d16a243c21bccd41bb7c4778d13e3b58bcf163312b490081"
      }
    },
    "create-only/repository-maintainer/create/README.md": {
      "executed": false,
      "replay_matches": true,
      "attestation": {
        "attestation_hash": "sha256:58da3a0ad26430a7a87ce36f1df44c28024e44c229b6249dbaf0c2aea5999bf0",
        "authority_basis": {
          "authority_evidence_hash": "sha256:21237426ca23bdaedc33021dfac83d0c82b7f1cb7648b7d7064a282d9305402b",
          "compiled_contract_hash": "sha256:a9ec418f20f62d8126f72f3a210841e296e5f0fafe199fd5d1f8870b81bf28f8",
          "contract_id": "repository-create-only",
          "contract_version": "3.0.0",
          "declared_contract_hash": "sha256:be6ced1145454e1c0b0b10efbbbe2610460b5700a63edec0f6b1bbc803172e75",
          "kind": "published_authority",
          "runtime_facts_hash": "sha256:84f6b3e4bd1af9a0699f07a6538cd1c72ee2e2be3ff31119c774dbb9fd1799dd"
        },
        "callback_completed": false,
        "callback_invoked": false,
        "decision": "blocked",
        "decision_outcome_hash": "sha256:201efebe231a7316adcc47484f721e1af0b5c055d347282a055993ad5d710593",
        "execution_request": {
          "action": "create",
          "arguments": {},
          "artifacts": [],
          "request_id": "repository_41f8db5d1ebc41d2b83e5722e518e4aa",
          "schema_version": "normalized_execution_request.v1",
          "target": "README.md"
        },
        "execution_request_hash": "sha256:b4b21603190dc313961acf0435b73407024b450cc1c322996299786ed0c2e3f4",
        "execution_status": "not_run",
        "guard_receipt_hash": "sha256:b066580da5b6f6477e39482627940b886db74b08da6936fc024716625e00db09",
        "mutation_executed": false,
        "mutation_status": "not_performed",
        "run_id": "guard_run_27646e6227a33720f0284368",
        "schema_version": "guard_execution_attestation.v2",
        "target_binding": {
          "adapter_version": "guard.repository-file.v2",
          "assurance_class": "ntfs-sharing-locks.v1",
          "authority_contract_hash": "sha256:a9ec418f20f62d8126f72f3a210841e296e5f0fafe199fd5d1f8870b81bf28f8",
          "domain_resolver": "guard.target-domain-resolver.v1",
          "schema_version": "guard_target_binding.v1",
          "target_domain": "repository_path",
          "workspace_binding_id": "workspace_b8b4bda41fdb4eb2a147f16db39c4e03"
        },
        "target_binding_hash": "sha256:d02a0895b2197b48d16a243c21bccd41bb7c4778d13e3b58bcf163312b490081"
      }
    },
    "create-only/repository-maintainer/modify/generated/new.md": {
      "executed": false,
      "replay_matches": true,
      "attestation": {
        "attestation_hash": "sha256:6af07c17c1a11be1743a7fd5a78fef5836667d785775db1ef85a68901590241d",
        "authority_basis": {
          "authority_evidence_hash": "sha256:f793ba0829b3241511269448dd55d4e1aaa80934f4e7d925f4a6f4804fc3f9ac",
          "compiled_contract_hash": "sha256:a9ec418f20f62d8126f72f3a210841e296e5f0fafe199fd5d1f8870b81bf28f8",
          "contract_id": "repository-create-only",
          "contract_version": "3.0.0",
          "declared_contract_hash": "sha256:be6ced1145454e1c0b0b10efbbbe2610460b5700a63edec0f6b1bbc803172e75",
          "kind": "published_authority",
          "runtime_facts_hash": "sha256:daaebb6870775dba14d8857b98158ef327a93481dd64246a76b3dae81d989c88"
        },
        "callback_completed": false,
        "callback_invoked": false,
        "decision": "blocked",
        "decision_outcome_hash": "sha256:a2aeef84abc339bde50ecc7751134fed7fac08de21a3e87cc283eb10308c2394",
        "execution_request": {
          "action": "modify",
          "arguments": {},
          "artifacts": [],
          "request_id": "repository_34b58d9b694e4451a1ba90fe2fbeac25",
          "schema_version": "normalized_execution_request.v1",
          "target": "generated/new.md"
        },
        "execution_request_hash": "sha256:e7d8d069805a5405f8d0df44082229d0e5d8fd706a2fd6234f79272ade687e18",
        "execution_status": "not_run",
        "guard_receipt_hash": "sha256:de109fdc38f17fadd618bb8257152c5495624b9c9b7094541023eb832f8a43ec",
        "mutation_executed": false,
        "mutation_status": "not_performed",
        "run_id": "guard_run_8c083a301ea483fcb2767fa6",
        "schema_version": "guard_execution_attestation.v2",
        "target_binding": {
          "adapter_version": "guard.repository-file.v2",
          "assurance_class": "ntfs-sharing-locks.v1",
          "authority_contract_hash": "sha256:a9ec418f20f62d8126f72f3a210841e296e5f0fafe199fd5d1f8870b81bf28f8",
          "domain_resolver": "guard.target-domain-resolver.v1",
          "schema_version": "guard_target_binding.v1",
          "target_domain": "repository_path",
          "workspace_binding_id": "workspace_b8b4bda41fdb4eb2a147f16db39c4e03"
        },
        "target_binding_hash": "sha256:d02a0895b2197b48d16a243c21bccd41bb7c4778d13e3b58bcf163312b490081"
      }
    },
    "create-only/repository-maintainer/create/generated/private/secret": {
      "executed": false,
      "replay_matches": true,
      "attestation": {
        "attestation_hash": "sha256:c6a1051bfc378c1fc400dfd652b527cdbd739ec98961265a24a6b6e7bc0e6a1d",
        "authority_basis": {
          "authority_evidence_hash": "sha256:4c0e6c05afa1f03288c6c75d7a2b8830a0c63ccb3d979062610b23c280b83912",
          "compiled_contract_hash": "sha256:a9ec418f20f62d8126f72f3a210841e296e5f0fafe199fd5d1f8870b81bf28f8",
          "contract_id": "repository-create-only",
          "contract_version": "3.0.0",
          "declared_contract_hash": "sha256:be6ced1145454e1c0b0b10efbbbe2610460b5700a63edec0f6b1bbc803172e75",
          "kind": "published_authority",
          "runtime_facts_hash": "sha256:b9aaa55ceba7137322fd2fc07fa52a49554cded809c97daaa5d001432f6db305"
        },
        "callback_completed": false,
        "callback_invoked": false,
        "decision": "blocked",
        "decision_outcome_hash": "sha256:46f13d85877d6c11436dbbb447d29ff4719ce9a85912c9e8aca58105c8fc9da6",
        "execution_request": {
          "action": "create",
          "arguments": {},
          "artifacts": [],
          "request_id": "repository_c4c62a4399e04f92beb19c0ff318c652",
          "schema_version": "normalized_execution_request.v1",
          "target": "generated/private/secret"
        },
        "execution_request_hash": "sha256:56909c8826f272391cbd90d3078ba9c806d818bb07e1cce30338ab473fc755aa",
        "execution_status": "not_run",
        "guard_receipt_hash": "sha256:759883fdf162f8f4e95189bbfc602b00c558408b3fb45373b6b93e8df4153c2c",
        "mutation_executed": false,
        "mutation_status": "not_performed",
        "run_id": "guard_run_c6c44210c22e672909485e47",
        "schema_version": "guard_execution_attestation.v2",
        "target_binding": {
          "adapter_version": "guard.repository-file.v2",
          "assurance_class": "ntfs-sharing-locks.v1",
          "authority_contract_hash": "sha256:a9ec418f20f62d8126f72f3a210841e296e5f0fafe199fd5d1f8870b81bf28f8",
          "domain_resolver": "guard.target-domain-resolver.v1",
          "schema_version": "guard_target_binding.v1",
          "target_domain": "repository_path",
          "workspace_binding_id": "workspace_b8b4bda41fdb4eb2a147f16db39c4e03"
        },
        "target_binding_hash": "sha256:d02a0895b2197b48d16a243c21bccd41bb7c4778d13e3b58bcf163312b490081"
      }
    },
    "create-only/repository-maintainer/modify/docs/locked.md": {
      "executed": false,
      "replay_matches": true,
      "attestation": {
        "attestation_hash": "sha256:88a07b1162f29c4b921cfb25ffa72e7d7e889a054b82b3dd97deb6ecb7536f74",
        "authority_basis": {
          "authority_evidence_hash": "sha256:82167d2de9c71c1a931ee2d9341fe50e4de1fff693ed52b8f0694c20db2e7d4d",
          "compiled_contract_hash": "sha256:a9ec418f20f62d8126f72f3a210841e296e5f0fafe199fd5d1f8870b81bf28f8",
          "contract_id": "repository-create-only",
          "contract_version": "3.0.0",
          "declared_contract_hash": "sha256:be6ced1145454e1c0b0b10efbbbe2610460b5700a63edec0f6b1bbc803172e75",
          "kind": "published_authority",
          "runtime_facts_hash": "sha256:c7e4e2866683ca9a5eb68c1d5eb1e6f02c582fb4331ad57a2972a217ea1277ad"
        },
        "callback_completed": false,
        "callback_invoked": false,
        "decision": "blocked",
        "decision_outcome_hash": "sha256:a2aeef84abc339bde50ecc7751134fed7fac08de21a3e87cc283eb10308c2394",
        "execution_request": {
          "action": "modify",
          "arguments": {},
          "artifacts": [],
          "request_id": "repository_71d27539632742cfa72ed73139715b90",
          "schema_version": "normalized_execution_request.v1",
          "target": "docs/locked.md"
        },
        "execution_request_hash": "sha256:e691dca4b7288c64746c193dde7fc7dea2102612b2f2548b458d94cb7d39b9c9",
        "execution_status": "not_run",
        "guard_receipt_hash": "sha256:d4868ce3639e1535f7a8e993be6429410312934550f3bbb11879b0ce1d6a6fb7",
        "mutation_executed": false,
        "mutation_status": "not_performed",
        "run_id": "guard_run_7b996512e004dbc1ec82ce50",
        "schema_version": "guard_execution_attestation.v2",
        "target_binding": {
          "adapter_version": "guard.repository-file.v2",
          "assurance_class": "ntfs-sharing-locks.v1",
          "authority_contract_hash": "sha256:a9ec418f20f62d8126f72f3a210841e296e5f0fafe199fd5d1f8870b81bf28f8",
          "domain_resolver": "guard.target-domain-resolver.v1",
          "schema_version": "guard_target_binding.v1",
          "target_domain": "repository_path",
          "workspace_binding_id": "workspace_b8b4bda41fdb4eb2a147f16db39c4e03"
        },
        "target_binding_hash": "sha256:d02a0895b2197b48d16a243c21bccd41bb7c4778d13e3b58bcf163312b490081"
      }
    },
    "create-only/repository-maintainer/collision": "rejected; bytes preserved",
    "create-only/security-reviewer/create/generated/new.md": {
      "executed": false,
      "replay_matches": true,
      "attestation": {
        "attestation_hash": "sha256:8df39ee414c923a40c9e553c4e3419f26953e15fcfedcfe816d86301afa0bf4d",
        "authority_basis": {
          "authority_evidence_hash": "sha256:8ee5953c9abdf429b3927462411a9db3de200b85586ea5b371fea2940917bfc0",
          "compiled_contract_hash": "sha256:a9ec418f20f62d8126f72f3a210841e296e5f0fafe199fd5d1f8870b81bf28f8",
          "contract_id": "repository-create-only",
          "contract_version": "3.0.0",
          "declared_contract_hash": "sha256:be6ced1145454e1c0b0b10efbbbe2610460b5700a63edec0f6b1bbc803172e75",
          "kind": "published_authority",
          "runtime_facts_hash": "sha256:12e24cb4d38a5178b86bf5a47043707071698d06271342d102da7addc7cd5610"
        },
        "callback_completed": false,
        "callback_invoked": false,
        "decision": "blocked",
        "decision_outcome_hash": "sha256:faa7c8d1a8d8e151fcbe05a9d031e2f7f41f37da63b4266be2dc03d9e5ea5abc",
        "execution_request": {
          "action": "create",
          "arguments": {},
          "artifacts": [],
          "request_id": "repository_b2233029a0ac4153b9355758b8783a6c",
          "schema_version": "normalized_execution_request.v1",
          "target": "generated/new.md"
        },
        "execution_request_hash": "sha256:ccdac39dae15af67356a2738078f7705ca2085e7af89cb8d435ff2e5892c4678",
        "execution_status": "not_run",
        "guard_receipt_hash": "sha256:3c64a360b1b410660b60d16b592cff734d53b43c54a65f8703260606d1ce1297",
        "mutation_executed": false,
        "mutation_status": "not_performed",
        "run_id": "guard_run_8611cd35530a87d76bda8a5d",
        "schema_version": "guard_execution_attestation.v2",
        "target_binding": {
          "adapter_version": "guard.repository-file.v2",
          "assurance_class": "ntfs-sharing-locks.v1",
          "authority_contract_hash": "sha256:a9ec418f20f62d8126f72f3a210841e296e5f0fafe199fd5d1f8870b81bf28f8",
          "domain_resolver": "guard.target-domain-resolver.v1",
          "schema_version": "guard_target_binding.v1",
          "target_domain": "repository_path",
          "workspace_binding_id": "workspace_7f848bf73ec447c0864d2c924ef353bd"
        },
        "target_binding_hash": "sha256:6086ff149e53abcb1acfdd23ac8241b72f8f88e431bc58823048a2b15d0d6211"
      }
    },
    "create-only/security-reviewer/modify/README.md": {
      "executed": false,
      "replay_matches": true,
      "attestation": {
        "attestation_hash": "sha256:b45989bb622aae304c984798dc2c7b4cd62b6474df8003ff8ec33101c4cf8284",
        "authority_basis": {
          "authority_evidence_hash": "sha256:37230f5b5bb83aa3710d367f8c7709e0f9d3af013642a09c2abf9242f09f5597",
          "compiled_contract_hash": "sha256:a9ec418f20f62d8126f72f3a210841e296e5f0fafe199fd5d1f8870b81bf28f8",
          "contract_id": "repository-create-only",
          "contract_version": "3.0.0",
          "declared_contract_hash": "sha256:be6ced1145454e1c0b0b10efbbbe2610460b5700a63edec0f6b1bbc803172e75",
          "kind": "published_authority",
          "runtime_facts_hash": "sha256:ef1a57ca21e942306cf2fbc89552800a601ddfee7464835db389a1eec061c604"
        },
        "callback_completed": false,
        "callback_invoked": false,
        "decision": "blocked",
        "decision_outcome_hash": "sha256:a2aeef84abc339bde50ecc7751134fed7fac08de21a3e87cc283eb10308c2394",
        "execution_request": {
          "action": "modify",
          "arguments": {},
          "artifacts": [],
          "request_id": "repository_5749222abb3a4540ab16440e7bb2eaf4",
          "schema_version": "normalized_execution_request.v1",
          "target": "README.md"
        },
        "execution_request_hash": "sha256:49b8eaa38db996624fa309bcc8788e17cf70a1f4db8d7c035f6167d2c9241ad6",
        "execution_status": "not_run",
        "guard_receipt_hash": "sha256:df115a2b0186dbc916171a702ec29a1bc345a8cedfbe7dfdcbee0c78dcf75c6d",
        "mutation_executed": false,
        "mutation_status": "not_performed",
        "run_id": "guard_run_b0cfc9e640d4f8a97c534642",
        "schema_version": "guard_execution_attestation.v2",
        "target_binding": {
          "adapter_version": "guard.repository-file.v2",
          "assurance_class": "ntfs-sharing-locks.v1",
          "authority_contract_hash": "sha256:a9ec418f20f62d8126f72f3a210841e296e5f0fafe199fd5d1f8870b81bf28f8",
          "domain_resolver": "guard.target-domain-resolver.v1",
          "schema_version": "guard_target_binding.v1",
          "target_domain": "repository_path",
          "workspace_binding_id": "workspace_7f848bf73ec447c0864d2c924ef353bd"
        },
        "target_binding_hash": "sha256:6086ff149e53abcb1acfdd23ac8241b72f8f88e431bc58823048a2b15d0d6211"
      }
    },
    "create-only/security-reviewer/create/README.md": {
      "executed": false,
      "replay_matches": true,
      "attestation": {
        "attestation_hash": "sha256:a59b8b8c6dee5b4c82fe2a337a88721fd8ae01ac97f3b118f0fa8eee80f161d6",
        "authority_basis": {
          "authority_evidence_hash": "sha256:d34c0377e4f4567f6e5c973b8521b7447d6ec5c3a4538a950ab6f8f12a6cde74",
          "compiled_contract_hash": "sha256:a9ec418f20f62d8126f72f3a210841e296e5f0fafe199fd5d1f8870b81bf28f8",
          "contract_id": "repository-create-only",
          "contract_version": "3.0.0",
          "declared_contract_hash": "sha256:be6ced1145454e1c0b0b10efbbbe2610460b5700a63edec0f6b1bbc803172e75",
          "kind": "published_authority",
          "runtime_facts_hash": "sha256:5aa085660449062a00f7c2c8f2a1eac8061c718395986a1910569b8f68bb0940"
        },
        "callback_completed": false,
        "callback_invoked": false,
        "decision": "blocked",
        "decision_outcome_hash": "sha256:c4f51b78e9b9dcd2000b60ecd30acd35015731449f0b7559df2b69ce90988b8c",
        "execution_request": {
          "action": "create",
          "arguments": {},
          "artifacts": [],
          "request_id": "repository_4c8c6dc4213d49d39fc1d770230c73e5",
          "schema_version": "normalized_execution_request.v1",
          "target": "README.md"
        },
        "execution_request_hash": "sha256:e0bbccf1d16500fdb318cec109278ad1e61f1979b9e05cd2aa0ce95ac5d70299",
        "execution_status": "not_run",
        "guard_receipt_hash": "sha256:dd0e02e3cc07e461c88cedf309fe41c39246b3af7e5d25b9ea51321a617fe35b",
        "mutation_executed": false,
        "mutation_status": "not_performed",
        "run_id": "guard_run_eb7d985c7ae1503f9e324e4c",
        "schema_version": "guard_execution_attestation.v2",
        "target_binding": {
          "adapter_version": "guard.repository-file.v2",
          "assurance_class": "ntfs-sharing-locks.v1",
          "authority_contract_hash": "sha256:a9ec418f20f62d8126f72f3a210841e296e5f0fafe199fd5d1f8870b81bf28f8",
          "domain_resolver": "guard.target-domain-resolver.v1",
          "schema_version": "guard_target_binding.v1",
          "target_domain": "repository_path",
          "workspace_binding_id": "workspace_7f848bf73ec447c0864d2c924ef353bd"
        },
        "target_binding_hash": "sha256:6086ff149e53abcb1acfdd23ac8241b72f8f88e431bc58823048a2b15d0d6211"
      }
    },
    "create-only/security-reviewer/modify/generated/new.md": {
      "executed": false,
      "replay_matches": true,
      "attestation": {
        "attestation_hash": "sha256:4a56a9b5691185dd104ac5e10e8a6ae3d597225442fd8eb1afa1234511ebf7fe",
        "authority_basis": {
          "authority_evidence_hash": "sha256:b512caa9737f648a9e96848a41d7fcb607fa98c54656e274e8810113445c18d9",
          "compiled_contract_hash": "sha256:a9ec418f20f62d8126f72f3a210841e296e5f0fafe199fd5d1f8870b81bf28f8",
          "contract_id": "repository-create-only",
          "contract_version": "3.0.0",
          "declared_contract_hash": "sha256:be6ced1145454e1c0b0b10efbbbe2610460b5700a63edec0f6b1bbc803172e75",
          "kind": "published_authority",
          "runtime_facts_hash": "sha256:accf06d4e127335b4412cf757c9531e9a4818fcc674cb31c6275aa57058e632d"
        },
        "callback_completed": false,
        "callback_invoked": false,
        "decision": "blocked",
        "decision_outcome_hash": "sha256:a2aeef84abc339bde50ecc7751134fed7fac08de21a3e87cc283eb10308c2394",
        "execution_request": {
          "action": "modify",
          "arguments": {},
          "artifacts": [],
          "request_id": "repository_e0e30d592d5a48a7a9958a1349a29766",
          "schema_version": "normalized_execution_request.v1",
          "target": "generated/new.md"
        },
        "execution_request_hash": "sha256:f9e0180b2c3c5c5eec53a943552786ed355c0d292712422d7fcba68a360ed351",
        "execution_status": "not_run",
        "guard_receipt_hash": "sha256:746779509949c6f080b6f2a010ccfbd4a49931f61f59feffc1c404157bdca7ee",
        "mutation_executed": false,
        "mutation_status": "not_performed",
        "run_id": "guard_run_19abebdcee0150768e74a50c",
        "schema_version": "guard_execution_attestation.v2",
        "target_binding": {
          "adapter_version": "guard.repository-file.v2",
          "assurance_class": "ntfs-sharing-locks.v1",
          "authority_contract_hash": "sha256:a9ec418f20f62d8126f72f3a210841e296e5f0fafe199fd5d1f8870b81bf28f8",
          "domain_resolver": "guard.target-domain-resolver.v1",
          "schema_version": "guard_target_binding.v1",
          "target_domain": "repository_path",
          "workspace_binding_id": "workspace_7f848bf73ec447c0864d2c924ef353bd"
        },
        "target_binding_hash": "sha256:6086ff149e53abcb1acfdd23ac8241b72f8f88e431bc58823048a2b15d0d6211"
      }
    },
    "create-only/security-reviewer/create/generated/private/secret": {
      "executed": false,
      "replay_matches": true,
      "attestation": {
        "attestation_hash": "sha256:d2af98fda466480781ac4f964b631cac61ff97a2553413a06f7e91ceb6d96a1d",
        "authority_basis": {
          "authority_evidence_hash": "sha256:d477fefc2426b6aa368c44ce55c760b0b0ba46f76fff00469011aada4e6820ea",
          "compiled_contract_hash": "sha256:a9ec418f20f62d8126f72f3a210841e296e5f0fafe199fd5d1f8870b81bf28f8",
          "contract_id": "repository-create-only",
          "contract_version": "3.0.0",
          "declared_contract_hash": "sha256:be6ced1145454e1c0b0b10efbbbe2610460b5700a63edec0f6b1bbc803172e75",
          "kind": "published_authority",
          "runtime_facts_hash": "sha256:cfe4314d0d86169607c3320af822b35a09b25661bcac1ec27e8715134bafa1cf"
        },
        "callback_completed": false,
        "callback_invoked": false,
        "decision": "blocked",
        "decision_outcome_hash": "sha256:112d79cf20b522731d6edacc61f2531faa466ee0040bd27ecc273df791c86b85",
        "execution_request": {
          "action": "create",
          "arguments": {},
          "artifacts": [],
          "request_id": "repository_8897c535df8749bf80b7de129c32b14f",
          "schema_version": "normalized_execution_request.v1",
          "target": "generated/private/secret"
        },
        "execution_request_hash": "sha256:c3b92c0ba330d4ea4dd30823729b39fb6d68e54d5886990efa4bb41008064b89",
        "execution_status": "not_run",
        "guard_receipt_hash": "sha256:8d577484b683a788d959a07b0dcfaa70198e5b2ed45c57070beba36a7cc789ad",
        "mutation_executed": false,
        "mutation_status": "not_performed",
        "run_id": "guard_run_038fdb26f727442799a2b607",
        "schema_version": "guard_execution_attestation.v2",
        "target_binding": {
          "adapter_version": "guard.repository-file.v2",
          "assurance_class": "ntfs-sharing-locks.v1",
          "authority_contract_hash": "sha256:a9ec418f20f62d8126f72f3a210841e296e5f0fafe199fd5d1f8870b81bf28f8",
          "domain_resolver": "guard.target-domain-resolver.v1",
          "schema_version": "guard_target_binding.v1",
          "target_domain": "repository_path",
          "workspace_binding_id": "workspace_7f848bf73ec447c0864d2c924ef353bd"
        },
        "target_binding_hash": "sha256:6086ff149e53abcb1acfdd23ac8241b72f8f88e431bc58823048a2b15d0d6211"
      }
    },
    "create-only/security-reviewer/modify/docs/locked.md": {
      "executed": false,
      "replay_matches": true,
      "attestation": {
        "attestation_hash": "sha256:42dd61c8b7beb2bfe587cde3ce1c1bd62f794946a79c668967483e8b7bd161b6",
        "authority_basis": {
          "authority_evidence_hash": "sha256:18f40abd9660549081323f9b5713f771fd6fd058d13a882ef91af7320e8b9985",
          "compiled_contract_hash": "sha256:a9ec418f20f62d8126f72f3a210841e296e5f0fafe199fd5d1f8870b81bf28f8",
          "contract_id": "repository-create-only",
          "contract_version": "3.0.0",
          "declared_contract_hash": "sha256:be6ced1145454e1c0b0b10efbbbe2610460b5700a63edec0f6b1bbc803172e75",
          "kind": "published_authority",
          "runtime_facts_hash": "sha256:3ed189655cbe759a5664292fe953b736c8be62cf333cc77cc9e195504fc0f190"
        },
        "callback_completed": false,
        "callback_invoked": false,
        "decision": "blocked",
        "decision_outcome_hash": "sha256:a2aeef84abc339bde50ecc7751134fed7fac08de21a3e87cc283eb10308c2394",
        "execution_request": {
          "action": "modify",
          "arguments": {},
          "artifacts": [],
          "request_id": "repository_3e4fa20e702846298e39f398e66b2996",
          "schema_version": "normalized_execution_request.v1",
          "target": "docs/locked.md"
        },
        "execution_request_hash": "sha256:973d71751a4e76402b715b7aa4cac751516723a37e663b1a5d090012cb9c0c66",
        "execution_status": "not_run",
        "guard_receipt_hash": "sha256:19826c1ce87caa021ea36bd438a4f4529f2c5bd2e67acdf103e0f9be9aec199e",
        "mutation_executed": false,
        "mutation_status": "not_performed",
        "run_id": "guard_run_a0f5bc569b7a19b183caff3b",
        "schema_version": "guard_execution_attestation.v2",
        "target_binding": {
          "adapter_version": "guard.repository-file.v2",
          "assurance_class": "ntfs-sharing-locks.v1",
          "authority_contract_hash": "sha256:a9ec418f20f62d8126f72f3a210841e296e5f0fafe199fd5d1f8870b81bf28f8",
          "domain_resolver": "guard.target-domain-resolver.v1",
          "schema_version": "guard_target_binding.v1",
          "target_domain": "repository_path",
          "workspace_binding_id": "workspace_7f848bf73ec447c0864d2c924ef353bd"
        },
        "target_binding_hash": "sha256:6086ff149e53abcb1acfdd23ac8241b72f8f88e431bc58823048a2b15d0d6211"
      }
    },
    "create-only/repository-reviewer/create/generated/new.md": {
      "executed": false,
      "replay_matches": true,
      "attestation": {
        "attestation_hash": "sha256:b00faf89f73f5f3994536389a3ff0963f2e2943ed836841ccc0a780d18813424",
        "authority_basis": {
          "authority_evidence_hash": "sha256:55bbb6b6b5a683b0fe878b1ddcdddd396138b28872ab2b7f98e5de3f2f66d825",
          "compiled_contract_hash": "sha256:a9ec418f20f62d8126f72f3a210841e296e5f0fafe199fd5d1f8870b81bf28f8",
          "contract_id": "repository-create-only",
          "contract_version": "3.0.0",
          "declared_contract_hash": "sha256:be6ced1145454e1c0b0b10efbbbe2610460b5700a63edec0f6b1bbc803172e75",
          "kind": "published_authority",
          "runtime_facts_hash": "sha256:73de19707196f23b0c8223a2a7990e751bda18b82a3a7bbc3b7352cd93925e2e"
        },
        "callback_completed": false,
        "callback_invoked": false,
        "decision": "blocked",
        "decision_outcome_hash": "sha256:039f2d0e72997928c55c03dc9708cad6b3e76816b616f76f9ae14457c2b4d769",
        "execution_request": {
          "action": "create",
          "arguments": {},
          "artifacts": [],
          "request_id": "repository_089585e7c4514eb5b31b1bd2335ee49f",
          "schema_version": "normalized_execution_request.v1",
          "target": "generated/new.md"
        },
        "execution_request_hash": "sha256:b0584045b9a1e74f5a00c846261c5b9156d7233a95c49861aa93117c0693735f",
        "execution_status": "not_run",
        "guard_receipt_hash": "sha256:0c0906ec7cb8ca11545938b0062d903604c469da2621711e497713af913e7f03",
        "mutation_executed": false,
        "mutation_status": "not_performed",
        "run_id": "guard_run_91e99bd6a45eeec16093bb31",
        "schema_version": "guard_execution_attestation.v2",
        "target_binding": {
          "adapter_version": "guard.repository-file.v2",
          "assurance_class": "ntfs-sharing-locks.v1",
          "authority_contract_hash": "sha256:a9ec418f20f62d8126f72f3a210841e296e5f0fafe199fd5d1f8870b81bf28f8",
          "domain_resolver": "guard.target-domain-resolver.v1",
          "schema_version": "guard_target_binding.v1",
          "target_domain": "repository_path",
          "workspace_binding_id": "workspace_54120ab8e83b4e31a3501ebcef1dc6d8"
        },
        "target_binding_hash": "sha256:8d3cd629026a67b4e27c80b49d4503593aac639ac6bc0c942d927c125425a01e"
      }
    },
    "create-only/repository-reviewer/modify/README.md": {
      "executed": false,
      "replay_matches": true,
      "attestation": {
        "attestation_hash": "sha256:ef52acabff7494dbbc0c2690f9a03057310b3130fd6474717a5a6db29521946f",
        "authority_basis": {
          "authority_evidence_hash": "sha256:faaf1c00481b8e0c4328aa9fea66e317064e5dfbe6b48f44fa822c67d432f872",
          "compiled_contract_hash": "sha256:a9ec418f20f62d8126f72f3a210841e296e5f0fafe199fd5d1f8870b81bf28f8",
          "contract_id": "repository-create-only",
          "contract_version": "3.0.0",
          "declared_contract_hash": "sha256:be6ced1145454e1c0b0b10efbbbe2610460b5700a63edec0f6b1bbc803172e75",
          "kind": "published_authority",
          "runtime_facts_hash": "sha256:ffc65ec474f7277ad73a1877f80f42bf65622a9a2fd64843d093778923965cd9"
        },
        "callback_completed": false,
        "callback_invoked": false,
        "decision": "blocked",
        "decision_outcome_hash": "sha256:a2aeef84abc339bde50ecc7751134fed7fac08de21a3e87cc283eb10308c2394",
        "execution_request": {
          "action": "modify",
          "arguments": {},
          "artifacts": [],
          "request_id": "repository_f6ee4f1251354d3bbedfd6995461aa8b",
          "schema_version": "normalized_execution_request.v1",
          "target": "README.md"
        },
        "execution_request_hash": "sha256:53078d945f93fe11da91fefeb5be2bd6d91a2563c888a645564a26608c25cce0",
        "execution_status": "not_run",
        "guard_receipt_hash": "sha256:77897dadda9d44137fa4aa0d0fbcf9259749e7c3f8026e21515bf7240fe71109",
        "mutation_executed": false,
        "mutation_status": "not_performed",
        "run_id": "guard_run_6e5244e56a7cd33e8435da49",
        "schema_version": "guard_execution_attestation.v2",
        "target_binding": {
          "adapter_version": "guard.repository-file.v2",
          "assurance_class": "ntfs-sharing-locks.v1",
          "authority_contract_hash": "sha256:a9ec418f20f62d8126f72f3a210841e296e5f0fafe199fd5d1f8870b81bf28f8",
          "domain_resolver": "guard.target-domain-resolver.v1",
          "schema_version": "guard_target_binding.v1",
          "target_domain": "repository_path",
          "workspace_binding_id": "workspace_54120ab8e83b4e31a3501ebcef1dc6d8"
        },
        "target_binding_hash": "sha256:8d3cd629026a67b4e27c80b49d4503593aac639ac6bc0c942d927c125425a01e"
      }
    },
    "create-only/repository-reviewer/create/README.md": {
      "executed": false,
      "replay_matches": true,
      "attestation": {
        "attestation_hash": "sha256:4e1c9a9a627c7d72a30834681a527498ce97ae670404d93c3979776637276918",
        "authority_basis": {
          "authority_evidence_hash": "sha256:0dd04101dcf4bdb83ea5f26184beec1c47d10ad34fc8764354382fe01fd2bda6",
          "compiled_contract_hash": "sha256:a9ec418f20f62d8126f72f3a210841e296e5f0fafe199fd5d1f8870b81bf28f8",
          "contract_id": "repository-create-only",
          "contract_version": "3.0.0",
          "declared_contract_hash": "sha256:be6ced1145454e1c0b0b10efbbbe2610460b5700a63edec0f6b1bbc803172e75",
          "kind": "published_authority",
          "runtime_facts_hash": "sha256:33e1a0dd3319062e325d12431d329db02cb9efe43356015d4c4f00f420d9c454"
        },
        "callback_completed": false,
        "callback_invoked": false,
        "decision": "blocked",
        "decision_outcome_hash": "sha256:7d36efa3aafd70d349be3a17314b6bb645ce9e66dc5595c86389dfa882b70d44",
        "execution_request": {
          "action": "create",
          "arguments": {},
          "artifacts": [],
          "request_id": "repository_98d398147024427bb242871ca8db509e",
          "schema_version": "normalized_execution_request.v1",
          "target": "README.md"
        },
        "execution_request_hash": "sha256:c1500ee2e47156856fa911c586dd7c8d08813e6b8f0581e35e706403727fa4f1",
        "execution_status": "not_run",
        "guard_receipt_hash": "sha256:dedad2949bba3f14a23e545dccd92274c14e2988e35e5bca14cc0f266553949f",
        "mutation_executed": false,
        "mutation_status": "not_performed",
        "run_id": "guard_run_57b0cf288e4bcf8a8144cb39",
        "schema_version": "guard_execution_attestation.v2",
        "target_binding": {
          "adapter_version": "guard.repository-file.v2",
          "assurance_class": "ntfs-sharing-locks.v1",
          "authority_contract_hash": "sha256:a9ec418f20f62d8126f72f3a210841e296e5f0fafe199fd5d1f8870b81bf28f8",
          "domain_resolver": "guard.target-domain-resolver.v1",
          "schema_version": "guard_target_binding.v1",
          "target_domain": "repository_path",
          "workspace_binding_id": "workspace_54120ab8e83b4e31a3501ebcef1dc6d8"
        },
        "target_binding_hash": "sha256:8d3cd629026a67b4e27c80b49d4503593aac639ac6bc0c942d927c125425a01e"
      }
    },
    "create-only/repository-reviewer/modify/generated/new.md": {
      "executed": false,
      "replay_matches": true,
      "attestation": {
        "attestation_hash": "sha256:3539fb460bc8e5548c137fba1ba7e0329aa615b699851b891102cde62928ee52",
        "authority_basis": {
          "authority_evidence_hash": "sha256:3710503ab7cd4d8aee63f964224fb1df8abe22a0c2db0c32357328a2efcdde19",
          "compiled_contract_hash": "sha256:a9ec418f20f62d8126f72f3a210841e296e5f0fafe199fd5d1f8870b81bf28f8",
          "contract_id": "repository-create-only",
          "contract_version": "3.0.0",
          "declared_contract_hash": "sha256:be6ced1145454e1c0b0b10efbbbe2610460b5700a63edec0f6b1bbc803172e75",
          "kind": "published_authority",
          "runtime_facts_hash": "sha256:c818f2bfaeb067495622894acb8be0eda4a7f428e6d2bdde533f41d59b7095c1"
        },
        "callback_completed": false,
        "callback_invoked": false,
        "decision": "blocked",
        "decision_outcome_hash": "sha256:a2aeef84abc339bde50ecc7751134fed7fac08de21a3e87cc283eb10308c2394",
        "execution_request": {
          "action": "modify",
          "arguments": {},
          "artifacts": [],
          "request_id": "repository_4e5007b6cedc4194ba48368e029c8a2e",
          "schema_version": "normalized_execution_request.v1",
          "target": "generated/new.md"
        },
        "execution_request_hash": "sha256:a55a0a7a520b5c85ad05fd81af9ab8b8dbc5ce5f62198b4ace7e3c3f343aae9a",
        "execution_status": "not_run",
        "guard_receipt_hash": "sha256:4b93c685f62a51c0b62749199efc9d33ca4f868cbccf0ed39e277eda90875ba3",
        "mutation_executed": false,
        "mutation_status": "not_performed",
        "run_id": "guard_run_47b7c8ed8a8d5803f6410a0a",
        "schema_version": "guard_execution_attestation.v2",
        "target_binding": {
          "adapter_version": "guard.repository-file.v2",
          "assurance_class": "ntfs-sharing-locks.v1",
          "authority_contract_hash": "sha256:a9ec418f20f62d8126f72f3a210841e296e5f0fafe199fd5d1f8870b81bf28f8",
          "domain_resolver": "guard.target-domain-resolver.v1",
          "schema_version": "guard_target_binding.v1",
          "target_domain": "repository_path",
          "workspace_binding_id": "workspace_54120ab8e83b4e31a3501ebcef1dc6d8"
        },
        "target_binding_hash": "sha256:8d3cd629026a67b4e27c80b49d4503593aac639ac6bc0c942d927c125425a01e"
      }
    },
    "create-only/repository-reviewer/create/generated/private/secret": {
      "executed": false,
      "replay_matches": true,
      "attestation": {
        "attestation_hash": "sha256:a96b16f082ca8743f447dd6fffdb9669880874dace95ed19a5f39f7caaa14653",
        "authority_basis": {
          "authority_evidence_hash": "sha256:b4e1895b9ea0acabdf6f4200805a63e40e495ba38678c2bdf25cdbc3abb61dbe",
          "compiled_contract_hash": "sha256:a9ec418f20f62d8126f72f3a210841e296e5f0fafe199fd5d1f8870b81bf28f8",
          "contract_id": "repository-create-only",
          "contract_version": "3.0.0",
          "declared_contract_hash": "sha256:be6ced1145454e1c0b0b10efbbbe2610460b5700a63edec0f6b1bbc803172e75",
          "kind": "published_authority",
          "runtime_facts_hash": "sha256:41963d4bf71eccc1a0ed53fa1bb8defd3114f5f4fe99f997d538cb422cd347c6"
        },
        "callback_completed": false,
        "callback_invoked": false,
        "decision": "blocked",
        "decision_outcome_hash": "sha256:1705c1ec261e7a159004cae6c36780166c73de6682049981ed216440f2055154",
        "execution_request": {
          "action": "create",
          "arguments": {},
          "artifacts": [],
          "request_id": "repository_4990e7dcdef242c3bd2255703faca6b2",
          "schema_version": "normalized_execution_request.v1",
          "target": "generated/private/secret"
        },
        "execution_request_hash": "sha256:4164842ba305c218bef250db926d607dc4a4fcf231bd1d0302ddf9e099a4d0d2",
        "execution_status": "not_run",
        "guard_receipt_hash": "sha256:910c545be6d6252b6ebf24917faf30d1dbde58d0243ef6dd054391e030bbb4e7",
        "mutation_executed": false,
        "mutation_status": "not_performed",
        "run_id": "guard_run_9dea8b636cb896d5c479bec5",
        "schema_version": "guard_execution_attestation.v2",
        "target_binding": {
          "adapter_version": "guard.repository-file.v2",
          "assurance_class": "ntfs-sharing-locks.v1",
          "authority_contract_hash": "sha256:a9ec418f20f62d8126f72f3a210841e296e5f0fafe199fd5d1f8870b81bf28f8",
          "domain_resolver": "guard.target-domain-resolver.v1",
          "schema_version": "guard_target_binding.v1",
          "target_domain": "repository_path",
          "workspace_binding_id": "workspace_54120ab8e83b4e31a3501ebcef1dc6d8"
        },
        "target_binding_hash": "sha256:8d3cd629026a67b4e27c80b49d4503593aac639ac6bc0c942d927c125425a01e"
      }
    },
    "create-only/repository-reviewer/modify/docs/locked.md": {
      "executed": false,
      "replay_matches": true,
      "attestation": {
        "attestation_hash": "sha256:e49b58c3c5bf724e8b606b3f82232828d74f0b00834caf5ef0fa72908a296728",
        "authority_basis": {
          "authority_evidence_hash": "sha256:19443046d7ae694d6fc381068fa0dc04a78a62fa2c5ef462d6f1ad1f69a069a1",
          "compiled_contract_hash": "sha256:a9ec418f20f62d8126f72f3a210841e296e5f0fafe199fd5d1f8870b81bf28f8",
          "contract_id": "repository-create-only",
          "contract_version": "3.0.0",
          "declared_contract_hash": "sha256:be6ced1145454e1c0b0b10efbbbe2610460b5700a63edec0f6b1bbc803172e75",
          "kind": "published_authority",
          "runtime_facts_hash": "sha256:a1de6f90b486808f806c2471e892b110b5a4fece9041fad47c16f93dd11d9aa2"
        },
        "callback_completed": false,
        "callback_invoked": false,
        "decision": "blocked",
        "decision_outcome_hash": "sha256:a2aeef84abc339bde50ecc7751134fed7fac08de21a3e87cc283eb10308c2394",
        "execution_request": {
          "action": "modify",
          "arguments": {},
          "artifacts": [],
          "request_id": "repository_508ea8dfbaa44ab290c32ef54c4a2f1f",
          "schema_version": "normalized_execution_request.v1",
          "target": "docs/locked.md"
        },
        "execution_request_hash": "sha256:bc62fb895dcea273714d0230a5f5ae8e0db1c9081f462783c12b419cfa06463a",
        "execution_status": "not_run",
        "guard_receipt_hash": "sha256:bcd77c5ade452a5e5b74a44134e7940bb6bc7f1de72cbc5d974e8dc203a49da9",
        "mutation_executed": false,
        "mutation_status": "not_performed",
        "run_id": "guard_run_8405b80abbdce15d74ece0d6",
        "schema_version": "guard_execution_attestation.v2",
        "target_binding": {
          "adapter_version": "guard.repository-file.v2",
          "assurance_class": "ntfs-sharing-locks.v1",
          "authority_contract_hash": "sha256:a9ec418f20f62d8126f72f3a210841e296e5f0fafe199fd5d1f8870b81bf28f8",
          "domain_resolver": "guard.target-domain-resolver.v1",
          "schema_version": "guard_target_binding.v1",
          "target_domain": "repository_path",
          "workspace_binding_id": "workspace_54120ab8e83b4e31a3501ebcef1dc6d8"
        },
        "target_binding_hash": "sha256:8d3cd629026a67b4e27c80b49d4503593aac639ac6bc0c942d927c125425a01e"
      }
    },
    "modify-only/repository-maintainer/create/generated/new.md": {
      "executed": false,
      "replay_matches": true,
      "attestation": {
        "attestation_hash": "sha256:d0facecd6c54c8b05e2377ba9cb7544163ffbfaccf6a84c137738b08c33af970",
        "authority_basis": {
          "authority_evidence_hash": "sha256:db30aa28250e447e83f32b39d19cf6775a82bb371e271cc946580e4b089bb228",
          "compiled_contract_hash": "sha256:00a5bfb9d22de0de6bc3e9cc36601c1b0374926f4241d41d1a270746d7d03f0f",
          "contract_id": "repository-modify-only",
          "contract_version": "3.0.0",
          "declared_contract_hash": "sha256:708238ca387de13b3507e90a7621fc0cca5632e47524e5b4ba89ef0c04690783",
          "kind": "published_authority",
          "runtime_facts_hash": "sha256:f22f2f0b0b4d855df25c7f2c0d6da429815b35eb7472b6ce2a11031d91b71a74"
        },
        "callback_completed": false,
        "callback_invoked": false,
        "decision": "blocked",
        "decision_outcome_hash": "sha256:c84290794a92d962e1bf507a9911e9ed17158dc1784f4a611e29e738eb39667c",
        "execution_request": {
          "action": "create",
          "arguments": {},
          "artifacts": [],
          "request_id": "repository_963a1b5eb7ef432cb55ba7d8e7598490",
          "schema_version": "normalized_execution_request.v1",
          "target": "generated/new.md"
        },
        "execution_request_hash": "sha256:008b174590cae97e0ec82cadd6fdcce7d81e66545a892cff0be015a5ad6a7e58",
        "execution_status": "not_run",
        "guard_receipt_hash": "sha256:5c86ae9daa26e3b53b4acee5af09a36b863e6a1529937763a6991c9600969cbb",
        "mutation_executed": false,
        "mutation_status": "not_performed",
        "run_id": "guard_run_e00ffed9419fbfb8bae84f66",
        "schema_version": "guard_execution_attestation.v2",
        "target_binding": {
          "adapter_version": "guard.repository-file.v2",
          "assurance_class": "ntfs-sharing-locks.v1",
          "authority_contract_hash": "sha256:00a5bfb9d22de0de6bc3e9cc36601c1b0374926f4241d41d1a270746d7d03f0f",
          "domain_resolver": "guard.target-domain-resolver.v1",
          "schema_version": "guard_target_binding.v1",
          "target_domain": "repository_path",
          "workspace_binding_id": "workspace_6bfd1debca87494aae79107daa7bd780"
        },
        "target_binding_hash": "sha256:c63579a2b06c0155d18ad6db9f20fb71c52c42f504e352544d3a101662ff24fe"
      }
    },
    "modify-only/repository-maintainer/modify/docs/open.md": {
      "executed": false,
      "replay_matches": true,
      "attestation": {
        "attestation_hash": "sha256:e4b8e3a8b779ec198c54cdab7d48d8e9b0047e41b64318812daaa62c42078f44",
        "authority_basis": {
          "authority_evidence_hash": "sha256:01228950c2b2281d290d8d37b8f412b121720c67ac9cd68ae96ce0c520aedccf",
          "compiled_contract_hash": "sha256:00a5bfb9d22de0de6bc3e9cc36601c1b0374926f4241d41d1a270746d7d03f0f",
          "contract_id": "repository-modify-only",
          "contract_version": "3.0.0",
          "declared_contract_hash": "sha256:708238ca387de13b3507e90a7621fc0cca5632e47524e5b4ba89ef0c04690783",
          "kind": "published_authority",
          "runtime_facts_hash": "sha256:fdded3fb6abf61f0d12da235abdfc47bde6b7ab274f6a8f0aad2ce7a0c8fa430"
        },
        "callback_completed": false,
        "callback_invoked": false,
        "decision": "blocked",
        "decision_outcome_hash": "sha256:f076aaf819917f69f90df502edea04c3eb79d8ecd524ec632b41ca8707b31458",
        "execution_request": {
          "action": "modify",
          "arguments": {},
          "artifacts": [],
          "request_id": "repository_b92d5914743c42858d97e2ce8a5de336",
          "schema_version": "normalized_execution_request.v1",
          "target": "docs/open.md"
        },
        "execution_request_hash": "sha256:8d62fd4af8f8b4a4aea30cb2830468ccd5c80997dd2d6ae0e5b337e61f4d9e20",
        "execution_status": "not_run",
        "guard_receipt_hash": "sha256:b88b64429a77aba51212b47babefe25ff4443b060c6e21218344db5638f0977a",
        "mutation_executed": false,
        "mutation_status": "not_performed",
        "run_id": "guard_run_47b853627d16ad59c3c34716",
        "schema_version": "guard_execution_attestation.v2",
        "target_binding": {
          "adapter_version": "guard.repository-file.v2",
          "assurance_class": "ntfs-sharing-locks.v1",
          "authority_contract_hash": "sha256:00a5bfb9d22de0de6bc3e9cc36601c1b0374926f4241d41d1a270746d7d03f0f",
          "domain_resolver": "guard.target-domain-resolver.v1",
          "schema_version": "guard_target_binding.v1",
          "target_domain": "repository_path",
          "workspace_binding_id": "workspace_6bfd1debca87494aae79107daa7bd780"
        },
        "target_binding_hash": "sha256:c63579a2b06c0155d18ad6db9f20fb71c52c42f504e352544d3a101662ff24fe"
      }
    },
    "modify-only/repository-maintainer/create/README.md": {
      "executed": false,
      "replay_matches": true,
      "attestation": {
        "attestation_hash": "sha256:cf4511762a524e1c73b7c2b88bb703ab3cda0dcc19e63a2a0f4c1f5ad9bebcc0",
        "authority_basis": {
          "authority_evidence_hash": "sha256:8a4c7894f269d12edb3d742b8b76b466dd3cb727fbdf9bfc92aab4af91e60616",
          "compiled_contract_hash": "sha256:00a5bfb9d22de0de6bc3e9cc36601c1b0374926f4241d41d1a270746d7d03f0f",
          "contract_id": "repository-modify-only",
          "contract_version": "3.0.0",
          "declared_contract_hash": "sha256:708238ca387de13b3507e90a7621fc0cca5632e47524e5b4ba89ef0c04690783",
          "kind": "published_authority",
          "runtime_facts_hash": "sha256:84f6b3e4bd1af9a0699f07a6538cd1c72ee2e2be3ff31119c774dbb9fd1799dd"
        },
        "callback_completed": false,
        "callback_invoked": false,
        "decision": "blocked",
        "decision_outcome_hash": "sha256:c84290794a92d962e1bf507a9911e9ed17158dc1784f4a611e29e738eb39667c",
        "execution_request": {
          "action": "create",
          "arguments": {},
          "artifacts": [],
          "request_id": "repository_a6e773d639894a62bd8986cfe692d646",
          "schema_version": "normalized_execution_request.v1",
          "target": "README.md"
        },
        "execution_request_hash": "sha256:97afb376b3feecd6d70e4bd711fed42cd14e386d32bbc7ad7d812ea27423dbea",
        "execution_status": "not_run",
        "guard_receipt_hash": "sha256:8a7e8a8b233ae912d9239b16b2da6efcef87b74ab37f2232635dc4f7f0d04994",
        "mutation_executed": false,
        "mutation_status": "not_performed",
        "run_id": "guard_run_777b2264107d577a8e994979",
        "schema_version": "guard_execution_attestation.v2",
        "target_binding": {
          "adapter_version": "guard.repository-file.v2",
          "assurance_class": "ntfs-sharing-locks.v1",
          "authority_contract_hash": "sha256:00a5bfb9d22de0de6bc3e9cc36601c1b0374926f4241d41d1a270746d7d03f0f",
          "domain_resolver": "guard.target-domain-resolver.v1",
          "schema_version": "guard_target_binding.v1",
          "target_domain": "repository_path",
          "workspace_binding_id": "workspace_6bfd1debca87494aae79107daa7bd780"
        },
        "target_binding_hash": "sha256:c63579a2b06c0155d18ad6db9f20fb71c52c42f504e352544d3a101662ff24fe"
      }
    },
    "modify-only/repository-maintainer/modify/generated/new.md": {
      "executed": false,
      "replay_matches": true,
      "attestation": {
        "attestation_hash": "sha256:13765ec7d4044c540d44294343ab21d3dda1b680f7064ed3990d1863c10c8c31",
        "authority_basis": {
          "authority_evidence_hash": "sha256:730dcab4720701ec6086d38b624d293f64ccd03e63a368f2b5b83ab35c7b3379",
          "compiled_contract_hash": "sha256:00a5bfb9d22de0de6bc3e9cc36601c1b0374926f4241d41d1a270746d7d03f0f",
          "contract_id": "repository-modify-only",
          "contract_version": "3.0.0",
          "declared_contract_hash": "sha256:708238ca387de13b3507e90a7621fc0cca5632e47524e5b4ba89ef0c04690783",
          "kind": "published_authority",
          "runtime_facts_hash": "sha256:daaebb6870775dba14d8857b98158ef327a93481dd64246a76b3dae81d989c88"
        },
        "callback_completed": false,
        "callback_invoked": false,
        "decision": "blocked",
        "decision_outcome_hash": "sha256:a0bcf64b1cb6601919b9c6fe5b07fdd66175c6675cbaa8258c5409be21ac228d",
        "execution_request": {
          "action": "modify",
          "arguments": {},
          "artifacts": [],
          "request_id": "repository_d18e0576a7d44172ab92d798b0a5f7a3",
          "schema_version": "normalized_execution_request.v1",
          "target": "generated/new.md"
        },
        "execution_request_hash": "sha256:c255a9a448a4caebc2679de6634cb3c40c67f31220da0ef489cf61126c0ee4bc",
        "execution_status": "not_run",
        "guard_receipt_hash": "sha256:6c6f17a27ac890b70f15364059ea954b8d66e6005d963585f352d6f146e3a960",
        "mutation_executed": false,
        "mutation_status": "not_performed",
        "run_id": "guard_run_4e652f45c6c26bdda16e79a5",
        "schema_version": "guard_execution_attestation.v2",
        "target_binding": {
          "adapter_version": "guard.repository-file.v2",
          "assurance_class": "ntfs-sharing-locks.v1",
          "authority_contract_hash": "sha256:00a5bfb9d22de0de6bc3e9cc36601c1b0374926f4241d41d1a270746d7d03f0f",
          "domain_resolver": "guard.target-domain-resolver.v1",
          "schema_version": "guard_target_binding.v1",
          "target_domain": "repository_path",
          "workspace_binding_id": "workspace_6bfd1debca87494aae79107daa7bd780"
        },
        "target_binding_hash": "sha256:c63579a2b06c0155d18ad6db9f20fb71c52c42f504e352544d3a101662ff24fe"
      }
    },
    "modify-only/repository-maintainer/create/generated/private/secret": {
      "executed": false,
      "replay_matches": true,
      "attestation": {
        "attestation_hash": "sha256:0237284723410098d038f673885dd55f76ec2c6f984bad3ce653586dfe9d4afc",
        "authority_basis": {
          "authority_evidence_hash": "sha256:92dc1c4bb2ebc2f38cb1c9622f022c6809f79b4e8840960f5e95bd3ab915bc72",
          "compiled_contract_hash": "sha256:00a5bfb9d22de0de6bc3e9cc36601c1b0374926f4241d41d1a270746d7d03f0f",
          "contract_id": "repository-modify-only",
          "contract_version": "3.0.0",
          "declared_contract_hash": "sha256:708238ca387de13b3507e90a7621fc0cca5632e47524e5b4ba89ef0c04690783",
          "kind": "published_authority",
          "runtime_facts_hash": "sha256:b9aaa55ceba7137322fd2fc07fa52a49554cded809c97daaa5d001432f6db305"
        },
        "callback_completed": false,
        "callback_invoked": false,
        "decision": "blocked",
        "decision_outcome_hash": "sha256:c84290794a92d962e1bf507a9911e9ed17158dc1784f4a611e29e738eb39667c",
        "execution_request": {
          "action": "create",
          "arguments": {},
          "artifacts": [],
          "request_id": "repository_ba34c857295b4a839c060b8f0c2c7054",
          "schema_version": "normalized_execution_request.v1",
          "target": "generated/private/secret"
        },
        "execution_request_hash": "sha256:324c71c421d9e7aa0fc02df358390a4e332abfce7b2296c3f5655ac766e8fc9b",
        "execution_status": "not_run",
        "guard_receipt_hash": "sha256:f66d3bbb79f1e8e7557dad51390bbeaab9f0fa7d59bb67e768c6719d35ee144f",
        "mutation_executed": false,
        "mutation_status": "not_performed",
        "run_id": "guard_run_5704e72665e932ad2816f1cf",
        "schema_version": "guard_execution_attestation.v2",
        "target_binding": {
          "adapter_version": "guard.repository-file.v2",
          "assurance_class": "ntfs-sharing-locks.v1",
          "authority_contract_hash": "sha256:00a5bfb9d22de0de6bc3e9cc36601c1b0374926f4241d41d1a270746d7d03f0f",
          "domain_resolver": "guard.target-domain-resolver.v1",
          "schema_version": "guard_target_binding.v1",
          "target_domain": "repository_path",
          "workspace_binding_id": "workspace_6bfd1debca87494aae79107daa7bd780"
        },
        "target_binding_hash": "sha256:c63579a2b06c0155d18ad6db9f20fb71c52c42f504e352544d3a101662ff24fe"
      }
    },
    "modify-only/repository-maintainer/modify/docs/locked.md": {
      "executed": false,
      "replay_matches": true,
      "attestation": {
        "attestation_hash": "sha256:fedca858e806e51f9dadd42ed21baa7db0ff7e486e10fe7b30e575c800a23393",
        "authority_basis": {
          "authority_evidence_hash": "sha256:1fcdfb817394358b630f5704f46d3e5ef87cd4c64e5adada487b0b11f0766cfb",
          "compiled_contract_hash": "sha256:00a5bfb9d22de0de6bc3e9cc36601c1b0374926f4241d41d1a270746d7d03f0f",
          "contract_id": "repository-modify-only",
          "contract_version": "3.0.0",
          "declared_contract_hash": "sha256:708238ca387de13b3507e90a7621fc0cca5632e47524e5b4ba89ef0c04690783",
          "kind": "published_authority",
          "runtime_facts_hash": "sha256:c7e4e2866683ca9a5eb68c1d5eb1e6f02c582fb4331ad57a2972a217ea1277ad"
        },
        "callback_completed": false,
        "callback_invoked": false,
        "decision": "blocked",
        "decision_outcome_hash": "sha256:a98f5be2459940f6c503801c48e50e31f9c43fc73df2865fe7d0bc89cc92f06b",
        "execution_request": {
          "action": "modify",
          "arguments": {},
          "artifacts": [],
          "request_id": "repository_cef15a39fa8d438dabe2c3782cf9e005",
          "schema_version": "normalized_execution_request.v1",
          "target": "docs/locked.md"
        },
        "execution_request_hash": "sha256:e1928bc73714bed349fd50ff3b6df96e2d5acf46de6e916644842b4695d5ee61",
        "execution_status": "not_run",
        "guard_receipt_hash": "sha256:1fd921da7e245baedff5e517300ef7c399332da40f2b6e675f6f104c574ec8fd",
        "mutation_executed": false,
        "mutation_status": "not_performed",
        "run_id": "guard_run_8f26822d26095805bba31e9d",
        "schema_version": "guard_execution_attestation.v2",
        "target_binding": {
          "adapter_version": "guard.repository-file.v2",
          "assurance_class": "ntfs-sharing-locks.v1",
          "authority_contract_hash": "sha256:00a5bfb9d22de0de6bc3e9cc36601c1b0374926f4241d41d1a270746d7d03f0f",
          "domain_resolver": "guard.target-domain-resolver.v1",
          "schema_version": "guard_target_binding.v1",
          "target_domain": "repository_path",
          "workspace_binding_id": "workspace_6bfd1debca87494aae79107daa7bd780"
        },
        "target_binding_hash": "sha256:c63579a2b06c0155d18ad6db9f20fb71c52c42f504e352544d3a101662ff24fe"
      }
    },
    "modify-only/security-reviewer/create/generated/new.md": {
      "executed": false,
      "replay_matches": true,
      "attestation": {
        "attestation_hash": "sha256:e21a83d0ff9fa52016e4e89f818ed0d42276fdbc8c2e37469fc4cab623930a5b",
        "authority_basis": {
          "authority_evidence_hash": "sha256:095549141c4c0bdf1353d4aa1a85feb364d003f1f63e6be8c5c9c080b0a2c523",
          "compiled_contract_hash": "sha256:00a5bfb9d22de0de6bc3e9cc36601c1b0374926f4241d41d1a270746d7d03f0f",
          "contract_id": "repository-modify-only",
          "contract_version": "3.0.0",
          "declared_contract_hash": "sha256:708238ca387de13b3507e90a7621fc0cca5632e47524e5b4ba89ef0c04690783",
          "kind": "published_authority",
          "runtime_facts_hash": "sha256:12e24cb4d38a5178b86bf5a47043707071698d06271342d102da7addc7cd5610"
        },
        "callback_completed": false,
        "callback_invoked": false,
        "decision": "blocked",
        "decision_outcome_hash": "sha256:c84290794a92d962e1bf507a9911e9ed17158dc1784f4a611e29e738eb39667c",
        "execution_request": {
          "action": "create",
          "arguments": {},
          "artifacts": [],
          "request_id": "repository_a05fcdb83d0544579bb9a90c2cc724dc",
          "schema_version": "normalized_execution_request.v1",
          "target": "generated/new.md"
        },
        "execution_request_hash": "sha256:be86335da726b516d391c01bc16e704357ba678331d2a498fd442e1261ed58b4",
        "execution_status": "not_run",
        "guard_receipt_hash": "sha256:ff40da8c575c59f3f460608cbd18b78bf3ea37a20ada06055ae01e2792a78595",
        "mutation_executed": false,
        "mutation_status": "not_performed",
        "run_id": "guard_run_d6a2f61ea023104b53fc2f76",
        "schema_version": "guard_execution_attestation.v2",
        "target_binding": {
          "adapter_version": "guard.repository-file.v2",
          "assurance_class": "ntfs-sharing-locks.v1",
          "authority_contract_hash": "sha256:00a5bfb9d22de0de6bc3e9cc36601c1b0374926f4241d41d1a270746d7d03f0f",
          "domain_resolver": "guard.target-domain-resolver.v1",
          "schema_version": "guard_target_binding.v1",
          "target_domain": "repository_path",
          "workspace_binding_id": "workspace_54e47a113b1d4a5db01ee18782bc288c"
        },
        "target_binding_hash": "sha256:de8d46331ee94a57499eed1347f28d507ae0cc8d1eaf1fd0c8140e9309e6a714"
      }
    },
    "modify-only/security-reviewer/modify/docs/open.md": {
      "executed": false,
      "replay_matches": true,
      "attestation": {
        "attestation_hash": "sha256:54f0651c29d4f815e765c7f5f9d7d989cadd4a3473a92aa82f15ba7de5026051",
        "authority_basis": {
          "authority_evidence_hash": "sha256:1170f05c4ff4729c0f73331d8cf423d2da2d8529689e5fac04fd48a2df645054",
          "compiled_contract_hash": "sha256:00a5bfb9d22de0de6bc3e9cc36601c1b0374926f4241d41d1a270746d7d03f0f",
          "contract_id": "repository-modify-only",
          "contract_version": "3.0.0",
          "declared_contract_hash": "sha256:708238ca387de13b3507e90a7621fc0cca5632e47524e5b4ba89ef0c04690783",
          "kind": "published_authority",
          "runtime_facts_hash": "sha256:c4628ceaefe31f8105b91df0abdec47c20724d9044e9caeb83679ade2fa46db2"
        },
        "callback_completed": false,
        "callback_invoked": false,
        "decision": "blocked",
        "decision_outcome_hash": "sha256:674343c8b78dd316cb2f575e7008c1b25c5949f2b66d7d193fc78542ea8cf0b4",
        "execution_request": {
          "action": "modify",
          "arguments": {},
          "artifacts": [],
          "request_id": "repository_f1c06cb899ee4467a41dd08887781682",
          "schema_version": "normalized_execution_request.v1",
          "target": "docs/open.md"
        },
        "execution_request_hash": "sha256:1207cd5711701612eb5c549ad4f8ca9354147ca68d5a508b1e77b1d526cc909d",
        "execution_status": "not_run",
        "guard_receipt_hash": "sha256:dd54bccc0353b88b72f781819bc70c4d7aaeb1e6da7058e8b04cf7e457e0e57f",
        "mutation_executed": false,
        "mutation_status": "not_performed",
        "run_id": "guard_run_576c97426da571538f33b9bd",
        "schema_version": "guard_execution_attestation.v2",
        "target_binding": {
          "adapter_version": "guard.repository-file.v2",
          "assurance_class": "ntfs-sharing-locks.v1",
          "authority_contract_hash": "sha256:00a5bfb9d22de0de6bc3e9cc36601c1b0374926f4241d41d1a270746d7d03f0f",
          "domain_resolver": "guard.target-domain-resolver.v1",
          "schema_version": "guard_target_binding.v1",
          "target_domain": "repository_path",
          "workspace_binding_id": "workspace_54e47a113b1d4a5db01ee18782bc288c"
        },
        "target_binding_hash": "sha256:de8d46331ee94a57499eed1347f28d507ae0cc8d1eaf1fd0c8140e9309e6a714"
      }
    },
    "modify-only/security-reviewer/create/README.md": {
      "executed": false,
      "replay_matches": true,
      "attestation": {
        "attestation_hash": "sha256:288d506c41b92fec3fb04643330a6d17575c31e538527e233b7b55796e38d478",
        "authority_basis": {
          "authority_evidence_hash": "sha256:4d8d99690864056aeca97b5db3e3ba6384972788fd5877c2712927d99aa4e4b7",
          "compiled_contract_hash": "sha256:00a5bfb9d22de0de6bc3e9cc36601c1b0374926f4241d41d1a270746d7d03f0f",
          "contract_id": "repository-modify-only",
          "contract_version": "3.0.0",
          "declared_contract_hash": "sha256:708238ca387de13b3507e90a7621fc0cca5632e47524e5b4ba89ef0c04690783",
          "kind": "published_authority",
          "runtime_facts_hash": "sha256:5aa085660449062a00f7c2c8f2a1eac8061c718395986a1910569b8f68bb0940"
        },
        "callback_completed": false,
        "callback_invoked": false,
        "decision": "blocked",
        "decision_outcome_hash": "sha256:c84290794a92d962e1bf507a9911e9ed17158dc1784f4a611e29e738eb39667c",
        "execution_request": {
          "action": "create",
          "arguments": {},
          "artifacts": [],
          "request_id": "repository_1043aa321565421da43d65f08bc93962",
          "schema_version": "normalized_execution_request.v1",
          "target": "README.md"
        },
        "execution_request_hash": "sha256:ba6106003ab8efb0f96af7a946f514c7b72a404fe768f8427562e89163c81963",
        "execution_status": "not_run",
        "guard_receipt_hash": "sha256:9387fa062b1d559198fb9496a975312b4be2648e4af5c026cab4778a4b02008e",
        "mutation_executed": false,
        "mutation_status": "not_performed",
        "run_id": "guard_run_e1f36fa938c5e6771d8f9d61",
        "schema_version": "guard_execution_attestation.v2",
        "target_binding": {
          "adapter_version": "guard.repository-file.v2",
          "assurance_class": "ntfs-sharing-locks.v1",
          "authority_contract_hash": "sha256:00a5bfb9d22de0de6bc3e9cc36601c1b0374926f4241d41d1a270746d7d03f0f",
          "domain_resolver": "guard.target-domain-resolver.v1",
          "schema_version": "guard_target_binding.v1",
          "target_domain": "repository_path",
          "workspace_binding_id": "workspace_54e47a113b1d4a5db01ee18782bc288c"
        },
        "target_binding_hash": "sha256:de8d46331ee94a57499eed1347f28d507ae0cc8d1eaf1fd0c8140e9309e6a714"
      }
    },
    "modify-only/security-reviewer/modify/generated/new.md": {
      "executed": false,
      "replay_matches": true,
      "attestation": {
        "attestation_hash": "sha256:8f43b26b1b63a1a206bc00cb6bfe5f4375fcef82eb8023a5af3030cb5061ebb8",
        "authority_basis": {
          "authority_evidence_hash": "sha256:07db6f2500c76a5f1061b4f7e3f040cbbbad38549c18bb38ebd6a052c8209df5",
          "compiled_contract_hash": "sha256:00a5bfb9d22de0de6bc3e9cc36601c1b0374926f4241d41d1a270746d7d03f0f",
          "contract_id": "repository-modify-only",
          "contract_version": "3.0.0",
          "declared_contract_hash": "sha256:708238ca387de13b3507e90a7621fc0cca5632e47524e5b4ba89ef0c04690783",
          "kind": "published_authority",
          "runtime_facts_hash": "sha256:accf06d4e127335b4412cf757c9531e9a4818fcc674cb31c6275aa57058e632d"
        },
        "callback_completed": false,
        "callback_invoked": false,
        "decision": "blocked",
        "decision_outcome_hash": "sha256:ae4d01567d319ccc67540eaae2ec831d93da1bce17a7929cb10e843a824ce137",
        "execution_request": {
          "action": "modify",
          "arguments": {},
          "artifacts": [],
          "request_id": "repository_b5e26c85f5714bbbbb1fc0c661568d27",
          "schema_version": "normalized_execution_request.v1",
          "target": "generated/new.md"
        },
        "execution_request_hash": "sha256:828aa465d6b23b574cdae2170ed19ff3af2850db0336d18628f7fc3e54b1fff8",
        "execution_status": "not_run",
        "guard_receipt_hash": "sha256:9f300a9b2ddd594ca96865fc7bb8a6e3c2961a341cd7ae146f29be9b1ad608c3",
        "mutation_executed": false,
        "mutation_status": "not_performed",
        "run_id": "guard_run_04f7b70b64d036bee2fd4efb",
        "schema_version": "guard_execution_attestation.v2",
        "target_binding": {
          "adapter_version": "guard.repository-file.v2",
          "assurance_class": "ntfs-sharing-locks.v1",
          "authority_contract_hash": "sha256:00a5bfb9d22de0de6bc3e9cc36601c1b0374926f4241d41d1a270746d7d03f0f",
          "domain_resolver": "guard.target-domain-resolver.v1",
          "schema_version": "guard_target_binding.v1",
          "target_domain": "repository_path",
          "workspace_binding_id": "workspace_54e47a113b1d4a5db01ee18782bc288c"
        },
        "target_binding_hash": "sha256:de8d46331ee94a57499eed1347f28d507ae0cc8d1eaf1fd0c8140e9309e6a714"
      }
    },
    "modify-only/security-reviewer/create/generated/private/secret": {
      "executed": false,
      "replay_matches": true,
      "attestation": {
        "attestation_hash": "sha256:a968c3593bb2ca4ba3d73f30654f00fd6ba468fa6e882eecc0d6966d49ed58b0",
        "authority_basis": {
          "authority_evidence_hash": "sha256:47735e29874103690c28548d9498cb2fe2adeeebec77790e5303ad4d989cbf43",
          "compiled_contract_hash": "sha256:00a5bfb9d22de0de6bc3e9cc36601c1b0374926f4241d41d1a270746d7d03f0f",
          "contract_id": "repository-modify-only",
          "contract_version": "3.0.0",
          "declared_contract_hash": "sha256:708238ca387de13b3507e90a7621fc0cca5632e47524e5b4ba89ef0c04690783",
          "kind": "published_authority",
          "runtime_facts_hash": "sha256:cfe4314d0d86169607c3320af822b35a09b25661bcac1ec27e8715134bafa1cf"
        },
        "callback_completed": false,
        "callback_invoked": false,
        "decision": "blocked",
        "decision_outcome_hash": "sha256:c84290794a92d962e1bf507a9911e9ed17158dc1784f4a611e29e738eb39667c",
        "execution_request": {
          "action": "create",
          "arguments": {},
          "artifacts": [],
          "request_id": "repository_460b2442579e4ad28f301361ee093500",
          "schema_version": "normalized_execution_request.v1",
          "target": "generated/private/secret"
        },
        "execution_request_hash": "sha256:968c81129af594fab737bb92486a7d2c5bc81cb8808e8faa67797f77006b554b",
        "execution_status": "not_run",
        "guard_receipt_hash": "sha256:5f14cef819398c265f4165a6b3b43f22fcb180f820e2541646492186fad76fe7",
        "mutation_executed": false,
        "mutation_status": "not_performed",
        "run_id": "guard_run_1d020c7c1eb7dcf400f71d9f",
        "schema_version": "guard_execution_attestation.v2",
        "target_binding": {
          "adapter_version": "guard.repository-file.v2",
          "assurance_class": "ntfs-sharing-locks.v1",
          "authority_contract_hash": "sha256:00a5bfb9d22de0de6bc3e9cc36601c1b0374926f4241d41d1a270746d7d03f0f",
          "domain_resolver": "guard.target-domain-resolver.v1",
          "schema_version": "guard_target_binding.v1",
          "target_domain": "repository_path",
          "workspace_binding_id": "workspace_54e47a113b1d4a5db01ee18782bc288c"
        },
        "target_binding_hash": "sha256:de8d46331ee94a57499eed1347f28d507ae0cc8d1eaf1fd0c8140e9309e6a714"
      }
    },
    "modify-only/security-reviewer/modify/docs/locked.md": {
      "executed": false,
      "replay_matches": true,
      "attestation": {
        "attestation_hash": "sha256:ed779a1d50658d4a8638d5db8ba9a4dc03fb59f2fb426e267ff5af2a650ffed6",
        "authority_basis": {
          "authority_evidence_hash": "sha256:e1aacca6dcbd4567987f0a5f8bb1e2490aff9de75e5f1d3c5870722d7908e006",
          "compiled_contract_hash": "sha256:00a5bfb9d22de0de6bc3e9cc36601c1b0374926f4241d41d1a270746d7d03f0f",
          "contract_id": "repository-modify-only",
          "contract_version": "3.0.0",
          "declared_contract_hash": "sha256:708238ca387de13b3507e90a7621fc0cca5632e47524e5b4ba89ef0c04690783",
          "kind": "published_authority",
          "runtime_facts_hash": "sha256:3ed189655cbe759a5664292fe953b736c8be62cf333cc77cc9e195504fc0f190"
        },
        "callback_completed": false,
        "callback_invoked": false,
        "decision": "blocked",
        "decision_outcome_hash": "sha256:702b4c1c92912eccd1dd3c18cfd2d1c74c2a95a451def68c358279c4dff16564",
        "execution_request": {
          "action": "modify",
          "arguments": {},
          "artifacts": [],
          "request_id": "repository_e491f7eaec6f41fb8d22071f28889c3f",
          "schema_version": "normalized_execution_request.v1",
          "target": "docs/locked.md"
        },
        "execution_request_hash": "sha256:096dcb89a8db568308effd7d518de618c5e5b9be54e225d69bcd23127e87fbe0",
        "execution_status": "not_run",
        "guard_receipt_hash": "sha256:c040f39db4dee25b4c7905c39dd74be3882788f6eebedefae2c3f51a38b6c011",
        "mutation_executed": false,
        "mutation_status": "not_performed",
        "run_id": "guard_run_353c5752fc68c83967c55832",
        "schema_version": "guard_execution_attestation.v2",
        "target_binding": {
          "adapter_version": "guard.repository-file.v2",
          "assurance_class": "ntfs-sharing-locks.v1",
          "authority_contract_hash": "sha256:00a5bfb9d22de0de6bc3e9cc36601c1b0374926f4241d41d1a270746d7d03f0f",
          "domain_resolver": "guard.target-domain-resolver.v1",
          "schema_version": "guard_target_binding.v1",
          "target_domain": "repository_path",
          "workspace_binding_id": "workspace_54e47a113b1d4a5db01ee18782bc288c"
        },
        "target_binding_hash": "sha256:de8d46331ee94a57499eed1347f28d507ae0cc8d1eaf1fd0c8140e9309e6a714"
      }
    },
    "modify-only/repository-reviewer/create/generated/new.md": {
      "executed": false,
      "replay_matches": true,
      "attestation": {
        "attestation_hash": "sha256:bee242063571d8757517b3f29cf01462fe15a7416794a56bcda598128c3c680c",
        "authority_basis": {
          "authority_evidence_hash": "sha256:97d59e10569ba8a37f2af8340e3cb54cf6e36134acab4893829173a8a0b20d1f",
          "compiled_contract_hash": "sha256:00a5bfb9d22de0de6bc3e9cc36601c1b0374926f4241d41d1a270746d7d03f0f",
          "contract_id": "repository-modify-only",
          "contract_version": "3.0.0",
          "declared_contract_hash": "sha256:708238ca387de13b3507e90a7621fc0cca5632e47524e5b4ba89ef0c04690783",
          "kind": "published_authority",
          "runtime_facts_hash": "sha256:73de19707196f23b0c8223a2a7990e751bda18b82a3a7bbc3b7352cd93925e2e"
        },
        "callback_completed": false,
        "callback_invoked": false,
        "decision": "blocked",
        "decision_outcome_hash": "sha256:c84290794a92d962e1bf507a9911e9ed17158dc1784f4a611e29e738eb39667c",
        "execution_request": {
          "action": "create",
          "arguments": {},
          "artifacts": [],
          "request_id": "repository_34c33f9676b54e959d19029f5f4c1879",
          "schema_version": "normalized_execution_request.v1",
          "target": "generated/new.md"
        },
        "execution_request_hash": "sha256:2585a06f70131f998a516eb479cf9eaa282b64e389817831fe4c982113ac88c0",
        "execution_status": "not_run",
        "guard_receipt_hash": "sha256:4ed25f84ac88bdda21c649430828f8f5f27235918c6644bf2d0b9b85a41a74be",
        "mutation_executed": false,
        "mutation_status": "not_performed",
        "run_id": "guard_run_d0d2f67c1fbe2c97a68f84e3",
        "schema_version": "guard_execution_attestation.v2",
        "target_binding": {
          "adapter_version": "guard.repository-file.v2",
          "assurance_class": "ntfs-sharing-locks.v1",
          "authority_contract_hash": "sha256:00a5bfb9d22de0de6bc3e9cc36601c1b0374926f4241d41d1a270746d7d03f0f",
          "domain_resolver": "guard.target-domain-resolver.v1",
          "schema_version": "guard_target_binding.v1",
          "target_domain": "repository_path",
          "workspace_binding_id": "workspace_8e0cad2140c34a71b807b481cc50574f"
        },
        "target_binding_hash": "sha256:34155dcfb757156858b22673efb8fec426d33ab449141f1453d7f152caac1edb"
      }
    },
    "modify-only/repository-reviewer/modify/docs/open.md": {
      "executed": true,
      "replay_matches": true,
      "attestation": {
        "attestation_hash": "sha256:6b265dd7958c42dbfffa34e6de34f0e491c9732854650b10de7376e28d841fbb",
        "authority_basis": {
          "authority_evidence_hash": "sha256:8e2447f2b90ce9cadd8a2adb194b9ffeae0c9b3e8f2de02171795e44a32b01b6",
          "compiled_contract_hash": "sha256:00a5bfb9d22de0de6bc3e9cc36601c1b0374926f4241d41d1a270746d7d03f0f",
          "contract_id": "repository-modify-only",
          "contract_version": "3.0.0",
          "declared_contract_hash": "sha256:708238ca387de13b3507e90a7621fc0cca5632e47524e5b4ba89ef0c04690783",
          "kind": "published_authority",
          "runtime_facts_hash": "sha256:6893a091ded73e78a4b4d89d94f5390f412253dc5419c3417e1eb6eb902fb31d"
        },
        "callback_completed": true,
        "callback_invoked": true,
        "decision": "admissible",
        "decision_outcome_hash": "sha256:017cbbd6bea3f59d6195a5108397c1ab07e5b534eddb5720d8ddccc1022f3c35",
        "execution_request": {
          "action": "modify",
          "arguments": {},
          "artifacts": [],
          "request_id": "repository_6231c48489014900a1a2be3f6879890e",
          "schema_version": "normalized_execution_request.v1",
          "target": "docs/open.md"
        },
        "execution_request_hash": "sha256:d3e0cf4fb42d7175ff7f3c63c62c159b6cfb5b993b1eae4af6e3a51d543e3461",
        "execution_status": "succeeded",
        "guard_receipt_hash": "sha256:309103a23752cc7e6749b66b433107319b9ab8a03c88ad02ea73290b39860610",
        "mutation_executed": true,
        "mutation_status": "executed",
        "run_id": "guard_run_9a08c953845f159df8af3007",
        "schema_version": "guard_execution_attestation.v2",
        "target_binding": {
          "adapter_version": "guard.repository-file.v2",
          "assurance_class": "ntfs-sharing-locks.v1",
          "authority_contract_hash": "sha256:00a5bfb9d22de0de6bc3e9cc36601c1b0374926f4241d41d1a270746d7d03f0f",
          "domain_resolver": "guard.target-domain-resolver.v1",
          "schema_version": "guard_target_binding.v1",
          "target_domain": "repository_path",
          "workspace_binding_id": "workspace_8e0cad2140c34a71b807b481cc50574f"
        },
        "target_binding_hash": "sha256:34155dcfb757156858b22673efb8fec426d33ab449141f1453d7f152caac1edb"
      }
    },
    "modify-only/repository-reviewer/create/README.md": {
      "executed": false,
      "replay_matches": true,
      "attestation": {
        "attestation_hash": "sha256:1bcf4e594467bd49ef221279f87fb093cf8a65a3358fc1a85f1e8ed4706e33e7",
        "authority_basis": {
          "authority_evidence_hash": "sha256:9fdba0527c708869b12c9d7a0349c68ee460a9ff272f7630d2ca13fece081067",
          "compiled_contract_hash": "sha256:00a5bfb9d22de0de6bc3e9cc36601c1b0374926f4241d41d1a270746d7d03f0f",
          "contract_id": "repository-modify-only",
          "contract_version": "3.0.0",
          "declared_contract_hash": "sha256:708238ca387de13b3507e90a7621fc0cca5632e47524e5b4ba89ef0c04690783",
          "kind": "published_authority",
          "runtime_facts_hash": "sha256:33e1a0dd3319062e325d12431d329db02cb9efe43356015d4c4f00f420d9c454"
        },
        "callback_completed": false,
        "callback_invoked": false,
        "decision": "blocked",
        "decision_outcome_hash": "sha256:c84290794a92d962e1bf507a9911e9ed17158dc1784f4a611e29e738eb39667c",
        "execution_request": {
          "action": "create",
          "arguments": {},
          "artifacts": [],
          "request_id": "repository_ac54c4b3754444eeacfcf7a2012f7fd2",
          "schema_version": "normalized_execution_request.v1",
          "target": "README.md"
        },
        "execution_request_hash": "sha256:13cf56b4ed2a7074125f5d841045626cc6ee3ce49c4eb73be3e11ff451908e10",
        "execution_status": "not_run",
        "guard_receipt_hash": "sha256:13e3849ea56a9839eb78bacd8ea8c0e07b1048ee094783c01af8f2035cce8667",
        "mutation_executed": false,
        "mutation_status": "not_performed",
        "run_id": "guard_run_d8f42957468ad06697836af5",
        "schema_version": "guard_execution_attestation.v2",
        "target_binding": {
          "adapter_version": "guard.repository-file.v2",
          "assurance_class": "ntfs-sharing-locks.v1",
          "authority_contract_hash": "sha256:00a5bfb9d22de0de6bc3e9cc36601c1b0374926f4241d41d1a270746d7d03f0f",
          "domain_resolver": "guard.target-domain-resolver.v1",
          "schema_version": "guard_target_binding.v1",
          "target_domain": "repository_path",
          "workspace_binding_id": "workspace_8e0cad2140c34a71b807b481cc50574f"
        },
        "target_binding_hash": "sha256:34155dcfb757156858b22673efb8fec426d33ab449141f1453d7f152caac1edb"
      }
    },
    "modify-only/repository-reviewer/modify/generated/new.md": {
      "executed": false,
      "replay_matches": true,
      "attestation": {
        "attestation_hash": "sha256:7de473a1665e43811c794e7ae796330858cff0e6d5f0da0c92fe75d896c0c533",
        "authority_basis": {
          "authority_evidence_hash": "sha256:5d3ca911b5140587e9d15c2074ba8989b5b2cdcf2acb1e7257477d5327746209",
          "compiled_contract_hash": "sha256:00a5bfb9d22de0de6bc3e9cc36601c1b0374926f4241d41d1a270746d7d03f0f",
          "contract_id": "repository-modify-only",
          "contract_version": "3.0.0",
          "declared_contract_hash": "sha256:708238ca387de13b3507e90a7621fc0cca5632e47524e5b4ba89ef0c04690783",
          "kind": "published_authority",
          "runtime_facts_hash": "sha256:c818f2bfaeb067495622894acb8be0eda4a7f428e6d2bdde533f41d59b7095c1"
        },
        "callback_completed": false,
        "callback_invoked": false,
        "decision": "blocked",
        "decision_outcome_hash": "sha256:001ceaa73cc971e236ecfe4448fd02c364a4e45e5049cd1effa651d15d1dcb07",
        "execution_request": {
          "action": "modify",
          "arguments": {},
          "artifacts": [],
          "request_id": "repository_33fcde317c374a7b86471c188482360a",
          "schema_version": "normalized_execution_request.v1",
          "target": "generated/new.md"
        },
        "execution_request_hash": "sha256:cd9eb0e1c979550a498e17166f4d1856c1767873805134e6a2bba8d1f6618416",
        "execution_status": "not_run",
        "guard_receipt_hash": "sha256:d2bb5c294107db318d88ecc9ce505794e234f98f55f5fa310c3c4c63e378453a",
        "mutation_executed": false,
        "mutation_status": "not_performed",
        "run_id": "guard_run_bc637029fff528674fa4ab64",
        "schema_version": "guard_execution_attestation.v2",
        "target_binding": {
          "adapter_version": "guard.repository-file.v2",
          "assurance_class": "ntfs-sharing-locks.v1",
          "authority_contract_hash": "sha256:00a5bfb9d22de0de6bc3e9cc36601c1b0374926f4241d41d1a270746d7d03f0f",
          "domain_resolver": "guard.target-domain-resolver.v1",
          "schema_version": "guard_target_binding.v1",
          "target_domain": "repository_path",
          "workspace_binding_id": "workspace_8e0cad2140c34a71b807b481cc50574f"
        },
        "target_binding_hash": "sha256:34155dcfb757156858b22673efb8fec426d33ab449141f1453d7f152caac1edb"
      }
    },
    "modify-only/repository-reviewer/create/generated/private/secret": {
      "executed": false,
      "replay_matches": true,
      "attestation": {
        "attestation_hash": "sha256:7ff63cd9bea463d9322732248b0d0c586519d1368e5a99d13f6b07f06f23ee3c",
        "authority_basis": {
          "authority_evidence_hash": "sha256:c4c42534feae1f92b346272f2c928ac66cf8d0ab58a84317fddc1e533eff3892",
          "compiled_contract_hash": "sha256:00a5bfb9d22de0de6bc3e9cc36601c1b0374926f4241d41d1a270746d7d03f0f",
          "contract_id": "repository-modify-only",
          "contract_version": "3.0.0",
          "declared_contract_hash": "sha256:708238ca387de13b3507e90a7621fc0cca5632e47524e5b4ba89ef0c04690783",
          "kind": "published_authority",
          "runtime_facts_hash": "sha256:41963d4bf71eccc1a0ed53fa1bb8defd3114f5f4fe99f997d538cb422cd347c6"
        },
        "callback_completed": false,
        "callback_invoked": false,
        "decision": "blocked",
        "decision_outcome_hash": "sha256:c84290794a92d962e1bf507a9911e9ed17158dc1784f4a611e29e738eb39667c",
        "execution_request": {
          "action": "create",
          "arguments": {},
          "artifacts": [],
          "request_id": "repository_28d03380fd2548d78387a7ac3baf7235",
          "schema_version": "normalized_execution_request.v1",
          "target": "generated/private/secret"
        },
        "execution_request_hash": "sha256:19506ea70f94268a5b206bd30ba7525d37683ecd1c3da1ad82ca1c3d03380b4e",
        "execution_status": "not_run",
        "guard_receipt_hash": "sha256:f819061c629758044e1a21556618766555f7da9e69a33bf7e08f9caca1502320",
        "mutation_executed": false,
        "mutation_status": "not_performed",
        "run_id": "guard_run_a52b4e69eaafe9bc0002a29c",
        "schema_version": "guard_execution_attestation.v2",
        "target_binding": {
          "adapter_version": "guard.repository-file.v2",
          "assurance_class": "ntfs-sharing-locks.v1",
          "authority_contract_hash": "sha256:00a5bfb9d22de0de6bc3e9cc36601c1b0374926f4241d41d1a270746d7d03f0f",
          "domain_resolver": "guard.target-domain-resolver.v1",
          "schema_version": "guard_target_binding.v1",
          "target_domain": "repository_path",
          "workspace_binding_id": "workspace_8e0cad2140c34a71b807b481cc50574f"
        },
        "target_binding_hash": "sha256:34155dcfb757156858b22673efb8fec426d33ab449141f1453d7f152caac1edb"
      }
    },
    "modify-only/repository-reviewer/modify/docs/locked.md": {
      "executed": false,
      "replay_matches": true,
      "attestation": {
        "attestation_hash": "sha256:f4daab4ba21a4dc0a06a33060a15337f748399b7c25ee2b781380d55d217aa11",
        "authority_basis": {
          "authority_evidence_hash": "sha256:d0d773efb5e9c34a18d75739865c57a29cb4af8445c0354ff72cd9a6f11bc798",
          "compiled_contract_hash": "sha256:00a5bfb9d22de0de6bc3e9cc36601c1b0374926f4241d41d1a270746d7d03f0f",
          "contract_id": "repository-modify-only",
          "contract_version": "3.0.0",
          "declared_contract_hash": "sha256:708238ca387de13b3507e90a7621fc0cca5632e47524e5b4ba89ef0c04690783",
          "kind": "published_authority",
          "runtime_facts_hash": "sha256:a1de6f90b486808f806c2471e892b110b5a4fece9041fad47c16f93dd11d9aa2"
        },
        "callback_completed": false,
        "callback_invoked": false,
        "decision": "blocked",
        "decision_outcome_hash": "sha256:0e6e3b9e6c5fdaf153d93c6436d51c54bf14065ce23a4d36d93ce9cb9f7d4f55",
        "execution_request": {
          "action": "modify",
          "arguments": {},
          "artifacts": [],
          "request_id": "repository_1778f01db512420aadd542bd10fd5ebc",
          "schema_version": "normalized_execution_request.v1",
          "target": "docs/locked.md"
        },
        "execution_request_hash": "sha256:602cc1a9941831a1875346cd0a40ca1bcc58edd5dc8eb789d4188670a8d6be27",
        "execution_status": "not_run",
        "guard_receipt_hash": "sha256:67e8651f8593f6beae8b58cf33abeaf668baa20f80a0fd1d6022f54545351c83",
        "mutation_executed": false,
        "mutation_status": "not_performed",
        "run_id": "guard_run_b08e8d565ce2fa97bbee2326",
        "schema_version": "guard_execution_attestation.v2",
        "target_binding": {
          "adapter_version": "guard.repository-file.v2",
          "assurance_class": "ntfs-sharing-locks.v1",
          "authority_contract_hash": "sha256:00a5bfb9d22de0de6bc3e9cc36601c1b0374926f4241d41d1a270746d7d03f0f",
          "domain_resolver": "guard.target-domain-resolver.v1",
          "schema_version": "guard_target_binding.v1",
          "target_domain": "repository_path",
          "workspace_binding_id": "workspace_8e0cad2140c34a71b807b481cc50574f"
        },
        "target_binding_hash": "sha256:34155dcfb757156858b22673efb8fec426d33ab449141f1453d7f152caac1edb"
      }
    },
    "mixed/repository-maintainer/create/generated/new.md": {
      "executed": true,
      "replay_matches": true,
      "attestation": {
        "attestation_hash": "sha256:913cc1987d9362cea6e196cee42f986bef514fb2e10e58c9c42f2da0006cd920",
        "authority_basis": {
          "authority_evidence_hash": "sha256:243bb1a586e45a2f60af6b4054312603849a3bcba2e7fa56f6d2a080e1ab6301",
          "compiled_contract_hash": "sha256:c242fa7f22f680d26988a0d1d09659c06a7f54cbaf8ae0077d6952f224a88e07",
          "contract_id": "repository-mixed",
          "contract_version": "3.0.0",
          "declared_contract_hash": "sha256:00df2385728e0e48c415e5df40d5c7a7ccaa1285d0452848578b2a544b254432",
          "kind": "published_authority",
          "runtime_facts_hash": "sha256:f22f2f0b0b4d855df25c7f2c0d6da429815b35eb7472b6ce2a11031d91b71a74"
        },
        "callback_completed": true,
        "callback_invoked": true,
        "decision": "admissible",
        "decision_outcome_hash": "sha256:71cc3ab0616b8f768afd0a77b243c33e55b8f49fd7acf248569ba19b06d9a4c0",
        "execution_request": {
          "action": "create",
          "arguments": {},
          "artifacts": [],
          "request_id": "repository_5525fc6dd5d442e3b12d7d049ebaf829",
          "schema_version": "normalized_execution_request.v1",
          "target": "generated/new.md"
        },
        "execution_request_hash": "sha256:3c22dd39b7a6021545300d842c8caf9b3b96908c57f1b67b0f3e0aa335c4fbe2",
        "execution_status": "succeeded",
        "guard_receipt_hash": "sha256:dc1845ccc06cff5e8eb4f47166391a9f61d792823a0409e981ae49d1f0a1ce5b",
        "mutation_executed": true,
        "mutation_status": "executed",
        "repository_operation": {
          "bytes_written": 7,
          "created": true,
          "error": null,
          "operation": "create",
          "schema_version": "guard_repository_operation.v1",
          "status": "succeeded",
          "target": "generated/new.md"
        },
        "run_id": "guard_run_24b3689d3802456aa6075c4b",
        "schema_version": "guard_execution_attestation.v3",
        "target_binding": {
          "adapter_version": "guard.repository-file.v2",
          "assurance_class": "ntfs-sharing-locks.v1",
          "authority_contract_hash": "sha256:c242fa7f22f680d26988a0d1d09659c06a7f54cbaf8ae0077d6952f224a88e07",
          "domain_resolver": "guard.target-domain-resolver.v1",
          "schema_version": "guard_target_binding.v1",
          "target_domain": "repository_path",
          "workspace_binding_id": "workspace_98321a8fed144bf39e8b6e12d8b07932"
        },
        "target_binding_hash": "sha256:1aef8b661ca1b1d5799cb21fbcd55bd7bd9011be78f2076f2317a5e0e18b5d7c"
      }
    },
    "mixed/repository-maintainer/modify/README.md": {
      "executed": false,
      "replay_matches": true,
      "attestation": {
        "attestation_hash": "sha256:df558ea07af9323b2524fdfb6bfcc6d02f061661a2bcfa37d88ea7547e6f23a7",
        "authority_basis": {
          "authority_evidence_hash": "sha256:344e790fe1ccc37861d6e86e4c112b313bb3622119e077b352e45878a9643053",
          "compiled_contract_hash": "sha256:c242fa7f22f680d26988a0d1d09659c06a7f54cbaf8ae0077d6952f224a88e07",
          "contract_id": "repository-mixed",
          "contract_version": "3.0.0",
          "declared_contract_hash": "sha256:00df2385728e0e48c415e5df40d5c7a7ccaa1285d0452848578b2a544b254432",
          "kind": "published_authority",
          "runtime_facts_hash": "sha256:6f6580f0df8275374ec1787ba489baf1a7644af5959cf2fbf4894886152a4e1d"
        },
        "callback_completed": false,
        "callback_invoked": false,
        "decision": "blocked",
        "decision_outcome_hash": "sha256:ef227afb85d276222285d9992c2d8d45eac95a96c0e893abb3fea1dcd68906d2",
        "execution_request": {
          "action": "modify",
          "arguments": {},
          "artifacts": [],
          "request_id": "repository_c2c4148875404a8c94dae456892c9461",
          "schema_version": "normalized_execution_request.v1",
          "target": "README.md"
        },
        "execution_request_hash": "sha256:2a4d503074489f922a95537e5ca11c72f66722e86f75d5f99e303315ab3e1a7f",
        "execution_status": "not_run",
        "guard_receipt_hash": "sha256:a061a808faac124b19839e4c18ee5953c9d821ccc2f2e11e099d3788f019bf32",
        "mutation_executed": false,
        "mutation_status": "not_performed",
        "run_id": "guard_run_ce590354e134421cc5457f5a",
        "schema_version": "guard_execution_attestation.v2",
        "target_binding": {
          "adapter_version": "guard.repository-file.v2",
          "assurance_class": "ntfs-sharing-locks.v1",
          "authority_contract_hash": "sha256:c242fa7f22f680d26988a0d1d09659c06a7f54cbaf8ae0077d6952f224a88e07",
          "domain_resolver": "guard.target-domain-resolver.v1",
          "schema_version": "guard_target_binding.v1",
          "target_domain": "repository_path",
          "workspace_binding_id": "workspace_98321a8fed144bf39e8b6e12d8b07932"
        },
        "target_binding_hash": "sha256:1aef8b661ca1b1d5799cb21fbcd55bd7bd9011be78f2076f2317a5e0e18b5d7c"
      }
    },
    "mixed/repository-maintainer/create/README.md": {
      "executed": false,
      "replay_matches": true,
      "attestation": {
        "attestation_hash": "sha256:f084af2111a10d28047c0d2840bca127a65570b2ce5f55b4e9d752a41f58c962",
        "authority_basis": {
          "authority_evidence_hash": "sha256:9ea88476cf7d075e8fd72030c4c85ce0f2180a9973a22561d1488fdea22aca22",
          "compiled_contract_hash": "sha256:c242fa7f22f680d26988a0d1d09659c06a7f54cbaf8ae0077d6952f224a88e07",
          "contract_id": "repository-mixed",
          "contract_version": "3.0.0",
          "declared_contract_hash": "sha256:00df2385728e0e48c415e5df40d5c7a7ccaa1285d0452848578b2a544b254432",
          "kind": "published_authority",
          "runtime_facts_hash": "sha256:84f6b3e4bd1af9a0699f07a6538cd1c72ee2e2be3ff31119c774dbb9fd1799dd"
        },
        "callback_completed": false,
        "callback_invoked": false,
        "decision": "blocked",
        "decision_outcome_hash": "sha256:d4669ec3184d701048512b1a37dd6d60117a19b04ddb9091d5d4fb07a38913e1",
        "execution_request": {
          "action": "create",
          "arguments": {},
          "artifacts": [],
          "request_id": "repository_6d75c2f7d438455497fb88c6bd617654",
          "schema_version": "normalized_execution_request.v1",
          "target": "README.md"
        },
        "execution_request_hash": "sha256:0f35241cbe58b45da8c8e7575e5088fb207abf45a1d2bf0251017105db1c1b64",
        "execution_status": "not_run",
        "guard_receipt_hash": "sha256:e3455de01b4d4383800a121ac6937748d7918ec1efafffe7628c2c6d16f94a4f",
        "mutation_executed": false,
        "mutation_status": "not_performed",
        "run_id": "guard_run_fc60ddf85d95aeb8c543bb72",
        "schema_version": "guard_execution_attestation.v2",
        "target_binding": {
          "adapter_version": "guard.repository-file.v2",
          "assurance_class": "ntfs-sharing-locks.v1",
          "authority_contract_hash": "sha256:c242fa7f22f680d26988a0d1d09659c06a7f54cbaf8ae0077d6952f224a88e07",
          "domain_resolver": "guard.target-domain-resolver.v1",
          "schema_version": "guard_target_binding.v1",
          "target_domain": "repository_path",
          "workspace_binding_id": "workspace_98321a8fed144bf39e8b6e12d8b07932"
        },
        "target_binding_hash": "sha256:1aef8b661ca1b1d5799cb21fbcd55bd7bd9011be78f2076f2317a5e0e18b5d7c"
      }
    },
    "mixed/repository-maintainer/modify/generated/new.md": {
      "executed": false,
      "replay_matches": true,
      "attestation": {
        "attestation_hash": "sha256:d22c1bf2dd98d7b8fd0a2389461a985227d63e9ccf26b70dfb0029b6362e3e90",
        "authority_basis": {
          "authority_evidence_hash": "sha256:3feb6ec51943b8c2f7925e4537602671462cf96ac01e62dfe9755c657be4535b",
          "compiled_contract_hash": "sha256:c242fa7f22f680d26988a0d1d09659c06a7f54cbaf8ae0077d6952f224a88e07",
          "contract_id": "repository-mixed",
          "contract_version": "3.0.0",
          "declared_contract_hash": "sha256:00df2385728e0e48c415e5df40d5c7a7ccaa1285d0452848578b2a544b254432",
          "kind": "published_authority",
          "runtime_facts_hash": "sha256:daaebb6870775dba14d8857b98158ef327a93481dd64246a76b3dae81d989c88"
        },
        "callback_completed": false,
        "callback_invoked": false,
        "decision": "blocked",
        "decision_outcome_hash": "sha256:eebce5f71a79370522fcb8ba331623965d79eb2ee86e5d327452defb29c71cc6",
        "execution_request": {
          "action": "modify",
          "arguments": {},
          "artifacts": [],
          "request_id": "repository_92537785c35249bd8eade2c02dfe95df",
          "schema_version": "normalized_execution_request.v1",
          "target": "generated/new.md"
        },
        "execution_request_hash": "sha256:513e47974fd63a3ac8773ec65c3ed9dd11ab68c48a1d25866ae75a38fd0cf125",
        "execution_status": "not_run",
        "guard_receipt_hash": "sha256:c50dbab01e386cf92aec8040716f32f9058a9817a6cb8946bce5dd3c52a1090f",
        "mutation_executed": false,
        "mutation_status": "not_performed",
        "run_id": "guard_run_ee8d2bef74d7735401186e60",
        "schema_version": "guard_execution_attestation.v2",
        "target_binding": {
          "adapter_version": "guard.repository-file.v2",
          "assurance_class": "ntfs-sharing-locks.v1",
          "authority_contract_hash": "sha256:c242fa7f22f680d26988a0d1d09659c06a7f54cbaf8ae0077d6952f224a88e07",
          "domain_resolver": "guard.target-domain-resolver.v1",
          "schema_version": "guard_target_binding.v1",
          "target_domain": "repository_path",
          "workspace_binding_id": "workspace_98321a8fed144bf39e8b6e12d8b07932"
        },
        "target_binding_hash": "sha256:1aef8b661ca1b1d5799cb21fbcd55bd7bd9011be78f2076f2317a5e0e18b5d7c"
      }
    },
    "mixed/repository-maintainer/create/generated/private/secret": {
      "executed": false,
      "replay_matches": true,
      "attestation": {
        "attestation_hash": "sha256:349bc3b3fdd67d36f6069ba6f93c2def361855a50b850077572e15227690d936",
        "authority_basis": {
          "authority_evidence_hash": "sha256:2b307f0f21bc837cbe7da6dfb759d7193fa3c8157b11d5d9d643ab48a03fd8d9",
          "compiled_contract_hash": "sha256:c242fa7f22f680d26988a0d1d09659c06a7f54cbaf8ae0077d6952f224a88e07",
          "contract_id": "repository-mixed",
          "contract_version": "3.0.0",
          "declared_contract_hash": "sha256:00df2385728e0e48c415e5df40d5c7a7ccaa1285d0452848578b2a544b254432",
          "kind": "published_authority",
          "runtime_facts_hash": "sha256:b9aaa55ceba7137322fd2fc07fa52a49554cded809c97daaa5d001432f6db305"
        },
        "callback_completed": false,
        "callback_invoked": false,
        "decision": "blocked",
        "decision_outcome_hash": "sha256:8d006c6138d7203299ebd75e1dcc563f416d65eb0c5e73030b5d5edae0e393ca",
        "execution_request": {
          "action": "create",
          "arguments": {},
          "artifacts": [],
          "request_id": "repository_6329c4753576436e8fce1765cb82fe37",
          "schema_version": "normalized_execution_request.v1",
          "target": "generated/private/secret"
        },
        "execution_request_hash": "sha256:401c27fb15f40e93a94fbbc53f4a846c1188e93a31fad22257ac0491a0fd8bc6",
        "execution_status": "not_run",
        "guard_receipt_hash": "sha256:7801d7a398e381fcca3105023d18cd9c5113f07fef10c0327d296d4d98688778",
        "mutation_executed": false,
        "mutation_status": "not_performed",
        "run_id": "guard_run_cb9f8c3d108b689afde528c8",
        "schema_version": "guard_execution_attestation.v2",
        "target_binding": {
          "adapter_version": "guard.repository-file.v2",
          "assurance_class": "ntfs-sharing-locks.v1",
          "authority_contract_hash": "sha256:c242fa7f22f680d26988a0d1d09659c06a7f54cbaf8ae0077d6952f224a88e07",
          "domain_resolver": "guard.target-domain-resolver.v1",
          "schema_version": "guard_target_binding.v1",
          "target_domain": "repository_path",
          "workspace_binding_id": "workspace_98321a8fed144bf39e8b6e12d8b07932"
        },
        "target_binding_hash": "sha256:1aef8b661ca1b1d5799cb21fbcd55bd7bd9011be78f2076f2317a5e0e18b5d7c"
      }
    },
    "mixed/repository-maintainer/modify/docs/locked.md": {
      "executed": false,
      "replay_matches": true,
      "attestation": {
        "attestation_hash": "sha256:0bfd26654e3534e66865a72ffa6111f0990c227d16ad9ed98a85d1aab7dc8a56",
        "authority_basis": {
          "authority_evidence_hash": "sha256:a92318c1f8b4663c5d1c9e636f5a8a81ec6153a10a7b85799069ec35253e69ef",
          "compiled_contract_hash": "sha256:c242fa7f22f680d26988a0d1d09659c06a7f54cbaf8ae0077d6952f224a88e07",
          "contract_id": "repository-mixed",
          "contract_version": "3.0.0",
          "declared_contract_hash": "sha256:00df2385728e0e48c415e5df40d5c7a7ccaa1285d0452848578b2a544b254432",
          "kind": "published_authority",
          "runtime_facts_hash": "sha256:c7e4e2866683ca9a5eb68c1d5eb1e6f02c582fb4331ad57a2972a217ea1277ad"
        },
        "callback_completed": false,
        "callback_invoked": false,
        "decision": "blocked",
        "decision_outcome_hash": "sha256:ea7e8cd8640fff110536f77234d391d35bb0ee7bdb4d719819f056f44d6b2a5a",
        "execution_request": {
          "action": "modify",
          "arguments": {},
          "artifacts": [],
          "request_id": "repository_a99336e3f5d54de99e58d9f6d711151f",
          "schema_version": "normalized_execution_request.v1",
          "target": "docs/locked.md"
        },
        "execution_request_hash": "sha256:4618c35ab8f8a435e33c818ac30bc956192bc3a68b824fa8e16296da63f92035",
        "execution_status": "not_run",
        "guard_receipt_hash": "sha256:ca26b9ac3a4dc68d642cb0df3c14ab67e9a23d38fa660872b8db10cf898a7759",
        "mutation_executed": false,
        "mutation_status": "not_performed",
        "run_id": "guard_run_12617f058404fdcd3a63760e",
        "schema_version": "guard_execution_attestation.v2",
        "target_binding": {
          "adapter_version": "guard.repository-file.v2",
          "assurance_class": "ntfs-sharing-locks.v1",
          "authority_contract_hash": "sha256:c242fa7f22f680d26988a0d1d09659c06a7f54cbaf8ae0077d6952f224a88e07",
          "domain_resolver": "guard.target-domain-resolver.v1",
          "schema_version": "guard_target_binding.v1",
          "target_domain": "repository_path",
          "workspace_binding_id": "workspace_98321a8fed144bf39e8b6e12d8b07932"
        },
        "target_binding_hash": "sha256:1aef8b661ca1b1d5799cb21fbcd55bd7bd9011be78f2076f2317a5e0e18b5d7c"
      }
    },
    "mixed/repository-maintainer/collision": "rejected; bytes preserved",
    "mixed/security-reviewer/create/generated/new.md": {
      "executed": false,
      "replay_matches": true,
      "attestation": {
        "attestation_hash": "sha256:503d58e0a7a0573021b5549895c42e1dbff9df7ab7b6adcaa1befa839dc8a86a",
        "authority_basis": {
          "authority_evidence_hash": "sha256:b933be287716549c68f6fbd4e1cd577eb3c9a7222537584a522d0428be0adfba",
          "compiled_contract_hash": "sha256:c242fa7f22f680d26988a0d1d09659c06a7f54cbaf8ae0077d6952f224a88e07",
          "contract_id": "repository-mixed",
          "contract_version": "3.0.0",
          "declared_contract_hash": "sha256:00df2385728e0e48c415e5df40d5c7a7ccaa1285d0452848578b2a544b254432",
          "kind": "published_authority",
          "runtime_facts_hash": "sha256:12e24cb4d38a5178b86bf5a47043707071698d06271342d102da7addc7cd5610"
        },
        "callback_completed": false,
        "callback_invoked": false,
        "decision": "blocked",
        "decision_outcome_hash": "sha256:28a52afbda39f04b2d3a27bc445e34135114b9806696a310b2d1d26ca6ba5573",
        "execution_request": {
          "action": "create",
          "arguments": {},
          "artifacts": [],
          "request_id": "repository_ee8a0b1e01564132a1071a9beddb4d24",
          "schema_version": "normalized_execution_request.v1",
          "target": "generated/new.md"
        },
        "execution_request_hash": "sha256:8e07ca46b139de20f8b8b9cb500dc8de43fde63b56a9cf4df520b9e3c82c6588",
        "execution_status": "not_run",
        "guard_receipt_hash": "sha256:1ade1a8483eb0092d8f6773130ffc3dc95fa372210955dcca1a5d7dc2389aef5",
        "mutation_executed": false,
        "mutation_status": "not_performed",
        "run_id": "guard_run_dd1b6138d544f94680d7e60c",
        "schema_version": "guard_execution_attestation.v2",
        "target_binding": {
          "adapter_version": "guard.repository-file.v2",
          "assurance_class": "ntfs-sharing-locks.v1",
          "authority_contract_hash": "sha256:c242fa7f22f680d26988a0d1d09659c06a7f54cbaf8ae0077d6952f224a88e07",
          "domain_resolver": "guard.target-domain-resolver.v1",
          "schema_version": "guard_target_binding.v1",
          "target_domain": "repository_path",
          "workspace_binding_id": "workspace_e9cd3528af6b46228285af3cb4b3a739"
        },
        "target_binding_hash": "sha256:70e707b7d2f527b5f012e8ed43a7f0db9054243972130e4352a97995d8f11aa0"
      }
    },
    "mixed/security-reviewer/modify/README.md": {
      "executed": true,
      "replay_matches": true,
      "attestation": {
        "attestation_hash": "sha256:923a541ef39d94a48585618ab0db99350290d1c705537d33191ac791ccad9802",
        "authority_basis": {
          "authority_evidence_hash": "sha256:9d971d50e0db63074ae87ea1907e96cee454b12fbd2f900f01ce8d12883aa23b",
          "compiled_contract_hash": "sha256:c242fa7f22f680d26988a0d1d09659c06a7f54cbaf8ae0077d6952f224a88e07",
          "contract_id": "repository-mixed",
          "contract_version": "3.0.0",
          "declared_contract_hash": "sha256:00df2385728e0e48c415e5df40d5c7a7ccaa1285d0452848578b2a544b254432",
          "kind": "published_authority",
          "runtime_facts_hash": "sha256:ef1a57ca21e942306cf2fbc89552800a601ddfee7464835db389a1eec061c604"
        },
        "callback_completed": true,
        "callback_invoked": true,
        "decision": "admissible",
        "decision_outcome_hash": "sha256:71cc3ab0616b8f768afd0a77b243c33e55b8f49fd7acf248569ba19b06d9a4c0",
        "execution_request": {
          "action": "modify",
          "arguments": {},
          "artifacts": [],
          "request_id": "repository_a93176ef842c443fa2a4316a95fec7fc",
          "schema_version": "normalized_execution_request.v1",
          "target": "README.md"
        },
        "execution_request_hash": "sha256:316f86b18a53fdc7043ee15643f4e1168ad2bb65eb5cbfd3e589b0bffdfe6198",
        "execution_status": "succeeded",
        "guard_receipt_hash": "sha256:8fe9a15fd0b4c88e7b6233294763b8b8801f4ea8e92736790d58d37faa3b92ea",
        "mutation_executed": true,
        "mutation_status": "executed",
        "run_id": "guard_run_b140b2fc92c95f3eb3491808",
        "schema_version": "guard_execution_attestation.v2",
        "target_binding": {
          "adapter_version": "guard.repository-file.v2",
          "assurance_class": "ntfs-sharing-locks.v1",
          "authority_contract_hash": "sha256:c242fa7f22f680d26988a0d1d09659c06a7f54cbaf8ae0077d6952f224a88e07",
          "domain_resolver": "guard.target-domain-resolver.v1",
          "schema_version": "guard_target_binding.v1",
          "target_domain": "repository_path",
          "workspace_binding_id": "workspace_e9cd3528af6b46228285af3cb4b3a739"
        },
        "target_binding_hash": "sha256:70e707b7d2f527b5f012e8ed43a7f0db9054243972130e4352a97995d8f11aa0"
      }
    },
    "mixed/security-reviewer/create/README.md": {
      "executed": false,
      "replay_matches": true,
      "attestation": {
        "attestation_hash": "sha256:8451d8aab7231df2464ae27881ca54ec4de05f18883663da1143073170b3bc9e",
        "authority_basis": {
          "authority_evidence_hash": "sha256:69769f9f22f8c670e7bc4b5d60adf39130b84f82a5696c53639e1f9118f26227",
          "compiled_contract_hash": "sha256:c242fa7f22f680d26988a0d1d09659c06a7f54cbaf8ae0077d6952f224a88e07",
          "contract_id": "repository-mixed",
          "contract_version": "3.0.0",
          "declared_contract_hash": "sha256:00df2385728e0e48c415e5df40d5c7a7ccaa1285d0452848578b2a544b254432",
          "kind": "published_authority",
          "runtime_facts_hash": "sha256:5aa085660449062a00f7c2c8f2a1eac8061c718395986a1910569b8f68bb0940"
        },
        "callback_completed": false,
        "callback_invoked": false,
        "decision": "blocked",
        "decision_outcome_hash": "sha256:ae315968bdad0784b75c30e076ddc32ebdc491a0d1e50c46836cc7182c844dc2",
        "execution_request": {
          "action": "create",
          "arguments": {},
          "artifacts": [],
          "request_id": "repository_56d4247a374244ad995d9018d78e62ae",
          "schema_version": "normalized_execution_request.v1",
          "target": "README.md"
        },
        "execution_request_hash": "sha256:88c8ed77bb73b6ba87a0d56c1baf4afe088ffddae767a8cf135c605e39d1e6b7",
        "execution_status": "not_run",
        "guard_receipt_hash": "sha256:3458cf67a3186dc63bf18a1b7eda9bc454c181adcf79cd66bbbbff04b56713df",
        "mutation_executed": false,
        "mutation_status": "not_performed",
        "run_id": "guard_run_bbe6b9c6c4b295cfe23d6679",
        "schema_version": "guard_execution_attestation.v2",
        "target_binding": {
          "adapter_version": "guard.repository-file.v2",
          "assurance_class": "ntfs-sharing-locks.v1",
          "authority_contract_hash": "sha256:c242fa7f22f680d26988a0d1d09659c06a7f54cbaf8ae0077d6952f224a88e07",
          "domain_resolver": "guard.target-domain-resolver.v1",
          "schema_version": "guard_target_binding.v1",
          "target_domain": "repository_path",
          "workspace_binding_id": "workspace_e9cd3528af6b46228285af3cb4b3a739"
        },
        "target_binding_hash": "sha256:70e707b7d2f527b5f012e8ed43a7f0db9054243972130e4352a97995d8f11aa0"
      }
    },
    "mixed/security-reviewer/modify/generated/new.md": {
      "executed": false,
      "replay_matches": true,
      "attestation": {
        "attestation_hash": "sha256:1782de650c5a0a0b7867dff0e76f38bfed0611276d2ff36d5afa4a3fbad1eafc",
        "authority_basis": {
          "authority_evidence_hash": "sha256:63693a84874f3d8c5afef42bceb7bcb5338926a9acc235c7013f28d1a25d44cc",
          "compiled_contract_hash": "sha256:c242fa7f22f680d26988a0d1d09659c06a7f54cbaf8ae0077d6952f224a88e07",
          "contract_id": "repository-mixed",
          "contract_version": "3.0.0",
          "declared_contract_hash": "sha256:00df2385728e0e48c415e5df40d5c7a7ccaa1285d0452848578b2a544b254432",
          "kind": "published_authority",
          "runtime_facts_hash": "sha256:accf06d4e127335b4412cf757c9531e9a4818fcc674cb31c6275aa57058e632d"
        },
        "callback_completed": false,
        "callback_invoked": false,
        "decision": "blocked",
        "decision_outcome_hash": "sha256:80a854834008e937b0fdde8b920dc311f576f6eebad2b5268ccb483089cad1ca",
        "execution_request": {
          "action": "modify",
          "arguments": {},
          "artifacts": [],
          "request_id": "repository_4b7893983e894657998ff1ba28900074",
          "schema_version": "normalized_execution_request.v1",
          "target": "generated/new.md"
        },
        "execution_request_hash": "sha256:7927800376fba2796c6002e7bbf6f5ab12dcb22b8e5c03f2831448668f71586e",
        "execution_status": "not_run",
        "guard_receipt_hash": "sha256:14d783bfd5c775e8adb8ff017e2779531df7d941a780d93affecdfa010608847",
        "mutation_executed": false,
        "mutation_status": "not_performed",
        "run_id": "guard_run_c2014915b3a3c2b052f51637",
        "schema_version": "guard_execution_attestation.v2",
        "target_binding": {
          "adapter_version": "guard.repository-file.v2",
          "assurance_class": "ntfs-sharing-locks.v1",
          "authority_contract_hash": "sha256:c242fa7f22f680d26988a0d1d09659c06a7f54cbaf8ae0077d6952f224a88e07",
          "domain_resolver": "guard.target-domain-resolver.v1",
          "schema_version": "guard_target_binding.v1",
          "target_domain": "repository_path",
          "workspace_binding_id": "workspace_e9cd3528af6b46228285af3cb4b3a739"
        },
        "target_binding_hash": "sha256:70e707b7d2f527b5f012e8ed43a7f0db9054243972130e4352a97995d8f11aa0"
      }
    },
    "mixed/security-reviewer/create/generated/private/secret": {
      "executed": false,
      "replay_matches": true,
      "attestation": {
        "attestation_hash": "sha256:38dff0c66d5ddb5af54939529fc82fb53b8361d60bc481650e11442733f69249",
        "authority_basis": {
          "authority_evidence_hash": "sha256:d7ca557cc381e5cbee0479767ce1a5573b320f93838cbd7b0e9bddb772294ef0",
          "compiled_contract_hash": "sha256:c242fa7f22f680d26988a0d1d09659c06a7f54cbaf8ae0077d6952f224a88e07",
          "contract_id": "repository-mixed",
          "contract_version": "3.0.0",
          "declared_contract_hash": "sha256:00df2385728e0e48c415e5df40d5c7a7ccaa1285d0452848578b2a544b254432",
          "kind": "published_authority",
          "runtime_facts_hash": "sha256:cfe4314d0d86169607c3320af822b35a09b25661bcac1ec27e8715134bafa1cf"
        },
        "callback_completed": false,
        "callback_invoked": false,
        "decision": "blocked",
        "decision_outcome_hash": "sha256:957bf26d1b0da643057b49e295d18c9d5eb7ecbf1b12cc0476e51e4e4d3c30dd",
        "execution_request": {
          "action": "create",
          "arguments": {},
          "artifacts": [],
          "request_id": "repository_5e9a6482602b4b9f9deef2b1c5dca06d",
          "schema_version": "normalized_execution_request.v1",
          "target": "generated/private/secret"
        },
        "execution_request_hash": "sha256:15eb12c0ad8126c8442dc5a6ac6c8861f97457eaffe13f2d613928abe5faee80",
        "execution_status": "not_run",
        "guard_receipt_hash": "sha256:779f92143023e33573e0fcd6170717d0e6e6a57f79b7af996f6d8eea6525b548",
        "mutation_executed": false,
        "mutation_status": "not_performed",
        "run_id": "guard_run_692d9b7b3abfb6da5fc730c3",
        "schema_version": "guard_execution_attestation.v2",
        "target_binding": {
          "adapter_version": "guard.repository-file.v2",
          "assurance_class": "ntfs-sharing-locks.v1",
          "authority_contract_hash": "sha256:c242fa7f22f680d26988a0d1d09659c06a7f54cbaf8ae0077d6952f224a88e07",
          "domain_resolver": "guard.target-domain-resolver.v1",
          "schema_version": "guard_target_binding.v1",
          "target_domain": "repository_path",
          "workspace_binding_id": "workspace_e9cd3528af6b46228285af3cb4b3a739"
        },
        "target_binding_hash": "sha256:70e707b7d2f527b5f012e8ed43a7f0db9054243972130e4352a97995d8f11aa0"
      }
    },
    "mixed/security-reviewer/modify/docs/locked.md": {
      "executed": false,
      "replay_matches": true,
      "attestation": {
        "attestation_hash": "sha256:82d00750b5debdb7e23bef5e0276d91b24ecb161224e9acbc7fea507eee6cd18",
        "authority_basis": {
          "authority_evidence_hash": "sha256:18b5732fc061196648813260857e195d24da1b0cc6d34bd6a85b77d4492f98d9",
          "compiled_contract_hash": "sha256:c242fa7f22f680d26988a0d1d09659c06a7f54cbaf8ae0077d6952f224a88e07",
          "contract_id": "repository-mixed",
          "contract_version": "3.0.0",
          "declared_contract_hash": "sha256:00df2385728e0e48c415e5df40d5c7a7ccaa1285d0452848578b2a544b254432",
          "kind": "published_authority",
          "runtime_facts_hash": "sha256:3ed189655cbe759a5664292fe953b736c8be62cf333cc77cc9e195504fc0f190"
        },
        "callback_completed": false,
        "callback_invoked": false,
        "decision": "blocked",
        "decision_outcome_hash": "sha256:805259f9e90f937db9c381448f6ca0b0e455a8658e8eba4a9eaf290b0a2a1f9b",
        "execution_request": {
          "action": "modify",
          "arguments": {},
          "artifacts": [],
          "request_id": "repository_b43ae5d35d3841bbafc90c8d12e3877f",
          "schema_version": "normalized_execution_request.v1",
          "target": "docs/locked.md"
        },
        "execution_request_hash": "sha256:b19cf03fb47511d9db048e3e3c20ee0c9b5e0aed6837245a3ada8e322a32790d",
        "execution_status": "not_run",
        "guard_receipt_hash": "sha256:8d58b7739e1377e4651ddcb1fe84c5fe1ba33395c6bd3bfb91d97e85c8690531",
        "mutation_executed": false,
        "mutation_status": "not_performed",
        "run_id": "guard_run_d93b0d3cf319e2fe0285a3bd",
        "schema_version": "guard_execution_attestation.v2",
        "target_binding": {
          "adapter_version": "guard.repository-file.v2",
          "assurance_class": "ntfs-sharing-locks.v1",
          "authority_contract_hash": "sha256:c242fa7f22f680d26988a0d1d09659c06a7f54cbaf8ae0077d6952f224a88e07",
          "domain_resolver": "guard.target-domain-resolver.v1",
          "schema_version": "guard_target_binding.v1",
          "target_domain": "repository_path",
          "workspace_binding_id": "workspace_e9cd3528af6b46228285af3cb4b3a739"
        },
        "target_binding_hash": "sha256:70e707b7d2f527b5f012e8ed43a7f0db9054243972130e4352a97995d8f11aa0"
      }
    },
    "mixed/repository-reviewer/create/generated/new.md": {
      "executed": false,
      "replay_matches": true,
      "attestation": {
        "attestation_hash": "sha256:9689d1247c83546a4337cb634072f6c867c8ec0139bf0d6cd73786ffa3a3b3a8",
        "authority_basis": {
          "authority_evidence_hash": "sha256:c27b8136d6bb38103262a84662964ce83a6b304ca430dc1729cb323dbe2437b4",
          "compiled_contract_hash": "sha256:c242fa7f22f680d26988a0d1d09659c06a7f54cbaf8ae0077d6952f224a88e07",
          "contract_id": "repository-mixed",
          "contract_version": "3.0.0",
          "declared_contract_hash": "sha256:00df2385728e0e48c415e5df40d5c7a7ccaa1285d0452848578b2a544b254432",
          "kind": "published_authority",
          "runtime_facts_hash": "sha256:73de19707196f23b0c8223a2a7990e751bda18b82a3a7bbc3b7352cd93925e2e"
        },
        "callback_completed": false,
        "callback_invoked": false,
        "decision": "blocked",
        "decision_outcome_hash": "sha256:57518f12ce80ac653e6df2dc87aecfc35b3f26d30539a232841eb8874c854edc",
        "execution_request": {
          "action": "create",
          "arguments": {},
          "artifacts": [],
          "request_id": "repository_018ec058a1834f89b10604909cd864f5",
          "schema_version": "normalized_execution_request.v1",
          "target": "generated/new.md"
        },
        "execution_request_hash": "sha256:8b21ebf42bd622124070716018a2523e083fea978b924d714f7a5a9aa8793a08",
        "execution_status": "not_run",
        "guard_receipt_hash": "sha256:92035352e6d5ada455652caf371b16d2db507fab0560b481b0a37954572d5d4f",
        "mutation_executed": false,
        "mutation_status": "not_performed",
        "run_id": "guard_run_e794272d7a9ae2905d99e11f",
        "schema_version": "guard_execution_attestation.v2",
        "target_binding": {
          "adapter_version": "guard.repository-file.v2",
          "assurance_class": "ntfs-sharing-locks.v1",
          "authority_contract_hash": "sha256:c242fa7f22f680d26988a0d1d09659c06a7f54cbaf8ae0077d6952f224a88e07",
          "domain_resolver": "guard.target-domain-resolver.v1",
          "schema_version": "guard_target_binding.v1",
          "target_domain": "repository_path",
          "workspace_binding_id": "workspace_7ed3468599e1416faa26999c70dfa11f"
        },
        "target_binding_hash": "sha256:2fb0cf7669c9b1ec7586cadb07273817a59b5719358983b36859a274472c3de8"
      }
    },
    "mixed/repository-reviewer/modify/README.md": {
      "executed": false,
      "replay_matches": true,
      "attestation": {
        "attestation_hash": "sha256:cd7133c745ca9e710c7f2d6a8a938a7f85e98978cd1f2a7e52610210dc58d8e3",
        "authority_basis": {
          "authority_evidence_hash": "sha256:840bd55e20bd214a42b5158aefc0c84a95add00a8d81c4f0bfd25619bb50edd6",
          "compiled_contract_hash": "sha256:c242fa7f22f680d26988a0d1d09659c06a7f54cbaf8ae0077d6952f224a88e07",
          "contract_id": "repository-mixed",
          "contract_version": "3.0.0",
          "declared_contract_hash": "sha256:00df2385728e0e48c415e5df40d5c7a7ccaa1285d0452848578b2a544b254432",
          "kind": "published_authority",
          "runtime_facts_hash": "sha256:ffc65ec474f7277ad73a1877f80f42bf65622a9a2fd64843d093778923965cd9"
        },
        "callback_completed": false,
        "callback_invoked": false,
        "decision": "blocked",
        "decision_outcome_hash": "sha256:3778449139a133ce3a88fbcfd1eae51941518a2e45dc02d87e7eb62373927810",
        "execution_request": {
          "action": "modify",
          "arguments": {},
          "artifacts": [],
          "request_id": "repository_cf58923ab0d8469899118e704487c168",
          "schema_version": "normalized_execution_request.v1",
          "target": "README.md"
        },
        "execution_request_hash": "sha256:b185b637e87ed4e7c77591b1920f943efae429bd3b899714bbc7920547f03025",
        "execution_status": "not_run",
        "guard_receipt_hash": "sha256:b0b9d7a14ee3d66612097fe27054be4e919db31343f1a81ad4d347d8b06fe7bb",
        "mutation_executed": false,
        "mutation_status": "not_performed",
        "run_id": "guard_run_61932e74afb6135a26a01746",
        "schema_version": "guard_execution_attestation.v2",
        "target_binding": {
          "adapter_version": "guard.repository-file.v2",
          "assurance_class": "ntfs-sharing-locks.v1",
          "authority_contract_hash": "sha256:c242fa7f22f680d26988a0d1d09659c06a7f54cbaf8ae0077d6952f224a88e07",
          "domain_resolver": "guard.target-domain-resolver.v1",
          "schema_version": "guard_target_binding.v1",
          "target_domain": "repository_path",
          "workspace_binding_id": "workspace_7ed3468599e1416faa26999c70dfa11f"
        },
        "target_binding_hash": "sha256:2fb0cf7669c9b1ec7586cadb07273817a59b5719358983b36859a274472c3de8"
      }
    },
    "mixed/repository-reviewer/create/README.md": {
      "executed": false,
      "replay_matches": true,
      "attestation": {
        "attestation_hash": "sha256:4ead9e6e41e182e8859f00d16d9a38adf4bb513e01ddf289bd63d4615fb22041",
        "authority_basis": {
          "authority_evidence_hash": "sha256:36402c83e72e038f5d3393d83152e14410c3d802ee24355e45907e9dd71d7b8d",
          "compiled_contract_hash": "sha256:c242fa7f22f680d26988a0d1d09659c06a7f54cbaf8ae0077d6952f224a88e07",
          "contract_id": "repository-mixed",
          "contract_version": "3.0.0",
          "declared_contract_hash": "sha256:00df2385728e0e48c415e5df40d5c7a7ccaa1285d0452848578b2a544b254432",
          "kind": "published_authority",
          "runtime_facts_hash": "sha256:33e1a0dd3319062e325d12431d329db02cb9efe43356015d4c4f00f420d9c454"
        },
        "callback_completed": false,
        "callback_invoked": false,
        "decision": "blocked",
        "decision_outcome_hash": "sha256:c4ed74a6b4a48c080efb23af7d0b896cefce9d298c612a33bba3ecaccb5019ac",
        "execution_request": {
          "action": "create",
          "arguments": {},
          "artifacts": [],
          "request_id": "repository_1e0d73bbc1594bd5b5c63a9c86dc1d8e",
          "schema_version": "normalized_execution_request.v1",
          "target": "README.md"
        },
        "execution_request_hash": "sha256:8185bab15cb726f0e96f61255cf99f58b2d37860358821b904b9fbeec9b811a6",
        "execution_status": "not_run",
        "guard_receipt_hash": "sha256:e72e44a141dd969989a76ae3e06f7e3cb7c3fc8ed8c9aefdfcc09dcae3f2f113",
        "mutation_executed": false,
        "mutation_status": "not_performed",
        "run_id": "guard_run_51fb62bb510d80bb95a1ac1f",
        "schema_version": "guard_execution_attestation.v2",
        "target_binding": {
          "adapter_version": "guard.repository-file.v2",
          "assurance_class": "ntfs-sharing-locks.v1",
          "authority_contract_hash": "sha256:c242fa7f22f680d26988a0d1d09659c06a7f54cbaf8ae0077d6952f224a88e07",
          "domain_resolver": "guard.target-domain-resolver.v1",
          "schema_version": "guard_target_binding.v1",
          "target_domain": "repository_path",
          "workspace_binding_id": "workspace_7ed3468599e1416faa26999c70dfa11f"
        },
        "target_binding_hash": "sha256:2fb0cf7669c9b1ec7586cadb07273817a59b5719358983b36859a274472c3de8"
      }
    },
    "mixed/repository-reviewer/modify/generated/new.md": {
      "executed": false,
      "replay_matches": true,
      "attestation": {
        "attestation_hash": "sha256:3da21265541f65a6e52529b5a8e39f2002d1d1f886a34e92ad17af6080422831",
        "authority_basis": {
          "authority_evidence_hash": "sha256:b8d12e30aa3686396edf779c41eb17d47132091209be42a489f233f2f52769d4",
          "compiled_contract_hash": "sha256:c242fa7f22f680d26988a0d1d09659c06a7f54cbaf8ae0077d6952f224a88e07",
          "contract_id": "repository-mixed",
          "contract_version": "3.0.0",
          "declared_contract_hash": "sha256:00df2385728e0e48c415e5df40d5c7a7ccaa1285d0452848578b2a544b254432",
          "kind": "published_authority",
          "runtime_facts_hash": "sha256:c818f2bfaeb067495622894acb8be0eda4a7f428e6d2bdde533f41d59b7095c1"
        },
        "callback_completed": false,
        "callback_invoked": false,
        "decision": "blocked",
        "decision_outcome_hash": "sha256:a77cd08a0019fdc68cebeecaa747a4f9ffefdd2118a838ca17678f285e7cdac4",
        "execution_request": {
          "action": "modify",
          "arguments": {},
          "artifacts": [],
          "request_id": "repository_b13edfd8ea8c47d49ff2507ff899ec98",
          "schema_version": "normalized_execution_request.v1",
          "target": "generated/new.md"
        },
        "execution_request_hash": "sha256:ed8c5d481d5b50d864d8f1801789991cbe2b7687790f0b963fcbd6b2839f15f5",
        "execution_status": "not_run",
        "guard_receipt_hash": "sha256:7e9299e2015ab5c8d87b080e197579d447b47dbc2c306be2a3f3afe8033a426b",
        "mutation_executed": false,
        "mutation_status": "not_performed",
        "run_id": "guard_run_b2d056b734f2a43c66258dbe",
        "schema_version": "guard_execution_attestation.v2",
        "target_binding": {
          "adapter_version": "guard.repository-file.v2",
          "assurance_class": "ntfs-sharing-locks.v1",
          "authority_contract_hash": "sha256:c242fa7f22f680d26988a0d1d09659c06a7f54cbaf8ae0077d6952f224a88e07",
          "domain_resolver": "guard.target-domain-resolver.v1",
          "schema_version": "guard_target_binding.v1",
          "target_domain": "repository_path",
          "workspace_binding_id": "workspace_7ed3468599e1416faa26999c70dfa11f"
        },
        "target_binding_hash": "sha256:2fb0cf7669c9b1ec7586cadb07273817a59b5719358983b36859a274472c3de8"
      }
    },
    "mixed/repository-reviewer/create/generated/private/secret": {
      "executed": false,
      "replay_matches": true,
      "attestation": {
        "attestation_hash": "sha256:1a4098edc629d343b0c775ca5d38f348ba932e34da74333ae46ba80076210428",
        "authority_basis": {
          "authority_evidence_hash": "sha256:79e6b907cd8b8261d920b3a5340a7c0958e1765517679f950861354a8e6378e9",
          "compiled_contract_hash": "sha256:c242fa7f22f680d26988a0d1d09659c06a7f54cbaf8ae0077d6952f224a88e07",
          "contract_id": "repository-mixed",
          "contract_version": "3.0.0",
          "declared_contract_hash": "sha256:00df2385728e0e48c415e5df40d5c7a7ccaa1285d0452848578b2a544b254432",
          "kind": "published_authority",
          "runtime_facts_hash": "sha256:41963d4bf71eccc1a0ed53fa1bb8defd3114f5f4fe99f997d538cb422cd347c6"
        },
        "callback_completed": false,
        "callback_invoked": false,
        "decision": "blocked",
        "decision_outcome_hash": "sha256:fd7f2f3c095c405e58dcd6805d97c6ee824e80790a44fc09e5c83e8043bac836",
        "execution_request": {
          "action": "create",
          "arguments": {},
          "artifacts": [],
          "request_id": "repository_2a7ccae6c94a454e8ca0c17376418b21",
          "schema_version": "normalized_execution_request.v1",
          "target": "generated/private/secret"
        },
        "execution_request_hash": "sha256:ff2c649b570f753598d73509b472017e75cd89a33831ee7f6e30bbd0be462c66",
        "execution_status": "not_run",
        "guard_receipt_hash": "sha256:30b5cba4c3f3c341592a71f8c8fd83ca079cabd7883f4ca69bc8d3ad1c2632d1",
        "mutation_executed": false,
        "mutation_status": "not_performed",
        "run_id": "guard_run_68ae2615eed01f9c0f496b75",
        "schema_version": "guard_execution_attestation.v2",
        "target_binding": {
          "adapter_version": "guard.repository-file.v2",
          "assurance_class": "ntfs-sharing-locks.v1",
          "authority_contract_hash": "sha256:c242fa7f22f680d26988a0d1d09659c06a7f54cbaf8ae0077d6952f224a88e07",
          "domain_resolver": "guard.target-domain-resolver.v1",
          "schema_version": "guard_target_binding.v1",
          "target_domain": "repository_path",
          "workspace_binding_id": "workspace_7ed3468599e1416faa26999c70dfa11f"
        },
        "target_binding_hash": "sha256:2fb0cf7669c9b1ec7586cadb07273817a59b5719358983b36859a274472c3de8"
      }
    },
    "mixed/repository-reviewer/modify/docs/locked.md": {
      "executed": false,
      "replay_matches": true,
      "attestation": {
        "attestation_hash": "sha256:2bb2a8de5d7e5c0f3fcbf1b3905e495090b3cc5512f891c349219d7cee89666f",
        "authority_basis": {
          "authority_evidence_hash": "sha256:94885dc0b94264831445c3181a868f6a3c10dd159d2107555c96bf9473a643bf",
          "compiled_contract_hash": "sha256:c242fa7f22f680d26988a0d1d09659c06a7f54cbaf8ae0077d6952f224a88e07",
          "contract_id": "repository-mixed",
          "contract_version": "3.0.0",
          "declared_contract_hash": "sha256:00df2385728e0e48c415e5df40d5c7a7ccaa1285d0452848578b2a544b254432",
          "kind": "published_authority",
          "runtime_facts_hash": "sha256:a1de6f90b486808f806c2471e892b110b5a4fece9041fad47c16f93dd11d9aa2"
        },
        "callback_completed": false,
        "callback_invoked": false,
        "decision": "blocked",
        "decision_outcome_hash": "sha256:4d2cee9fb37bb093a52e08555d59115de95cdb7a1671e13d046f6f65e83a800f",
        "execution_request": {
          "action": "modify",
          "arguments": {},
          "artifacts": [],
          "request_id": "repository_e6728c70f806481d9d4599d746578fe5",
          "schema_version": "normalized_execution_request.v1",
          "target": "docs/locked.md"
        },
        "execution_request_hash": "sha256:e6741422b6a866a9199fb4001d68ba0b4c4d149b71d75a049106e24e817cbbbc",
        "execution_status": "not_run",
        "guard_receipt_hash": "sha256:01a474b7d2c17d60d60dab8eaad5b202d0f3a1eade36d4b1f3f94f37a698ae4e",
        "mutation_executed": false,
        "mutation_status": "not_performed",
        "run_id": "guard_run_4fda86e0ab80e28e90fe9913",
        "schema_version": "guard_execution_attestation.v2",
        "target_binding": {
          "adapter_version": "guard.repository-file.v2",
          "assurance_class": "ntfs-sharing-locks.v1",
          "authority_contract_hash": "sha256:c242fa7f22f680d26988a0d1d09659c06a7f54cbaf8ae0077d6952f224a88e07",
          "domain_resolver": "guard.target-domain-resolver.v1",
          "schema_version": "guard_target_binding.v1",
          "target_domain": "repository_path",
          "workspace_binding_id": "workspace_7ed3468599e1416faa26999c70dfa11f"
        },
        "target_binding_hash": "sha256:2fb0cf7669c9b1ec7586cadb07273817a59b5719358983b36859a274472c3de8"
      }
    }
  },
  "runtime_activation_ready": false
}
