{
  "development_flags_absent": true,
  "cases": {
    "create-only/repository-maintainer/create/generated/new.md": {
      "executed": true,
      "replay_matches": true,
      "attestation": {
        "attestation_hash": "sha256:421b9285d4ffa47a3299a1ab6fb3c193c67fd10d017ca4e50965321c081b85d0",
        "authority_basis": {
          "authority_evidence_hash": "sha256:77b14624ad0b63b9481d9c6286afc72de6a942c062dce27043c1c28ccdfa4386",
          "compiled_contract_hash": "sha256:a9ec418f20f62d8126f72f3a210841e296e5f0fafe199fd5d1f8870b81bf28f8",
          "contract_id": "repository-create-only",
          "contract_version": "3.0.0",
          "declared_contract_hash": "sha256:be6ced1145454e1c0b0b10efbbbe2610460b5700a63edec0f6b1bbc803172e75",
          "kind": "published_authority",
          "runtime_facts_hash": "sha256:f22f2f0b0b4d855df25c7f2c0d6da429815b35eb7472b6ce2a11031d91b71a74"
        },
        "callback_completed": true,
        "callback_invoked": true,
        "decision": "admissible",
        "decision_outcome_hash": "sha256:36f5a3bccba1fadcfa7d56691661ffa13b2eb9d4201ad6b545fc1fecae2ea697",
        "execution_request": {
          "action": "create",
          "arguments": {},
          "artifacts": [],
          "request_id": "repository_423344a0cf434c3386c00e790897f26e",
          "schema_version": "normalized_execution_request.v1",
          "target": "generated/new.md"
        },
        "execution_request_hash": "sha256:c6a06fd7491bc6ab561e2076267124a3b368dd0148c6ce25f42bb4045f88ea49",
        "execution_status": "succeeded",
        "guard_receipt_hash": "sha256:98d5e0234cce8d533de016b8b44303da2a7c5a57471f5aedaffafa8d290e5896",
        "mutation_executed": true,
        "mutation_status": "executed",
        "repository_operation": {
          "bytes_written": 7,
          "created": true,
          "error": null,
          "operation": "create",
          "schema_version": "guard_repository_operation.v1",
          "status": "succeeded",
          "target": "generated/new.md"
        },
        "run_id": "guard_run_9163c5d88177a280e50429ac",
        "schema_version": "guard_execution_attestation.v3",
        "target_binding": {
          "adapter_version": "guard.repository-file.v2",
          "assurance_class": "ntfs-sharing-locks.v1",
          "authority_contract_hash": "sha256:a9ec418f20f62d8126f72f3a210841e296e5f0fafe199fd5d1f8870b81bf28f8",
          "domain_resolver": "guard.target-domain-resolver.v1",
          "schema_version": "guard_target_binding.v1",
          "target_domain": "repository_path",
          "workspace_binding_id": "workspace_22a5f720e5674782959f038e8d86e83f"
        },
        "target_binding_hash": "sha256:c512438b68b30ce50a873a38ad50743a453ec5fc1db74d708726f149b8f8bd06"
      }
    },
    "create-only/repository-maintainer/modify/README.md": {
      "executed": false,
      "replay_matches": true,
      "attestation": {
        "attestation_hash": "sha256:904530d1d4fa4c422fd79531181e21137336d742bd843671abdaddd116e958e5",
        "authority_basis": {
          "authority_evidence_hash": "sha256:fbf5403ff9399d80a708989731c3fc2f93c9531c16024781f6236a96d54c283c",
          "compiled_contract_hash": "sha256:a9ec418f20f62d8126f72f3a210841e296e5f0fafe199fd5d1f8870b81bf28f8",
          "contract_id": "repository-create-only",
          "contract_version": "3.0.0",
          "declared_contract_hash": "sha256:be6ced1145454e1c0b0b10efbbbe2610460b5700a63edec0f6b1bbc803172e75",
          "kind": "published_authority",
          "runtime_facts_hash": "sha256:6f6580f0df8275374ec1787ba489baf1a7644af5959cf2fbf4894886152a4e1d"
        },
        "callback_completed": false,
        "callback_invoked": false,
        "decision": "blocked",
        "decision_outcome_hash": "sha256:a2aeef84abc339bde50ecc7751134fed7fac08de21a3e87cc283eb10308c2394",
        "execution_request": {
          "action": "modify",
          "arguments": {},
          "artifacts": [],
          "request_id": "repository_8e3317d0e5ae48a496e2399029dbce1f",
          "schema_version": "normalized_execution_request.v1",
          "target": "README.md"
        },
        "execution_request_hash": "sha256:568d37ac5203ec230d06374aeb28d78ef5f0b09208d94ac2727aa23fc4fb945d",
        "execution_status": "not_run",
        "guard_receipt_hash": "sha256:6084e327074527ad9df4cf38b5df991c88387c053213968ad446827bc29a3edd",
        "mutation_executed": false,
        "mutation_status": "not_performed",
        "run_id": "guard_run_ae93c1237c4911c8329dbe47",
        "schema_version": "guard_execution_attestation.v2",
        "target_binding": {
          "adapter_version": "guard.repository-file.v2",
          "assurance_class": "ntfs-sharing-locks.v1",
          "authority_contract_hash": "sha256:a9ec418f20f62d8126f72f3a210841e296e5f0fafe199fd5d1f8870b81bf28f8",
          "domain_resolver": "guard.target-domain-resolver.v1",
          "schema_version": "guard_target_binding.v1",
          "target_domain": "repository_path",
          "workspace_binding_id": "workspace_22a5f720e5674782959f038e8d86e83f"
        },
        "target_binding_hash": "sha256:c512438b68b30ce50a873a38ad50743a453ec5fc1db74d708726f149b8f8bd06"
      }
    },
    "create-only/repository-maintainer/create/README.md": {
      "executed": false,
      "replay_matches": true,
      "attestation": {
        "attestation_hash": "sha256:5271878ea8e007edb9e06c86c3c206d94e1c2459b7be72c4142ee64d788c3736",
        "authority_basis": {
          "authority_evidence_hash": "sha256:21237426ca23bdaedc33021dfac83d0c82b7f1cb7648b7d7064a282d9305402b",
          "compiled_contract_hash": "sha256:a9ec418f20f62d8126f72f3a210841e296e5f0fafe199fd5d1f8870b81bf28f8",
          "contract_id": "repository-create-only",
          "contract_version": "3.0.0",
          "declared_contract_hash": "sha256:be6ced1145454e1c0b0b10efbbbe2610460b5700a63edec0f6b1bbc803172e75",
          "kind": "published_authority",
          "runtime_facts_hash": "sha256:84f6b3e4bd1af9a0699f07a6538cd1c72ee2e2be3ff31119c774dbb9fd1799dd"
        },
        "callback_completed": false,
        "callback_invoked": false,
        "decision": "blocked",
        "decision_outcome_hash": "sha256:201efebe231a7316adcc47484f721e1af0b5c055d347282a055993ad5d710593",
        "execution_request": {
          "action": "create",
          "arguments": {},
          "artifacts": [],
          "request_id": "repository_b558a8d38c8c485e87ddca11d120fdd5",
          "schema_version": "normalized_execution_request.v1",
          "target": "README.md"
        },
        "execution_request_hash": "sha256:ffe3899f419f3614f423206851ad96c73c3850cdefae6b857fc5aa8e15243899",
        "execution_status": "not_run",
        "guard_receipt_hash": "sha256:1da2223ec5680947f24b8d812fdcba0756e38bc6e6135ee32bcf3918f4b60916",
        "mutation_executed": false,
        "mutation_status": "not_performed",
        "run_id": "guard_run_fc8d4392502612049fea2be3",
        "schema_version": "guard_execution_attestation.v2",
        "target_binding": {
          "adapter_version": "guard.repository-file.v2",
          "assurance_class": "ntfs-sharing-locks.v1",
          "authority_contract_hash": "sha256:a9ec418f20f62d8126f72f3a210841e296e5f0fafe199fd5d1f8870b81bf28f8",
          "domain_resolver": "guard.target-domain-resolver.v1",
          "schema_version": "guard_target_binding.v1",
          "target_domain": "repository_path",
          "workspace_binding_id": "workspace_22a5f720e5674782959f038e8d86e83f"
        },
        "target_binding_hash": "sha256:c512438b68b30ce50a873a38ad50743a453ec5fc1db74d708726f149b8f8bd06"
      }
    },
    "create-only/repository-maintainer/modify/generated/new.md": {
      "executed": false,
      "replay_matches": true,
      "attestation": {
        "attestation_hash": "sha256:eeb1219ae7175867c1639d564eb9568416975c65eb6eaba6588197d48c1fcec4",
        "authority_basis": {
          "authority_evidence_hash": "sha256:f793ba0829b3241511269448dd55d4e1aaa80934f4e7d925f4a6f4804fc3f9ac",
          "compiled_contract_hash": "sha256:a9ec418f20f62d8126f72f3a210841e296e5f0fafe199fd5d1f8870b81bf28f8",
          "contract_id": "repository-create-only",
          "contract_version": "3.0.0",
          "declared_contract_hash": "sha256:be6ced1145454e1c0b0b10efbbbe2610460b5700a63edec0f6b1bbc803172e75",
          "kind": "published_authority",
          "runtime_facts_hash": "sha256:daaebb6870775dba14d8857b98158ef327a93481dd64246a76b3dae81d989c88"
        },
        "callback_completed": false,
        "callback_invoked": false,
        "decision": "blocked",
        "decision_outcome_hash": "sha256:a2aeef84abc339bde50ecc7751134fed7fac08de21a3e87cc283eb10308c2394",
        "execution_request": {
          "action": "modify",
          "arguments": {},
          "artifacts": [],
          "request_id": "repository_48703fbb150f4826807bc99f746ee764",
          "schema_version": "normalized_execution_request.v1",
          "target": "generated/new.md"
        },
        "execution_request_hash": "sha256:246447bf426e5893ea200b69eab4278b3fe8ecafcb976ceb28e2120e0d8e43a1",
        "execution_status": "not_run",
        "guard_receipt_hash": "sha256:8af3166a5c9ceb94046a3044afb4d0b68bc06c475dd9e4fe10c82c87bd1ef885",
        "mutation_executed": false,
        "mutation_status": "not_performed",
        "run_id": "guard_run_2823d3461aa0138ef432f5ac",
        "schema_version": "guard_execution_attestation.v2",
        "target_binding": {
          "adapter_version": "guard.repository-file.v2",
          "assurance_class": "ntfs-sharing-locks.v1",
          "authority_contract_hash": "sha256:a9ec418f20f62d8126f72f3a210841e296e5f0fafe199fd5d1f8870b81bf28f8",
          "domain_resolver": "guard.target-domain-resolver.v1",
          "schema_version": "guard_target_binding.v1",
          "target_domain": "repository_path",
          "workspace_binding_id": "workspace_22a5f720e5674782959f038e8d86e83f"
        },
        "target_binding_hash": "sha256:c512438b68b30ce50a873a38ad50743a453ec5fc1db74d708726f149b8f8bd06"
      }
    },
    "create-only/repository-maintainer/create/generated/private/secret": {
      "executed": false,
      "replay_matches": true,
      "attestation": {
        "attestation_hash": "sha256:191fa52309f4997a62b5704014ce1da59114ff73bc71acd787c82f9457b7946d",
        "authority_basis": {
          "authority_evidence_hash": "sha256:4c0e6c05afa1f03288c6c75d7a2b8830a0c63ccb3d979062610b23c280b83912",
          "compiled_contract_hash": "sha256:a9ec418f20f62d8126f72f3a210841e296e5f0fafe199fd5d1f8870b81bf28f8",
          "contract_id": "repository-create-only",
          "contract_version": "3.0.0",
          "declared_contract_hash": "sha256:be6ced1145454e1c0b0b10efbbbe2610460b5700a63edec0f6b1bbc803172e75",
          "kind": "published_authority",
          "runtime_facts_hash": "sha256:b9aaa55ceba7137322fd2fc07fa52a49554cded809c97daaa5d001432f6db305"
        },
        "callback_completed": false,
        "callback_invoked": false,
        "decision": "blocked",
        "decision_outcome_hash": "sha256:46f13d85877d6c11436dbbb447d29ff4719ce9a85912c9e8aca58105c8fc9da6",
        "execution_request": {
          "action": "create",
          "arguments": {},
          "artifacts": [],
          "request_id": "repository_b0b6c16e6c5c459cb817339c741a3376",
          "schema_version": "normalized_execution_request.v1",
          "target": "generated/private/secret"
        },
        "execution_request_hash": "sha256:4c765dd2c1ff19b7ed91dddaf0d6f022d6df74afd4c060f9f08932cd169f23a1",
        "execution_status": "not_run",
        "guard_receipt_hash": "sha256:28ae7d2fa8f1b598c92c57587a60f85223d020a0f1165f93afe67a9a3030b88f",
        "mutation_executed": false,
        "mutation_status": "not_performed",
        "run_id": "guard_run_57832891329f35d1290e3b19",
        "schema_version": "guard_execution_attestation.v2",
        "target_binding": {
          "adapter_version": "guard.repository-file.v2",
          "assurance_class": "ntfs-sharing-locks.v1",
          "authority_contract_hash": "sha256:a9ec418f20f62d8126f72f3a210841e296e5f0fafe199fd5d1f8870b81bf28f8",
          "domain_resolver": "guard.target-domain-resolver.v1",
          "schema_version": "guard_target_binding.v1",
          "target_domain": "repository_path",
          "workspace_binding_id": "workspace_22a5f720e5674782959f038e8d86e83f"
        },
        "target_binding_hash": "sha256:c512438b68b30ce50a873a38ad50743a453ec5fc1db74d708726f149b8f8bd06"
      }
    },
    "create-only/repository-maintainer/modify/docs/locked.md": {
      "executed": false,
      "replay_matches": true,
      "attestation": {
        "attestation_hash": "sha256:0e0f4a3bbb76c84939e55ff45cc104d7079a8453f4438b20988108065aa29072",
        "authority_basis": {
          "authority_evidence_hash": "sha256:82167d2de9c71c1a931ee2d9341fe50e4de1fff693ed52b8f0694c20db2e7d4d",
          "compiled_contract_hash": "sha256:a9ec418f20f62d8126f72f3a210841e296e5f0fafe199fd5d1f8870b81bf28f8",
          "contract_id": "repository-create-only",
          "contract_version": "3.0.0",
          "declared_contract_hash": "sha256:be6ced1145454e1c0b0b10efbbbe2610460b5700a63edec0f6b1bbc803172e75",
          "kind": "published_authority",
          "runtime_facts_hash": "sha256:c7e4e2866683ca9a5eb68c1d5eb1e6f02c582fb4331ad57a2972a217ea1277ad"
        },
        "callback_completed": false,
        "callback_invoked": false,
        "decision": "blocked",
        "decision_outcome_hash": "sha256:a2aeef84abc339bde50ecc7751134fed7fac08de21a3e87cc283eb10308c2394",
        "execution_request": {
          "action": "modify",
          "arguments": {},
          "artifacts": [],
          "request_id": "repository_7937723fc1494ebf80855a1bbe5c8b80",
          "schema_version": "normalized_execution_request.v1",
          "target": "docs/locked.md"
        },
        "execution_request_hash": "sha256:446bea4f888929272e2768db1d6a6c5ff922e27718e467b5fb6ac76e4916921f",
        "execution_status": "not_run",
        "guard_receipt_hash": "sha256:de446dab89db3d0614aa68eb7ad6a6eb87518d86cbd2633a95723b08c7bba77b",
        "mutation_executed": false,
        "mutation_status": "not_performed",
        "run_id": "guard_run_90a0445f5e473d6eaeededb9",
        "schema_version": "guard_execution_attestation.v2",
        "target_binding": {
          "adapter_version": "guard.repository-file.v2",
          "assurance_class": "ntfs-sharing-locks.v1",
          "authority_contract_hash": "sha256:a9ec418f20f62d8126f72f3a210841e296e5f0fafe199fd5d1f8870b81bf28f8",
          "domain_resolver": "guard.target-domain-resolver.v1",
          "schema_version": "guard_target_binding.v1",
          "target_domain": "repository_path",
          "workspace_binding_id": "workspace_22a5f720e5674782959f038e8d86e83f"
        },
        "target_binding_hash": "sha256:c512438b68b30ce50a873a38ad50743a453ec5fc1db74d708726f149b8f8bd06"
      }
    },
    "create-only/repository-maintainer/collision": "rejected; bytes preserved",
    "create-only/security-reviewer/create/generated/new.md": {
      "executed": false,
      "replay_matches": true,
      "attestation": {
        "attestation_hash": "sha256:2f0ffa4c1f2df91d5ce505904eb9e9e4a2210cc91f4d344ddd3cefe2c38b3463",
        "authority_basis": {
          "authority_evidence_hash": "sha256:8ee5953c9abdf429b3927462411a9db3de200b85586ea5b371fea2940917bfc0",
          "compiled_contract_hash": "sha256:a9ec418f20f62d8126f72f3a210841e296e5f0fafe199fd5d1f8870b81bf28f8",
          "contract_id": "repository-create-only",
          "contract_version": "3.0.0",
          "declared_contract_hash": "sha256:be6ced1145454e1c0b0b10efbbbe2610460b5700a63edec0f6b1bbc803172e75",
          "kind": "published_authority",
          "runtime_facts_hash": "sha256:12e24cb4d38a5178b86bf5a47043707071698d06271342d102da7addc7cd5610"
        },
        "callback_completed": false,
        "callback_invoked": false,
        "decision": "blocked",
        "decision_outcome_hash": "sha256:faa7c8d1a8d8e151fcbe05a9d031e2f7f41f37da63b4266be2dc03d9e5ea5abc",
        "execution_request": {
          "action": "create",
          "arguments": {},
          "artifacts": [],
          "request_id": "repository_3012520038cf4b2e8dde0e0c982dbfdd",
          "schema_version": "normalized_execution_request.v1",
          "target": "generated/new.md"
        },
        "execution_request_hash": "sha256:055fbb37f5d75e8d62e2f95e1fb4a057b7c22de1660ca2d5623d62d8cc75909f",
        "execution_status": "not_run",
        "guard_receipt_hash": "sha256:d96ee950a56dd85b630a5931d73f21d4d43fb1b4c83cba1cd4c2894a23c6c625",
        "mutation_executed": false,
        "mutation_status": "not_performed",
        "run_id": "guard_run_a325551a4997c811bac24db4",
        "schema_version": "guard_execution_attestation.v2",
        "target_binding": {
          "adapter_version": "guard.repository-file.v2",
          "assurance_class": "ntfs-sharing-locks.v1",
          "authority_contract_hash": "sha256:a9ec418f20f62d8126f72f3a210841e296e5f0fafe199fd5d1f8870b81bf28f8",
          "domain_resolver": "guard.target-domain-resolver.v1",
          "schema_version": "guard_target_binding.v1",
          "target_domain": "repository_path",
          "workspace_binding_id": "workspace_bafa12247166412d96174f39769a2714"
        },
        "target_binding_hash": "sha256:c44abf322696b6baec0ca4bb39dd8eda8af7ca640654a50b5791612eae479225"
      }
    },
    "create-only/security-reviewer/modify/README.md": {
      "executed": false,
      "replay_matches": true,
      "attestation": {
        "attestation_hash": "sha256:af563bae662a5ec838fd78a3614f8f289e9e8ad8b9dbd4620f3f482740a6b114",
        "authority_basis": {
          "authority_evidence_hash": "sha256:37230f5b5bb83aa3710d367f8c7709e0f9d3af013642a09c2abf9242f09f5597",
          "compiled_contract_hash": "sha256:a9ec418f20f62d8126f72f3a210841e296e5f0fafe199fd5d1f8870b81bf28f8",
          "contract_id": "repository-create-only",
          "contract_version": "3.0.0",
          "declared_contract_hash": "sha256:be6ced1145454e1c0b0b10efbbbe2610460b5700a63edec0f6b1bbc803172e75",
          "kind": "published_authority",
          "runtime_facts_hash": "sha256:ef1a57ca21e942306cf2fbc89552800a601ddfee7464835db389a1eec061c604"
        },
        "callback_completed": false,
        "callback_invoked": false,
        "decision": "blocked",
        "decision_outcome_hash": "sha256:a2aeef84abc339bde50ecc7751134fed7fac08de21a3e87cc283eb10308c2394",
        "execution_request": {
          "action": "modify",
          "arguments": {},
          "artifacts": [],
          "request_id": "repository_0f5ebd15a2cc4dfab08f996ef02844e5",
          "schema_version": "normalized_execution_request.v1",
          "target": "README.md"
        },
        "execution_request_hash": "sha256:d71a4333158fa47f786dfba43b9de398c0fb3a3021d70cdbe0e4d931f3248413",
        "execution_status": "not_run",
        "guard_receipt_hash": "sha256:bbbb5139c952a496a04b15a10b48c323083e0ef3cd8d57d3e8b2890de8764e23",
        "mutation_executed": false,
        "mutation_status": "not_performed",
        "run_id": "guard_run_1b8016d4badfa39f96ca7a94",
        "schema_version": "guard_execution_attestation.v2",
        "target_binding": {
          "adapter_version": "guard.repository-file.v2",
          "assurance_class": "ntfs-sharing-locks.v1",
          "authority_contract_hash": "sha256:a9ec418f20f62d8126f72f3a210841e296e5f0fafe199fd5d1f8870b81bf28f8",
          "domain_resolver": "guard.target-domain-resolver.v1",
          "schema_version": "guard_target_binding.v1",
          "target_domain": "repository_path",
          "workspace_binding_id": "workspace_bafa12247166412d96174f39769a2714"
        },
        "target_binding_hash": "sha256:c44abf322696b6baec0ca4bb39dd8eda8af7ca640654a50b5791612eae479225"
      }
    },
    "create-only/security-reviewer/create/README.md": {
      "executed": false,
      "replay_matches": true,
      "attestation": {
        "attestation_hash": "sha256:4237e8b5d98d876ec20e18590d72088f36898a730ce301ef705fa883432c5d94",
        "authority_basis": {
          "authority_evidence_hash": "sha256:d34c0377e4f4567f6e5c973b8521b7447d6ec5c3a4538a950ab6f8f12a6cde74",
          "compiled_contract_hash": "sha256:a9ec418f20f62d8126f72f3a210841e296e5f0fafe199fd5d1f8870b81bf28f8",
          "contract_id": "repository-create-only",
          "contract_version": "3.0.0",
          "declared_contract_hash": "sha256:be6ced1145454e1c0b0b10efbbbe2610460b5700a63edec0f6b1bbc803172e75",
          "kind": "published_authority",
          "runtime_facts_hash": "sha256:5aa085660449062a00f7c2c8f2a1eac8061c718395986a1910569b8f68bb0940"
        },
        "callback_completed": false,
        "callback_invoked": false,
        "decision": "blocked",
        "decision_outcome_hash": "sha256:c4f51b78e9b9dcd2000b60ecd30acd35015731449f0b7559df2b69ce90988b8c",
        "execution_request": {
          "action": "create",
          "arguments": {},
          "artifacts": [],
          "request_id": "repository_b711d074bbab4c0bb43599eaf07e55fb",
          "schema_version": "normalized_execution_request.v1",
          "target": "README.md"
        },
        "execution_request_hash": "sha256:5d35f9d265d1a39bd225e702296ccd1c9318b8d97a8ef183886e5e2fe0df6ba4",
        "execution_status": "not_run",
        "guard_receipt_hash": "sha256:ae4c74b85ffd84f7c1d852fd6026183e7fea2ccab13cb00ddeb759305f3fad52",
        "mutation_executed": false,
        "mutation_status": "not_performed",
        "run_id": "guard_run_5d99771c84414389d13e75d2",
        "schema_version": "guard_execution_attestation.v2",
        "target_binding": {
          "adapter_version": "guard.repository-file.v2",
          "assurance_class": "ntfs-sharing-locks.v1",
          "authority_contract_hash": "sha256:a9ec418f20f62d8126f72f3a210841e296e5f0fafe199fd5d1f8870b81bf28f8",
          "domain_resolver": "guard.target-domain-resolver.v1",
          "schema_version": "guard_target_binding.v1",
          "target_domain": "repository_path",
          "workspace_binding_id": "workspace_bafa12247166412d96174f39769a2714"
        },
        "target_binding_hash": "sha256:c44abf322696b6baec0ca4bb39dd8eda8af7ca640654a50b5791612eae479225"
      }
    },
    "create-only/security-reviewer/modify/generated/new.md": {
      "executed": false,
      "replay_matches": true,
      "attestation": {
        "attestation_hash": "sha256:6c453fb2d9bc95503b175fe21cb3d3905bf713712266f72d1650aff7c51c2414",
        "authority_basis": {
          "authority_evidence_hash": "sha256:b512caa9737f648a9e96848a41d7fcb607fa98c54656e274e8810113445c18d9",
          "compiled_contract_hash": "sha256:a9ec418f20f62d8126f72f3a210841e296e5f0fafe199fd5d1f8870b81bf28f8",
          "contract_id": "repository-create-only",
          "contract_version": "3.0.0",
          "declared_contract_hash": "sha256:be6ced1145454e1c0b0b10efbbbe2610460b5700a63edec0f6b1bbc803172e75",
          "kind": "published_authority",
          "runtime_facts_hash": "sha256:accf06d4e127335b4412cf757c9531e9a4818fcc674cb31c6275aa57058e632d"
        },
        "callback_completed": false,
        "callback_invoked": false,
        "decision": "blocked",
        "decision_outcome_hash": "sha256:a2aeef84abc339bde50ecc7751134fed7fac08de21a3e87cc283eb10308c2394",
        "execution_request": {
          "action": "modify",
          "arguments": {},
          "artifacts": [],
          "request_id": "repository_11e656b8db694081b69718efe85ec1d6",
          "schema_version": "normalized_execution_request.v1",
          "target": "generated/new.md"
        },
        "execution_request_hash": "sha256:cb1c07485b8a53a47a6b70fc9e2cab166fe65d3d693415b62ee15a09281fd0a4",
        "execution_status": "not_run",
        "guard_receipt_hash": "sha256:a40321a7ee8696c1df9672e9ab612d86bc934b0a2e0652ccdc7bd0f880472367",
        "mutation_executed": false,
        "mutation_status": "not_performed",
        "run_id": "guard_run_d4a3a290fb6aa236e934f544",
        "schema_version": "guard_execution_attestation.v2",
        "target_binding": {
          "adapter_version": "guard.repository-file.v2",
          "assurance_class": "ntfs-sharing-locks.v1",
          "authority_contract_hash": "sha256:a9ec418f20f62d8126f72f3a210841e296e5f0fafe199fd5d1f8870b81bf28f8",
          "domain_resolver": "guard.target-domain-resolver.v1",
          "schema_version": "guard_target_binding.v1",
          "target_domain": "repository_path",
          "workspace_binding_id": "workspace_bafa12247166412d96174f39769a2714"
        },
        "target_binding_hash": "sha256:c44abf322696b6baec0ca4bb39dd8eda8af7ca640654a50b5791612eae479225"
      }
    },
    "create-only/security-reviewer/create/generated/private/secret": {
      "executed": false,
      "replay_matches": true,
      "attestation": {
        "attestation_hash": "sha256:1fbd77d7320a9c31486d53af39d221b9d141e2bf1e6ee39bbe661a733cc88f03",
        "authority_basis": {
          "authority_evidence_hash": "sha256:d477fefc2426b6aa368c44ce55c760b0b0ba46f76fff00469011aada4e6820ea",
          "compiled_contract_hash": "sha256:a9ec418f20f62d8126f72f3a210841e296e5f0fafe199fd5d1f8870b81bf28f8",
          "contract_id": "repository-create-only",
          "contract_version": "3.0.0",
          "declared_contract_hash": "sha256:be6ced1145454e1c0b0b10efbbbe2610460b5700a63edec0f6b1bbc803172e75",
          "kind": "published_authority",
          "runtime_facts_hash": "sha256:cfe4314d0d86169607c3320af822b35a09b25661bcac1ec27e8715134bafa1cf"
        },
        "callback_completed": false,
        "callback_invoked": false,
        "decision": "blocked",
        "decision_outcome_hash": "sha256:112d79cf20b522731d6edacc61f2531faa466ee0040bd27ecc273df791c86b85",
        "execution_request": {
          "action": "create",
          "arguments": {},
          "artifacts": [],
          "request_id": "repository_3ce0050eeeb641bca45b26e184803d38",
          "schema_version": "normalized_execution_request.v1",
          "target": "generated/private/secret"
        },
        "execution_request_hash": "sha256:08585f364c8305a7e36f4a79f8e74bb03c80a7f8596040b8ebee9f6bd51c3563",
        "execution_status": "not_run",
        "guard_receipt_hash": "sha256:3ffa93e829c413df6d109c46cb85a8a0c84efe0111d7ad585dc8db804a18f91d",
        "mutation_executed": false,
        "mutation_status": "not_performed",
        "run_id": "guard_run_f4147648a302690751b6adc0",
        "schema_version": "guard_execution_attestation.v2",
        "target_binding": {
          "adapter_version": "guard.repository-file.v2",
          "assurance_class": "ntfs-sharing-locks.v1",
          "authority_contract_hash": "sha256:a9ec418f20f62d8126f72f3a210841e296e5f0fafe199fd5d1f8870b81bf28f8",
          "domain_resolver": "guard.target-domain-resolver.v1",
          "schema_version": "guard_target_binding.v1",
          "target_domain": "repository_path",
          "workspace_binding_id": "workspace_bafa12247166412d96174f39769a2714"
        },
        "target_binding_hash": "sha256:c44abf322696b6baec0ca4bb39dd8eda8af7ca640654a50b5791612eae479225"
      }
    },
    "create-only/security-reviewer/modify/docs/locked.md": {
      "executed": false,
      "replay_matches": true,
      "attestation": {
        "attestation_hash": "sha256:34f7c1051089605ead9dc0ad9988d9815bb6d5c9016dd508fa58767210a2580f",
        "authority_basis": {
          "authority_evidence_hash": "sha256:18f40abd9660549081323f9b5713f771fd6fd058d13a882ef91af7320e8b9985",
          "compiled_contract_hash": "sha256:a9ec418f20f62d8126f72f3a210841e296e5f0fafe199fd5d1f8870b81bf28f8",
          "contract_id": "repository-create-only",
          "contract_version": "3.0.0",
          "declared_contract_hash": "sha256:be6ced1145454e1c0b0b10efbbbe2610460b5700a63edec0f6b1bbc803172e75",
          "kind": "published_authority",
          "runtime_facts_hash": "sha256:3ed189655cbe759a5664292fe953b736c8be62cf333cc77cc9e195504fc0f190"
        },
        "callback_completed": false,
        "callback_invoked": false,
        "decision": "blocked",
        "decision_outcome_hash": "sha256:a2aeef84abc339bde50ecc7751134fed7fac08de21a3e87cc283eb10308c2394",
        "execution_request": {
          "action": "modify",
          "arguments": {},
          "artifacts": [],
          "request_id": "repository_c4367b44762c4270a344c7448fc8d601",
          "schema_version": "normalized_execution_request.v1",
          "target": "docs/locked.md"
        },
        "execution_request_hash": "sha256:2768218b094736101bff5c592a52c920f45b4b95a8bb12ef14ef79d4cc76fa15",
        "execution_status": "not_run",
        "guard_receipt_hash": "sha256:5fa95a5a94d5f2bfff05e2c29e74c45ccf110a0a45bab6df6ab15663f8cdb7d3",
        "mutation_executed": false,
        "mutation_status": "not_performed",
        "run_id": "guard_run_469102570c2ea85099ccb384",
        "schema_version": "guard_execution_attestation.v2",
        "target_binding": {
          "adapter_version": "guard.repository-file.v2",
          "assurance_class": "ntfs-sharing-locks.v1",
          "authority_contract_hash": "sha256:a9ec418f20f62d8126f72f3a210841e296e5f0fafe199fd5d1f8870b81bf28f8",
          "domain_resolver": "guard.target-domain-resolver.v1",
          "schema_version": "guard_target_binding.v1",
          "target_domain": "repository_path",
          "workspace_binding_id": "workspace_bafa12247166412d96174f39769a2714"
        },
        "target_binding_hash": "sha256:c44abf322696b6baec0ca4bb39dd8eda8af7ca640654a50b5791612eae479225"
      }
    },
    "create-only/repository-reviewer/create/generated/new.md": {
      "executed": false,
      "replay_matches": true,
      "attestation": {
        "attestation_hash": "sha256:70d44a33d1945b619dd685de8bc455b89ddf74f2c6e281f60868549f5638ef75",
        "authority_basis": {
          "authority_evidence_hash": "sha256:55bbb6b6b5a683b0fe878b1ddcdddd396138b28872ab2b7f98e5de3f2f66d825",
          "compiled_contract_hash": "sha256:a9ec418f20f62d8126f72f3a210841e296e5f0fafe199fd5d1f8870b81bf28f8",
          "contract_id": "repository-create-only",
          "contract_version": "3.0.0",
          "declared_contract_hash": "sha256:be6ced1145454e1c0b0b10efbbbe2610460b5700a63edec0f6b1bbc803172e75",
          "kind": "published_authority",
          "runtime_facts_hash": "sha256:73de19707196f23b0c8223a2a7990e751bda18b82a3a7bbc3b7352cd93925e2e"
        },
        "callback_completed": false,
        "callback_invoked": false,
        "decision": "blocked",
        "decision_outcome_hash": "sha256:039f2d0e72997928c55c03dc9708cad6b3e76816b616f76f9ae14457c2b4d769",
        "execution_request": {
          "action": "create",
          "arguments": {},
          "artifacts": [],
          "request_id": "repository_1e2a39aed8a843d19c8f0a02b863cefa",
          "schema_version": "normalized_execution_request.v1",
          "target": "generated/new.md"
        },
        "execution_request_hash": "sha256:0180a302c95495f5b0152b3e06f7660a4648681e09d5a750d7229e863ed14822",
        "execution_status": "not_run",
        "guard_receipt_hash": "sha256:6fb9e0b6169a84bcc65659633a480deff41c2aa349a018c5cff55021f1adf9d0",
        "mutation_executed": false,
        "mutation_status": "not_performed",
        "run_id": "guard_run_40342102a6f417557974b0d0",
        "schema_version": "guard_execution_attestation.v2",
        "target_binding": {
          "adapter_version": "guard.repository-file.v2",
          "assurance_class": "ntfs-sharing-locks.v1",
          "authority_contract_hash": "sha256:a9ec418f20f62d8126f72f3a210841e296e5f0fafe199fd5d1f8870b81bf28f8",
          "domain_resolver": "guard.target-domain-resolver.v1",
          "schema_version": "guard_target_binding.v1",
          "target_domain": "repository_path",
          "workspace_binding_id": "workspace_80a5d74108b549a8a745ae54854effdb"
        },
        "target_binding_hash": "sha256:49f65ced1f439acce74bdfc677292578a58674a2d100b2cf520ab96c5f95f3e0"
      }
    },
    "create-only/repository-reviewer/modify/README.md": {
      "executed": false,
      "replay_matches": true,
      "attestation": {
        "attestation_hash": "sha256:5718639bb5a77d89495c1a2689dc5c25a7e82f351ed16415b7ce23ca6efbda45",
        "authority_basis": {
          "authority_evidence_hash": "sha256:faaf1c00481b8e0c4328aa9fea66e317064e5dfbe6b48f44fa822c67d432f872",
          "compiled_contract_hash": "sha256:a9ec418f20f62d8126f72f3a210841e296e5f0fafe199fd5d1f8870b81bf28f8",
          "contract_id": "repository-create-only",
          "contract_version": "3.0.0",
          "declared_contract_hash": "sha256:be6ced1145454e1c0b0b10efbbbe2610460b5700a63edec0f6b1bbc803172e75",
          "kind": "published_authority",
          "runtime_facts_hash": "sha256:ffc65ec474f7277ad73a1877f80f42bf65622a9a2fd64843d093778923965cd9"
        },
        "callback_completed": false,
        "callback_invoked": false,
        "decision": "blocked",
        "decision_outcome_hash": "sha256:a2aeef84abc339bde50ecc7751134fed7fac08de21a3e87cc283eb10308c2394",
        "execution_request": {
          "action": "modify",
          "arguments": {},
          "artifacts": [],
          "request_id": "repository_f2facc56d67e46cfbe03d2e28ed768c6",
          "schema_version": "normalized_execution_request.v1",
          "target": "README.md"
        },
        "execution_request_hash": "sha256:45e098b7e729c6af45991c64c278911b74a6d24baef1405383a9d366f68ea501",
        "execution_status": "not_run",
        "guard_receipt_hash": "sha256:ef14d74e91f8fb6e9507e1d13075d98507e9e45ac49b378c201f175908f824ad",
        "mutation_executed": false,
        "mutation_status": "not_performed",
        "run_id": "guard_run_556c84eeecca3c6f4b8888d2",
        "schema_version": "guard_execution_attestation.v2",
        "target_binding": {
          "adapter_version": "guard.repository-file.v2",
          "assurance_class": "ntfs-sharing-locks.v1",
          "authority_contract_hash": "sha256:a9ec418f20f62d8126f72f3a210841e296e5f0fafe199fd5d1f8870b81bf28f8",
          "domain_resolver": "guard.target-domain-resolver.v1",
          "schema_version": "guard_target_binding.v1",
          "target_domain": "repository_path",
          "workspace_binding_id": "workspace_80a5d74108b549a8a745ae54854effdb"
        },
        "target_binding_hash": "sha256:49f65ced1f439acce74bdfc677292578a58674a2d100b2cf520ab96c5f95f3e0"
      }
    },
    "create-only/repository-reviewer/create/README.md": {
      "executed": false,
      "replay_matches": true,
      "attestation": {
        "attestation_hash": "sha256:e5cc6c9987c4e4f862332bcdb38aa9251b5b0d6c9feef89ae913b75c3d13b2f4",
        "authority_basis": {
          "authority_evidence_hash": "sha256:0dd04101dcf4bdb83ea5f26184beec1c47d10ad34fc8764354382fe01fd2bda6",
          "compiled_contract_hash": "sha256:a9ec418f20f62d8126f72f3a210841e296e5f0fafe199fd5d1f8870b81bf28f8",
          "contract_id": "repository-create-only",
          "contract_version": "3.0.0",
          "declared_contract_hash": "sha256:be6ced1145454e1c0b0b10efbbbe2610460b5700a63edec0f6b1bbc803172e75",
          "kind": "published_authority",
          "runtime_facts_hash": "sha256:33e1a0dd3319062e325d12431d329db02cb9efe43356015d4c4f00f420d9c454"
        },
        "callback_completed": false,
        "callback_invoked": false,
        "decision": "blocked",
        "decision_outcome_hash": "sha256:7d36efa3aafd70d349be3a17314b6bb645ce9e66dc5595c86389dfa882b70d44",
        "execution_request": {
          "action": "create",
          "arguments": {},
          "artifacts": [],
          "request_id": "repository_7362f0d541c74c30ab5065b3eaa4bb09",
          "schema_version": "normalized_execution_request.v1",
          "target": "README.md"
        },
        "execution_request_hash": "sha256:3b7c8bb77522e1d83646598b205826cc5aca1d8bd631862c1edbbcdaff922aa3",
        "execution_status": "not_run",
        "guard_receipt_hash": "sha256:f2c6f8bb954596af09b6517cb9e9effcac385da3fb594d1b6eb277d91b9d1a11",
        "mutation_executed": false,
        "mutation_status": "not_performed",
        "run_id": "guard_run_b8bc75a4e3bb51292fa73544",
        "schema_version": "guard_execution_attestation.v2",
        "target_binding": {
          "adapter_version": "guard.repository-file.v2",
          "assurance_class": "ntfs-sharing-locks.v1",
          "authority_contract_hash": "sha256:a9ec418f20f62d8126f72f3a210841e296e5f0fafe199fd5d1f8870b81bf28f8",
          "domain_resolver": "guard.target-domain-resolver.v1",
          "schema_version": "guard_target_binding.v1",
          "target_domain": "repository_path",
          "workspace_binding_id": "workspace_80a5d74108b549a8a745ae54854effdb"
        },
        "target_binding_hash": "sha256:49f65ced1f439acce74bdfc677292578a58674a2d100b2cf520ab96c5f95f3e0"
      }
    },
    "create-only/repository-reviewer/modify/generated/new.md": {
      "executed": false,
      "replay_matches": true,
      "attestation": {
        "attestation_hash": "sha256:0f0b4fed58b3755b0d2606a658d2462a78fe67d8755d78e63c35c9277f755116",
        "authority_basis": {
          "authority_evidence_hash": "sha256:3710503ab7cd4d8aee63f964224fb1df8abe22a0c2db0c32357328a2efcdde19",
          "compiled_contract_hash": "sha256:a9ec418f20f62d8126f72f3a210841e296e5f0fafe199fd5d1f8870b81bf28f8",
          "contract_id": "repository-create-only",
          "contract_version": "3.0.0",
          "declared_contract_hash": "sha256:be6ced1145454e1c0b0b10efbbbe2610460b5700a63edec0f6b1bbc803172e75",
          "kind": "published_authority",
          "runtime_facts_hash": "sha256:c818f2bfaeb067495622894acb8be0eda4a7f428e6d2bdde533f41d59b7095c1"
        },
        "callback_completed": false,
        "callback_invoked": false,
        "decision": "blocked",
        "decision_outcome_hash": "sha256:a2aeef84abc339bde50ecc7751134fed7fac08de21a3e87cc283eb10308c2394",
        "execution_request": {
          "action": "modify",
          "arguments": {},
          "artifacts": [],
          "request_id": "repository_992d60c4f07145af947b557a609cfbaf",
          "schema_version": "normalized_execution_request.v1",
          "target": "generated/new.md"
        },
        "execution_request_hash": "sha256:c31b62a4699a336f2496b9521fd4099712591a05e0b773a3f84ff5dcaab4134a",
        "execution_status": "not_run",
        "guard_receipt_hash": "sha256:10869442e56d60969123daa1f07cc237125f53b257ada8120b34b6c2a7173c58",
        "mutation_executed": false,
        "mutation_status": "not_performed",
        "run_id": "guard_run_4c0bd06d2b93424e117b4091",
        "schema_version": "guard_execution_attestation.v2",
        "target_binding": {
          "adapter_version": "guard.repository-file.v2",
          "assurance_class": "ntfs-sharing-locks.v1",
          "authority_contract_hash": "sha256:a9ec418f20f62d8126f72f3a210841e296e5f0fafe199fd5d1f8870b81bf28f8",
          "domain_resolver": "guard.target-domain-resolver.v1",
          "schema_version": "guard_target_binding.v1",
          "target_domain": "repository_path",
          "workspace_binding_id": "workspace_80a5d74108b549a8a745ae54854effdb"
        },
        "target_binding_hash": "sha256:49f65ced1f439acce74bdfc677292578a58674a2d100b2cf520ab96c5f95f3e0"
      }
    },
    "create-only/repository-reviewer/create/generated/private/secret": {
      "executed": false,
      "replay_matches": true,
      "attestation": {
        "attestation_hash": "sha256:2fa05e475a93dc7bbbc130a213d865e629b1f70169135860960677febbe287f4",
        "authority_basis": {
          "authority_evidence_hash": "sha256:b4e1895b9ea0acabdf6f4200805a63e40e495ba38678c2bdf25cdbc3abb61dbe",
          "compiled_contract_hash": "sha256:a9ec418f20f62d8126f72f3a210841e296e5f0fafe199fd5d1f8870b81bf28f8",
          "contract_id": "repository-create-only",
          "contract_version": "3.0.0",
          "declared_contract_hash": "sha256:be6ced1145454e1c0b0b10efbbbe2610460b5700a63edec0f6b1bbc803172e75",
          "kind": "published_authority",
          "runtime_facts_hash": "sha256:41963d4bf71eccc1a0ed53fa1bb8defd3114f5f4fe99f997d538cb422cd347c6"
        },
        "callback_completed": false,
        "callback_invoked": false,
        "decision": "blocked",
        "decision_outcome_hash": "sha256:1705c1ec261e7a159004cae6c36780166c73de6682049981ed216440f2055154",
        "execution_request": {
          "action": "create",
          "arguments": {},
          "artifacts": [],
          "request_id": "repository_e280a4b6ee2b4db5ad8b2063857bbffb",
          "schema_version": "normalized_execution_request.v1",
          "target": "generated/private/secret"
        },
        "execution_request_hash": "sha256:d2655f165ade77485eca006c1578cbfbf8f75388963598d46ed2af7ca101df45",
        "execution_status": "not_run",
        "guard_receipt_hash": "sha256:a398d92884606569b1b9cec0f2f918550de29da4b93d54aba3fce87a518e3767",
        "mutation_executed": false,
        "mutation_status": "not_performed",
        "run_id": "guard_run_d25f5f8c4fb0dbba16e38592",
        "schema_version": "guard_execution_attestation.v2",
        "target_binding": {
          "adapter_version": "guard.repository-file.v2",
          "assurance_class": "ntfs-sharing-locks.v1",
          "authority_contract_hash": "sha256:a9ec418f20f62d8126f72f3a210841e296e5f0fafe199fd5d1f8870b81bf28f8",
          "domain_resolver": "guard.target-domain-resolver.v1",
          "schema_version": "guard_target_binding.v1",
          "target_domain": "repository_path",
          "workspace_binding_id": "workspace_80a5d74108b549a8a745ae54854effdb"
        },
        "target_binding_hash": "sha256:49f65ced1f439acce74bdfc677292578a58674a2d100b2cf520ab96c5f95f3e0"
      }
    },
    "create-only/repository-reviewer/modify/docs/locked.md": {
      "executed": false,
      "replay_matches": true,
      "attestation": {
        "attestation_hash": "sha256:6def6ef3c8913d64f4046953d8ecab79fbad01c72fc3fffaeda64d0b69fbc833",
        "authority_basis": {
          "authority_evidence_hash": "sha256:19443046d7ae694d6fc381068fa0dc04a78a62fa2c5ef462d6f1ad1f69a069a1",
          "compiled_contract_hash": "sha256:a9ec418f20f62d8126f72f3a210841e296e5f0fafe199fd5d1f8870b81bf28f8",
          "contract_id": "repository-create-only",
          "contract_version": "3.0.0",
          "declared_contract_hash": "sha256:be6ced1145454e1c0b0b10efbbbe2610460b5700a63edec0f6b1bbc803172e75",
          "kind": "published_authority",
          "runtime_facts_hash": "sha256:a1de6f90b486808f806c2471e892b110b5a4fece9041fad47c16f93dd11d9aa2"
        },
        "callback_completed": false,
        "callback_invoked": false,
        "decision": "blocked",
        "decision_outcome_hash": "sha256:a2aeef84abc339bde50ecc7751134fed7fac08de21a3e87cc283eb10308c2394",
        "execution_request": {
          "action": "modify",
          "arguments": {},
          "artifacts": [],
          "request_id": "repository_94539505ec6844b1a22521cff5070749",
          "schema_version": "normalized_execution_request.v1",
          "target": "docs/locked.md"
        },
        "execution_request_hash": "sha256:37b01ad9f56cd427f4923221b7af3c93455b5df3a1a375762e8640dbf01c0c1a",
        "execution_status": "not_run",
        "guard_receipt_hash": "sha256:cbe50608ff40ca71d5fd3c5258656a01221a1e17e585e76c74b06da4786b4ab1",
        "mutation_executed": false,
        "mutation_status": "not_performed",
        "run_id": "guard_run_08d4e3f23391d9281fa5add1",
        "schema_version": "guard_execution_attestation.v2",
        "target_binding": {
          "adapter_version": "guard.repository-file.v2",
          "assurance_class": "ntfs-sharing-locks.v1",
          "authority_contract_hash": "sha256:a9ec418f20f62d8126f72f3a210841e296e5f0fafe199fd5d1f8870b81bf28f8",
          "domain_resolver": "guard.target-domain-resolver.v1",
          "schema_version": "guard_target_binding.v1",
          "target_domain": "repository_path",
          "workspace_binding_id": "workspace_80a5d74108b549a8a745ae54854effdb"
        },
        "target_binding_hash": "sha256:49f65ced1f439acce74bdfc677292578a58674a2d100b2cf520ab96c5f95f3e0"
      }
    },
    "modify-only/repository-maintainer/create/generated/new.md": {
      "executed": false,
      "replay_matches": true,
      "attestation": {
        "attestation_hash": "sha256:c57c5e03d634ef232d103d206d662844e8968656fe0d64b04bc0931672af55d0",
        "authority_basis": {
          "authority_evidence_hash": "sha256:db30aa28250e447e83f32b39d19cf6775a82bb371e271cc946580e4b089bb228",
          "compiled_contract_hash": "sha256:00a5bfb9d22de0de6bc3e9cc36601c1b0374926f4241d41d1a270746d7d03f0f",
          "contract_id": "repository-modify-only",
          "contract_version": "3.0.0",
          "declared_contract_hash": "sha256:708238ca387de13b3507e90a7621fc0cca5632e47524e5b4ba89ef0c04690783",
          "kind": "published_authority",
          "runtime_facts_hash": "sha256:f22f2f0b0b4d855df25c7f2c0d6da429815b35eb7472b6ce2a11031d91b71a74"
        },
        "callback_completed": false,
        "callback_invoked": false,
        "decision": "blocked",
        "decision_outcome_hash": "sha256:c84290794a92d962e1bf507a9911e9ed17158dc1784f4a611e29e738eb39667c",
        "execution_request": {
          "action": "create",
          "arguments": {},
          "artifacts": [],
          "request_id": "repository_3ac0c67d340246a3a2088dac23e24a6f",
          "schema_version": "normalized_execution_request.v1",
          "target": "generated/new.md"
        },
        "execution_request_hash": "sha256:5c63c07c46764c32eacc6d4a4fafb3f2aaf794a0cf98f0068bdd6c558d24c7b6",
        "execution_status": "not_run",
        "guard_receipt_hash": "sha256:3bad2d151f9318ad45ec1b3d2dbe8af29ab6161c255829043be46c72f6b1a428",
        "mutation_executed": false,
        "mutation_status": "not_performed",
        "run_id": "guard_run_5487355e746f74ab8f948f7c",
        "schema_version": "guard_execution_attestation.v2",
        "target_binding": {
          "adapter_version": "guard.repository-file.v2",
          "assurance_class": "ntfs-sharing-locks.v1",
          "authority_contract_hash": "sha256:00a5bfb9d22de0de6bc3e9cc36601c1b0374926f4241d41d1a270746d7d03f0f",
          "domain_resolver": "guard.target-domain-resolver.v1",
          "schema_version": "guard_target_binding.v1",
          "target_domain": "repository_path",
          "workspace_binding_id": "workspace_a667437cc0f348419ea89836dafde9db"
        },
        "target_binding_hash": "sha256:a8ee488280914b9a78eeb1c90c4e0ca048f5f788e4c4a8c1061ea96419db3a8e"
      }
    },
    "modify-only/repository-maintainer/modify/docs/open.md": {
      "executed": false,
      "replay_matches": true,
      "attestation": {
        "attestation_hash": "sha256:ea0c8774a4409912947e97d3b18cb0ab656360ce6efa6ece5c67552474f51fd8",
        "authority_basis": {
          "authority_evidence_hash": "sha256:01228950c2b2281d290d8d37b8f412b121720c67ac9cd68ae96ce0c520aedccf",
          "compiled_contract_hash": "sha256:00a5bfb9d22de0de6bc3e9cc36601c1b0374926f4241d41d1a270746d7d03f0f",
          "contract_id": "repository-modify-only",
          "contract_version": "3.0.0",
          "declared_contract_hash": "sha256:708238ca387de13b3507e90a7621fc0cca5632e47524e5b4ba89ef0c04690783",
          "kind": "published_authority",
          "runtime_facts_hash": "sha256:fdded3fb6abf61f0d12da235abdfc47bde6b7ab274f6a8f0aad2ce7a0c8fa430"
        },
        "callback_completed": false,
        "callback_invoked": false,
        "decision": "blocked",
        "decision_outcome_hash": "sha256:f076aaf819917f69f90df502edea04c3eb79d8ecd524ec632b41ca8707b31458",
        "execution_request": {
          "action": "modify",
          "arguments": {},
          "artifacts": [],
          "request_id": "repository_68f27ec2af70499ba2ca0773c78d7e14",
          "schema_version": "normalized_execution_request.v1",
          "target": "docs/open.md"
        },
        "execution_request_hash": "sha256:c21852c29cf5e83ce45a0bfdac0dff8d356f7b786aba0d2faa8d15886c173950",
        "execution_status": "not_run",
        "guard_receipt_hash": "sha256:35ae2de42d7eb79651a6a849285642f7403c672d9f3f6716b0dcefc5326e961c",
        "mutation_executed": false,
        "mutation_status": "not_performed",
        "run_id": "guard_run_e63383e658c81e59a200119c",
        "schema_version": "guard_execution_attestation.v2",
        "target_binding": {
          "adapter_version": "guard.repository-file.v2",
          "assurance_class": "ntfs-sharing-locks.v1",
          "authority_contract_hash": "sha256:00a5bfb9d22de0de6bc3e9cc36601c1b0374926f4241d41d1a270746d7d03f0f",
          "domain_resolver": "guard.target-domain-resolver.v1",
          "schema_version": "guard_target_binding.v1",
          "target_domain": "repository_path",
          "workspace_binding_id": "workspace_a667437cc0f348419ea89836dafde9db"
        },
        "target_binding_hash": "sha256:a8ee488280914b9a78eeb1c90c4e0ca048f5f788e4c4a8c1061ea96419db3a8e"
      }
    },
    "modify-only/repository-maintainer/create/README.md": {
      "executed": false,
      "replay_matches": true,
      "attestation": {
        "attestation_hash": "sha256:9dbf8b164817a1a3772aedcd71d6a6402e5d5fcd6f90e44eba948961b0681b5d",
        "authority_basis": {
          "authority_evidence_hash": "sha256:8a4c7894f269d12edb3d742b8b76b466dd3cb727fbdf9bfc92aab4af91e60616",
          "compiled_contract_hash": "sha256:00a5bfb9d22de0de6bc3e9cc36601c1b0374926f4241d41d1a270746d7d03f0f",
          "contract_id": "repository-modify-only",
          "contract_version": "3.0.0",
          "declared_contract_hash": "sha256:708238ca387de13b3507e90a7621fc0cca5632e47524e5b4ba89ef0c04690783",
          "kind": "published_authority",
          "runtime_facts_hash": "sha256:84f6b3e4bd1af9a0699f07a6538cd1c72ee2e2be3ff31119c774dbb9fd1799dd"
        },
        "callback_completed": false,
        "callback_invoked": false,
        "decision": "blocked",
        "decision_outcome_hash": "sha256:c84290794a92d962e1bf507a9911e9ed17158dc1784f4a611e29e738eb39667c",
        "execution_request": {
          "action": "create",
          "arguments": {},
          "artifacts": [],
          "request_id": "repository_2ef988bc4f8b464080857f47310cea87",
          "schema_version": "normalized_execution_request.v1",
          "target": "README.md"
        },
        "execution_request_hash": "sha256:4e55f68cb0caba521a74e7b815c8fe9a109be4a6d787ed2f4683d3380e6ee16f",
        "execution_status": "not_run",
        "guard_receipt_hash": "sha256:5cd0398d3521c3efb71f3c001ba8a3df18469206bb1e05dbe96c69464495010d",
        "mutation_executed": false,
        "mutation_status": "not_performed",
        "run_id": "guard_run_9a8bb3ab86b513d1572434e7",
        "schema_version": "guard_execution_attestation.v2",
        "target_binding": {
          "adapter_version": "guard.repository-file.v2",
          "assurance_class": "ntfs-sharing-locks.v1",
          "authority_contract_hash": "sha256:00a5bfb9d22de0de6bc3e9cc36601c1b0374926f4241d41d1a270746d7d03f0f",
          "domain_resolver": "guard.target-domain-resolver.v1",
          "schema_version": "guard_target_binding.v1",
          "target_domain": "repository_path",
          "workspace_binding_id": "workspace_a667437cc0f348419ea89836dafde9db"
        },
        "target_binding_hash": "sha256:a8ee488280914b9a78eeb1c90c4e0ca048f5f788e4c4a8c1061ea96419db3a8e"
      }
    },
    "modify-only/repository-maintainer/modify/generated/new.md": {
      "executed": false,
      "replay_matches": true,
      "attestation": {
        "attestation_hash": "sha256:92d3d57ae66937e6529ba633194ba4038cc4483538da96fe087a7df2091a29ff",
        "authority_basis": {
          "authority_evidence_hash": "sha256:730dcab4720701ec6086d38b624d293f64ccd03e63a368f2b5b83ab35c7b3379",
          "compiled_contract_hash": "sha256:00a5bfb9d22de0de6bc3e9cc36601c1b0374926f4241d41d1a270746d7d03f0f",
          "contract_id": "repository-modify-only",
          "contract_version": "3.0.0",
          "declared_contract_hash": "sha256:708238ca387de13b3507e90a7621fc0cca5632e47524e5b4ba89ef0c04690783",
          "kind": "published_authority",
          "runtime_facts_hash": "sha256:daaebb6870775dba14d8857b98158ef327a93481dd64246a76b3dae81d989c88"
        },
        "callback_completed": false,
        "callback_invoked": false,
        "decision": "blocked",
        "decision_outcome_hash": "sha256:a0bcf64b1cb6601919b9c6fe5b07fdd66175c6675cbaa8258c5409be21ac228d",
        "execution_request": {
          "action": "modify",
          "arguments": {},
          "artifacts": [],
          "request_id": "repository_876483f5b91b47a5b089cb7e974c499d",
          "schema_version": "normalized_execution_request.v1",
          "target": "generated/new.md"
        },
        "execution_request_hash": "sha256:bc8f57782cf9e57635e2b358ec0f69a84658a99253ed092d886173947e62c107",
        "execution_status": "not_run",
        "guard_receipt_hash": "sha256:ab157fa6276d39f37ecf560c1a4c7358214e5555bb8e3e0360b3c5b25aff39f9",
        "mutation_executed": false,
        "mutation_status": "not_performed",
        "run_id": "guard_run_d8ee140f13b91e92034b4aef",
        "schema_version": "guard_execution_attestation.v2",
        "target_binding": {
          "adapter_version": "guard.repository-file.v2",
          "assurance_class": "ntfs-sharing-locks.v1",
          "authority_contract_hash": "sha256:00a5bfb9d22de0de6bc3e9cc36601c1b0374926f4241d41d1a270746d7d03f0f",
          "domain_resolver": "guard.target-domain-resolver.v1",
          "schema_version": "guard_target_binding.v1",
          "target_domain": "repository_path",
          "workspace_binding_id": "workspace_a667437cc0f348419ea89836dafde9db"
        },
        "target_binding_hash": "sha256:a8ee488280914b9a78eeb1c90c4e0ca048f5f788e4c4a8c1061ea96419db3a8e"
      }
    },
    "modify-only/repository-maintainer/create/generated/private/secret": {
      "executed": false,
      "replay_matches": true,
      "attestation": {
        "attestation_hash": "sha256:551651a072165d4650445914c99d6382e5b75759b1612736fd83abc1bf588127",
        "authority_basis": {
          "authority_evidence_hash": "sha256:92dc1c4bb2ebc2f38cb1c9622f022c6809f79b4e8840960f5e95bd3ab915bc72",
          "compiled_contract_hash": "sha256:00a5bfb9d22de0de6bc3e9cc36601c1b0374926f4241d41d1a270746d7d03f0f",
          "contract_id": "repository-modify-only",
          "contract_version": "3.0.0",
          "declared_contract_hash": "sha256:708238ca387de13b3507e90a7621fc0cca5632e47524e5b4ba89ef0c04690783",
          "kind": "published_authority",
          "runtime_facts_hash": "sha256:b9aaa55ceba7137322fd2fc07fa52a49554cded809c97daaa5d001432f6db305"
        },
        "callback_completed": false,
        "callback_invoked": false,
        "decision": "blocked",
        "decision_outcome_hash": "sha256:c84290794a92d962e1bf507a9911e9ed17158dc1784f4a611e29e738eb39667c",
        "execution_request": {
          "action": "create",
          "arguments": {},
          "artifacts": [],
          "request_id": "repository_ae72ffe438324d9fb9ac3b6169932452",
          "schema_version": "normalized_execution_request.v1",
          "target": "generated/private/secret"
        },
        "execution_request_hash": "sha256:26f9f0db990e0163c165d12d4ddd5403aeec943449d8bda05ad44b985b30b306",
        "execution_status": "not_run",
        "guard_receipt_hash": "sha256:1cbc0c38cb06fa058ffa3911e259a36f08b2ebc0ef86afc2f220890ed81fb245",
        "mutation_executed": false,
        "mutation_status": "not_performed",
        "run_id": "guard_run_9c738b52d6917c3c64685c1d",
        "schema_version": "guard_execution_attestation.v2",
        "target_binding": {
          "adapter_version": "guard.repository-file.v2",
          "assurance_class": "ntfs-sharing-locks.v1",
          "authority_contract_hash": "sha256:00a5bfb9d22de0de6bc3e9cc36601c1b0374926f4241d41d1a270746d7d03f0f",
          "domain_resolver": "guard.target-domain-resolver.v1",
          "schema_version": "guard_target_binding.v1",
          "target_domain": "repository_path",
          "workspace_binding_id": "workspace_a667437cc0f348419ea89836dafde9db"
        },
        "target_binding_hash": "sha256:a8ee488280914b9a78eeb1c90c4e0ca048f5f788e4c4a8c1061ea96419db3a8e"
      }
    },
    "modify-only/repository-maintainer/modify/docs/locked.md": {
      "executed": false,
      "replay_matches": true,
      "attestation": {
        "attestation_hash": "sha256:f8afc193d3ddeaffb280ab51bd7922d3b3db8630dd73194101277af470c39338",
        "authority_basis": {
          "authority_evidence_hash": "sha256:1fcdfb817394358b630f5704f46d3e5ef87cd4c64e5adada487b0b11f0766cfb",
          "compiled_contract_hash": "sha256:00a5bfb9d22de0de6bc3e9cc36601c1b0374926f4241d41d1a270746d7d03f0f",
          "contract_id": "repository-modify-only",
          "contract_version": "3.0.0",
          "declared_contract_hash": "sha256:708238ca387de13b3507e90a7621fc0cca5632e47524e5b4ba89ef0c04690783",
          "kind": "published_authority",
          "runtime_facts_hash": "sha256:c7e4e2866683ca9a5eb68c1d5eb1e6f02c582fb4331ad57a2972a217ea1277ad"
        },
        "callback_completed": false,
        "callback_invoked": false,
        "decision": "blocked",
        "decision_outcome_hash": "sha256:a98f5be2459940f6c503801c48e50e31f9c43fc73df2865fe7d0bc89cc92f06b",
        "execution_request": {
          "action": "modify",
          "arguments": {},
          "artifacts": [],
          "request_id": "repository_5baf32f445ba46ffa9a58e8dfce88a0a",
          "schema_version": "normalized_execution_request.v1",
          "target": "docs/locked.md"
        },
        "execution_request_hash": "sha256:1744e5340522eb569c72efa61075e3cdf11113cdd75777f2a56772dbb7ecdbb6",
        "execution_status": "not_run",
        "guard_receipt_hash": "sha256:9943d28bff357e1bd6ae09813a837cb2d39a8db1db23bf723834f5239608a527",
        "mutation_executed": false,
        "mutation_status": "not_performed",
        "run_id": "guard_run_fb418feb46f907bc3af0d0f3",
        "schema_version": "guard_execution_attestation.v2",
        "target_binding": {
          "adapter_version": "guard.repository-file.v2",
          "assurance_class": "ntfs-sharing-locks.v1",
          "authority_contract_hash": "sha256:00a5bfb9d22de0de6bc3e9cc36601c1b0374926f4241d41d1a270746d7d03f0f",
          "domain_resolver": "guard.target-domain-resolver.v1",
          "schema_version": "guard_target_binding.v1",
          "target_domain": "repository_path",
          "workspace_binding_id": "workspace_a667437cc0f348419ea89836dafde9db"
        },
        "target_binding_hash": "sha256:a8ee488280914b9a78eeb1c90c4e0ca048f5f788e4c4a8c1061ea96419db3a8e"
      }
    },
    "modify-only/security-reviewer/create/generated/new.md": {
      "executed": false,
      "replay_matches": true,
      "attestation": {
        "attestation_hash": "sha256:60fe2a84785fdf91790b745178e9c5cae4fc332bde7b83bbe175aac1e7608802",
        "authority_basis": {
          "authority_evidence_hash": "sha256:095549141c4c0bdf1353d4aa1a85feb364d003f1f63e6be8c5c9c080b0a2c523",
          "compiled_contract_hash": "sha256:00a5bfb9d22de0de6bc3e9cc36601c1b0374926f4241d41d1a270746d7d03f0f",
          "contract_id": "repository-modify-only",
          "contract_version": "3.0.0",
          "declared_contract_hash": "sha256:708238ca387de13b3507e90a7621fc0cca5632e47524e5b4ba89ef0c04690783",
          "kind": "published_authority",
          "runtime_facts_hash": "sha256:12e24cb4d38a5178b86bf5a47043707071698d06271342d102da7addc7cd5610"
        },
        "callback_completed": false,
        "callback_invoked": false,
        "decision": "blocked",
        "decision_outcome_hash": "sha256:c84290794a92d962e1bf507a9911e9ed17158dc1784f4a611e29e738eb39667c",
        "execution_request": {
          "action": "create",
          "arguments": {},
          "artifacts": [],
          "request_id": "repository_db2fe899d5314006b79fb79a6012fdfb",
          "schema_version": "normalized_execution_request.v1",
          "target": "generated/new.md"
        },
        "execution_request_hash": "sha256:41d16506255701d92a21b78d3a621e5ee48d510b28ad5df7ec92c30f4766ea94",
        "execution_status": "not_run",
        "guard_receipt_hash": "sha256:84e390a8f48ad6fc0d5e537007a7d8f1d06000ca2b131733d7f648f6f9382fe7",
        "mutation_executed": false,
        "mutation_status": "not_performed",
        "run_id": "guard_run_fa7113d7060e6b2fb24034ab",
        "schema_version": "guard_execution_attestation.v2",
        "target_binding": {
          "adapter_version": "guard.repository-file.v2",
          "assurance_class": "ntfs-sharing-locks.v1",
          "authority_contract_hash": "sha256:00a5bfb9d22de0de6bc3e9cc36601c1b0374926f4241d41d1a270746d7d03f0f",
          "domain_resolver": "guard.target-domain-resolver.v1",
          "schema_version": "guard_target_binding.v1",
          "target_domain": "repository_path",
          "workspace_binding_id": "workspace_658029dbc4844c7b9645fe4c2d9ff818"
        },
        "target_binding_hash": "sha256:5facab924a83ceeadeeef8b35c1bad87593cd4b2573d3c47e8d5f4e373632f87"
      }
    },
    "modify-only/security-reviewer/modify/docs/open.md": {
      "executed": false,
      "replay_matches": true,
      "attestation": {
        "attestation_hash": "sha256:211bdf9b20da33460a20c00bce707dc7623f93dfa8c2c29314ee2abf4164d6be",
        "authority_basis": {
          "authority_evidence_hash": "sha256:1170f05c4ff4729c0f73331d8cf423d2da2d8529689e5fac04fd48a2df645054",
          "compiled_contract_hash": "sha256:00a5bfb9d22de0de6bc3e9cc36601c1b0374926f4241d41d1a270746d7d03f0f",
          "contract_id": "repository-modify-only",
          "contract_version": "3.0.0",
          "declared_contract_hash": "sha256:708238ca387de13b3507e90a7621fc0cca5632e47524e5b4ba89ef0c04690783",
          "kind": "published_authority",
          "runtime_facts_hash": "sha256:c4628ceaefe31f8105b91df0abdec47c20724d9044e9caeb83679ade2fa46db2"
        },
        "callback_completed": false,
        "callback_invoked": false,
        "decision": "blocked",
        "decision_outcome_hash": "sha256:674343c8b78dd316cb2f575e7008c1b25c5949f2b66d7d193fc78542ea8cf0b4",
        "execution_request": {
          "action": "modify",
          "arguments": {},
          "artifacts": [],
          "request_id": "repository_64984a93942b44f6b464af858300a805",
          "schema_version": "normalized_execution_request.v1",
          "target": "docs/open.md"
        },
        "execution_request_hash": "sha256:4d0b811eed679cc8e3149cf65177d31a8e38d5bb20712f3a6298cd90aa96e350",
        "execution_status": "not_run",
        "guard_receipt_hash": "sha256:9c10609735d67c72d7f0c90462e4b4b1b9512a3d8ab0695f0b4c05e5dcb08eb7",
        "mutation_executed": false,
        "mutation_status": "not_performed",
        "run_id": "guard_run_695cf3131c845576d6986902",
        "schema_version": "guard_execution_attestation.v2",
        "target_binding": {
          "adapter_version": "guard.repository-file.v2",
          "assurance_class": "ntfs-sharing-locks.v1",
          "authority_contract_hash": "sha256:00a5bfb9d22de0de6bc3e9cc36601c1b0374926f4241d41d1a270746d7d03f0f",
          "domain_resolver": "guard.target-domain-resolver.v1",
          "schema_version": "guard_target_binding.v1",
          "target_domain": "repository_path",
          "workspace_binding_id": "workspace_658029dbc4844c7b9645fe4c2d9ff818"
        },
        "target_binding_hash": "sha256:5facab924a83ceeadeeef8b35c1bad87593cd4b2573d3c47e8d5f4e373632f87"
      }
    },
    "modify-only/security-reviewer/create/README.md": {
      "executed": false,
      "replay_matches": true,
      "attestation": {
        "attestation_hash": "sha256:6cda3c86305c9475c656ca260185a7156c389059443291315b8d3a02224c9323",
        "authority_basis": {
          "authority_evidence_hash": "sha256:4d8d99690864056aeca97b5db3e3ba6384972788fd5877c2712927d99aa4e4b7",
          "compiled_contract_hash": "sha256:00a5bfb9d22de0de6bc3e9cc36601c1b0374926f4241d41d1a270746d7d03f0f",
          "contract_id": "repository-modify-only",
          "contract_version": "3.0.0",
          "declared_contract_hash": "sha256:708238ca387de13b3507e90a7621fc0cca5632e47524e5b4ba89ef0c04690783",
          "kind": "published_authority",
          "runtime_facts_hash": "sha256:5aa085660449062a00f7c2c8f2a1eac8061c718395986a1910569b8f68bb0940"
        },
        "callback_completed": false,
        "callback_invoked": false,
        "decision": "blocked",
        "decision_outcome_hash": "sha256:c84290794a92d962e1bf507a9911e9ed17158dc1784f4a611e29e738eb39667c",
        "execution_request": {
          "action": "create",
          "arguments": {},
          "artifacts": [],
          "request_id": "repository_ac02b40413bb451b8f5b523a2741e272",
          "schema_version": "normalized_execution_request.v1",
          "target": "README.md"
        },
        "execution_request_hash": "sha256:275374d6ba9ed0b6191846b865da26064dd866c1f59c2138c88bd5ab73e6d326",
        "execution_status": "not_run",
        "guard_receipt_hash": "sha256:9b62d338875b75b9d12fce489a763836026e37b274fb5034c450b97bdd1178cb",
        "mutation_executed": false,
        "mutation_status": "not_performed",
        "run_id": "guard_run_97bfa9c0ac2f467fd30554bc",
        "schema_version": "guard_execution_attestation.v2",
        "target_binding": {
          "adapter_version": "guard.repository-file.v2",
          "assurance_class": "ntfs-sharing-locks.v1",
          "authority_contract_hash": "sha256:00a5bfb9d22de0de6bc3e9cc36601c1b0374926f4241d41d1a270746d7d03f0f",
          "domain_resolver": "guard.target-domain-resolver.v1",
          "schema_version": "guard_target_binding.v1",
          "target_domain": "repository_path",
          "workspace_binding_id": "workspace_658029dbc4844c7b9645fe4c2d9ff818"
        },
        "target_binding_hash": "sha256:5facab924a83ceeadeeef8b35c1bad87593cd4b2573d3c47e8d5f4e373632f87"
      }
    },
    "modify-only/security-reviewer/modify/generated/new.md": {
      "executed": false,
      "replay_matches": true,
      "attestation": {
        "attestation_hash": "sha256:b087527e19d7a9189ea705b63f4357e7394a38664136dbae1ba8208a752cd586",
        "authority_basis": {
          "authority_evidence_hash": "sha256:07db6f2500c76a5f1061b4f7e3f040cbbbad38549c18bb38ebd6a052c8209df5",
          "compiled_contract_hash": "sha256:00a5bfb9d22de0de6bc3e9cc36601c1b0374926f4241d41d1a270746d7d03f0f",
          "contract_id": "repository-modify-only",
          "contract_version": "3.0.0",
          "declared_contract_hash": "sha256:708238ca387de13b3507e90a7621fc0cca5632e47524e5b4ba89ef0c04690783",
          "kind": "published_authority",
          "runtime_facts_hash": "sha256:accf06d4e127335b4412cf757c9531e9a4818fcc674cb31c6275aa57058e632d"
        },
        "callback_completed": false,
        "callback_invoked": false,
        "decision": "blocked",
        "decision_outcome_hash": "sha256:ae4d01567d319ccc67540eaae2ec831d93da1bce17a7929cb10e843a824ce137",
        "execution_request": {
          "action": "modify",
          "arguments": {},
          "artifacts": [],
          "request_id": "repository_26719f029fba43aba16dc338ff1e2908",
          "schema_version": "normalized_execution_request.v1",
          "target": "generated/new.md"
        },
        "execution_request_hash": "sha256:8e3de1dfb4dc8d8d0862378a178ce8fee4b68f6294f31f0047e987f7b6f026c9",
        "execution_status": "not_run",
        "guard_receipt_hash": "sha256:9cbb774f57772b490a5190d96fd85f313cfe1ea1ca7ff93e2a88714139d091cb",
        "mutation_executed": false,
        "mutation_status": "not_performed",
        "run_id": "guard_run_e817d87285ccf4843a79a2f9",
        "schema_version": "guard_execution_attestation.v2",
        "target_binding": {
          "adapter_version": "guard.repository-file.v2",
          "assurance_class": "ntfs-sharing-locks.v1",
          "authority_contract_hash": "sha256:00a5bfb9d22de0de6bc3e9cc36601c1b0374926f4241d41d1a270746d7d03f0f",
          "domain_resolver": "guard.target-domain-resolver.v1",
          "schema_version": "guard_target_binding.v1",
          "target_domain": "repository_path",
          "workspace_binding_id": "workspace_658029dbc4844c7b9645fe4c2d9ff818"
        },
        "target_binding_hash": "sha256:5facab924a83ceeadeeef8b35c1bad87593cd4b2573d3c47e8d5f4e373632f87"
      }
    },
    "modify-only/security-reviewer/create/generated/private/secret": {
      "executed": false,
      "replay_matches": true,
      "attestation": {
        "attestation_hash": "sha256:25df4ce098dd97aa3f0d0f49d6dadfda4a400cbdc9f250302834003c6ec03055",
        "authority_basis": {
          "authority_evidence_hash": "sha256:47735e29874103690c28548d9498cb2fe2adeeebec77790e5303ad4d989cbf43",
          "compiled_contract_hash": "sha256:00a5bfb9d22de0de6bc3e9cc36601c1b0374926f4241d41d1a270746d7d03f0f",
          "contract_id": "repository-modify-only",
          "contract_version": "3.0.0",
          "declared_contract_hash": "sha256:708238ca387de13b3507e90a7621fc0cca5632e47524e5b4ba89ef0c04690783",
          "kind": "published_authority",
          "runtime_facts_hash": "sha256:cfe4314d0d86169607c3320af822b35a09b25661bcac1ec27e8715134bafa1cf"
        },
        "callback_completed": false,
        "callback_invoked": false,
        "decision": "blocked",
        "decision_outcome_hash": "sha256:c84290794a92d962e1bf507a9911e9ed17158dc1784f4a611e29e738eb39667c",
        "execution_request": {
          "action": "create",
          "arguments": {},
          "artifacts": [],
          "request_id": "repository_14485156f2b3492bb3d47abccabe56ba",
          "schema_version": "normalized_execution_request.v1",
          "target": "generated/private/secret"
        },
        "execution_request_hash": "sha256:9907654b49bdf531400cdbcd2380467b59ed48a0a8420f3ea1382a383df1a155",
        "execution_status": "not_run",
        "guard_receipt_hash": "sha256:7d872a77c4216567654ba27cd4238100b552811d9160c6dca6d8289cc77d51cb",
        "mutation_executed": false,
        "mutation_status": "not_performed",
        "run_id": "guard_run_103d0b1240b81cf0aae8c8f0",
        "schema_version": "guard_execution_attestation.v2",
        "target_binding": {
          "adapter_version": "guard.repository-file.v2",
          "assurance_class": "ntfs-sharing-locks.v1",
          "authority_contract_hash": "sha256:00a5bfb9d22de0de6bc3e9cc36601c1b0374926f4241d41d1a270746d7d03f0f",
          "domain_resolver": "guard.target-domain-resolver.v1",
          "schema_version": "guard_target_binding.v1",
          "target_domain": "repository_path",
          "workspace_binding_id": "workspace_658029dbc4844c7b9645fe4c2d9ff818"
        },
        "target_binding_hash": "sha256:5facab924a83ceeadeeef8b35c1bad87593cd4b2573d3c47e8d5f4e373632f87"
      }
    },
    "modify-only/security-reviewer/modify/docs/locked.md": {
      "executed": false,
      "replay_matches": true,
      "attestation": {
        "attestation_hash": "sha256:fc938936fcee9f342da430b0ac1aed7e3c35819a0d8837e7cab7894ee25368ea",
        "authority_basis": {
          "authority_evidence_hash": "sha256:e1aacca6dcbd4567987f0a5f8bb1e2490aff9de75e5f1d3c5870722d7908e006",
          "compiled_contract_hash": "sha256:00a5bfb9d22de0de6bc3e9cc36601c1b0374926f4241d41d1a270746d7d03f0f",
          "contract_id": "repository-modify-only",
          "contract_version": "3.0.0",
          "declared_contract_hash": "sha256:708238ca387de13b3507e90a7621fc0cca5632e47524e5b4ba89ef0c04690783",
          "kind": "published_authority",
          "runtime_facts_hash": "sha256:3ed189655cbe759a5664292fe953b736c8be62cf333cc77cc9e195504fc0f190"
        },
        "callback_completed": false,
        "callback_invoked": false,
        "decision": "blocked",
        "decision_outcome_hash": "sha256:702b4c1c92912eccd1dd3c18cfd2d1c74c2a95a451def68c358279c4dff16564",
        "execution_request": {
          "action": "modify",
          "arguments": {},
          "artifacts": [],
          "request_id": "repository_529961339907476fa860c728c62b42d2",
          "schema_version": "normalized_execution_request.v1",
          "target": "docs/locked.md"
        },
        "execution_request_hash": "sha256:09726a69e3e3ddb0b76b1c439f73bb471635ad84d6998e7ae351af865820ddbe",
        "execution_status": "not_run",
        "guard_receipt_hash": "sha256:03904cc0b335e500e010ee21993d0ff809f73cff06f99ebf1391497a9c73860b",
        "mutation_executed": false,
        "mutation_status": "not_performed",
        "run_id": "guard_run_a3065e7d0106e0f80f7bd509",
        "schema_version": "guard_execution_attestation.v2",
        "target_binding": {
          "adapter_version": "guard.repository-file.v2",
          "assurance_class": "ntfs-sharing-locks.v1",
          "authority_contract_hash": "sha256:00a5bfb9d22de0de6bc3e9cc36601c1b0374926f4241d41d1a270746d7d03f0f",
          "domain_resolver": "guard.target-domain-resolver.v1",
          "schema_version": "guard_target_binding.v1",
          "target_domain": "repository_path",
          "workspace_binding_id": "workspace_658029dbc4844c7b9645fe4c2d9ff818"
        },
        "target_binding_hash": "sha256:5facab924a83ceeadeeef8b35c1bad87593cd4b2573d3c47e8d5f4e373632f87"
      }
    },
    "modify-only/repository-reviewer/create/generated/new.md": {
      "executed": false,
      "replay_matches": true,
      "attestation": {
        "attestation_hash": "sha256:217e4302735ab0b525b722a4a093dfdce7ebccf89e19b20ac64cf713a636a626",
        "authority_basis": {
          "authority_evidence_hash": "sha256:97d59e10569ba8a37f2af8340e3cb54cf6e36134acab4893829173a8a0b20d1f",
          "compiled_contract_hash": "sha256:00a5bfb9d22de0de6bc3e9cc36601c1b0374926f4241d41d1a270746d7d03f0f",
          "contract_id": "repository-modify-only",
          "contract_version": "3.0.0",
          "declared_contract_hash": "sha256:708238ca387de13b3507e90a7621fc0cca5632e47524e5b4ba89ef0c04690783",
          "kind": "published_authority",
          "runtime_facts_hash": "sha256:73de19707196f23b0c8223a2a7990e751bda18b82a3a7bbc3b7352cd93925e2e"
        },
        "callback_completed": false,
        "callback_invoked": false,
        "decision": "blocked",
        "decision_outcome_hash": "sha256:c84290794a92d962e1bf507a9911e9ed17158dc1784f4a611e29e738eb39667c",
        "execution_request": {
          "action": "create",
          "arguments": {},
          "artifacts": [],
          "request_id": "repository_b542f7044f99422482d2e8ca0fad0d86",
          "schema_version": "normalized_execution_request.v1",
          "target": "generated/new.md"
        },
        "execution_request_hash": "sha256:15c45851312efcb52c321505f032c6f3465369468d29bd968d798d8531c164e3",
        "execution_status": "not_run",
        "guard_receipt_hash": "sha256:2c45053b367b75d98b9b94b1cea4b37c2c11bf99a07234651283a29f568fa427",
        "mutation_executed": false,
        "mutation_status": "not_performed",
        "run_id": "guard_run_51fc6bc648908c74f78113ac",
        "schema_version": "guard_execution_attestation.v2",
        "target_binding": {
          "adapter_version": "guard.repository-file.v2",
          "assurance_class": "ntfs-sharing-locks.v1",
          "authority_contract_hash": "sha256:00a5bfb9d22de0de6bc3e9cc36601c1b0374926f4241d41d1a270746d7d03f0f",
          "domain_resolver": "guard.target-domain-resolver.v1",
          "schema_version": "guard_target_binding.v1",
          "target_domain": "repository_path",
          "workspace_binding_id": "workspace_ddd0732489b9496c88b4a3d73b8f7739"
        },
        "target_binding_hash": "sha256:7c8534b2cac827180ee36c0786f37b985db3ee505a09e424de8123c57f824a36"
      }
    },
    "modify-only/repository-reviewer/modify/docs/open.md": {
      "executed": true,
      "replay_matches": true,
      "attestation": {
        "attestation_hash": "sha256:78f4cbec665fc574bcc9f076153c324553beb2ffc4f443e2acabad2c5009bd6a",
        "authority_basis": {
          "authority_evidence_hash": "sha256:8e2447f2b90ce9cadd8a2adb194b9ffeae0c9b3e8f2de02171795e44a32b01b6",
          "compiled_contract_hash": "sha256:00a5bfb9d22de0de6bc3e9cc36601c1b0374926f4241d41d1a270746d7d03f0f",
          "contract_id": "repository-modify-only",
          "contract_version": "3.0.0",
          "declared_contract_hash": "sha256:708238ca387de13b3507e90a7621fc0cca5632e47524e5b4ba89ef0c04690783",
          "kind": "published_authority",
          "runtime_facts_hash": "sha256:6893a091ded73e78a4b4d89d94f5390f412253dc5419c3417e1eb6eb902fb31d"
        },
        "callback_completed": true,
        "callback_invoked": true,
        "decision": "admissible",
        "decision_outcome_hash": "sha256:017cbbd6bea3f59d6195a5108397c1ab07e5b534eddb5720d8ddccc1022f3c35",
        "execution_request": {
          "action": "modify",
          "arguments": {},
          "artifacts": [],
          "request_id": "repository_bd2a43ff74fc4f5c91c5e5c06d9e32ef",
          "schema_version": "normalized_execution_request.v1",
          "target": "docs/open.md"
        },
        "execution_request_hash": "sha256:399aba90b1237526df94d295714d83733daa4a868ab2c70e1192819f93d09f29",
        "execution_status": "succeeded",
        "guard_receipt_hash": "sha256:9543bb53f1a43058f9645e3135b96f44a232d1ef3ade17f4c22f8ce2e3b3f499",
        "mutation_executed": true,
        "mutation_status": "executed",
        "run_id": "guard_run_fcca14ac6da58320a4b86b24",
        "schema_version": "guard_execution_attestation.v2",
        "target_binding": {
          "adapter_version": "guard.repository-file.v2",
          "assurance_class": "ntfs-sharing-locks.v1",
          "authority_contract_hash": "sha256:00a5bfb9d22de0de6bc3e9cc36601c1b0374926f4241d41d1a270746d7d03f0f",
          "domain_resolver": "guard.target-domain-resolver.v1",
          "schema_version": "guard_target_binding.v1",
          "target_domain": "repository_path",
          "workspace_binding_id": "workspace_ddd0732489b9496c88b4a3d73b8f7739"
        },
        "target_binding_hash": "sha256:7c8534b2cac827180ee36c0786f37b985db3ee505a09e424de8123c57f824a36"
      }
    },
    "modify-only/repository-reviewer/create/README.md": {
      "executed": false,
      "replay_matches": true,
      "attestation": {
        "attestation_hash": "sha256:2dbe3f58c3f7ccfa2f4271df88dba33d1907931e14c436dfde7b070a7de6e9b8",
        "authority_basis": {
          "authority_evidence_hash": "sha256:9fdba0527c708869b12c9d7a0349c68ee460a9ff272f7630d2ca13fece081067",
          "compiled_contract_hash": "sha256:00a5bfb9d22de0de6bc3e9cc36601c1b0374926f4241d41d1a270746d7d03f0f",
          "contract_id": "repository-modify-only",
          "contract_version": "3.0.0",
          "declared_contract_hash": "sha256:708238ca387de13b3507e90a7621fc0cca5632e47524e5b4ba89ef0c04690783",
          "kind": "published_authority",
          "runtime_facts_hash": "sha256:33e1a0dd3319062e325d12431d329db02cb9efe43356015d4c4f00f420d9c454"
        },
        "callback_completed": false,
        "callback_invoked": false,
        "decision": "blocked",
        "decision_outcome_hash": "sha256:c84290794a92d962e1bf507a9911e9ed17158dc1784f4a611e29e738eb39667c",
        "execution_request": {
          "action": "create",
          "arguments": {},
          "artifacts": [],
          "request_id": "repository_40cb0ab8c3ab4e469936d7d9416f3e1a",
          "schema_version": "normalized_execution_request.v1",
          "target": "README.md"
        },
        "execution_request_hash": "sha256:9c29a88aac2f7620f17294a81996fda0924fe2eb7188473a44644066b146ad0f",
        "execution_status": "not_run",
        "guard_receipt_hash": "sha256:e672117e8bbae7badb3122e9901a4d8781b90d1a9b75b39d5c281b1034b8560d",
        "mutation_executed": false,
        "mutation_status": "not_performed",
        "run_id": "guard_run_68e1cf50cb878268e92d26fd",
        "schema_version": "guard_execution_attestation.v2",
        "target_binding": {
          "adapter_version": "guard.repository-file.v2",
          "assurance_class": "ntfs-sharing-locks.v1",
          "authority_contract_hash": "sha256:00a5bfb9d22de0de6bc3e9cc36601c1b0374926f4241d41d1a270746d7d03f0f",
          "domain_resolver": "guard.target-domain-resolver.v1",
          "schema_version": "guard_target_binding.v1",
          "target_domain": "repository_path",
          "workspace_binding_id": "workspace_ddd0732489b9496c88b4a3d73b8f7739"
        },
        "target_binding_hash": "sha256:7c8534b2cac827180ee36c0786f37b985db3ee505a09e424de8123c57f824a36"
      }
    },
    "modify-only/repository-reviewer/modify/generated/new.md": {
      "executed": false,
      "replay_matches": true,
      "attestation": {
        "attestation_hash": "sha256:d5914244aa467bd759fa72d69e45ca11c749392e17e5bd1b0b24ff2ec42c52fb",
        "authority_basis": {
          "authority_evidence_hash": "sha256:5d3ca911b5140587e9d15c2074ba8989b5b2cdcf2acb1e7257477d5327746209",
          "compiled_contract_hash": "sha256:00a5bfb9d22de0de6bc3e9cc36601c1b0374926f4241d41d1a270746d7d03f0f",
          "contract_id": "repository-modify-only",
          "contract_version": "3.0.0",
          "declared_contract_hash": "sha256:708238ca387de13b3507e90a7621fc0cca5632e47524e5b4ba89ef0c04690783",
          "kind": "published_authority",
          "runtime_facts_hash": "sha256:c818f2bfaeb067495622894acb8be0eda4a7f428e6d2bdde533f41d59b7095c1"
        },
        "callback_completed": false,
        "callback_invoked": false,
        "decision": "blocked",
        "decision_outcome_hash": "sha256:001ceaa73cc971e236ecfe4448fd02c364a4e45e5049cd1effa651d15d1dcb07",
        "execution_request": {
          "action": "modify",
          "arguments": {},
          "artifacts": [],
          "request_id": "repository_abc2421ef5c843718d51209fbd5b16f5",
          "schema_version": "normalized_execution_request.v1",
          "target": "generated/new.md"
        },
        "execution_request_hash": "sha256:4b3f084498b38eb671e69bd4acb2d222c5b273032949fc90933fdc65d5e95355",
        "execution_status": "not_run",
        "guard_receipt_hash": "sha256:0f5c07ced5e24dcd8b3ecb297c40b259ec845bd8c782f59f50cbd7b7faccfdd4",
        "mutation_executed": false,
        "mutation_status": "not_performed",
        "run_id": "guard_run_e26e560042fc0fd8081885be",
        "schema_version": "guard_execution_attestation.v2",
        "target_binding": {
          "adapter_version": "guard.repository-file.v2",
          "assurance_class": "ntfs-sharing-locks.v1",
          "authority_contract_hash": "sha256:00a5bfb9d22de0de6bc3e9cc36601c1b0374926f4241d41d1a270746d7d03f0f",
          "domain_resolver": "guard.target-domain-resolver.v1",
          "schema_version": "guard_target_binding.v1",
          "target_domain": "repository_path",
          "workspace_binding_id": "workspace_ddd0732489b9496c88b4a3d73b8f7739"
        },
        "target_binding_hash": "sha256:7c8534b2cac827180ee36c0786f37b985db3ee505a09e424de8123c57f824a36"
      }
    },
    "modify-only/repository-reviewer/create/generated/private/secret": {
      "executed": false,
      "replay_matches": true,
      "attestation": {
        "attestation_hash": "sha256:7df2aa24ead60fa9e45ec0630918ff396d6f230fd5d53e0ec953e6b180b8c42c",
        "authority_basis": {
          "authority_evidence_hash": "sha256:c4c42534feae1f92b346272f2c928ac66cf8d0ab58a84317fddc1e533eff3892",
          "compiled_contract_hash": "sha256:00a5bfb9d22de0de6bc3e9cc36601c1b0374926f4241d41d1a270746d7d03f0f",
          "contract_id": "repository-modify-only",
          "contract_version": "3.0.0",
          "declared_contract_hash": "sha256:708238ca387de13b3507e90a7621fc0cca5632e47524e5b4ba89ef0c04690783",
          "kind": "published_authority",
          "runtime_facts_hash": "sha256:41963d4bf71eccc1a0ed53fa1bb8defd3114f5f4fe99f997d538cb422cd347c6"
        },
        "callback_completed": false,
        "callback_invoked": false,
        "decision": "blocked",
        "decision_outcome_hash": "sha256:c84290794a92d962e1bf507a9911e9ed17158dc1784f4a611e29e738eb39667c",
        "execution_request": {
          "action": "create",
          "arguments": {},
          "artifacts": [],
          "request_id": "repository_408de2084016483fb52cd8eba50ccbc2",
          "schema_version": "normalized_execution_request.v1",
          "target": "generated/private/secret"
        },
        "execution_request_hash": "sha256:5364cc442939e767bf460af86362edb6328d954461a58ab2fc2bd19c00b9c1cb",
        "execution_status": "not_run",
        "guard_receipt_hash": "sha256:f9e019b4a63aa591ebde35d84051cb47d76a6266b61ec24688b429ffc0578965",
        "mutation_executed": false,
        "mutation_status": "not_performed",
        "run_id": "guard_run_6891dfd4f8527bda43bcee25",
        "schema_version": "guard_execution_attestation.v2",
        "target_binding": {
          "adapter_version": "guard.repository-file.v2",
          "assurance_class": "ntfs-sharing-locks.v1",
          "authority_contract_hash": "sha256:00a5bfb9d22de0de6bc3e9cc36601c1b0374926f4241d41d1a270746d7d03f0f",
          "domain_resolver": "guard.target-domain-resolver.v1",
          "schema_version": "guard_target_binding.v1",
          "target_domain": "repository_path",
          "workspace_binding_id": "workspace_ddd0732489b9496c88b4a3d73b8f7739"
        },
        "target_binding_hash": "sha256:7c8534b2cac827180ee36c0786f37b985db3ee505a09e424de8123c57f824a36"
      }
    },
    "modify-only/repository-reviewer/modify/docs/locked.md": {
      "executed": false,
      "replay_matches": true,
      "attestation": {
        "attestation_hash": "sha256:63beea2a2741aaf38d5920b2e023d92ee5c1cd76cee8115784b151c3f9f4b3c3",
        "authority_basis": {
          "authority_evidence_hash": "sha256:d0d773efb5e9c34a18d75739865c57a29cb4af8445c0354ff72cd9a6f11bc798",
          "compiled_contract_hash": "sha256:00a5bfb9d22de0de6bc3e9cc36601c1b0374926f4241d41d1a270746d7d03f0f",
          "contract_id": "repository-modify-only",
          "contract_version": "3.0.0",
          "declared_contract_hash": "sha256:708238ca387de13b3507e90a7621fc0cca5632e47524e5b4ba89ef0c04690783",
          "kind": "published_authority",
          "runtime_facts_hash": "sha256:a1de6f90b486808f806c2471e892b110b5a4fece9041fad47c16f93dd11d9aa2"
        },
        "callback_completed": false,
        "callback_invoked": false,
        "decision": "blocked",
        "decision_outcome_hash": "sha256:0e6e3b9e6c5fdaf153d93c6436d51c54bf14065ce23a4d36d93ce9cb9f7d4f55",
        "execution_request": {
          "action": "modify",
          "arguments": {},
          "artifacts": [],
          "request_id": "repository_636375f5a03c42aa96551578996a5abc",
          "schema_version": "normalized_execution_request.v1",
          "target": "docs/locked.md"
        },
        "execution_request_hash": "sha256:d85feb0eae7509e6cb591711b66350de2127e2f5a7786838abdba0846118f93c",
        "execution_status": "not_run",
        "guard_receipt_hash": "sha256:d30491ab1f42006470ce3fc189d8d0a8cecb78b6b9bb64a3e0c45ff165880f53",
        "mutation_executed": false,
        "mutation_status": "not_performed",
        "run_id": "guard_run_a17453c34feff11a82581901",
        "schema_version": "guard_execution_attestation.v2",
        "target_binding": {
          "adapter_version": "guard.repository-file.v2",
          "assurance_class": "ntfs-sharing-locks.v1",
          "authority_contract_hash": "sha256:00a5bfb9d22de0de6bc3e9cc36601c1b0374926f4241d41d1a270746d7d03f0f",
          "domain_resolver": "guard.target-domain-resolver.v1",
          "schema_version": "guard_target_binding.v1",
          "target_domain": "repository_path",
          "workspace_binding_id": "workspace_ddd0732489b9496c88b4a3d73b8f7739"
        },
        "target_binding_hash": "sha256:7c8534b2cac827180ee36c0786f37b985db3ee505a09e424de8123c57f824a36"
      }
    },
    "mixed/repository-maintainer/create/generated/new.md": {
      "executed": true,
      "replay_matches": true,
      "attestation": {
        "attestation_hash": "sha256:5117a19781d82412dbee8eb40e66835882f48f3aa4d2cbe0a06edaedb2c31b25",
        "authority_basis": {
          "authority_evidence_hash": "sha256:243bb1a586e45a2f60af6b4054312603849a3bcba2e7fa56f6d2a080e1ab6301",
          "compiled_contract_hash": "sha256:c242fa7f22f680d26988a0d1d09659c06a7f54cbaf8ae0077d6952f224a88e07",
          "contract_id": "repository-mixed",
          "contract_version": "3.0.0",
          "declared_contract_hash": "sha256:00df2385728e0e48c415e5df40d5c7a7ccaa1285d0452848578b2a544b254432",
          "kind": "published_authority",
          "runtime_facts_hash": "sha256:f22f2f0b0b4d855df25c7f2c0d6da429815b35eb7472b6ce2a11031d91b71a74"
        },
        "callback_completed": true,
        "callback_invoked": true,
        "decision": "admissible",
        "decision_outcome_hash": "sha256:71cc3ab0616b8f768afd0a77b243c33e55b8f49fd7acf248569ba19b06d9a4c0",
        "execution_request": {
          "action": "create",
          "arguments": {},
          "artifacts": [],
          "request_id": "repository_d350bcca0e064065bdadbae0e174402c",
          "schema_version": "normalized_execution_request.v1",
          "target": "generated/new.md"
        },
        "execution_request_hash": "sha256:926e3d826be84bbc1796d5e1e99ebfeceaee6ba48f72aff5800a5bdd3d3c1227",
        "execution_status": "succeeded",
        "guard_receipt_hash": "sha256:f1cbb8a4ae976d1f686106f80571918d18d25bde292482e29d1fce3b1083ec83",
        "mutation_executed": true,
        "mutation_status": "executed",
        "repository_operation": {
          "bytes_written": 7,
          "created": true,
          "error": null,
          "operation": "create",
          "schema_version": "guard_repository_operation.v1",
          "status": "succeeded",
          "target": "generated/new.md"
        },
        "run_id": "guard_run_dc98de3eb2b72bdc2e1e821c",
        "schema_version": "guard_execution_attestation.v3",
        "target_binding": {
          "adapter_version": "guard.repository-file.v2",
          "assurance_class": "ntfs-sharing-locks.v1",
          "authority_contract_hash": "sha256:c242fa7f22f680d26988a0d1d09659c06a7f54cbaf8ae0077d6952f224a88e07",
          "domain_resolver": "guard.target-domain-resolver.v1",
          "schema_version": "guard_target_binding.v1",
          "target_domain": "repository_path",
          "workspace_binding_id": "workspace_e241936a7f6541b28c3a7665331951b2"
        },
        "target_binding_hash": "sha256:cf4a5b376d4241d1876fa7b38a01105f598c9fd2c404e56cba78a222f0541b53"
      }
    },
    "mixed/repository-maintainer/modify/README.md": {
      "executed": false,
      "replay_matches": true,
      "attestation": {
        "attestation_hash": "sha256:84a861e62b5c28c2ae31f669f9551138d5be10e2e7954ce7f2c6225e053c9cdd",
        "authority_basis": {
          "authority_evidence_hash": "sha256:344e790fe1ccc37861d6e86e4c112b313bb3622119e077b352e45878a9643053",
          "compiled_contract_hash": "sha256:c242fa7f22f680d26988a0d1d09659c06a7f54cbaf8ae0077d6952f224a88e07",
          "contract_id": "repository-mixed",
          "contract_version": "3.0.0",
          "declared_contract_hash": "sha256:00df2385728e0e48c415e5df40d5c7a7ccaa1285d0452848578b2a544b254432",
          "kind": "published_authority",
          "runtime_facts_hash": "sha256:6f6580f0df8275374ec1787ba489baf1a7644af5959cf2fbf4894886152a4e1d"
        },
        "callback_completed": false,
        "callback_invoked": false,
        "decision": "blocked",
        "decision_outcome_hash": "sha256:ef227afb85d276222285d9992c2d8d45eac95a96c0e893abb3fea1dcd68906d2",
        "execution_request": {
          "action": "modify",
          "arguments": {},
          "artifacts": [],
          "request_id": "repository_f9e030dbfff24801b3d9069d707c1d7d",
          "schema_version": "normalized_execution_request.v1",
          "target": "README.md"
        },
        "execution_request_hash": "sha256:5656476b5f671062c522444518eac19e8bdbf41624bc382c0254ec75ed9c1cc0",
        "execution_status": "not_run",
        "guard_receipt_hash": "sha256:0f7bacbcd9614def46118a3036261778872845d277ac58d53cd1962adcbba41c",
        "mutation_executed": false,
        "mutation_status": "not_performed",
        "run_id": "guard_run_5c08d36e85385ec493690ba5",
        "schema_version": "guard_execution_attestation.v2",
        "target_binding": {
          "adapter_version": "guard.repository-file.v2",
          "assurance_class": "ntfs-sharing-locks.v1",
          "authority_contract_hash": "sha256:c242fa7f22f680d26988a0d1d09659c06a7f54cbaf8ae0077d6952f224a88e07",
          "domain_resolver": "guard.target-domain-resolver.v1",
          "schema_version": "guard_target_binding.v1",
          "target_domain": "repository_path",
          "workspace_binding_id": "workspace_e241936a7f6541b28c3a7665331951b2"
        },
        "target_binding_hash": "sha256:cf4a5b376d4241d1876fa7b38a01105f598c9fd2c404e56cba78a222f0541b53"
      }
    },
    "mixed/repository-maintainer/create/README.md": {
      "executed": false,
      "replay_matches": true,
      "attestation": {
        "attestation_hash": "sha256:d60aa85dea9d076a069b8714dc8359ee1e125f10cc1ef1d3e987e890ff7831fe",
        "authority_basis": {
          "authority_evidence_hash": "sha256:9ea88476cf7d075e8fd72030c4c85ce0f2180a9973a22561d1488fdea22aca22",
          "compiled_contract_hash": "sha256:c242fa7f22f680d26988a0d1d09659c06a7f54cbaf8ae0077d6952f224a88e07",
          "contract_id": "repository-mixed",
          "contract_version": "3.0.0",
          "declared_contract_hash": "sha256:00df2385728e0e48c415e5df40d5c7a7ccaa1285d0452848578b2a544b254432",
          "kind": "published_authority",
          "runtime_facts_hash": "sha256:84f6b3e4bd1af9a0699f07a6538cd1c72ee2e2be3ff31119c774dbb9fd1799dd"
        },
        "callback_completed": false,
        "callback_invoked": false,
        "decision": "blocked",
        "decision_outcome_hash": "sha256:d4669ec3184d701048512b1a37dd6d60117a19b04ddb9091d5d4fb07a38913e1",
        "execution_request": {
          "action": "create",
          "arguments": {},
          "artifacts": [],
          "request_id": "repository_97e79f6238574bdbab25c32253489bce",
          "schema_version": "normalized_execution_request.v1",
          "target": "README.md"
        },
        "execution_request_hash": "sha256:cd9cc5b7b951b76598f8dc72308cef5fe75e3e2d0e8b33b342d10d3397263d20",
        "execution_status": "not_run",
        "guard_receipt_hash": "sha256:5d16218343a610cf185a8567d81e3f15ded5525c32858c7ed64820a7a9f5e50f",
        "mutation_executed": false,
        "mutation_status": "not_performed",
        "run_id": "guard_run_525d4370dc1052c59c7e759c",
        "schema_version": "guard_execution_attestation.v2",
        "target_binding": {
          "adapter_version": "guard.repository-file.v2",
          "assurance_class": "ntfs-sharing-locks.v1",
          "authority_contract_hash": "sha256:c242fa7f22f680d26988a0d1d09659c06a7f54cbaf8ae0077d6952f224a88e07",
          "domain_resolver": "guard.target-domain-resolver.v1",
          "schema_version": "guard_target_binding.v1",
          "target_domain": "repository_path",
          "workspace_binding_id": "workspace_e241936a7f6541b28c3a7665331951b2"
        },
        "target_binding_hash": "sha256:cf4a5b376d4241d1876fa7b38a01105f598c9fd2c404e56cba78a222f0541b53"
      }
    },
    "mixed/repository-maintainer/modify/generated/new.md": {
      "executed": false,
      "replay_matches": true,
      "attestation": {
        "attestation_hash": "sha256:2c93213c8eebdbbc9bcbccbf740cea6e0789f01a365aed045d67821dab2f7b9e",
        "authority_basis": {
          "authority_evidence_hash": "sha256:3feb6ec51943b8c2f7925e4537602671462cf96ac01e62dfe9755c657be4535b",
          "compiled_contract_hash": "sha256:c242fa7f22f680d26988a0d1d09659c06a7f54cbaf8ae0077d6952f224a88e07",
          "contract_id": "repository-mixed",
          "contract_version": "3.0.0",
          "declared_contract_hash": "sha256:00df2385728e0e48c415e5df40d5c7a7ccaa1285d0452848578b2a544b254432",
          "kind": "published_authority",
          "runtime_facts_hash": "sha256:daaebb6870775dba14d8857b98158ef327a93481dd64246a76b3dae81d989c88"
        },
        "callback_completed": false,
        "callback_invoked": false,
        "decision": "blocked",
        "decision_outcome_hash": "sha256:eebce5f71a79370522fcb8ba331623965d79eb2ee86e5d327452defb29c71cc6",
        "execution_request": {
          "action": "modify",
          "arguments": {},
          "artifacts": [],
          "request_id": "repository_2378f85a94f24b70b8e2661856bf234f",
          "schema_version": "normalized_execution_request.v1",
          "target": "generated/new.md"
        },
        "execution_request_hash": "sha256:6d62246a904d56205934f1ecf5eda01ad631e1610f4bba2565fae1b05837d4a9",
        "execution_status": "not_run",
        "guard_receipt_hash": "sha256:a44ee0d2be3dced131ae5a30eaf5858737ddffca5917b0c76db90edef7dcc3b0",
        "mutation_executed": false,
        "mutation_status": "not_performed",
        "run_id": "guard_run_d6e2b38bd376c8567ecbc46d",
        "schema_version": "guard_execution_attestation.v2",
        "target_binding": {
          "adapter_version": "guard.repository-file.v2",
          "assurance_class": "ntfs-sharing-locks.v1",
          "authority_contract_hash": "sha256:c242fa7f22f680d26988a0d1d09659c06a7f54cbaf8ae0077d6952f224a88e07",
          "domain_resolver": "guard.target-domain-resolver.v1",
          "schema_version": "guard_target_binding.v1",
          "target_domain": "repository_path",
          "workspace_binding_id": "workspace_e241936a7f6541b28c3a7665331951b2"
        },
        "target_binding_hash": "sha256:cf4a5b376d4241d1876fa7b38a01105f598c9fd2c404e56cba78a222f0541b53"
      }
    },
    "mixed/repository-maintainer/create/generated/private/secret": {
      "executed": false,
      "replay_matches": true,
      "attestation": {
        "attestation_hash": "sha256:db5a164f4fdbdbc6eabd3f6709d22b65e698d329f6e2cd2d7eb55e8db47861da",
        "authority_basis": {
          "authority_evidence_hash": "sha256:2b307f0f21bc837cbe7da6dfb759d7193fa3c8157b11d5d9d643ab48a03fd8d9",
          "compiled_contract_hash": "sha256:c242fa7f22f680d26988a0d1d09659c06a7f54cbaf8ae0077d6952f224a88e07",
          "contract_id": "repository-mixed",
          "contract_version": "3.0.0",
          "declared_contract_hash": "sha256:00df2385728e0e48c415e5df40d5c7a7ccaa1285d0452848578b2a544b254432",
          "kind": "published_authority",
          "runtime_facts_hash": "sha256:b9aaa55ceba7137322fd2fc07fa52a49554cded809c97daaa5d001432f6db305"
        },
        "callback_completed": false,
        "callback_invoked": false,
        "decision": "blocked",
        "decision_outcome_hash": "sha256:8d006c6138d7203299ebd75e1dcc563f416d65eb0c5e73030b5d5edae0e393ca",
        "execution_request": {
          "action": "create",
          "arguments": {},
          "artifacts": [],
          "request_id": "repository_bafdcbcc9f914534b5f1d88e746d509b",
          "schema_version": "normalized_execution_request.v1",
          "target": "generated/private/secret"
        },
        "execution_request_hash": "sha256:5c3eb0aa098e0f410a60cac46b3f9f0a097efb36450c276434a503e2497e8d84",
        "execution_status": "not_run",
        "guard_receipt_hash": "sha256:9ababa06189cc8f05a70ba7ccc83d4c6da0a2dd2858e362d4713b4a38128a320",
        "mutation_executed": false,
        "mutation_status": "not_performed",
        "run_id": "guard_run_e2fc5003badc27778921f909",
        "schema_version": "guard_execution_attestation.v2",
        "target_binding": {
          "adapter_version": "guard.repository-file.v2",
          "assurance_class": "ntfs-sharing-locks.v1",
          "authority_contract_hash": "sha256:c242fa7f22f680d26988a0d1d09659c06a7f54cbaf8ae0077d6952f224a88e07",
          "domain_resolver": "guard.target-domain-resolver.v1",
          "schema_version": "guard_target_binding.v1",
          "target_domain": "repository_path",
          "workspace_binding_id": "workspace_e241936a7f6541b28c3a7665331951b2"
        },
        "target_binding_hash": "sha256:cf4a5b376d4241d1876fa7b38a01105f598c9fd2c404e56cba78a222f0541b53"
      }
    },
    "mixed/repository-maintainer/modify/docs/locked.md": {
      "executed": false,
      "replay_matches": true,
      "attestation": {
        "attestation_hash": "sha256:0081936c13009e126daf64bcdd3e1802650b98a3d4c449c0f1f48aa2906b982a",
        "authority_basis": {
          "authority_evidence_hash": "sha256:a92318c1f8b4663c5d1c9e636f5a8a81ec6153a10a7b85799069ec35253e69ef",
          "compiled_contract_hash": "sha256:c242fa7f22f680d26988a0d1d09659c06a7f54cbaf8ae0077d6952f224a88e07",
          "contract_id": "repository-mixed",
          "contract_version": "3.0.0",
          "declared_contract_hash": "sha256:00df2385728e0e48c415e5df40d5c7a7ccaa1285d0452848578b2a544b254432",
          "kind": "published_authority",
          "runtime_facts_hash": "sha256:c7e4e2866683ca9a5eb68c1d5eb1e6f02c582fb4331ad57a2972a217ea1277ad"
        },
        "callback_completed": false,
        "callback_invoked": false,
        "decision": "blocked",
        "decision_outcome_hash": "sha256:ea7e8cd8640fff110536f77234d391d35bb0ee7bdb4d719819f056f44d6b2a5a",
        "execution_request": {
          "action": "modify",
          "arguments": {},
          "artifacts": [],
          "request_id": "repository_5c609d1238594e1fb9e6d5feeb06afac",
          "schema_version": "normalized_execution_request.v1",
          "target": "docs/locked.md"
        },
        "execution_request_hash": "sha256:b54e101c04e4abd6fb4a03873d744ea1b40c034f1287b61377da2f11fa9dc3cc",
        "execution_status": "not_run",
        "guard_receipt_hash": "sha256:b98fee17e3dd465e2e46600dfa5ae0b053ecc93ef1f5aa7b0413eee5b7bda47f",
        "mutation_executed": false,
        "mutation_status": "not_performed",
        "run_id": "guard_run_a79fbe969d1d496e7850a1d6",
        "schema_version": "guard_execution_attestation.v2",
        "target_binding": {
          "adapter_version": "guard.repository-file.v2",
          "assurance_class": "ntfs-sharing-locks.v1",
          "authority_contract_hash": "sha256:c242fa7f22f680d26988a0d1d09659c06a7f54cbaf8ae0077d6952f224a88e07",
          "domain_resolver": "guard.target-domain-resolver.v1",
          "schema_version": "guard_target_binding.v1",
          "target_domain": "repository_path",
          "workspace_binding_id": "workspace_e241936a7f6541b28c3a7665331951b2"
        },
        "target_binding_hash": "sha256:cf4a5b376d4241d1876fa7b38a01105f598c9fd2c404e56cba78a222f0541b53"
      }
    },
    "mixed/repository-maintainer/collision": "rejected; bytes preserved",
    "mixed/security-reviewer/create/generated/new.md": {
      "executed": false,
      "replay_matches": true,
      "attestation": {
        "attestation_hash": "sha256:393503723808b3e1bc2f86853800dfd3d53f95c5876e1f1bb625b1650d03c1bf",
        "authority_basis": {
          "authority_evidence_hash": "sha256:b933be287716549c68f6fbd4e1cd577eb3c9a7222537584a522d0428be0adfba",
          "compiled_contract_hash": "sha256:c242fa7f22f680d26988a0d1d09659c06a7f54cbaf8ae0077d6952f224a88e07",
          "contract_id": "repository-mixed",
          "contract_version": "3.0.0",
          "declared_contract_hash": "sha256:00df2385728e0e48c415e5df40d5c7a7ccaa1285d0452848578b2a544b254432",
          "kind": "published_authority",
          "runtime_facts_hash": "sha256:12e24cb4d38a5178b86bf5a47043707071698d06271342d102da7addc7cd5610"
        },
        "callback_completed": false,
        "callback_invoked": false,
        "decision": "blocked",
        "decision_outcome_hash": "sha256:28a52afbda39f04b2d3a27bc445e34135114b9806696a310b2d1d26ca6ba5573",
        "execution_request": {
          "action": "create",
          "arguments": {},
          "artifacts": [],
          "request_id": "repository_b919c5db2c6f447abcfe3930c5034e6e",
          "schema_version": "normalized_execution_request.v1",
          "target": "generated/new.md"
        },
        "execution_request_hash": "sha256:ee56218aa85cdc1960d2be8203b7e9069434cee3243bee00d8136446d120c81b",
        "execution_status": "not_run",
        "guard_receipt_hash": "sha256:c89a89cdddd21f35613f8ce95185334df25b148cfd14076b41cb77220d7d6e95",
        "mutation_executed": false,
        "mutation_status": "not_performed",
        "run_id": "guard_run_2fde5311f97911d1c7ceab62",
        "schema_version": "guard_execution_attestation.v2",
        "target_binding": {
          "adapter_version": "guard.repository-file.v2",
          "assurance_class": "ntfs-sharing-locks.v1",
          "authority_contract_hash": "sha256:c242fa7f22f680d26988a0d1d09659c06a7f54cbaf8ae0077d6952f224a88e07",
          "domain_resolver": "guard.target-domain-resolver.v1",
          "schema_version": "guard_target_binding.v1",
          "target_domain": "repository_path",
          "workspace_binding_id": "workspace_ea344d8bfc4440faaeacb1ce727d9fa0"
        },
        "target_binding_hash": "sha256:ab9c603ccdcb6a0ba816bb9396ca9f30b1d8606e3e27c990404a05b741da4c29"
      }
    },
    "mixed/security-reviewer/modify/README.md": {
      "executed": true,
      "replay_matches": true,
      "attestation": {
        "attestation_hash": "sha256:8596fb15a212a189ab2a4e2b6e1d9898932b5d81c52a8db4cb970f8e4d66bcd3",
        "authority_basis": {
          "authority_evidence_hash": "sha256:9d971d50e0db63074ae87ea1907e96cee454b12fbd2f900f01ce8d12883aa23b",
          "compiled_contract_hash": "sha256:c242fa7f22f680d26988a0d1d09659c06a7f54cbaf8ae0077d6952f224a88e07",
          "contract_id": "repository-mixed",
          "contract_version": "3.0.0",
          "declared_contract_hash": "sha256:00df2385728e0e48c415e5df40d5c7a7ccaa1285d0452848578b2a544b254432",
          "kind": "published_authority",
          "runtime_facts_hash": "sha256:ef1a57ca21e942306cf2fbc89552800a601ddfee7464835db389a1eec061c604"
        },
        "callback_completed": true,
        "callback_invoked": true,
        "decision": "admissible",
        "decision_outcome_hash": "sha256:71cc3ab0616b8f768afd0a77b243c33e55b8f49fd7acf248569ba19b06d9a4c0",
        "execution_request": {
          "action": "modify",
          "arguments": {},
          "artifacts": [],
          "request_id": "repository_50c87628c6be4311a24d4331879c8de1",
          "schema_version": "normalized_execution_request.v1",
          "target": "README.md"
        },
        "execution_request_hash": "sha256:f367da626fc9594b7ea551d9b0f7e1af672fc0f62dbe1ae9df1f67224bdbcca5",
        "execution_status": "succeeded",
        "guard_receipt_hash": "sha256:388559e1d3f63b89b5d300de4ab2dab2a8ff2da78bc8aea6046339a0badccedc",
        "mutation_executed": true,
        "mutation_status": "executed",
        "run_id": "guard_run_2f82a473f519e4b5acf09693",
        "schema_version": "guard_execution_attestation.v2",
        "target_binding": {
          "adapter_version": "guard.repository-file.v2",
          "assurance_class": "ntfs-sharing-locks.v1",
          "authority_contract_hash": "sha256:c242fa7f22f680d26988a0d1d09659c06a7f54cbaf8ae0077d6952f224a88e07",
          "domain_resolver": "guard.target-domain-resolver.v1",
          "schema_version": "guard_target_binding.v1",
          "target_domain": "repository_path",
          "workspace_binding_id": "workspace_ea344d8bfc4440faaeacb1ce727d9fa0"
        },
        "target_binding_hash": "sha256:ab9c603ccdcb6a0ba816bb9396ca9f30b1d8606e3e27c990404a05b741da4c29"
      }
    },
    "mixed/security-reviewer/create/README.md": {
      "executed": false,
      "replay_matches": true,
      "attestation": {
        "attestation_hash": "sha256:f9bb89ad93028551e517951c5206a7ae99f712562db2f43fb85ed83c4654c002",
        "authority_basis": {
          "authority_evidence_hash": "sha256:69769f9f22f8c670e7bc4b5d60adf39130b84f82a5696c53639e1f9118f26227",
          "compiled_contract_hash": "sha256:c242fa7f22f680d26988a0d1d09659c06a7f54cbaf8ae0077d6952f224a88e07",
          "contract_id": "repository-mixed",
          "contract_version": "3.0.0",
          "declared_contract_hash": "sha256:00df2385728e0e48c415e5df40d5c7a7ccaa1285d0452848578b2a544b254432",
          "kind": "published_authority",
          "runtime_facts_hash": "sha256:5aa085660449062a00f7c2c8f2a1eac8061c718395986a1910569b8f68bb0940"
        },
        "callback_completed": false,
        "callback_invoked": false,
        "decision": "blocked",
        "decision_outcome_hash": "sha256:ae315968bdad0784b75c30e076ddc32ebdc491a0d1e50c46836cc7182c844dc2",
        "execution_request": {
          "action": "create",
          "arguments": {},
          "artifacts": [],
          "request_id": "repository_b0753cae5ca04e06988063ca50957d7a",
          "schema_version": "normalized_execution_request.v1",
          "target": "README.md"
        },
        "execution_request_hash": "sha256:e0e7ad4420c6bc06961950edf8cb52a7d25f5b6c0d4d4e9b25bf3aaea791bc40",
        "execution_status": "not_run",
        "guard_receipt_hash": "sha256:e1742f2863bfe985f83bcd3036989bddadca55e5fa181ce91d0bac322a94da10",
        "mutation_executed": false,
        "mutation_status": "not_performed",
        "run_id": "guard_run_2bf8c538af882bc73d0f48d2",
        "schema_version": "guard_execution_attestation.v2",
        "target_binding": {
          "adapter_version": "guard.repository-file.v2",
          "assurance_class": "ntfs-sharing-locks.v1",
          "authority_contract_hash": "sha256:c242fa7f22f680d26988a0d1d09659c06a7f54cbaf8ae0077d6952f224a88e07",
          "domain_resolver": "guard.target-domain-resolver.v1",
          "schema_version": "guard_target_binding.v1",
          "target_domain": "repository_path",
          "workspace_binding_id": "workspace_ea344d8bfc4440faaeacb1ce727d9fa0"
        },
        "target_binding_hash": "sha256:ab9c603ccdcb6a0ba816bb9396ca9f30b1d8606e3e27c990404a05b741da4c29"
      }
    },
    "mixed/security-reviewer/modify/generated/new.md": {
      "executed": false,
      "replay_matches": true,
      "attestation": {
        "attestation_hash": "sha256:ba0561b4e95cea0eadbff9e445011350fecc8fae988737c0bf389747a5cd61f5",
        "authority_basis": {
          "authority_evidence_hash": "sha256:63693a84874f3d8c5afef42bceb7bcb5338926a9acc235c7013f28d1a25d44cc",
          "compiled_contract_hash": "sha256:c242fa7f22f680d26988a0d1d09659c06a7f54cbaf8ae0077d6952f224a88e07",
          "contract_id": "repository-mixed",
          "contract_version": "3.0.0",
          "declared_contract_hash": "sha256:00df2385728e0e48c415e5df40d5c7a7ccaa1285d0452848578b2a544b254432",
          "kind": "published_authority",
          "runtime_facts_hash": "sha256:accf06d4e127335b4412cf757c9531e9a4818fcc674cb31c6275aa57058e632d"
        },
        "callback_completed": false,
        "callback_invoked": false,
        "decision": "blocked",
        "decision_outcome_hash": "sha256:80a854834008e937b0fdde8b920dc311f576f6eebad2b5268ccb483089cad1ca",
        "execution_request": {
          "action": "modify",
          "arguments": {},
          "artifacts": [],
          "request_id": "repository_2ec7da2944354b5fb8fa395e322b3c5c",
          "schema_version": "normalized_execution_request.v1",
          "target": "generated/new.md"
        },
        "execution_request_hash": "sha256:093b63aca42386b2a7fa13979d9a84c8b048434e91d5639fa7a5b949e3f25bf1",
        "execution_status": "not_run",
        "guard_receipt_hash": "sha256:f2c36ee74537dd5db50e85f77d3c919fcbda6b6731521b8feed5e47c4d01e411",
        "mutation_executed": false,
        "mutation_status": "not_performed",
        "run_id": "guard_run_e43b9b7672b373a2646aab4c",
        "schema_version": "guard_execution_attestation.v2",
        "target_binding": {
          "adapter_version": "guard.repository-file.v2",
          "assurance_class": "ntfs-sharing-locks.v1",
          "authority_contract_hash": "sha256:c242fa7f22f680d26988a0d1d09659c06a7f54cbaf8ae0077d6952f224a88e07",
          "domain_resolver": "guard.target-domain-resolver.v1",
          "schema_version": "guard_target_binding.v1",
          "target_domain": "repository_path",
          "workspace_binding_id": "workspace_ea344d8bfc4440faaeacb1ce727d9fa0"
        },
        "target_binding_hash": "sha256:ab9c603ccdcb6a0ba816bb9396ca9f30b1d8606e3e27c990404a05b741da4c29"
      }
    },
    "mixed/security-reviewer/create/generated/private/secret": {
      "executed": false,
      "replay_matches": true,
      "attestation": {
        "attestation_hash": "sha256:fc3398ceaac0a52a75a9718f16a19438baa9b8e9bff6a77b2c50b182b7bf2eb9",
        "authority_basis": {
          "authority_evidence_hash": "sha256:d7ca557cc381e5cbee0479767ce1a5573b320f93838cbd7b0e9bddb772294ef0",
          "compiled_contract_hash": "sha256:c242fa7f22f680d26988a0d1d09659c06a7f54cbaf8ae0077d6952f224a88e07",
          "contract_id": "repository-mixed",
          "contract_version": "3.0.0",
          "declared_contract_hash": "sha256:00df2385728e0e48c415e5df40d5c7a7ccaa1285d0452848578b2a544b254432",
          "kind": "published_authority",
          "runtime_facts_hash": "sha256:cfe4314d0d86169607c3320af822b35a09b25661bcac1ec27e8715134bafa1cf"
        },
        "callback_completed": false,
        "callback_invoked": false,
        "decision": "blocked",
        "decision_outcome_hash": "sha256:957bf26d1b0da643057b49e295d18c9d5eb7ecbf1b12cc0476e51e4e4d3c30dd",
        "execution_request": {
          "action": "create",
          "arguments": {},
          "artifacts": [],
          "request_id": "repository_3d176b2ce233470abaf855ebfc1d04cc",
          "schema_version": "normalized_execution_request.v1",
          "target": "generated/private/secret"
        },
        "execution_request_hash": "sha256:972bdea331c31e60c4230e0253176f42038c3ea9f79c1b8bc381b8bd09013071",
        "execution_status": "not_run",
        "guard_receipt_hash": "sha256:fa706df92b02cfaf9c5344e054bc819601f31e0f947e7065ca5ee1627d9b5f46",
        "mutation_executed": false,
        "mutation_status": "not_performed",
        "run_id": "guard_run_9f8178768a4685e8961e4dd2",
        "schema_version": "guard_execution_attestation.v2",
        "target_binding": {
          "adapter_version": "guard.repository-file.v2",
          "assurance_class": "ntfs-sharing-locks.v1",
          "authority_contract_hash": "sha256:c242fa7f22f680d26988a0d1d09659c06a7f54cbaf8ae0077d6952f224a88e07",
          "domain_resolver": "guard.target-domain-resolver.v1",
          "schema_version": "guard_target_binding.v1",
          "target_domain": "repository_path",
          "workspace_binding_id": "workspace_ea344d8bfc4440faaeacb1ce727d9fa0"
        },
        "target_binding_hash": "sha256:ab9c603ccdcb6a0ba816bb9396ca9f30b1d8606e3e27c990404a05b741da4c29"
      }
    },
    "mixed/security-reviewer/modify/docs/locked.md": {
      "executed": false,
      "replay_matches": true,
      "attestation": {
        "attestation_hash": "sha256:46f5bc9a157ae85eda54371ceaf38a759431e8a2978c05c7cbe7abf35b75db54",
        "authority_basis": {
          "authority_evidence_hash": "sha256:18b5732fc061196648813260857e195d24da1b0cc6d34bd6a85b77d4492f98d9",
          "compiled_contract_hash": "sha256:c242fa7f22f680d26988a0d1d09659c06a7f54cbaf8ae0077d6952f224a88e07",
          "contract_id": "repository-mixed",
          "contract_version": "3.0.0",
          "declared_contract_hash": "sha256:00df2385728e0e48c415e5df40d5c7a7ccaa1285d0452848578b2a544b254432",
          "kind": "published_authority",
          "runtime_facts_hash": "sha256:3ed189655cbe759a5664292fe953b736c8be62cf333cc77cc9e195504fc0f190"
        },
        "callback_completed": false,
        "callback_invoked": false,
        "decision": "blocked",
        "decision_outcome_hash": "sha256:805259f9e90f937db9c381448f6ca0b0e455a8658e8eba4a9eaf290b0a2a1f9b",
        "execution_request": {
          "action": "modify",
          "arguments": {},
          "artifacts": [],
          "request_id": "repository_f4d2ebdfa0e54395b261f3cb676fd7b8",
          "schema_version": "normalized_execution_request.v1",
          "target": "docs/locked.md"
        },
        "execution_request_hash": "sha256:8e2914b840206647c6011fcc0ad4fff53fcfb77731aa067a82c49fa7e25070b0",
        "execution_status": "not_run",
        "guard_receipt_hash": "sha256:c142147b0c9d35a2b5051b7c52b41efbc79b2a0435f37e16df9a94f253a212eb",
        "mutation_executed": false,
        "mutation_status": "not_performed",
        "run_id": "guard_run_a3ab2545912e5f737beaf38f",
        "schema_version": "guard_execution_attestation.v2",
        "target_binding": {
          "adapter_version": "guard.repository-file.v2",
          "assurance_class": "ntfs-sharing-locks.v1",
          "authority_contract_hash": "sha256:c242fa7f22f680d26988a0d1d09659c06a7f54cbaf8ae0077d6952f224a88e07",
          "domain_resolver": "guard.target-domain-resolver.v1",
          "schema_version": "guard_target_binding.v1",
          "target_domain": "repository_path",
          "workspace_binding_id": "workspace_ea344d8bfc4440faaeacb1ce727d9fa0"
        },
        "target_binding_hash": "sha256:ab9c603ccdcb6a0ba816bb9396ca9f30b1d8606e3e27c990404a05b741da4c29"
      }
    },
    "mixed/repository-reviewer/create/generated/new.md": {
      "executed": false,
      "replay_matches": true,
      "attestation": {
        "attestation_hash": "sha256:25e2b224885ce3b57592d3f3bcb23fffc2c415b2f528efc3adf7b78f3f76f51f",
        "authority_basis": {
          "authority_evidence_hash": "sha256:c27b8136d6bb38103262a84662964ce83a6b304ca430dc1729cb323dbe2437b4",
          "compiled_contract_hash": "sha256:c242fa7f22f680d26988a0d1d09659c06a7f54cbaf8ae0077d6952f224a88e07",
          "contract_id": "repository-mixed",
          "contract_version": "3.0.0",
          "declared_contract_hash": "sha256:00df2385728e0e48c415e5df40d5c7a7ccaa1285d0452848578b2a544b254432",
          "kind": "published_authority",
          "runtime_facts_hash": "sha256:73de19707196f23b0c8223a2a7990e751bda18b82a3a7bbc3b7352cd93925e2e"
        },
        "callback_completed": false,
        "callback_invoked": false,
        "decision": "blocked",
        "decision_outcome_hash": "sha256:57518f12ce80ac653e6df2dc87aecfc35b3f26d30539a232841eb8874c854edc",
        "execution_request": {
          "action": "create",
          "arguments": {},
          "artifacts": [],
          "request_id": "repository_2af026ed201c47aeb42c98e3960b1907",
          "schema_version": "normalized_execution_request.v1",
          "target": "generated/new.md"
        },
        "execution_request_hash": "sha256:f95885740ceab9a8a08227a3195380c24971853c852d7f48895833732f60c8fa",
        "execution_status": "not_run",
        "guard_receipt_hash": "sha256:f78318f69ded7f54f19e73994035403dd13bacbdc7f431b2cbcc6685d13b713a",
        "mutation_executed": false,
        "mutation_status": "not_performed",
        "run_id": "guard_run_042e0b2d4770a6872cf688ba",
        "schema_version": "guard_execution_attestation.v2",
        "target_binding": {
          "adapter_version": "guard.repository-file.v2",
          "assurance_class": "ntfs-sharing-locks.v1",
          "authority_contract_hash": "sha256:c242fa7f22f680d26988a0d1d09659c06a7f54cbaf8ae0077d6952f224a88e07",
          "domain_resolver": "guard.target-domain-resolver.v1",
          "schema_version": "guard_target_binding.v1",
          "target_domain": "repository_path",
          "workspace_binding_id": "workspace_4272dea36359473b84c9fa75ea8f0983"
        },
        "target_binding_hash": "sha256:22c3fcc45f75eb18fd72dea929a9b5da38ec91b42ea852c38f606d8014673e75"
      }
    },
    "mixed/repository-reviewer/modify/README.md": {
      "executed": false,
      "replay_matches": true,
      "attestation": {
        "attestation_hash": "sha256:6f76146739d10754666485d6f62ffbd1ebaa0c7ae2d90cb9f5934af9ad02e0ca",
        "authority_basis": {
          "authority_evidence_hash": "sha256:840bd55e20bd214a42b5158aefc0c84a95add00a8d81c4f0bfd25619bb50edd6",
          "compiled_contract_hash": "sha256:c242fa7f22f680d26988a0d1d09659c06a7f54cbaf8ae0077d6952f224a88e07",
          "contract_id": "repository-mixed",
          "contract_version": "3.0.0",
          "declared_contract_hash": "sha256:00df2385728e0e48c415e5df40d5c7a7ccaa1285d0452848578b2a544b254432",
          "kind": "published_authority",
          "runtime_facts_hash": "sha256:ffc65ec474f7277ad73a1877f80f42bf65622a9a2fd64843d093778923965cd9"
        },
        "callback_completed": false,
        "callback_invoked": false,
        "decision": "blocked",
        "decision_outcome_hash": "sha256:3778449139a133ce3a88fbcfd1eae51941518a2e45dc02d87e7eb62373927810",
        "execution_request": {
          "action": "modify",
          "arguments": {},
          "artifacts": [],
          "request_id": "repository_4fbf72004b9542e49095348fd57dc4aa",
          "schema_version": "normalized_execution_request.v1",
          "target": "README.md"
        },
        "execution_request_hash": "sha256:889da303e4a988068b8ba972a42321da41009c4d5a5ae4f3c581fe29255fb864",
        "execution_status": "not_run",
        "guard_receipt_hash": "sha256:d8a5ec4c6f150ebeeb7103ee281117e7847953a5176e27642d2e2f5813968a63",
        "mutation_executed": false,
        "mutation_status": "not_performed",
        "run_id": "guard_run_bb1a91344ad8ce512232f5b3",
        "schema_version": "guard_execution_attestation.v2",
        "target_binding": {
          "adapter_version": "guard.repository-file.v2",
          "assurance_class": "ntfs-sharing-locks.v1",
          "authority_contract_hash": "sha256:c242fa7f22f680d26988a0d1d09659c06a7f54cbaf8ae0077d6952f224a88e07",
          "domain_resolver": "guard.target-domain-resolver.v1",
          "schema_version": "guard_target_binding.v1",
          "target_domain": "repository_path",
          "workspace_binding_id": "workspace_4272dea36359473b84c9fa75ea8f0983"
        },
        "target_binding_hash": "sha256:22c3fcc45f75eb18fd72dea929a9b5da38ec91b42ea852c38f606d8014673e75"
      }
    },
    "mixed/repository-reviewer/create/README.md": {
      "executed": false,
      "replay_matches": true,
      "attestation": {
        "attestation_hash": "sha256:70cc334397b6503ad89c74fdf5cfbf542cde0512843b44c7e3bef26294c19b47",
        "authority_basis": {
          "authority_evidence_hash": "sha256:36402c83e72e038f5d3393d83152e14410c3d802ee24355e45907e9dd71d7b8d",
          "compiled_contract_hash": "sha256:c242fa7f22f680d26988a0d1d09659c06a7f54cbaf8ae0077d6952f224a88e07",
          "contract_id": "repository-mixed",
          "contract_version": "3.0.0",
          "declared_contract_hash": "sha256:00df2385728e0e48c415e5df40d5c7a7ccaa1285d0452848578b2a544b254432",
          "kind": "published_authority",
          "runtime_facts_hash": "sha256:33e1a0dd3319062e325d12431d329db02cb9efe43356015d4c4f00f420d9c454"
        },
        "callback_completed": false,
        "callback_invoked": false,
        "decision": "blocked",
        "decision_outcome_hash": "sha256:c4ed74a6b4a48c080efb23af7d0b896cefce9d298c612a33bba3ecaccb5019ac",
        "execution_request": {
          "action": "create",
          "arguments": {},
          "artifacts": [],
          "request_id": "repository_4560042fa31b4376af7a7db14151f701",
          "schema_version": "normalized_execution_request.v1",
          "target": "README.md"
        },
        "execution_request_hash": "sha256:87b502fc2fbffcc0bd1ee19bb876a6bbd6bbc61104cad499ae89f90bfe1c186e",
        "execution_status": "not_run",
        "guard_receipt_hash": "sha256:4d4a6773c34fd3d77d8f5a9a83a35974779b1293bbfc709c7e3474b677415dff",
        "mutation_executed": false,
        "mutation_status": "not_performed",
        "run_id": "guard_run_b09db32566374f112476d6cd",
        "schema_version": "guard_execution_attestation.v2",
        "target_binding": {
          "adapter_version": "guard.repository-file.v2",
          "assurance_class": "ntfs-sharing-locks.v1",
          "authority_contract_hash": "sha256:c242fa7f22f680d26988a0d1d09659c06a7f54cbaf8ae0077d6952f224a88e07",
          "domain_resolver": "guard.target-domain-resolver.v1",
          "schema_version": "guard_target_binding.v1",
          "target_domain": "repository_path",
          "workspace_binding_id": "workspace_4272dea36359473b84c9fa75ea8f0983"
        },
        "target_binding_hash": "sha256:22c3fcc45f75eb18fd72dea929a9b5da38ec91b42ea852c38f606d8014673e75"
      }
    },
    "mixed/repository-reviewer/modify/generated/new.md": {
      "executed": false,
      "replay_matches": true,
      "attestation": {
        "attestation_hash": "sha256:cd261962dd5de9882acefe7ba064c875b96f5c3635f12c1a3a432702fd8e3625",
        "authority_basis": {
          "authority_evidence_hash": "sha256:b8d12e30aa3686396edf779c41eb17d47132091209be42a489f233f2f52769d4",
          "compiled_contract_hash": "sha256:c242fa7f22f680d26988a0d1d09659c06a7f54cbaf8ae0077d6952f224a88e07",
          "contract_id": "repository-mixed",
          "contract_version": "3.0.0",
          "declared_contract_hash": "sha256:00df2385728e0e48c415e5df40d5c7a7ccaa1285d0452848578b2a544b254432",
          "kind": "published_authority",
          "runtime_facts_hash": "sha256:c818f2bfaeb067495622894acb8be0eda4a7f428e6d2bdde533f41d59b7095c1"
        },
        "callback_completed": false,
        "callback_invoked": false,
        "decision": "blocked",
        "decision_outcome_hash": "sha256:a77cd08a0019fdc68cebeecaa747a4f9ffefdd2118a838ca17678f285e7cdac4",
        "execution_request": {
          "action": "modify",
          "arguments": {},
          "artifacts": [],
          "request_id": "repository_05b13236e0aa4d26ba6c927d6c483286",
          "schema_version": "normalized_execution_request.v1",
          "target": "generated/new.md"
        },
        "execution_request_hash": "sha256:1496c0b1a512078a12fd2bce49a98c955fed0b2d5b6df4300145d77535d73d3a",
        "execution_status": "not_run",
        "guard_receipt_hash": "sha256:ca456c2464a8c3cda1403925700e8302a3ffad43caece07845521aaa63425f6d",
        "mutation_executed": false,
        "mutation_status": "not_performed",
        "run_id": "guard_run_83b9eaed445bf41e280f0db7",
        "schema_version": "guard_execution_attestation.v2",
        "target_binding": {
          "adapter_version": "guard.repository-file.v2",
          "assurance_class": "ntfs-sharing-locks.v1",
          "authority_contract_hash": "sha256:c242fa7f22f680d26988a0d1d09659c06a7f54cbaf8ae0077d6952f224a88e07",
          "domain_resolver": "guard.target-domain-resolver.v1",
          "schema_version": "guard_target_binding.v1",
          "target_domain": "repository_path",
          "workspace_binding_id": "workspace_4272dea36359473b84c9fa75ea8f0983"
        },
        "target_binding_hash": "sha256:22c3fcc45f75eb18fd72dea929a9b5da38ec91b42ea852c38f606d8014673e75"
      }
    },
    "mixed/repository-reviewer/create/generated/private/secret": {
      "executed": false,
      "replay_matches": true,
      "attestation": {
        "attestation_hash": "sha256:bd7e827b3bc28359cb14974f1391faea72bdae78bb923b9712ab5e198b16970b",
        "authority_basis": {
          "authority_evidence_hash": "sha256:79e6b907cd8b8261d920b3a5340a7c0958e1765517679f950861354a8e6378e9",
          "compiled_contract_hash": "sha256:c242fa7f22f680d26988a0d1d09659c06a7f54cbaf8ae0077d6952f224a88e07",
          "contract_id": "repository-mixed",
          "contract_version": "3.0.0",
          "declared_contract_hash": "sha256:00df2385728e0e48c415e5df40d5c7a7ccaa1285d0452848578b2a544b254432",
          "kind": "published_authority",
          "runtime_facts_hash": "sha256:41963d4bf71eccc1a0ed53fa1bb8defd3114f5f4fe99f997d538cb422cd347c6"
        },
        "callback_completed": false,
        "callback_invoked": false,
        "decision": "blocked",
        "decision_outcome_hash": "sha256:fd7f2f3c095c405e58dcd6805d97c6ee824e80790a44fc09e5c83e8043bac836",
        "execution_request": {
          "action": "create",
          "arguments": {},
          "artifacts": [],
          "request_id": "repository_b7d8af3f11264317b2bbe60b6443d5bc",
          "schema_version": "normalized_execution_request.v1",
          "target": "generated/private/secret"
        },
        "execution_request_hash": "sha256:fa040b364b4b449a82d81853f64d056b3b281d4e0cb798057480f4afc9fcd8ef",
        "execution_status": "not_run",
        "guard_receipt_hash": "sha256:5a5394f146d9718bc0b29f3107e125f8e16f6821066bd95717264836a1263d15",
        "mutation_executed": false,
        "mutation_status": "not_performed",
        "run_id": "guard_run_d7999f393cdd47f30731d4e4",
        "schema_version": "guard_execution_attestation.v2",
        "target_binding": {
          "adapter_version": "guard.repository-file.v2",
          "assurance_class": "ntfs-sharing-locks.v1",
          "authority_contract_hash": "sha256:c242fa7f22f680d26988a0d1d09659c06a7f54cbaf8ae0077d6952f224a88e07",
          "domain_resolver": "guard.target-domain-resolver.v1",
          "schema_version": "guard_target_binding.v1",
          "target_domain": "repository_path",
          "workspace_binding_id": "workspace_4272dea36359473b84c9fa75ea8f0983"
        },
        "target_binding_hash": "sha256:22c3fcc45f75eb18fd72dea929a9b5da38ec91b42ea852c38f606d8014673e75"
      }
    },
    "mixed/repository-reviewer/modify/docs/locked.md": {
      "executed": false,
      "replay_matches": true,
      "attestation": {
        "attestation_hash": "sha256:5256a32efcf155b8a91358b01387ee19f92e5c1c286612c4b4b8c528292f9198",
        "authority_basis": {
          "authority_evidence_hash": "sha256:94885dc0b94264831445c3181a868f6a3c10dd159d2107555c96bf9473a643bf",
          "compiled_contract_hash": "sha256:c242fa7f22f680d26988a0d1d09659c06a7f54cbaf8ae0077d6952f224a88e07",
          "contract_id": "repository-mixed",
          "contract_version": "3.0.0",
          "declared_contract_hash": "sha256:00df2385728e0e48c415e5df40d5c7a7ccaa1285d0452848578b2a544b254432",
          "kind": "published_authority",
          "runtime_facts_hash": "sha256:a1de6f90b486808f806c2471e892b110b5a4fece9041fad47c16f93dd11d9aa2"
        },
        "callback_completed": false,
        "callback_invoked": false,
        "decision": "blocked",
        "decision_outcome_hash": "sha256:4d2cee9fb37bb093a52e08555d59115de95cdb7a1671e13d046f6f65e83a800f",
        "execution_request": {
          "action": "modify",
          "arguments": {},
          "artifacts": [],
          "request_id": "repository_094fc67f06574cd9a2d990adb08043bb",
          "schema_version": "normalized_execution_request.v1",
          "target": "docs/locked.md"
        },
        "execution_request_hash": "sha256:74419369fd7f6d358516ac3176279a8f88a3eb0880838da0b1c5e10f0bae3675",
        "execution_status": "not_run",
        "guard_receipt_hash": "sha256:590800894794b71e8159a24e3607218473bb049efc31f2967eed87214eae4976",
        "mutation_executed": false,
        "mutation_status": "not_performed",
        "run_id": "guard_run_318e68da490c0ddbcf1e0865",
        "schema_version": "guard_execution_attestation.v2",
        "target_binding": {
          "adapter_version": "guard.repository-file.v2",
          "assurance_class": "ntfs-sharing-locks.v1",
          "authority_contract_hash": "sha256:c242fa7f22f680d26988a0d1d09659c06a7f54cbaf8ae0077d6952f224a88e07",
          "domain_resolver": "guard.target-domain-resolver.v1",
          "schema_version": "guard_target_binding.v1",
          "target_domain": "repository_path",
          "workspace_binding_id": "workspace_4272dea36359473b84c9fa75ea8f0983"
        },
        "target_binding_hash": "sha256:22c3fcc45f75eb18fd72dea929a9b5da38ec91b42ea852c38f606d8014673e75"
      }
    }
  },
  "runtime_activation_ready": false
}
